arm,audit_seconds,basis_reconstruction_seconds,boundary_terminal_seconds,cn_high_delta_rmse,cn_high_price_rmse,cn_high_stable_gamma_rmse,coefficient_inference_seconds,convexity_violation_rate,high_boundary_conditional_mae,high_boundary_conditional_rmse,high_boundary_false_count,high_boundary_found_rate,high_boundary_missed_count,high_boundary_near_price_mae,high_boundary_near_price_max_abs_error,high_boundary_near_price_rmse,high_boundary_shape_error,high_continuation_price_mae,high_continuation_price_max_abs_error,high_continuation_price_rmse,high_delta_rmse,high_exercise_f1,high_exercise_precision,high_exercise_price_mae,high_exercise_price_max_abs_error,high_exercise_price_rmse,high_exercise_recall,high_maturity_near_price_mae,high_maturity_near_price_max_abs_error,high_maturity_near_price_rmse,high_price_mae,high_price_max_abs_error,high_price_relative_l2,high_price_rmse,high_stable_gamma_rmse,high_strict_interior_price_mae,high_strict_interior_price_max_abs_error,high_strict_interior_price_rmse,high_strike_near_price_mae,high_strike_near_price_max_abs_error,high_strike_near_price_rmse,modes,monotonicity_violation_rate,normalized_complementarity_max,normalized_equation_violation_max,normalized_full_lcp_residual_max,normalized_full_lcp_residual_p95,normalized_obstacle_violation_max,option_type,oracle_lcp_p95,prediction_seconds,projected_obstacle_violation,projection_seconds,raw_negative_premium_max,reduction_boundary_conditional_mae,reduction_boundary_conditional_rmse,reduction_boundary_false_count,reduction_boundary_found_rate,reduction_boundary_missed_count,reduction_boundary_near_price_mae,reduction_boundary_near_price_max_abs_error,reduction_boundary_near_price_rmse,reduction_boundary_shape_error,reduction_continuation_price_mae,reduction_continuation_price_max_abs_error,reduction_continuation_price_rmse,reduction_delta_rmse,reduction_exercise_f1,reduction_exercise_precision,reduction_exercise_price_mae,reduction_exercise_price_max_abs_error,reduction_exercise_price_rmse,reduction_exercise_recall,reduction_maturity_near_price_mae,reduction_maturity_near_price_max_abs_error,reduction_maturity_near_price_rmse,reduction_price_mae,reduction_price_max_abs_error,reduction_price_relative_l2,reduction_price_rmse,reduction_stable_gamma_rmse,reduction_strict_interior_price_mae,reduction_strict_interior_price_max_abs_error,reduction_strict_interior_price_rmse,reduction_strike_near_price_mae,reduction_strike_near_price_max_abs_error,reduction_strike_near_price_rmse,regime_id,seed,split
P0,0.00835962500423193,3.104202914983034e-05,0.00016024999786168337,0.001815701238613858,0.00011849405764805578,0.012585086154813432,0.0,0.12688381137579,0.28921120177778986,0.33270604916001256,0.0,0.9916666666666667,1.0,0.00014909791822354893,0.0004614158225160203,0.00022224248117457598,0.01351792662873228,0.0008723656391921085,0.0030376280749732356,0.001135122977149575,0.0034699416960340466,0.83169017644977,0.9162303664921466,7.670230895299359e-05,0.0010026837784604683,0.0002184436671342512,0.7614330679503796,6.782329333211731e-05,0.0030376280749732356,0.0002500080475478452,0.00028533228810660076,0.0030376280749732356,0.0004054799949135284,0.0006107887245732036,0.048831044634066526,0.00026428909676301716,0.0026563640645588943,0.0005748213860999947,0.0013739479774897082,0.0030376280749732356,0.001501616329035187,8,0.037396694214876035,1.1164721452613656e-07,7.841537101316232e-05,7.841537101316232e-05,2.8013863001560955e-05,0.0,call,1.897592451378751e-05,0.00019858393352478743,0.0,7.291906513273716e-06,0.001371938522115583,0.2954902052162502,0.3402442959559272,0.0,0.9916666666666667,1.0,0.00016002448914798537,0.0004620541438214998,0.00023058203677364534,0.013567748901005997,0.0007776481578813474,0.002635205919123418,0.0010347981113302443,0.003035597745968988,0.8314504280865291,0.9141138464966024,7.711822599484909e-05,0.001002683705415552,0.00021908501792816264,0.7624976770117079,4.655454378867259e-05,0.000573260853694954,0.00012244913446580894,0.0002627172701713211,0.002635205919123418,0.0003749400436008629,0.0005647850667975865,0.0503915689768447,0.0002600839091847544,0.002635205919123418,0.0005655367202526798,0.0009067737889734408,0.0023905929223177885,0.0010767677377533447,call_T050_s020_r005_q003,17,validation
P0,0.00845845800358802,3.2667070627212524e-05,0.00012637500185519457,0.0017976927601054055,0.0001235832026886244,0.01071621845956862,0.0,0.25418431835544136,2.3967333404997886,2.52569284836291,0.0,0.15,102.0,6.858098549779795e-05,0.00048618113452400524,0.00013391706144173684,0.546405437707647,0.0005262164631916242,0.0027793105817103796,0.000710524719769362,0.003107321196999749,0.7448393679115456,0.954860688648254,0.00011446757711075675,0.0014293877422740305,0.000292787575165533,0.6105492453710907,5.348519914166779e-05,0.0027793105817103796,0.00021183463001380338,0.00016472338336897069,0.0027793105817103796,0.00024562394629839407,0.00036997317111511844,0.03955093237147584,0.0001476520708351502,0.0014423133522112018,0.0003326015586005505,0.0008680105086318777,0.0027793105817103796,0.001010496232891213,8,0.043044077134986224,1.3415833598921394e-07,4.164024085306038e-05,4.164024085306038e-05,2.6226732448033217e-05,0.0,call,1.0886239317729032e-05,0.00016387610230594873,0.0,4.834029823541641e-06,0.00457570528542138,2.3983386857238425,2.527657038615839,0.0,0.15,102.0,8.2861434887582e-05,0.0006232762276976722,0.00015770997504870954,0.5441472137767456,0.00038190574697614065,0.0014308729322244362,0.0005140403129441086,0.002506346922669629,0.7495009031276738,0.9592407835503103,0.00011173212171519049,0.0014293871778248356,0.00029017569626948493,0.6150245728996021,3.932620221958044e-05,0.0006826719470631576,0.00011845871428142418,0.00014535389244297215,0.0014308729322244362,0.00021676666884868013,0.0003265064514836596,0.039147448561557815,0.00014365305138414262,0.0014293871778248356,0.00032523441285292045,0.0004754678959639941,0.0014308729322244362,0.0006200353023347985,call_T050_s020_r005_q006,17,validation
P0,0.008317333064042032,3.108300734311342e-05,0.0001214159419760108,0.0018570622461789616,0.0001280017351247677,0.010645710119044414,0.0,0.38912424473921803,2.6465354265318917,2.651195138953958,0.0,0.13333333333333333,104.0,0.00034061260919712976,0.0025373118340740724,0.0005165659096564353,0.04030420240436551,0.00054082841340416,0.002676364424392924,0.0006518212771307906,0.004593428014152471,0.20296621807195828,1.0,0.00128308674050789,0.004436768631462362,0.001805675510520474,0.11294513220235367,0.0001735410437855645,0.002676364424392924,0.00031637366943142485,0.00120425252845637,0.004436768631462362,0.0011420848308979152,0.001720261521036035,0.05440645759421916,0.0013848827232233539,0.004436768631462362,0.0018679013532445915,0.0004285381826514871,0.002676364424392924,0.0005413752802228941,8,0.03884297520661157,2.399506795419639e-07,1.6734610541306215e-05,1.6734610541306215e-05,1.174573791078528e-05,0.0,call,2.7814348131968533e-05,0.00015737395733594894,0.0,4.875008016824722e-06,0.0018050994959581887,2.65104471491411,2.655747423764188,0.0,0.13333333333333333,104.0,0.0007174677143563976,0.0015575286855324388,0.0008937992843899246,0.040347365272785006,0.0006439305153793831,0.0015874012877025445,0.0007747001408937736,0.004390031981436406,0.20310567541569327,1.0,0.0012814155882709375,0.004436768631462362,0.001805277092220168,0.11303150810645457,0.00016863472147628486,0.0011135318890508894,0.0002801082091664317,0.0012132737851785749,0.004436768631462362,0.0011450754163159435,0.0017247652079926982,0.0561087064754653,0.001380854705205936,0.004436768631462362,0.0018670567527880107,0.0005841084899663448,0.0013283335957399722,0.0007055028140262751,call_T050_s020_r005_q010,17,validation
P0,0.008366417023353279,2.6667024940252304e-05,0.00011991697829216719,0.0008667010949011577,8.10139253777321e-05,0.0034210998741864037,0.0,0.000555594138481839,0.33310309587820075,0.34131382869327553,0.0,1.0,0.0,4.54149541337101e-06,2.8351690649630612e-05,7.97368874724626e-06,0.02724596617037037,0.0005034726097794599,0.002391603461181587,0.0006479630754030205,0.0029119904639766064,0.9105831533477321,0.8358445678033307,7.650591670082493e-09,9.788509527029757e-07,6.3532154114802e-08,1.0,5.2942175688099054e-05,0.002391603461181587,0.00017864160036705078,0.00017727435809887976,0.002391603461181587,0.0002551854789631077,0.00038448484517515674,0.04708625179148535,0.00016670034130876357,0.001754137501454367,0.0003729217362281518,0.0008212882808073005,0.002391603461181587,0.0008515436731416331,8,0.0,2.4068701438214086e-07,5.8909836168322856e-05,5.8909836168322856e-05,5.1989882499527705e-05,0.0,call,1.0481170104788206e-05,0.00015133398119360209,0.0,4.749977961182594e-06,0.0035070283187444463,0.3273867129421388,0.3359587559817325,0.0,1.0,0.0,7.317213183943849e-06,4.1890350768403195e-05,1.2586876026198342e-05,0.027254355327412595,0.0004533367227243951,0.0017582489866545536,0.0005945975963927213,0.0027374805937465272,0.9095887778631822,0.8341704114899992,7.963413314540731e-09,9.96901731049849e-07,6.454487809787926e-08,1.0,3.4703105241447856e-05,0.0006843112264548479,0.00010113089251790565,0.00016021034034627887,0.0017582489866545536,0.00023460007959434474,0.00035346872701997337,0.046913277502688595,0.00016049736370820738,0.0017582489866545536,0.0003614811943925701,0.0005310742249835117,0.0010010908500549809,0.0005834985702511215,call_T050_s040_r005_q003,17,validation
P0,0.008419333025813103,2.845795825123787e-05,0.00012191699352115393,0.0008601893903907523,8.49573851695777e-05,0.003351576068902474,0.0,0.00013889853462045976,0.05798780462625629,0.06164206666926124,0.0,1.0,0.0,2.554779249731044e-05,0.00016172460675786815,4.735060601120216e-05,0.02438766688202172,0.0002661654731401745,0.002191069629593336,0.00033421970128431574,0.0023328135446875112,0.9638020833333333,0.9302890657729367,6.426959335968405e-09,3.1303311469055295e-06,6.699796961423412e-08,0.9998199009455201,1.9118691793662854e-05,0.002191069629593336,0.00011419279378679012,6.428744514767317e-05,0.002191069629593336,0.0001090268411929403,0.0001642490370089174,0.043652937127229674,5.365665513601883e-05,0.0008194227961817916,0.00014072526060226006,0.00044313527600529413,0.002191069629593336,0.0004973523154527477,8,0.0,1.9096275284746797e-07,6.86559918531831e-05,6.86559918531831e-05,5.87006115696513e-05,0.0,call,9.621846246728113e-06,0.00015529198572039604,0.0,4.917033948004246e-06,0.004641729086689229,0.047729029738717205,0.0524492640606176,0.0,1.0,0.0,5.412618650239981e-05,0.00025799034449902614,9.311298406150889e-05,0.024693948504440254,0.0002533182762120236,0.0008309564227261784,0.0003138444094549961,0.0021669056459270937,0.9635771651834166,0.9298701298701298,6.871417388254825e-09,3.1303311469055295e-06,6.800807971384658e-08,0.9998198198198198,1.4671425056601469e-05,0.0004535530696350154,6.190074373851026e-05,6.127151757392154e-05,0.0008309564227261784,0.00010245265100366314,0.0001543448069692687,0.04318201920375736,5.921419061142543e-05,0.0008309564227261784,0.0001541427847095482,0.00024100251714908992,0.0006240774938534449,0.000292921825278316,call_T050_s040_r005_q006,17,validation
P0,0.008541916962713003,2.833292819559574e-05,0.00013475003652274609,0.0008658074932003436,8.826364151361155e-05,0.003358174635405141,0.0,0.24626710188207515,2.5443952080377064,2.5482196801723167,0.0,0.15833333333333333,101.0,0.0007468345106863706,0.0026244095568723758,0.0010263621490402307,0.03098963698390392,0.0005660461861006279,0.003424505678867873,0.0009189028519008572,0.003919318078523837,0.4090789818945159,0.8379467884977156,0.000630679714859152,0.0024911639994917856,0.0009591225662225856,0.2705892562700686,9.061787165261293e-05,0.0020321921928879334,0.00016648477246915058,0.0006169151261924573,0.003424505678867873,0.0006311006244790977,0.000950699837095919,0.05675683017843304,0.0006941846133491304,0.003424505678867873,0.00102270067975917,0.00029410240274981085,0.0020321921928879334,0.0003377534330761562,8,0.0,1.321092340522558e-07,1.7229899438039754e-05,1.7229899438039754e-05,1.0757367593445226e-05,0.0,call,1.6357323157095165e-05,0.00016791699454188347,0.0,4.834029823541641e-06,0.0008316585275891276,2.555954528978205,2.5598310277249032,0.0,0.15833333333333333,101.0,0.0010104421277118802,0.0028766967955460854,0.0012884922460034585,0.032062669141528215,0.0006739689834080004,0.003500368036242929,0.0009885489006472787,0.003950457041341659,0.40393442622950826,0.8277344799785004,0.0006343604278648959,0.0024911639994917856,0.0009618877709395099,0.2671523982999393,9.939753464400433e-05,0.0007178549748636937,0.0001720638136362043,0.0006427793763554457,0.003500368036242929,0.0006423309444720948,0.0009676161741360704,0.05707909330935659,0.0007058954259406477,0.003500368036242929,0.001029886979091705,0.0005719354331003363,0.0008047790904805799,0.0005967205685426602,call_T050_s040_r005_q010,17,validation
P0,0.008494082954712212,2.7416972443461418e-05,0.00011966598685830832,0.00046804073533829576,6.40459525211666e-05,0.0015359652041738777,0.0,0.002222376553927356,0.19014936199773588,0.24541109154622692,0.0,1.0,0.0,0.0003643812258974505,0.0017976646162638499,0.0006229692213569427,0.01818981007469818,0.0005027724530150666,0.0024722710617248733,0.0006904741914025705,0.0019493544226891106,0.9147471206810215,0.8877414651925647,2.4532167487309095e-05,0.0016315489779075154,0.00013441933679158755,0.9434473854099419,7.741077592461723e-05,0.001349594097376023,0.00023077986131885315,0.00024978624910737714,0.0024722710617248733,0.00032089232077968133,0.00048385170904140825,0.0265795714196252,0.00025797027124057194,0.0024722710617248733,0.0004979144134242706,0.0005448616561301963,0.001349594097376023,0.0006521838859495199,8,0.0,1.9254899036617248e-07,2.5888615367669243e-05,2.5888615367669243e-05,1.3644009172591164e-05,0.0,call,8.628153126433316e-06,0.0001517909113317728,0.0,4.707952030003071e-06,0.0006891898213083178,0.19201770721154976,0.24850978248310626,0.0,1.0,0.0,0.000388567913517332,0.001797339878503168,0.0006512514916384474,0.018889631092348966,0.00046839173057804925,0.002474091847290527,0.0006600884874002714,0.0018706464550866408,0.9119138546296875,0.8848256590936703,2.6434331760476694e-05,0.0016315489779075154,0.00014140991758298857,0.9407129940583828,5.622897388741564e-05,0.0007422656187942023,0.0001485189346713316,0.00023468951203794636,0.002474091847290527,0.00030815036355795624,0.0004646381564740696,0.026898079466111065,0.0002479179603453631,0.002474091847290527,0.000486954116791647,0.00038304018287952665,0.0007753999397607791,0.0004471728435616298,call_T050_s060_r005_q003,17,validation
P0,0.00820316607132554,2.7499976567924023e-05,0.00012070802040398121,0.00046433059574679667,6.793392789111921e-05,0.0015278557528732417,0.0,0.0004861448711716091,0.09424204682314954,0.09910574695983304,0.0,1.0,0.0,1.30822442921946e-05,8.345019640842999e-05,2.413196781270191e-05,0.029173788275679315,0.000629803823738618,0.002700237550838258,0.0008824214774207807,0.0028345137107513743,0.9463409700096092,0.898923904688701,1.3079294244345663e-08,1.1592745867261556e-05,2.3275879940293795e-07,0.999038974906567,3.154967909684779e-05,0.0011423304611558951,0.00011537812404305167,0.0002269631488037393,0.002700237550838258,0.00035142977068939213,0.0005297160352907421,0.042076310039631325,0.00025839696105691155,0.002700237550838258,0.0005746395552421915,0.00019553698551651996,0.0011423304611558951,0.00025100937526049516,8,0.0,1.3151338073808074e-07,0.00010058679021135299,0.00010058679021135299,8.899728512730893e-05,0.0,call,2.0874243091094777e-05,0.00015304097905755043,0.0,4.832982085645199e-06,0.004890216819921362,0.08260705665762931,0.0893016917505143,0.0,1.0,0.0,3.187527737499573e-05,0.00014861487710959853,5.241002962497818e-05,0.02995190772476052,0.0006365399429323995,0.0027493396352162858,0.0009056889525422742,0.002809043721655697,0.9471928849360756,0.9004611837048424,1.328466313370178e-08,1.1592745867261556e-05,2.3257295020176436e-07,0.9990406140070355,1.665637957978651e-05,0.00046517648472524376,6.181394143940984e-05,0.0002286950838910783,0.0027493396352162858,0.0003601496411006562,0.0005428584440969195,0.04184207869308321,0.0002621742341562738,0.0027493396352162858,0.0005901103990946699,0.00015073450189270304,0.00043226331834098075,0.00018616350751145833,call_T050_s060_r005_q006,17,validation
P1,0.008475542068481445,3.962509799748659e-05,0.0001614170614629984,0.001815701238613858,0.00011849405764805578,0.012585086154813432,0.010099667008034885,0.21300090284047504,1.5638529929190756,1.6841150868376877,0.0,0.7666666666666667,28.0,2.622053976387336e-05,9.788680736455557e-05,4.116510648445659e-05,0.2304931503730201,0.0003575929205101592,0.002866353535111477,0.0005090529562779893,0.0038252371854805667,0.7449270501425458,0.9401721461831523,3.386893725285948e-05,0.00039390418512036575,8.499488353794685e-05,0.6168302166265507,3.52329334224431e-05,0.002866353535111477,0.0002051236939335195,0.00011875223564263979,0.002866353535111477,0.00017970632370221905,0.00027069793239793574,0.051967533692513765,0.00011069371171127643,0.001439033871110642,0.0002509722275577524,0.0005768111479309146,0.002866353535111477,0.0006976392731805025,8,0.03595041322314049,9.863930134019386e-08,3.319518822677915e-05,3.319518822677915e-05,1.5110577329301959e-05,0.0,call,1.897592451378751e-05,0.010307751130312681,0.0,7.041962817311287e-06,0.0004646189483374034,1.5711195843323162,1.6915737614684407,0.0,0.7666666666666667,28.0,3.41302286300633e-05,0.00011058844195543927,4.831426588482559e-05,0.2321891339980049,0.00032341685869750387,0.0015151278799943732,0.0004712728121475031,0.003017100186409778,0.7408818421200067,0.9329758713136729,3.404116403868729e-05,0.0003939041436569058,8.517119628872082e-05,0.6143839435049248,1.701529479788397e-05,0.00028092562527935305,4.6203286350687206e-05,0.00011070862661511988,0.0015151278799943732,0.0001681751539060169,0.00025332801111426965,0.04728360412481087,0.0001137895779592912,0.0015151278799943732,0.00026231690472574204,0.00031529150793100817,0.0007387920810088267,0.00038416045218545757,call_T050_s020_r005_q003,17,validation
P1,0.008753499947488308,3.450002986937761e-05,0.00013816601131111383,0.0017976927601054055,0.0001235832026886244,0.01071621845956862,0.0004229999613016844,0.221751510521564,2.385725240007824,2.516978293987077,0.0,0.21666666666666667,94.0,0.0001925203598005236,0.001042920270007408,0.00033264528092575625,0.4331196707832911,0.00036492832909468335,0.002544160126553215,0.0005236221825347721,0.003081565930154659,0.7682660597333828,0.9533141210374639,1.3155876534677007e-05,0.0005537526871384202,2.942111186960219e-05,0.643379492764898,1.7262277549993146e-05,0.002544160126553215,0.00015356296378843273,5.6091288919400146e-05,0.002544160126553215,0.00012282066086071218,0.0001849996714973767,0.0480011408019976,3.2347986015122876e-05,0.001175771367707551,9.945845858909374e-05,0.0006180663476585042,0.002544160126553215,0.0007634680617870511,8,0.025,1.1074480180692196e-07,2.162095081458842e-05,2.162095081458842e-05,1.1439455907447862e-05,0.0,call,1.0886239317729032e-05,0.0006012489320710301,0.0,5.582929588854313e-06,0.0008217230714197658,2.3905477828950334,2.5225773102082063,0.0,0.21666666666666667,94.0,0.0003035412392261251,0.0012320958461073672,0.0004566400831198619,0.43507022651068095,0.00031127464402336567,0.0012320958461073672,0.0004180371957461811,0.0025696534654179337,0.7638410719270495,0.9462824207492795,1.398967258051302e-05,0.0007781610783451631,3.599559781717153e-05,0.6403775645526172,1.2446570672583349e-05,0.0007026162527677465,6.891172147192488e-05,5.0985316181966304e-05,0.0012320958461073672,0.00010042602943349727,0.0001512674742896682,0.04550895999914713,3.446880806556862e-05,0.001181657045207396,0.00010551893783586943,0.0004070426784035794,0.0011644107072260323,0.0004942155390163327,call_T050_s020_r005_q006,17,validation
P1,0.008606916991993785,3.087497316300869e-05,0.00013479089830070734,0.0018570622461789616,0.0001280017351247677,0.010645710119044414,0.00034374999813735485,0.19806931036877562,2.619876409832358,2.6278540899836993,0.0,0.38333333333333336,74.0,0.0006266098425630956,0.0025046724247344727,0.0008632717997619446,0.024365315517360618,0.00045472214810712787,0.002561399218070637,0.0006934236797356251,0.004042737779672387,0.7451350840733045,0.9755132327479594,1.7306127845593853e-05,0.0008790842345762495,4.208168533782593e-05,0.6027815986550512,3.061712272387482e-05,0.002561399218070637,0.00018161263168659666,6.376346761109384e-05,0.002561399218070637,0.00015233870818575563,0.00022945967827123426,0.06188899485098313,4.0391450008012164e-05,0.0023191034055458914,0.0001758870698393562,0.000462865973761727,0.002561399218070637,0.0006036639712572419,8,0.0,1.0726789162211715e-07,2.385596471177059e-05,2.385596471177059e-05,2.0246486532353026e-05,0.0,call,2.7814348131968533e-05,0.0005143738817423582,0.0,4.958012141287327e-06,0.0008382727759948666,2.6268985419001134,2.6349170115164227,0.0,0.38333333333333336,74.0,0.0010941252511377866,0.0025102811895978683,0.0013131133309581301,0.02474286806980571,0.0004839592528232235,0.0025774572020072217,0.0007702512757127617,0.0037069030606519844,0.7399111615159248,0.9682166707890181,2.1874609257400126e-05,0.0020724068740508583,8.891573241727097e-05,0.5987304986234322,2.351977714854793e-05,0.0008036274488861725,8.723402109896298e-05,7.126757880732933e-05,0.0025774572020072217,0.00017625112347866018,0.00026547754087992935,0.0571818975705661,3.777100775831253e-05,0.0025774572020072217,0.00016279259997156324,0.0005331568872119823,0.0017086871446679724,0.0007173652375996397,call_T050_s020_r005_q010,17,validation
P1,0.00829979102127254,3.2540992833673954e-05,0.0001323750475421548,0.0008667010949011577,8.10139253777321e-05,0.0034210998741864037,0.00034845806658267975,0.20216681714007917,1.207968167735792,1.21268945124639,0.0,1.0,0.0,0.0002013377086759578,0.0006673300509876245,0.00026994477381294025,0.014809387204084624,0.00041918303602284286,0.0024043493557780876,0.0005256868715956759,0.0021832181687855327,0.6830113257828113,0.9279507603186097,4.5445054132717625e-05,0.0005961054425061008,8.610196380509926e-05,0.5403752899009066,3.9301700343998806e-05,0.0024043493557780876,0.0001402928258561221,0.00017703574443007404,0.0024043493557780876,0.00021207832413066045,0.0003195358213551489,0.028642156281143014,0.00017378044490545854,0.001371121015305371,0.0003039994330110926,0.0006138087703665645,0.0024043493557780876,0.0007438804094869882,8,0.0,1.89222917649912e-07,2.6180731719749235e-05,2.6180731719749235e-05,8.420471786833278e-06,0.0,call,1.0481170104788206e-05,0.000518332002684474,0.0,4.9578957259655e-06,0.00023212962189432052,1.2136845506718539,1.2183046585026438,0.0,1.0,0.0,0.0002074750513834873,0.0006681255094005412,0.000278661189852737,0.015148246297346686,0.00046266193064633615,0.0016267576129844474,0.0005822580984523476,0.0019500814211353059,0.6772063237942766,0.9188993482983345,4.621529747927758e-05,0.0005961054425061008,8.755197897768099e-05,0.5361783035808598,2.745647526508422e-05,0.0005280223367349762,7.027764285393994e-05,0.00019338385700433467,0.0016267576129844474,0.0002344353484073952,0.00035322052879663,0.027277821265114154,0.00018605258423002222,0.0015312182441751254,0.00032783210822799884,0.0007556384699447759,0.0016267576129844474,0.0008899249255859286,call_T050_s040_r005_q003,17,validation
P1,0.00832491705659777,3.062502946704626e-05,0.00012337497901171446,0.0008601893903907523,8.49573851695777e-05,0.003351576068902474,0.00023537501692771912,0.10375720536148343,0.7294700959482244,0.7957392065492352,0.0,1.0,0.0,0.0003492132598723372,0.0009304741875243439,0.00040511841368262873,0.04675074255877501,0.0003737346537759039,0.002123807091174018,0.0005178704268219152,0.002314609711620273,0.8830854208052716,0.9558422487937906,2.000587695170982e-05,0.0005603113180736585,6.351855365360946e-05,0.8206213417379559,2.4201790248137907e-05,0.002123807091174018,9.720519965758502e-05,0.00010543617234480799,0.002123807091174018,0.0001728808253099292,0.00026044512308865655,0.031195701529666584,8.410612287756e-05,0.0013880412759929017,0.00022294463434325608,0.0006663075181133947,0.002123807091174018,0.0007476203997669095,8,0.015702479338842976,1.7141000409743964e-07,7.970182060370884e-06,7.970182060370884e-06,7.869948818340347e-06,0.0,call,9.621846246728113e-06,0.00039420800749212503,0.0,4.832982085645199e-06,0.0004684529504937109,0.7397181878384838,0.8056322261959888,0.0,1.0,0.0,0.0004546962807976593,0.0010058765473354159,0.0005102969740409318,0.04636530157712191,0.00045931496516995947,0.0014196596616381507,0.0006134527887135643,0.002339103304258935,0.8786468934767858,0.9508076358296622,2.1731161133722412e-05,0.0007070212914342955,6.96068524757888e-05,0.8166666666666667,3.0587617209665745e-05,0.0007402806699984416,9.800104912810161e-05,0.0001275630203026532,0.0014196596616381507,0.00020425913998742552,0.0003077161715604686,0.030991446050865602,9.524066186446253e-05,0.0014196596616381507,0.0002442852620311062,0.0009298590659542633,0.0013191074370897116,0.0009827076463241,call_T050_s040_r005_q006,17,validation
P1,0.008348666946403682,2.8791953809559345e-05,0.00012379104737192392,0.0008658074932003436,8.826364151361155e-05,0.003358174635405141,0.00021520804148167372,0.09771511910549344,0.8235944035676775,0.9241076616977458,0.0,0.975,3.0,0.0002081883701590976,0.0011263592457069205,0.00034727032641812224,0.07123739729035962,0.00038611250716614917,0.002076252995511058,0.0005123370544205711,0.003530657122204988,0.8867696315593598,0.955680336909656,9.356294732317868e-06,0.000424259412960426,3.441092196705944e-05,0.8271283519916688,1.5660527467985165e-05,0.002076252995511058,9.063120743216236e-05,8.959165231504351e-05,0.002076252995511058,0.00015825372207651307,0.000238395878505341,0.053731827907987924,6.883288950375462e-05,0.0014867835974314847,0.00019205343622782751,0.0006774346975983926,0.002076252995511058,0.0007591496749505262,8,0.01962809917355372,4.313365064622374e-07,1.5447048077292547e-05,1.5447048077292547e-05,1.5219490936190807e-05,0.0,call,1.6357323157095165e-05,0.0003726240247488022,0.0,4.832982085645199e-06,0.0013098062693859477,0.8362257519697662,0.935387243932201,0.0,0.975,3.0,0.0003672622948401241,0.0013315695483185896,0.0005087124253449999,0.07125828464492762,0.0004152787699012714,0.0015532736568514838,0.0005800748692919486,0.0036419750634187,0.8831736582643475,0.9520705905946054,1.0620892340387393e-05,0.0008780461382549842,4.263628683843186e-05,0.8235753317720531,1.6131472420440887e-05,0.0011567146639984566,9.311206133185801e-05,9.663245678062174e-05,0.0015532736568514838,0.0001792987876231039,0.0002700981610806402,0.053589812398173016,6.187624134360393e-05,0.0015532736568514838,0.00017918622824213885,0.0009265462336926774,0.0014126075203119703,0.0010044844110062103,call_T050_s040_r005_q010,17,validation
P1,0.008507375023327768,3.229198046028614e-05,0.00012587499804794788,0.00046804073533829576,6.40459525211666e-05,0.0015359652041738777,0.0003488330403342843,0.09313146746301827,1.0002201586466342,1.066651468033714,0.0,1.0,0.0,0.0004033057972694862,0.0009384775923735322,0.00044870925413345564,0.01523734335521182,0.0006439264969700243,0.0029447531618634337,0.0008537511968340036,0.002455328495167047,0.6619718309859155,0.8705535676699642,7.537286399790608e-05,0.0008389230353957888,0.00013849159727954703,0.5340219496449322,6.452348902198971e-05,0.0011229772083807682,0.00011977385641152897,0.0003431650812628284,0.0029447531618634337,0.00039429028643170517,0.0005945235102070004,0.0274976793433091,0.0003195720934386908,0.002620936203338503,0.0005155093944640517,0.001511912637007585,0.0029447531618634337,0.001745312609199343,8,0.0,3.4137363491497705e-07,1.2882101224303016e-05,1.2882101224303016e-05,7.891074182517826e-06,0.0,call,8.628153126433316e-06,0.0005120000569149852,0.0,5.00003807246685e-06,0.0005224441664691016,1.0068894159110948,1.072183853187211,0.0,1.0,0.0,0.0004177708388979652,0.0009381528546128504,0.00046655498823895865,0.017486541984239955,0.0006847581740580717,0.0030590441945964886,0.0009090113838625412,0.0025159433059063355,0.6560473865364604,0.8625552515259945,7.739633442830707e-05,0.0008432733417500504,0.00014221321459198988,0.5293205889950917,6.033384028660748e-05,0.0006025647170531112,0.00010502718727603474,0.0003635919038296967,0.0030590441945964886,0.00041947756553315234,0.000632500576929864,0.027246466720648437,0.00033639896041296326,0.00272797110866152,0.0005453821754045379,0.0016535599842652006,0.0030590441945964886,0.00187613584934542,call_T050_s060_r005_q003,17,validation
P1,0.008491459069773555,3.062502946704626e-05,0.00012733403127640486,0.00046433059574679667,6.793392789111921e-05,0.0015278557528732417,0.00030683400109410286,0.22730745190638238,2.208405294982203,2.2086314945912946,0.0,0.3416666666666667,79.0,0.00032388368487302793,0.0013666279214532562,0.0004984660220689108,0.013923284210741314,0.0006521414217143591,0.0021175972103250063,0.0008063809124641327,0.0025637996536605812,0.540524652803292,0.8666352497643732,8.793232328071159e-05,0.0010907028586244483,0.0001443939781426789,0.39273892151628403,5.4178352621324435e-05,0.0011164087188584165,0.00012420862540349483,0.00029124952861750035,0.0021175972103250063,0.0003301585581016179,0.0004976535769061871,0.02843082086159457,0.00032427639651238133,0.0021175972103250063,0.0005333629374505252,0.00021413416632101763,0.0011164087188584165,0.00028916831211428474,8,0.0,3.026666966623629e-07,3.605772226434132e-05,3.605772226434132e-05,1.9069455552125987e-05,0.0,call,2.0874243091094777e-05,0.0004696270916610956,0.0,4.834029823541641e-06,0.000540657831290689,2.221274693609707,2.221512993055551,0.0,0.3416666666666667,79.0,0.0004079371263471261,0.001548142857557,0.0005759336605136177,0.019544790299122903,0.0007088467648258208,0.00213393060576883,0.0008607788617668536,0.0025149073450602155,0.5346055045871559,0.8581526861451461,8.975163368703708e-05,0.0012926598305265102,0.00014955013381053544,0.38823153181963543,5.739637483559177e-05,0.0008613708280948429,0.00013165119753950742,0.00031217089396912183,0.00213393060576883,0.0003513836215747948,0.0005296453038416934,0.028849362915533205,0.0003436710164877656,0.00213393060576883,0.0005647951140194046,0.0002770611876816355,0.0007189054047657961,0.00036047249675887435,call_T050_s060_r005_q006,17,validation
P2,0.008354792022146285,3.791693598031998e-05,0.0001469579292461276,0.001815701238613858,0.00011849405764805578,0.012585086154813432,0.0003426669863983989,0.21751510521563996,1.1189687474572452,1.2599980470736345,0.0,0.9916666666666667,1.0,7.448009529357573e-05,0.00020270138915945424,0.00010473371987229743,0.24442831150817143,0.0004604701049502786,0.0030842576709082213,0.0007845483356800687,0.004017075302891088,0.7130909711554871,0.9250184501845018,5.143271007418165e-05,0.00028828045927232517,9.473358202044675e-05,0.5801703388261433,4.6132471109642106e-05,0.0030842576709082213,0.0002524208379911568,0.00015868594133771122,0.0030842576709082213,0.00027211501713160643,0.00040989638536045094,0.04912207236504942,0.0001074534615391321,0.0024264975062771588,0.000223641017174164,0.0015922429547964789,0.0030842576709082213,0.0017433151470046453,8,0.030922865013774104,1.266952813768008e-07,5.789129727757792e-05,5.789129727757792e-05,2.2590431716715256e-05,0.0,call,1.897592451378751e-05,0.0005343338707461953,0.0,6.792019121348858e-06,0.0009776369880246973,1.1258088018236723,1.2666675238184426,0.0,0.9916666666666667,1.0,8.136461416698021e-05,0.000205049355828546,0.00010994934600771209,0.2434102739284271,0.000373426262636454,0.0024737294274475574,0.0006134526809921713,0.0030650959132963182,0.7084450019957802,0.91690036900369,5.184339390051499e-05,0.00028828045628420494,9.508568572576473e-05,0.5772161308307006,2.502091107946532e-05,0.0007526881358325306,8.337826414867713e-05,0.00013704385478615857,0.0024737294274475574,0.0002164942991726875,0.0003261127993832174,0.04626306115228627,0.00010446089219786389,0.002181967190225814,0.00020683380873369453,0.0011253070046979329,0.0024737294274475574,0.0013011580657312618,call_T050_s020_r005_q003,17,validation
P2-S,0.008324624970555305,2.933293581008911e-05,0.0001224169973284006,0.001815701238613858,0.00011849405764805578,0.012585086154813432,0.0003426669863983989,0.31182721022293214,nan,nan,0.0,0.0,120.0,0.0001046661753475712,0.0002136142529162166,0.0001234708204815577,nan,0.00046118463787261373,0.0030842576709082213,0.0007843060762238931,0.004031244755561949,0.06955017301038062,0.5303430079155673,9.484655371128673e-05,0.0002937271516653344,0.00011523191051453717,0.0372153304943529,9.327992575605523e-05,0.0030842576709082213,0.00025860761159718305,0.00019090364715403888,0.0030842576709082213,0.00027459444575166894,0.00041363123557135043,0.04842442229813851,0.00013926139106119027,0.0024264975062771588,0.00023063438760388975,0.001591861200757945,0.0030842576709082213,0.0017432434210628057,8,0.060950413223140494,1.266894344030365e-07,5.8660741639104964e-05,5.8660741639104964e-05,2.245308860652996e-05,0.0,call,1.897592451378751e-05,0.0005936669185757637,0.0,9.92499990388751e-05,0.0009776369880246973,nan,nan,0.0,0.0,120.0,0.00010690000060938297,0.000216101321371176,0.00012642188776701858,nan,0.0003739509503468231,0.0024737294274475574,0.0006130829876300002,0.003076281039063124,0.06354166666666666,0.48284960422163586,9.547480389124388e-05,0.0002937271486772142,0.0001156375065213199,0.03400854859691507,7.204418373158499e-05,0.0007526881358325306,0.00010037955371724097,0.0001692545301463625,0.0024737294274475574,0.00021959004071319177,0.00033077602120383206,0.045460501915746424,0.00013636613290125688,0.002181967190225814,0.00021437002410563648,0.0011247086234621154,0.0024737294274475574,0.0013010287975524192,call_T050_s020_r005_q003,17,validation
P2,0.008386208908632398,2.8708018362522125e-05,0.00012320803944021463,0.0017976927601054055,0.0001235832026886244,0.01071621845956862,0.0002656669821590185,0.41940412528647825,2.5359253711212646,2.5710232015039365,0.0,0.23333333333333334,92.0,0.00020224878997404593,0.0009912599551721857,0.0003310308271861752,0.1651722522102499,0.0007706394573444818,0.002784227967451841,0.0010665270971828744,0.003998777922056948,0.294016,0.8289426199927824,8.789621527858629e-05,0.000639256276661837,0.00012514362882635395,0.17869923759141124,3.520738487240257e-05,0.0027709535726170185,0.00020285824157396324,0.00017122810337173258,0.002784227967451841,0.0002593313240037881,0.0003906200260890077,0.048402778312577444,0.00012505877619679496,0.001796647910207269,0.00020763193892807242,0.001491210028777416,0.002784227967451841,0.0016641728115272814,8,0.02665289256198347,1.3304450170496996e-07,3.9272424103799015e-05,3.9272424103799015e-05,1.7754704547838964e-05,0.0,call,1.0886239317729032e-05,0.0004225000739097595,0.0,4.917033948004246e-06,0.0009628140667623242,2.5402816909647306,2.57580368741785,0.0,0.23333333333333334,92.0,0.00027854430372131696,0.0011694058069679492,0.0004259027656453326,0.16603111751237068,0.0005652253565206649,0.002379815193251436,0.0008084194894805188,0.0031318168542092233,0.2872354073123798,0.8080115481775533,8.894350215995794e-05,0.0008566500601824845,0.0001272194901193336,0.1746626101880022,1.546962542204131e-05,0.00026543980739811984,4.1020716126653925e-05,0.0001482144220865482,0.002379815193251436,0.00020516541091453132,0.00030903196806356413,0.04476958127373328,0.00011979526509683225,0.0015059352415648375,0.0001881906190237069,0.0010108935240113295,0.002379815193251436,0.0012312896853191072,call_T050_s020_r005_q006,17,validation
P2-S,0.00825399998575449,2.9957969672977924e-05,0.00012308394070714712,0.0017976927601054055,0.0001235832026886244,0.01071621845956862,0.0002656669821590185,0.40343079380512537,nan,nan,0.0,0.0,120.0,0.00020712175763542697,0.000991259993503607,0.00033130579864329657,nan,0.0007689488035756211,0.002784227967451841,0.001065872538111636,0.004013844240092702,0.056338028169014086,0.5403111739745403,0.00012459418110691693,0.0006394227992251866,0.0001447916547730185,0.02971837560292516,8.951443965675383e-05,0.0027709535726108195,0.00021334623479313085,0.0002032405652576972,0.002784227967451841,0.0002631158998973859,0.0003963205759164224,0.04739511391325265,0.00015609695134001964,0.001796647910207269,0.00021881604791425946,0.0014911559549974484,0.002784227967451841,0.001664137336832026,8,0.06363636363636363,1.3303869384924064e-07,3.758426024138144e-05,3.758426024138144e-05,1.7226363399738314e-05,0.0,call,1.0886239317729032e-05,0.0005142089212313294,0.0,9.550002869218588e-05,0.0009628140667623242,nan,nan,0.0,0.0,120.0,0.0002835341233008703,0.0011694058086065828,0.0004263614231943968,nan,0.0005636677016932547,0.002379815193251436,0.0008075403479030895,0.0031390098879022087,0.053674404849918686,0.5134370579915134,0.00012573933630654485,0.0008566690961398504,0.00014665167718528035,0.028317341446290663,6.955513277221882e-05,0.00026543980739811984,7.758942106446172e-05,0.0001802373543199719,0.002379815193251436,0.00020992545674424667,0.0003162018234708311,0.043664298911883885,0.00015086626239662295,0.0015059352415648375,0.00020045119357645444,0.0010104210992231619,0.002379815193251436,0.0012312179687738601,call_T050_s020_r005_q006,17,validation
P2,0.008567541022785008,3.14170029014349e-05,0.00012791610788553953,0.0018570622461789616,0.0001280017351247677,0.010645710119044414,0.0003689170116558671,0.2768247794985763,2.6278050199049874,2.6350604231785892,0.0,0.2833333333333333,86.0,0.0002504386765571379,0.0025553665771165593,0.0004218046856590562,0.02891336807791556,0.0003976692104127025,0.0026099712271202627,0.0005528533216393555,0.003444146250407122,0.6227230626736647,0.9532136105860114,4.197139661460575e-05,0.00018827046813130188,6.968737294139645e-05,0.46240256762952775,3.23945468298021e-05,0.0026099712271202627,0.00018746743159630722,7.974956070558591e-05,0.0026099712271202627,0.0001273634116511938,0.00019184071999202074,0.048081472571948634,5.9603084965792084e-05,0.0013478529397642491,0.0001261929849300769,0.0005954283140171384,0.0026099712271202627,0.0007121930737900719,8,0.0,1.143994171369142e-07,2.564610244334256e-05,2.564610244334256e-05,2.1777230298322325e-05,0.0,call,2.7814348131968533e-05,0.0005332501605153084,0.0,5.00003807246685e-06,0.001628354429729334,2.63673738413996,2.644255386045355,0.0,0.2833333333333333,86.0,0.000584218670492135,0.0015547514482846525,0.0007592968261602609,0.02920207284127361,0.0003246121508164008,0.0016062067362255794,0.00047970421496770424,0.002867136135240347,0.616659802306425,0.9434467548834279,4.3829699543023155e-05,0.0011160262593948866,7.773793441853405e-05,0.4580146833894157,2.2482323376211164e-05,0.0006197245784800159,6.951700116955891e-05,7.384298663016447e-05,0.0016062067362255794,0.00011498108309188061,0.0001731897907058682,0.04395669419973833,5.6709098237264144e-05,0.0016062067362255794,0.00012102955424161979,0.00039493793018300364,0.0008291750458016417,0.00046417493455336236,call_T050_s020_r005_q010,17,validation
P2-S,0.008360333042219281,3.0499999411404133e-05,0.0001244159648194909,0.0018570622461789616,0.0001280017351247677,0.010645710119044414,0.0003689170116558671,0.390929925689284,nan,nan,0.0,0.0,120.0,0.0002568364258266363,0.0025553665771150505,0.00042267087309532796,nan,0.0003965335824762317,0.0026099712271202627,0.0005524579363734398,0.003465743999051389,0.15404147270418958,1.0,7.871789224615147e-05,0.0002024358707148899,9.573960292334168e-05,0.083447959651536,8.265193032921367e-05,0.0026099712271202627,0.00019865902164220418,0.00011247264931928682,0.0026099712271202627,0.00013378644934723335,0.00020151539940088195,0.04748290914904952,9.197599282500873e-05,0.0013478529397642491,0.00014100811814309974,0.0005963868165639626,0.0026099712271202627,0.0007122599561602727,8,0.13925619834710745,1.1439408277851046e-07,2.564550579201639e-05,2.564550579201639e-05,2.1776723638738134e-05,0.0,call,2.7814348131968533e-05,0.0006252079037949443,0.0,0.00010137492790818214,0.001628354429729334,nan,nan,0.0,0.0,120.0,0.0005905538337528785,0.0015547514482846525,0.0007598317469598159,nan,0.00032265430237989805,0.0016062067362255794,0.0004790640064068671,0.002881220471994831,0.15415019762845852,1.0,8.053869300632094e-05,0.0011160276822361481,0.00010179917770432339,0.0835117773019272,7.26306295402611e-05,0.0006197245784800159,9.560003992490314e-05,0.00010641881927294537,0.0016062067362255794,0.00012203385492300111,0.00018381299971105677,0.043418807477220024,8.890309859439643e-05,0.0016062067362255794,0.00013634408028343116,0.00039585262160103874,0.0008291750458016417,0.0004642668853546087,call_T050_s020_r005_q010,17,validation
P2,0.008344625006429851,2.8499984182417393e-05,0.00012237508781254292,0.0008667010949011577,8.10139253777321e-05,0.0034210998741864037,0.0003229590365663171,0.17028960344468366,1.0436409680626255,1.0511426227599225,0.0,1.0,0.0,6.178937793653583e-06,6.936054815254167e-05,1.1192024653206069e-05,0.0598269477464795,0.00027023933352772695,0.0024255382515829295,0.00039909341591635176,0.0020489067081077635,0.786629983024059,0.884428063709359,7.926289111988266e-06,9.601935363390268e-05,1.881436148664181e-05,0.7083069787054607,2.919409252185395e-05,0.0024255382515829295,0.00014137244609589272,0.00010028499029108346,0.0024255382515829295,0.00015749490192961774,0.000237295645623472,0.02879638946596464,0.00010514829715657031,0.0017821090036498344,0.00024714578963607283,0.0002637154237731887,0.0024255382515829295,0.00034414611985610484,8,0.0,1.5752346847357247e-07,2.853156535734957e-05,2.853156535734957e-05,1.1332637879630195e-05,0.0,call,1.0481170104788206e-05,0.0004786670906469226,0.0,4.832982085645199e-06,0.0004605040251663981,1.0493573509986875,1.0567816857141095,0.0,1.0,0.0,8.737211788852987e-06,7.015600656545828e-05,1.4522306230206643e-05,0.059736768682727176,0.00026843419074418077,0.0017168220088377706,0.0003863173211573966,0.0018647529648633937,0.7848101265822784,0.8814005528498091,7.945784763084507e-06,9.601935363390268e-05,1.8834061665781852e-05,0.7072990387662407,1.4167445066256058e-05,0.0002482780622046765,3.732191040457015e-05,0.00010000008518970782,0.0017168220088377706,0.00015275361591836912,0.0002301517811064947,0.02798150265071916,0.00010474653836562095,0.0017168220088377706,0.00024059973035541306,0.00025804052223944187,0.0005614916405373982,0.00031848975092686765,call_T050_s040_r005_q003,17,validation
P2-S,0.008231709012761712,3.1250063329935074e-05,0.00013099994976073503,0.0008667010949011577,8.10139253777321e-05,0.0034210998741864037,0.0003229590365663171,0.3110632682825196,nan,nan,0.0,0.0,120.0,3.168270938929268e-05,0.00010247963973442076,4.122562734963215e-05,nan,0.0002675554696070862,0.0024255382515829295,0.00039739717471469856,0.0020797857013831965,0.07328461226146975,0.9863387978142076,5.9340144200847095e-05,0.0001284317553291725,6.421020127598073e-05,0.038056082648113006,7.79609377561659e-05,0.0024255382515829295,0.00015317276570506533,0.00013265139360110406,0.0024255382515829295,0.00016022107032838629,0.0002414031302616299,0.028093466239873358,0.00013703547415848025,0.0017821090036498344,0.0002509074060723614,0.0002638402412827034,0.0024255382515829295,0.00034415526019088654,8,0.1143939393939394,1.5751634804983744e-07,2.8530903957050204e-05,2.8530903957050204e-05,8.443488435022485e-06,0.0,call,1.0481170104788206e-05,0.0005825000116601586,0.0,9.729096200317144e-05,0.0004605040251663981,nan,nan,0.0,0.0,120.0,3.1766092630515495e-05,0.00010327509814733737,4.132655834451167e-05,nan,0.0002655929426156994,0.0017168220088377706,0.0003844948993847406,0.0018953567286303895,0.0734262178378928,0.9863387978142076,5.950899655938929e-05,0.0001284317553291725,6.430467133806675e-05,0.0381324601246435,6.263744760458556e-05,0.0002482780622046765,6.947095594437479e-05,0.00013233724168577058,0.0017168220088377706,0.00015553705599973607,0.00023434555215720525,0.02727301666281418,0.0001366844123137952,0.0017168220088377706,0.00024443184101063654,0.0002579070969129033,0.0005614916405373982,0.00031847252529421767,call_T050_s040_r005_q003,17,validation
P2,0.00833024992607534,2.950010821223259e-05,0.0001247919863089919,0.0008601893903907523,8.49573851695777e-05,0.003351576068902474,0.0003274999326094985,0.11257726230988263,0.9214674138430802,0.9921742114524312,0.0,1.0,0.0,2.3823432715048647e-05,0.00014883833717760364,4.3679794981323074e-05,0.017935272738702455,0.001118326630489597,0.003554387412897403,0.0014722857221747124,0.0028499411202102458,0.8722357548836988,0.9287021969080553,3.102770238799527e-05,0.0005241599536889296,9.247017416922378e-05,0.8222422332282755,4.519129906092961e-05,0.0025213305771414635,0.00019432675381825685,0.00029362513492452034,0.003554387412897403,0.0004832446990018873,0.0007280085856129863,0.029576871471472355,0.00025636059415147354,0.003554387412897403,0.0006637871750435218,0.001846698499052952,0.002992536965125331,0.0019628210696630427,8,0.011019283746556474,1.1850811663413283e-07,2.699381746093911e-05,2.699381746093911e-05,2.2206071854692295e-05,0.0,call,9.621846246728113e-06,0.0004866670351475477,0.0,4.875008016824722e-06,0.0012134454807388242,0.9317155057333395,1.002308216454899,0.0,1.0,0.0,4.460467120111373e-05,0.00025799034449902614,7.792688448868668e-05,0.01886013800322853,0.0010086753210346462,0.003416424555831299,0.0013478410466851315,0.0024851327014577974,0.8719663672845404,0.9281936533767291,3.104212034910173e-05,0.0005241599536889296,9.249099916641129e-05,0.8221621621621622,2.2516720221684594e-05,0.0005789974750811805,7.400834403530269e-05,0.0002674876612020157,0.003416424555831299,0.00044323021063357327,0.0006677258287903277,0.028486718149944606,0.00024013182201611485,0.003416424555831299,0.0006213034063117085,0.0015391596938321246,0.0028017732685130248,0.0017110640297408619,call_T050_s040_r005_q006,17,validation
P2-S,0.00829158304259181,2.7374946512281895e-05,0.00012170802801847458,0.0008601893903907523,8.49573851695777e-05,0.003351576068902474,0.0003274999326094985,0.23647475519133274,nan,nan,0.0,0.0,120.0,2.1687827156890414e-05,0.00013745435193401878,3.633820537340997e-05,nan,0.0011155474994691006,0.003554387412897403,0.0014718055820239293,0.0028751763052054058,0.17327749035066106,0.9841417910447762,6.322085598380563e-05,0.0005246877370248537,0.00010443332240665042,0.095002251238181,9.120435053658343e-05,0.0025213305771414635,0.00020214423651255292,0.0003173720076376546,0.003554387412897403,0.0004839031461286393,0.0007290005368179094,0.02864982760120305,0.0002787944065990756,0.003554387412897403,0.0006647919537880824,0.0018468351413735208,0.002992536965125331,0.0019628234826117004,8,0.087465564738292,1.185026007578847e-07,2.1845982018622397e-05,2.1845982018622397e-05,1.6397639671491044e-05,0.0,call,9.621846246728113e-06,0.0005770408315584064,0.0,0.00010045792441815138,0.0012134454807388242,nan,nan,0.0,0.0,120.0,3.746473272459016e-05,0.00019566444124430316,6.172783358384721e-05,nan,0.0010060356326387493,0.003416424555831299,0.0013473075967433427,0.0025100555471449524,0.17614196516595465,1.0,6.315987210670971e-05,0.0005246877370248537,0.00010444172528203388,0.09657657657657658,6.820598009112848e-05,0.0005789974750811805,9.238873285524982e-05,0.0002911991500278866,0.003416424555831299,0.00044394368547705866,0.0006688006778636937,0.027587124850193916,0.0002626498799838429,0.003416424555831299,0.0006223981713674745,0.0015390092227834174,0.0028017732685130248,0.0017110613068926977,call_T050_s040_r005_q006,17,validation
P2,0.008350665913894773,3.2624928280711174e-05,0.00012741703540086746,0.0008658074932003436,8.826364151361155e-05,0.003358174635405141,0.0003455840051174164,0.16716438641572332,0.9646397481118675,1.0359929774051857,0.0,1.0,0.0,3.536813932141098e-05,0.00017426151691152247,6.225904970213893e-05,0.01880342566959047,0.0008917868338949976,0.0033551810132631255,0.0011988188491815527,0.0037202940267893805,0.8164500446472864,0.9529820497973365,5.4913024445972266e-05,0.0006714652830352996,0.0001416373575421813,0.7141369435042958,3.3461515395099215e-05,0.002321321910673734,0.00015418655425927837,0.00023313667978796124,0.0033551810132631255,0.00037660318259481686,0.0005673209159604553,0.05335598601404965,0.0002256208437353958,0.0033551810132631255,0.0005662830909243358,0.0010158335579768954,0.002321321910673734,0.0011207780405882485,8,0.026170798898071626,3.426000165612481e-07,1.97442578319659e-05,1.97442578319659e-05,1.9345745068897904e-05,0.0,call,1.6357323157095165e-05,0.00051062589045614,0.0,4.999921657145023e-06,0.0014318868334809373,0.9769570629657542,1.0476636402143347,0.0,1.0,0.0,3.9144783864842694e-05,0.00029716508534982644,6.793965923005114e-05,0.020359614997220037,0.0007760082712746855,0.0031964505217949024,0.0010772947619166352,0.003598724347921031,0.8210672485617933,0.9586566299942096,5.479210012170038e-05,0.0006714652830352996,0.00014159195270751598,0.7180154393269147,1.4303584798944018e-05,0.0005567011734951971,5.7700434427955476e-05,0.00020808932876920327,0.0031964505217949024,0.0003400908235660522,0.0005123174967511861,0.052478744644263546,0.00021010387906621568,0.0031964505217949024,0.0005228480838273201,0.0007282955319935733,0.0020489457348637496,0.0008857029970816952,call_T050_s040_r005_q010,17,validation
P2-S,0.008412999915890396,2.8582988306879997e-05,0.00012412492651492357,0.0008658074932003436,8.826364151361155e-05,0.003358174635405141,0.0003455840051174164,0.23119661087575527,nan,nan,0.0,0.0,120.0,2.743276092325407e-05,0.00016010952794315303,4.7881232462737297e-05,nan,0.0008910919618937098,0.0033551810132631255,0.0011984927668184197,0.00374834241860425,0.17990838730058445,1.0,8.447100409587628e-05,0.000671586510231359,0.00014979718793772665,0.09884578668749458,8.13533217907748e-05,0.002321321910673734,0.00016418215756837498,0.0002562519033796441,0.0033551810132631255,0.00037759946414371034,0.0005688217300453987,0.05298761110952993,0.00024715676113682864,0.0033551810132631255,0.0005677391219576435,0.0010159838416925033,0.002321321910673734,0.0011207838951432204,8,0.03663911845730027,3.4258407070927075e-07,1.9743800155830073e-05,1.9743800155830073e-05,1.934529720832187e-05,0.0,call,1.6357323157095165e-05,0.0005969590274617076,0.0,9.866710752248764e-05,0.0014318868334809373,nan,nan,0.0,0.0,120.0,3.896692499130404e-05,0.000297173732029532,6.494095547232651e-05,nan,0.000775818856134787,0.0031964505217949024,0.0010769572484893124,0.003625551332791994,0.17982317650773602,1.0,8.41852798994607e-05,0.000671586510231359,0.00014968016740571648,0.09879434469598404,6.208539981527416e-05,0.0005567011734951971,8.062392210131818e-05,0.00023119461595876923,0.0031964505217949024,0.0003411907938713953,0.0005139745071563039,0.052152250728485554,0.00023150932707397635,0.0031964505217949024,0.0005244010240950242,0.0007284401331657351,0.0020489457348637496,0.000885707525899999,call_T050_s040_r005_q010,17,validation
P2,0.008299916982650757,3.187498077750206e-05,0.00012608303222805262,0.00046804073533829576,6.40459525211666e-05,0.0015359652041738777,0.00031579204369336367,0.13778734634349607,1.2451772950816404,1.2677036347308916,0.0,1.0,0.0,0.0004121598944823196,0.0008268516236200618,0.0004400596773052683,0.011019365884418252,0.0003314724870891129,0.0011530663091370158,0.0004251576420194729,0.0017730764150317676,0.5602544266804196,0.8380046284391874,0.0001200729198997347,0.0007483708174715886,0.0001878502165479561,0.4207876049063912,8.373836636323747e-05,0.0011530663091370158,0.00015736002274833904,0.00021964340110579655,0.0011530663091370158,0.0002136768097682898,0.000322188730904181,0.025713996922498303,0.00021964164098869007,0.0010129960081009803,0.0003158624533693874,0.0005271742886060007,0.0011530663091370158,0.00061485374176989,8,0.0,1.5847105488434883e-07,1.2851446387977962e-05,1.2851446387977962e-05,8.229232981899764e-06,0.0,call,8.628153126433316e-06,0.00047862506471574306,0.0,4.875008016824722e-06,0.0005606168988168529,1.251846552346101,1.2738728566630964,0.0,1.0,0.0,0.0004215764417450067,0.0008265268858593799,0.0004521094839378863,0.013907105336206933,0.00035269579860851974,0.001239607629139966,0.00045850282318576533,0.0017288186752221334,0.5538646719972488,0.8282334790434559,0.00012211250039563713,0.0007528317016924913,0.00019046750068058428,0.4160423663136141,6.722289965177975e-05,0.00041813951497324253,0.0001092115423075988,0.00023076588297679123,0.001239607629139966,0.00022805343556979725,0.0003438656591453265,0.025507446393123624,0.00023047611713019342,0.0011200309134239972,0.0003348799030432447,0.0005697088163109128,0.001239607629139966,0.0006859043096375873,call_T050_s060_r005_q003,17,validation
P2-S,0.008260165923275054,3.2791984267532825e-05,0.00013416609726846218,0.00046804073533829576,6.40459525211666e-05,0.0015359652041738777,0.00031579204369336367,0.18515174664907286,nan,nan,0.0,0.0,120.0,0.00041605221190817165,0.0008268730236473676,0.00044219766317038327,nan,0.0003312617255047575,0.0011530663091370158,0.00042465145728911023,0.001803668028417148,0.08708237848269207,0.6611721611721612,0.00015404817740378104,0.000748427018568254,0.00019829727198808242,0.04661071659134926,0.0001183111627551951,0.0011530663091370158,0.00016887269007280755,0.00023751683580855765,0.0011530663091370158,0.00021565548564364832,0.0003251722417018375,0.025000108685325467,0.00023643991857558535,0.0010129960081009803,0.0003186837899839954,0.0005271727556285266,0.0011530663091370158,0.0006148535159381902,8,0.09111570247933884,1.5846380542037863e-07,1.2851148937212033e-05,1.2851148937212033e-05,7.051044305506543e-06,0.0,call,8.628153126433316e-06,0.0005743751535192132,0.0,9.162502828985453e-05,0.0005606168988168529,nan,nan,0.0,0.0,120.0,0.00042538478223994036,0.0008265482858866857,0.0004541218389322296,nan,0.00035246619027591054,0.001239607629139966,0.0004580002833900492,0.0017586577288043743,0.0871138996138996,0.6611721611721612,0.00015602148989897537,0.0007528854514784467,0.0002007936748261833,0.046628778093515885,0.00010148321478251678,0.00041813951497324253,0.00012505362751554584,0.0002485883902405146,0.001239607629139966,0.00022989693349562563,0.00034664533938918757,0.02478641437456127,0.00024725520874529675,0.0011200309134239972,0.000337531375218187,0.0005697072833334388,0.001239607629139966,0.000685904103034333,call_T050_s060_r005_q003,17,validation
P2,0.00841533299535513,2.9333052225410938e-05,0.0001235000090673566,0.00046433059574679667,6.793392789111921e-05,0.0015278557528732417,0.00034320796839892864,0.19730536842836308,1.9324213903115903,1.9339555919414528,0.0,0.775,27.0,0.0001183312435284152,0.0008512872495118895,0.0002367655346243285,0.016367012777671285,0.0003273478073608542,0.001408648239459076,0.00044292199324984715,0.0021822490776657304,0.7000388550705867,0.8894191212769459,1.7604767140110845e-05,0.0006041067423474544,3.7224061417645785e-05,0.5771489588894821,3.322766907333903e-05,0.001155969996303973,0.00011022491922255011,0.0001292231183596069,0.001408648239459076,0.0001774986947965918,0.0002675467837926406,0.027484016940828488,0.00012162821480449751,0.001408648239459076,0.00025560031031639035,0.0005638147265304425,0.001155969996303973,0.0006142323991431941,8,0.0,2.597818873876368e-07,3.031168802813309e-05,3.031168802813309e-05,2.299635411778318e-05,0.0,call,2.0874243091094777e-05,0.0005009160377085209,0.0,4.875008016824722e-06,0.0008148024956255535,1.9445309082793643,1.9460858837053183,0.0,0.775,27.0,0.0001569754003465796,0.00101708926556765,0.0002900867165348519,0.020037568373585127,0.00030961194500939187,0.001422131019831907,0.0004120939163799532,0.002103872318656259,0.6993142709276751,0.8894191212769459,1.8275830405683947e-05,0.0007919032959389227,4.200687623489195e-05,0.5761645879970152,2.7513927689962327e-05,0.00042616222161592776,6.810899594816532e-05,0.00012294272220375125,0.001422131019831907,0.00016538165624230798,0.0002492820159850697,0.027595792072035264,0.00012153502912764604,0.001422131019831907,0.0002489366251845378,0.00038389845336557645,0.0008844927631682931,0.00044797601936145536,call_T050_s060_r005_q006,17,validation
P2-S,0.008242166019044816,2.9667047783732414e-05,0.00012391700875014067,0.00046433059574679667,6.793392789111921e-05,0.0015278557528732417,0.00034320796839892864,0.27668588096395585,nan,nan,0.0,0.0,120.0,0.00012715229542095452,0.0008512977681514045,0.0002389659778444481,nan,0.00032629958025004425,0.001408648239459076,0.0004421464681118953,0.002199893640784118,0.28636779505946935,1.0,5.782968990425891e-05,0.0006043443616228217,7.193731817137942e-05,0.16711158569140416,8.140886532385312e-05,0.001155969996303973,0.00012689090774855528,0.00015457493554761414,0.001408648239459076,0.00018017697431430016,0.0002715837997936976,0.026557533979195126,0.00014551903891264428,0.001408648239459076,0.0002596115500282857,0.000563813624346514,0.001155969996303973,0.0006142323091494009,8,0.0900137741046832,2.5976980533214606e-07,3.0310986463057886e-05,3.0310986463057886e-05,1.5872901705549393e-05,0.0,call,2.0874243091094777e-05,0.0005912919295951724,0.0,9.449990466237068e-05,0.0008148024956255535,nan,nan,0.0,0.0,120.0,0.0001639481816797481,0.0010170905321893464,0.0002914495601217544,nan,0.0003085809673463922,0.001422131019831907,0.00041122278446792827,0.0021205635669580875,0.2859492051891102,1.0,5.845414329084478e-05,0.0007919396647166899,7.451615927488612e-05,0.16682656433216075,7.552440405373954e-05,0.00042616222161592776,9.25202806198082e-05,0.00014831597612549946,0.001422131019831907,0.00016824379112040456,0.00025359615074852714,0.02674329347622197,0.00014549030572067628,0.001422131019831907,0.00025305188925948355,0.00038389735118166287,0.0008844927631682931,0.0004479759309386341,call_T050_s060_r005_q006,17,validation
P0,0.008571667014621198,3.7624966353178024e-05,0.00013316597323864698,0.001815701238613858,0.00011849405764805578,0.012585086154813432,0.0,0.13188415862212655,0.28100915025928314,0.3362970123717472,0.0,1.0,0.0,8.513948387213523e-05,0.0002656419103523877,0.00012878958968103895,0.01579188026315362,0.0008514231795312317,0.0028633947792378305,0.0011167795964518818,0.0030884481818683513,0.8288737409705972,0.9199412827461608,7.951209612361011e-05,0.0009759684323583311,0.0002238067757363987,0.7542121829290872,5.689790669524981e-05,0.0028633947792378305,0.00021279384468068135,0.0002819140255821074,0.0028633947792378305,0.0004005143964510085,0.0006033088696118954,0.04356640757557467,0.00026833714747989467,0.0024445888368240243,0.0005820836026884197,0.0012415864172326276,0.0028633947792378305,0.0013716262741809051,12,0.03753443526170799,1.5329660953003612e-07,4.973540896824822e-05,4.973540896824822e-05,1.8450484225602098e-05,0.0,call,1.0577892032154171e-05,0.00017566594760864973,0.0,4.875008016824722e-06,0.0015301489634996328,0.2868211737579813,0.3434881270404522,0.0,1.0,0.0,9.222082427582055e-05,0.00026605987327754654,0.0001321465940870006,0.015856150758429475,0.0007633877141798314,0.002454234549291945,0.001025732765786649,0.002807064190300571,0.8320929758385156,0.9216350496838301,7.820686229337424e-05,0.0009759678271556019,0.00022289017109168363,0.7584092176175432,3.850759436255848e-05,0.0006548539228663545,0.00010385443132480573,0.0002597393071036718,0.002454234549291945,0.000372751634536006,0.0005614885910517431,0.046563282822154384,0.00026416686548536033,0.002454234549291945,0.0005717896197773156,0.0007864556782126407,0.002065844620733351,0.0009713992421793132,call_T050_s020_r005_q003,17,validation
P0,0.008517666952684522,4.162511322647333e-05,0.0001355829881504178,0.0017976927601054055,0.0001235832026886244,0.01071621845956862,0.0,0.2543232168900618,2.378411076824857,2.506471389815342,0.0,0.15,102.0,7.413422339987234e-05,0.00048618113452400524,0.00013762885259737065,0.5378752698785476,0.0005257075332387893,0.002698695590910071,0.0006999184517076541,0.002934122941284188,0.7363809523809525,0.9491775104345691,0.00012146113091920387,0.0014455055850647106,0.0002993587385222712,0.6015248171775323,5.5319396992579594e-05,0.002698695590910071,0.00020636067146978713,0.00017080122523961225,0.002698695590910071,0.0002470466666124053,0.00037211615576346856,0.03808987809967811,0.00015711944103142787,0.0014455055850647106,0.00034173582050260284,0.0008120526383173406,0.002698695590910071,0.0009634851230978337,12,0.04283746556473829,1.6275492394031218e-07,4.959539869278471e-05,4.959539869278471e-05,2.2964903754743367e-05,0.0,call,6.192699816131895e-06,0.000182208139449358,0.0,5.00003807246685e-06,0.0046567279920325805,2.3800163434335646,2.5084536544220017,0.0,0.15,102.0,8.482430517491576e-05,0.0006232762276976722,0.0001594324754784503,0.5379397885923962,0.000382563913034343,0.0014390211384565088,0.0005139839720687047,0.002493183488681061,0.7410445981397569,0.9535968573533022,0.00011902427584256846,0.0014455050206155157,0.00029734184993837273,0.605975505109603,4.449260968158005e-05,0.000691199788841959,0.00013115636974645237,0.0001518204795829833,0.0014455050206155157,0.00022047535373905466,0.0003320926864415468,0.03943316404030895,0.00015114399030853555,0.0014455050206155157,0.00033241749918716036,0.0004699030263156701,0.0014390211384565088,0.0006095011224832156,call_T050_s020_r005_q006,17,validation
P0,0.008500958094373345,3.724999260157347e-05,0.00012420897837728262,0.0018570622461789616,0.0001280017351247677,0.010645710119044414,0.0,0.35481630668796443,2.6507266936385676,2.6554514096662096,0.0,0.13333333333333333,104.0,0.00014548832628728076,0.002550110424018341,0.0002858580272857434,0.04162604213820715,0.00032398733467334034,0.002550110424018341,0.00040677586510523686,0.004001815723856226,0.1979911942762796,0.9924137931034482,0.0012927463612557063,0.0040947184301753925,0.001811235110790904,0.10996484792908452,0.00015881347899160213,0.002550110424018341,0.00030712639354404865,0.001189855828755496,0.0040947184301753925,0.0011402350912368183,0.0017174753567539844,0.045054785527676805,0.001382498567671574,0.0040947184301753925,0.0018680303331158384,0.00022201612497107853,0.002550110424018341,0.0003423021187992583,12,0.048898071625344354,2.3801533626744581e-07,3.688161913892033e-05,3.688161913892033e-05,9.803273298610538e-06,0.0,call,1.6150032023108892e-05,0.00016641803085803986,0.0,4.959059879183769e-06,0.0009841120486682522,2.6552359820207854,2.6600056688584774,0.0,0.13333333333333333,104.0,0.00041136843193413604,0.0010174405169040834,0.0005452742961648214,0.0416743801582127,0.0005151004711511368,0.0011177359146936645,0.0005748224968863487,0.003885342632471481,0.1996420212033595,1.0,0.0012909445599848953,0.0040947184301753925,0.0018111464024459264,0.11089018048332823,0.00015654770094626828,0.001281808775619897,0.00028098048871769724,0.0012080133395064557,0.0040947184301753925,0.0011431731163331154,0.0017218998763483399,0.04632711813786813,0.001383280092614255,0.0040947184301753925,0.0018682549429143024,0.0005391364149104294,0.0008630973335590347,0.0005870774954080317,call_T050_s020_r005_q010,17,validation
P0,0.008676790981553495,3.7291087210178375e-05,0.00012433400843292475,0.0008667010949011577,8.10139253777321e-05,0.0034210998741864037,0.0,0.0,0.34008852860728633,0.3506696644705995,0.0,1.0,0.0,4.54149541337101e-06,2.8351690649630612e-05,7.97368874724626e-06,0.013638358950557488,0.0005115261759470111,0.0022768931474790467,0.0006441442351176093,0.002702633749673194,0.9106268599404819,0.8359182234755023,7.65059167008218e-09,9.788509527029757e-07,6.3532154114802e-08,1.0,4.960671581300673e-05,0.0022768931474790467,0.00016539102763272472,0.0001801099658848046,0.0022768931474790467,0.0002536815158407965,0.0003822188423031259,0.043524150576374494,0.0001705770499931464,0.0016442141406086686,0.0003706769666902461,0.0008098151296601776,0.0022768931474790467,0.0008457892679257169,12,0.0,1.9730160965105812e-07,5.4935928136678246e-05,5.4935928136678246e-05,5.02185970500677e-05,0.0,call,5.192076483656082e-06,0.00016645819414407015,0.0,4.833098500967026e-06,0.003643446632601289,0.3343721456712244,0.3454259163818778,0.0,1.0,0.0,7.317213183943849e-06,4.1890350768403195e-05,1.2586876026198342e-05,0.01491119321617859,0.0004622222588315997,0.0016494519193612778,0.0005920890864967703,0.0025404889538336896,0.90963247657939,0.8342439196334156,7.963413314540418e-09,9.96901731049849e-07,6.454487809787926e-08,1.0,3.48965757504239e-05,0.0007427307378983783,0.00010299505236390707,0.00016335041027447204,0.0016494519193612778,0.000233610340294845,0.0003519775003721361,0.04324431471992345,0.00016418612226434446,0.0016494519193612778,0.00035894819404700437,0.0005298187683482328,0.0009208535236754634,0.0005917746057272198,call_T050_s040_r005_q003,17,validation
P0,0.008628167095594108,3.7958030588924885e-05,0.00014404195826500654,0.0008601893903907523,8.49573851695777e-05,0.003351576068902474,0.0,6.944926731022988e-05,0.05625972343031336,0.058445772239996197,0.0,1.0,0.0,2.5651080438734465e-05,0.0001736433604782872,4.768712343101459e-05,0.01244360885127031,0.0002660478604179551,0.002207591601218894,0.0003360996360546378,0.0022853889210607864,0.9638920232618697,0.9303007455809668,5.9698229490497255e-09,9.991823878999508e-07,5.625229333943192e-08,1.0,1.903391931404591e-05,0.002207591601218894,0.00011448397837255307,6.425869334893371e-05,0.002207591601218894,0.00010964009842597805,0.00016517290959720002,0.042533511729874,5.3531412569868595e-05,0.0008235343485053424,0.000142517543939643,0.00044636767766674285,0.002207591601218894,0.0004947185553580482,12,0.0,1.6913067347185322e-07,6.660436897755901e-05,6.660436897755901e-05,5.8112085699628236e-05,0.0,call,5.664432506336085e-06,0.00018679199274629354,0.0,4.792003892362118e-06,0.004808145256789669,0.04601163154005404,0.04894380305574352,0.0,1.0,0.0,5.4313149237783e-05,0.00025799034449902614,9.345993698042851e-05,0.012998987536774415,0.00025127075803272144,0.0008350679750497292,0.00031376886490554564,0.00213283082879854,0.9636671441593958,0.9298818798693139,6.41407508404474e-09,9.920452527222284e-07,5.744645245756025e-08,1.0,1.320293145972626e-05,0.0003771239706343299,5.4534617962310483e-05,6.077596820075812e-05,0.0008350679750497292,0.00010242798777534543,0.0001543076518427137,0.0421576745084023,5.9186470000911744e-05,0.0008350679750497292,0.00015523241393093472,0.0002310774775245338,0.0005993317097863216,0.00028195876492808985,call_T050_s040_r005_q006,17,validation
P0,0.00884695805143565,4.11659711971879e-05,0.0001244159648194909,0.0008658074932003436,8.826364151361155e-05,0.003358174635405141,0.0,0.2749496492812001,2.542717177354025,2.5464450803663103,0.0,0.15,102.0,0.0006271805715482033,0.002383183237578912,0.0008970373763897085,0.032274443664284794,0.0005470566001192889,0.002987483476888375,0.0008353018326899656,0.0033954829074266586,0.40210734277247284,0.8336974330966684,0.0006388331034170038,0.0023045460895620984,0.0009527481246638784,0.26494836414128264,9.955242955523636e-05,0.0021476192937873295,0.00018435363393857056,0.0006192880493030584,0.002987483476888375,0.0006166834114583759,0.0009289815222368735,0.04657079933367982,0.0007036164469821374,0.002987483476888375,0.0010022870048403663,0.00019266104649885737,0.0021476192937873295,0.00024060784554646249,12,0.0,1.2105495976627045e-07,2.2065368348690226e-05,2.2065368348690226e-05,1.2668893770862382e-05,0.0,call,9.491691246159988e-06,0.00017028988804668188,0.0,4.707952030003071e-06,0.000808508777451698,2.553155547296843,2.5568642616964894,0.0,0.15,102.0,0.0008509452532758855,0.002573392661904206,0.0011238572458709712,0.03315159513455476,0.0006512774952370656,0.003053973536308374,0.0009079828311936855,0.0033781636921617103,0.39747218747942864,0.824412889131622,0.0006418677911458494,0.0023045460895620984,0.0009548289497467605,0.261861393008934,0.0001011453931838517,0.0005938389638711072,0.00017217654846096855,0.0006438678593879002,0.003053973536308374,0.0006273614900853366,0.0009450659820469693,0.04699967208818082,0.000716128722361077,0.003053973536308374,0.0010121099575425116,0.00043870715566912623,0.0005601403175037045,0.0004476092268607056,call_T050_s040_r005_q010,17,validation
P0,0.008504541940055788,3.8082944229245186e-05,0.0001313330139964819,0.00046804073533829576,6.40459525211666e-05,0.0015359652041738777,0.0,0.0019445794846864365,0.2038447359232636,0.25454248722791184,0.0,0.9916666666666667,1.0,0.000326668252271715,0.0016907932715795049,0.0005729861434639494,0.022278690749263738,0.0005058431128763097,0.002420906561728664,0.00069001927889146,0.0018027916587942915,0.9134495641344956,0.8821407095610343,2.1687005513231186e-05,0.0015290958890752382,0.0001224425775884011,0.947062621045836,7.40906776224083e-05,0.0012774857068985068,0.00020610321381660007,0.00024972747517895005,0.002420906561728664,0.0003195715770823425,0.00048186024943399106,0.023729132135884182,0.0002613392848184528,0.002420906561728664,0.0005020298364151291,0.0004837311765855123,0.0012774857068985068,0.0005646440251641168,12,0.0,1.2756031289462824e-07,1.3776962755403084e-05,1.3776962755403084e-05,1.1242646420272943e-05,0.0,call,7.471783647132085e-06,0.00017420703079551458,0.0,4.791072569787502e-06,0.0006140384761805753,0.20541492810141587,0.2569988456498928,0.0,0.9916666666666667,1.0,0.00034856682562654876,0.001690468533818823,0.0005995117488392,0.02309348301716011,0.0004688001842952855,0.002424300849580341,0.0006611247658911167,0.001737834541558974,0.9107554337672044,0.879374624173181,2.3381171362294646e-05,0.0015290958890752382,0.00012888981843444275,0.9444587961766985,5.291050535699156e-05,0.0004951255386622666,0.00013226573931284603,0.00023326750222936002,0.002424300849580341,0.000307332572044465,0.00046340506644353574,0.02386716710500064,0.0002498340865416083,0.002424300849580341,0.0004902155276658487,0.0003193896979032394,0.0005704480889887481,0.00036240952578881576,call_T050_s060_r005_q003,17,validation
P0,0.008490666979923844,3.804208245128393e-05,0.0001273748930543661,0.00046433059574679667,6.793392789111921e-05,0.0015278557528732417,0.0,0.0,0.0852956489402915,0.08927563111133038,0.0,1.0,0.0,1.3132497057923195e-05,8.345019640842999e-05,2.416175639125293e-05,0.01578120103490715,0.0006279161476346005,0.002809615551877087,0.0008774919684722584,0.0026778099573016158,0.9498934983264022,0.9045687240413407,6.966899934319491e-09,9.829752590699108e-07,6.012712061157727e-08,1.0,3.698789658018546e-05,0.0011853268739739076,0.00013977729480934168,0.00022627900006406916,0.002809615551877087,0.0003494665433645864,0.0005267568295500602,0.037012698546337756,0.00025242715331708006,0.002809615551877087,0.0005684096109620098,0.0003002362728583647,0.0011853268739739076,0.0003623570051319743,12,0.0,1.9983219811692066e-07,0.00011152350719692412,0.00011152350719692412,9.703648628597546e-05,0.0,call,1.9851608098279976e-05,0.00017033389303833246,0.0,4.916917532682419e-06,0.005115804193797618,0.07320686147280574,0.07818852443792565,0.0,1.0,0.0,3.097947800215304e-05,0.00014042190474222727,5.066076636594517e-05,0.018403551314428446,0.0006260350002069526,0.002855490049708309,0.0008960597710430162,0.002633785152764315,0.9507449072666463,0.9061141698058534,7.1826939712036324e-09,9.663216394685193e-07,6.012508081933365e-08,1.0,1.6898683886066755e-05,0.0003344195955354913,5.506114512497512e-05,0.0002249171150837179,0.002855490049708309,0.0003563205517294688,0.0005370868056968416,0.03687002868384344,0.0002577457838265675,0.002855490049708309,0.0005840479942287695,0.0001575759647670322,0.00046481249664340196,0.0001809709909742284,call_T050_s060_r005_q006,17,validation
P1,0.008512875065207481,4.841701593250036e-05,0.0001492499141022563,0.001815701238613858,0.00011849405764805578,0.012585086154813432,0.0003688749857246876,0.0374331550802139,0.20106351224355154,0.2024404435943582,0.0,1.0,0.0,6.746401766046424e-06,4.190319749175497e-05,1.22277918075267e-05,0.007696847309745065,0.0004059324702267269,0.0030345278769482262,0.0005780612227013973,0.003974676137959357,0.9401295975175687,0.9270158387329014,3.2644162381399564e-06,0.00014608745781155018,1.7429708672395393e-05,0.9536197000555453,4.325011657938144e-05,0.0030345278769482262,0.00022633299613835755,0.00010884754985347942,0.0030345278769482262,0.0001967572394138815,0.00029638232420757976,0.046767824574335086,7.727939216699002e-05,0.0012460526318615328,0.00019510469603151544,0.0010144738441912042,0.0030345278769482262,0.0011592732913201082,12,0.016735537190082646,1.2814246544662298e-07,2.6289818623541362e-05,2.6289818623541362e-05,2.1124290855058503e-05,0.0,call,1.0577892032154171e-05,0.000573249883018434,0.0,6.707967258989811e-06,0.0015455163053379201,0.19323506806739912,0.19481481051864494,0.0,1.0,0.0,1.2803597147109657e-05,7.264576536025746e-05,2.2686558705480995e-05,0.007596184561543373,0.0003368452348406534,0.0015359455110371817,0.0004484667147910869,0.002813594266073481,0.9450489165218982,0.9301655867530597,2.613552610507555e-06,0.0001441606241992043,1.5093460922233138e-05,0.9604162795019513,2.2396350660209827e-05,0.0004665084050142522,6.226612310996781e-05,9.116520177181728e-05,0.0015359455110371817,0.0001534845601768904,0.000231199065160891,0.03907308348923708,7.719856378231094e-05,0.0010015223158101882,0.0001942446874235874,0.0005873193219787216,0.0015359455110371817,0.0007203332449945811,call_T050_s020_r005_q003,17,validation
P1,0.008637916995212436,4.2041996493935585e-05,0.00012804195284843445,0.0017976927601054055,0.0001235832026886244,0.01071621845956862,0.00034429202787578106,0.2607819987499132,2.12661640732891,2.3321329819988037,0.0,0.425,69.0,0.0007645815216021286,0.0018955957680560076,0.0009044869708045141,0.29085091274870384,0.0004859733872877405,0.0024422927004561753,0.0006792864185644039,0.0031095577909846005,0.6877510550668633,0.9926610890943784,6.589022089648302e-05,0.001383884079235953,0.0001444452455144114,0.5261397230434106,2.491999316783431e-05,0.0024422927004561753,0.00015049985381105098,0.00011716326360812683,0.0024422927004561753,0.00018137559825101625,0.0002731985470435745,0.04680408359264588,0.00011051751749374845,0.002040259941268635,0.0002561630563682013,0.0002682179085121856,0.0024422927004561753,0.0003804371574308721,12,0.023278236914600552,8.773609405248864e-08,6.719036009916204e-06,6.719036009916204e-06,6.412153553694698e-06,0.0,call,6.192699816131895e-06,0.0005193350370973349,0.0,4.959059879183769e-06,0.00017682689239908317,2.132198180702587,2.337974081142491,0.0,0.425,69.0,0.0009193182855743124,0.0020965844196684513,0.0010684887773303538,0.29074301437511924,0.0006090262629333912,0.002133687448177435,0.0007857335070845847,0.002648095667758211,0.6889771801140995,0.9926610890943784,6.84601737946353e-05,0.0016105301713682518,0.00015509739372701785,0.5275762539979718,2.377095762297017e-05,0.0008978200478261178,0.00010354211641359478,0.00013573094863315817,0.002133687448177435,0.00020771722946707918,0.0003128756642593303,0.042421490184487314,0.00011455423211272009,0.002133687448177435,0.0002722056122014709,0.0005760405033367145,0.0010471530981900944,0.0006384126181766931,call_T050_s020_r005_q006,17,validation
P1,0.008485250058583915,4.345807246863842e-05,0.00013879197649657726,0.0018570622461789616,0.0001280017351247677,0.010645710119044414,0.0003841670695692301,0.2786999097159525,2.25885657425053,2.4651286667768026,0.0,0.44166666666666665,67.0,7.295349807571134e-05,0.0027303655351790176,0.00020511268170000574,0.2826162851448671,0.0007420282350355254,0.002776559734454096,0.0010555963311022567,0.003732620545397074,0.6205771387784236,0.9322916666666666,4.2968429462393585e-05,0.0003296119458819913,8.322186226823635e-05,0.4650771817209231,2.724735251197754e-05,0.002776559734454096,0.00021326085793389076,0.00011721458735230683,0.002776559734454096,0.00023428943905972867,0.0003528976971725437,0.032358306266619966,6.830514090942385e-05,0.0017610414476165442,0.00015819751444486228,0.0014164465295175436,0.002776559734454096,0.0015812899251170867,12,0.03243801652892562,1.3595063345749313e-07,3.0521261829618914e-05,3.0521261829618914e-05,2.6971535394190424e-05,0.0,call,1.6150032023108892e-05,0.0005715421866625547,0.0,5.125068128108978e-06,0.0010772701324693462,2.269738546789378,2.4761358266866,0.0,0.44166666666666665,67.0,6.0898162810081015e-05,0.00036203747340968206,9.628882414318749e-05,0.2825966815189316,0.0005138397998041465,0.002080341465032026,0.0007590216577641908,0.0025785923214616574,0.6189553152417874,0.9293811274509803,4.3109350957893095e-05,0.0003296119458819913,8.338324425599618e-05,0.4639798103395534,8.496355486740686e-06,0.0004975807682155321,3.508659785484714e-05,9.342648451737582e-05,0.002080341465032026,0.00017285865237460146,0.0002603676450197718,0.025454059665140555,6.410485893573339e-05,0.001505686892748834,0.0001398316698994589,0.0009255814828709798,0.002080341465032026,0.0011130204193532684,call_T050_s020_r005_q010,17,validation
P1,0.008379584061913192,4.1209044866263866e-05,0.00012425007298588753,0.0008667010949011577,8.10139253777321e-05,0.0034210998741864037,0.00031050003599375486,0.17091464685047572,1.9670089593506335,1.9765999082155488,0.0,0.175,99.0,0.000897542749947396,0.0017659638834055524,0.0010435639751963488,0.040774785132678695,0.0013905139032842893,0.0031508086755756837,0.0015673169631955682,0.0018601110698736787,0.2144,1.0,0.0002505655663109131,0.0016605518252330587,0.00038421337781569946,0.12007168458781362,7.06458358114418e-05,0.0019288639156065622,0.00016402739448365968,0.0006519338934127336,0.0031508086755756837,0.0006504859342990745,0.0009800792143574684,0.012725843360521372,0.0006518001377548862,0.0029866656754038434,0.0009397752664562427,0.0020129323231638362,0.0031508086755756837,0.002189483860861397,12,0.0,1.654531719389661e-07,2.278632553035466e-06,2.278632553035466e-06,2.0819846485623277e-06,0.0,call,5.192076483656082e-06,0.0004810420796275139,0.0,5.082925781607628e-06,1.7324016813112486e-16,1.9707681055244235,1.9803729510063013,0.0,0.175,99.0,0.0009142092940202666,0.001766759341818469,0.0010621281747929866,0.04043740097520235,0.0014454186480334255,0.0033354070403697894,0.0016441693370996889,0.001987148340086097,0.21478408448048272,1.0,0.00025247984488974297,0.0016605518252330587,0.00038869341786961105,0.12031266504700538,8.473115394298209e-05,0.0012482138941850365,0.00020859209383135914,0.0006740538744960139,0.0033354070403697894,0.0006810729575649463,0.0010261632977042396,0.011962472501508996,0.0006641663920393494,0.003146762904273598,0.0009690034360415968,0.002290090359490797,0.0033354070403697894,0.0024244368699919117,call_T050_s040_r005_q003,17,validation
P1,0.008634000085294247,4.03339508920908e-05,0.00012450001668184996,0.0008601893903907523,8.49573851695777e-05,0.003351576068902474,0.00029566697776317596,0.34432946732411973,2.2480371483579407,2.3587304807626657,0.0,0.18333333333333332,98.0,4.243511540521471e-05,0.00043221182193831087,9.065702596299222e-05,0.3984489202294767,0.00014413079182222724,0.002334696504555407,0.00021000676695427786,0.0011761912028137346,0.4533084311632871,0.8741960380756367,6.82651525351189e-05,0.0002755792464917417,0.00010241719929204426,0.3059882935614588,3.336203677999386e-05,0.002334696504555407,0.00012946147355284325,8.658773299541636e-05,0.002334696504555407,9.054690217913421e-05,0.00013640899180729861,0.01658296679049173,9.39501730654713e-05,0.0007481693467857875,0.0001380076417716276,0.00013057369111818212,0.002334696504555407,0.00023363885802543666,12,0.02568870523415978,5.539858623626785e-08,1.0667604143897657e-05,1.0667604143897657e-05,7.537239270069128e-06,0.0,call,5.664432506336085e-06,0.00046529294922947884,0.0,4.792003892362118e-06,0.0005640371775155091,2.2540543034436626,2.3653432315013916,0.0,0.18333333333333332,98.0,7.09025434445344e-05,0.00046635830415397983,0.00012993220743650716,0.39853529995908454,0.00018527517314220182,0.0007797877324310365,0.00022953605885863318,0.001068717055152349,0.45746313471675454,0.881914072549524,6.82399860613583e-05,0.0002755792464917417,0.00010249869507657584,0.30882882882882884,1.6821841401886123e-05,0.00026338633586348026,4.58664824226386e-05,9.654553878680512e-05,0.0007797877324310365,9.552044771855192e-05,0.00014390145028273486,0.01761627749971813,0.00010287633362286133,0.0007797877324310365,0.00014957991985193027,0.00018071571583061936,0.00022838938744954018,0.00018597053774036443,call_T050_s040_r005_q006,17,validation
P1,0.008454750059172511,4.212500061839819e-05,0.0001307500060647726,0.0008658074932003436,8.826364151361155e-05,0.003358174635405141,0.00034495803993195295,0.20105562886311548,2.259990878264152,2.395407238502931,0.0,0.25,90.0,5.9300834118903205e-05,0.00039895724165817104,0.00011243041069501927,0.35808336246861794,0.0008990181518917528,0.0028044944012802983,0.00108738947411874,0.0024431832664105497,0.7447137699845281,0.9177577221304182,8.1096721096397e-06,6.732718828983408e-05,1.7090792203107127e-05,0.626572941074373,5.234796200094458e-05,0.0028044944012802983,0.0002485759859050469,0.00019784074512108895,0.0028044944012802983,0.0003332661104360225,0.0005020372736322825,0.024358360781349033,0.00015880016325892129,0.0019113386402664911,0.00042744451522932196,0.0015092430551754475,0.0028044944012802983,0.0015385681680216588,12,0.018663911845730026,1.7111798346062308e-07,4.910981442891627e-05,4.910981442891627e-05,2.0002913218813845e-05,0.0,call,9.491691246159988e-06,0.0005228330846875906,0.0,5.00003807246685e-06,0.0009566669223920535,2.2715419814567857,2.4064858070069266,0.0,0.25,90.0,9.486433063424561e-05,0.00045051131600859495,0.00016565071894776283,0.36330960085789454,0.0007742804277662981,0.0017821852057307574,0.0009320603875019917,0.0019541942819315005,0.7451020829036916,0.9185204016778951,8.105730113829745e-06,6.732718828983408e-05,1.7086282324937566e-05,0.6267672825049875,2.834400137740475e-05,0.0009314666911055883,0.00012163305410589859,0.00017095906384065725,0.0017821852057307574,0.0002854331261830714,0.00042998038924615506,0.024086176118375286,0.00014206852081526225,0.0017821852057307574,0.0003799681753610994,0.0011896130980647195,0.001613908648539289,0.0012329906702155903,call_T050_s040_r005_q010,17,validation
P1,0.008838625042699277,4.208309110254049e-05,0.0001313330139964819,0.00046804073533829576,6.40459525211666e-05,0.0015359652041738777,0.00032662495505064726,0.13445378151260504,1.1645494014930289,1.2026684050944083,0.0,1.0,0.0,0.0004595999709266589,0.0006583833797935146,0.0004735787704199424,0.011060020936259315,0.00038214068214393877,0.001645933033533331,0.0005119589871142052,0.0015106130629019099,0.6003212987232603,0.869671729544341,0.00012868352166109433,0.000600028279963416,0.00021031459889132422,0.45836023240800516,9.012571018312527e-05,0.0011732529394812355,0.0001664586545743669,0.0002480633849689077,0.001645933033533331,0.0002541466229427956,0.00038321041014378903,0.01919771074313661,0.00025953598290128963,0.001645933033533331,0.00040040219699967027,0.0003690327833985335,0.0011732529394812355,0.00040888652501009515,12,0.0,1.772034889458623e-07,1.0454181102735024e-05,1.0454181102735024e-05,5.138001624013887e-06,0.0,call,7.471783647132085e-06,0.00050633295904845,0.0,6.291898898780346e-06,0.00028487403443735126,1.1712186587574893,1.2086471867138693,0.0,1.0,0.0,0.0004663555837320324,0.0006649213872189641,0.00048152949441362974,0.013403760492854272,0.00033508047689937673,0.0015913339007222471,0.0004686934751703985,0.0014676914024548383,0.5940460081190798,0.8603625673689368,0.00013094123053559054,0.0006155468461541691,0.00021301289121063033,0.4536295530870576,6.896493625473956e-05,0.00035873303103300946,0.00011174275359588717,0.0002271338854542273,0.0015913339007222471,0.0002368172595061662,0.0003570800099266844,0.019111608865573976,0.00024448121919317696,0.0015913339007222471,0.00037848945943032194,0.00017496135852329719,0.0004411886333360593,0.00022197545313312687,call_T050_s060_r005_q003,17,validation
P1,0.00851224991492927,4.4375075958669186e-05,0.0001397499581798911,0.00046433059574679667,6.793392789111921e-05,0.0015278557528732417,0.0003637089394032955,0.10466004583651642,1.0968473072180878,1.1782234041523392,0.0,0.9166666666666666,10.0,0.00032021153052055586,0.0008866765285882039,0.00038378261926099924,0.018995551459611033,0.0007096863826188778,0.002293937086194575,0.0008687283366715918,0.0018314859203974894,0.7170912951167728,0.9469073068161906,0.00010200509899888642,0.0007540798259870751,0.0001994024761005238,0.5770421783235451,3.673410989758289e-05,0.0010296939199092789,0.00010884514486041071,0.0003209878496565651,0.002293937086194575,0.00036179240606371786,0.0005453358108006064,0.020203222838492477,0.000348332251385183,0.002293937086194575,0.00057836636891464,0.0004936159275115279,0.0010296939199092789,0.0005623736003852448,12,0.0,2.2847430548492634e-07,9.962074232941714e-06,9.962074232941714e-06,5.4418798083847935e-06,0.0,call,1.9851608098279976e-05,0.0005528749898076057,0.0,5.041016265749931e-06,8.39391032514342e-05,1.1086826297412473,1.1890154892276419,0.0,0.9166666666666666,10.0,0.00039379626941749463,0.0009941009273863877,0.0004503013631045935,0.020971053532585757,0.0007740425970823734,0.002387039954886927,0.0009319077791533721,0.0017637389224604433,0.7112937433722163,0.9402488172419835,0.00010388227799201022,0.0008353844923105758,0.00020160736236765245,0.5720072486941691,3.5009027367616775e-05,0.0006422056228268247,0.00010008757256618998,0.000344647476982196,0.002387039954886927,0.00038573164400530595,0.0005814185444242713,0.020020985751927664,0.0003673036421757224,0.002387039954886927,0.0006109115067530143,0.0006394925348794821,0.001086828660143535,0.0006950262449562619,call_T050_s060_r005_q006,17,validation
P2,0.008537790970876813,4.7042034566402435e-05,0.00014454196207225323,0.001815701238613858,0.00011849405764805578,0.012585086154813432,0.00037666596472263336,0.2025140634766303,1.9354303146193976,1.9597403544825143,0.0,0.36666666666666664,76.0,6.83683292144327e-06,4.190319749175497e-05,1.2225430828921081e-05,0.0828090127250729,0.0006083458914384099,0.002727625160368839,0.0008196628837036553,0.003299278017149644,0.764604332572256,0.9594689028651293,1.87068598323724e-05,0.0003138345999201054,5.4541597488069496e-05,0.6355304573227181,4.2682847317206716e-05,0.002727625160368839,0.00019274756756109524,0.00017331544137294875,0.002727625160368839,0.00028036643903012854,0.0004223257913004124,0.04329806498538723,0.0001719140216534397,0.0019597315347459066,0.00042998342063257076,0.0006401778898312917,0.002727625160368839,0.0007354929761429425,12,0.009159779614325068,6.020345399014328e-08,1.047927512461958e-05,1.047927512461958e-05,9.390282448130637e-06,0.0,call,1.0577892032154171e-05,0.000575415906496346,0.0,7.1659451350569725e-06,0.00046481003057912383,1.9409468956990592,1.9654447301660043,0.0,0.36666666666666664,76.0,1.2907800771378338e-05,7.264576536025746e-05,2.2687710579201753e-05,0.08339636240542925,0.0006751556412029473,0.0020576703484385117,0.0008955378684721442,0.002495536101470851,0.7703298543282915,0.9645003494060098,1.6937515503948425e-05,0.00030910723779002024,4.98936460299125e-05,0.6412376881620516,3.526566735568723e-05,0.0008133331171235186,0.00011003676365819387,0.000191326430850333,0.0020576703484385117,0.000307325873806977,0.00046293552030274694,0.036861673197878066,0.000175725511818697,0.0020576703484385117,0.00044784508952676425,0.0009975906567301384,0.0014393374735654114,0.001045409643156044,call_T050_s020_r005_q003,17,validation
P2-S,0.008580790949054062,4.0499959141016006e-05,0.00012429198250174522,0.001815701238613858,0.00011849405764805578,0.012585086154813432,0.00037666596472263336,0.3393985693450934,nan,nan,0.0,0.0,120.0,1.3821739847993952e-05,7.273777711669371e-05,2.3634821981797814e-05,nan,0.0006062829716335583,0.002727625160368839,0.0008193904927809256,0.0033160121665344487,0.06658313943082154,1.0,6.299843289955986e-05,0.00031805526061776357,8.095983581663957e-05,0.03443806702462507,9.158280966425733e-05,0.002727625160368839,0.00020237455880022483,0.00020545245545265187,0.002727625160368839,0.00028234324346735896,0.0004253035210924928,0.043176854311248763,0.00020386547165855183,0.0019597315347459066,0.00043289899688525916,0.0006403730637548742,0.002727625160368839,0.0007355301657647436,12,0.07851239669421488,6.020068666085778e-08,1.0479031297892462e-05,1.0479031297892462e-05,9.39006395398747e-06,0.0,call,1.0577892032154171e-05,0.0006427079206332564,0.0,0.00010125001426786184,0.00046481003057912383,nan,nan,0.0,0.0,120.0,1.8405120557048645e-05,7.276485120799592e-05,2.6982736296481146e-05,nan,0.0006732765155619058,0.0020576703484385117,0.0008953300370041083,0.002516067199389447,0.06682234596730735,1.0,6.137087841804545e-05,0.0003135111899212797,7.782258053142743e-05,0.034566065787028435,8.417293436728426e-05,0.0008133331171235325,0.00012612559832098641,0.0002234897204698885,0.0020576703484385117,0.00030912984348722424,0.00046565290179813047,0.03673607249685845,0.00020772827633806727,0.0020576703484385117,0.00045064860125709614,0.000997785830653723,0.001439337473565415,0.0010454322762066778,call_T050_s020_r005_q003,17,validation
P2,0.008428792003542185,4.329206421971321e-05,0.00013066607061773539,0.0017976927601054055,0.0001235832026886244,0.01071621845956862,0.00036512501537799835,0.39613862073755124,2.3026119305460195,2.4347879423579424,0.0,0.3416666666666667,79.0,0.00053082330736775,0.0014186543946229369,0.0006639318178539871,0.2949860024285592,0.0006810054634003143,0.0027658574089994385,0.0009425995230485162,0.004037240236131352,0.4303242250014819,0.9036594473487677,0.00012166247061474212,0.0011206827985216772,0.00021642432059748462,0.28240236502256105,3.236745242780992e-05,0.0027658574089994385,0.00019980787859130516,0.0001899328024300428,0.0027658574089994385,0.0002567548439939897,0.00038673918102522144,0.04608590062310622,0.00015155688219002167,0.0015188421439270294,0.00025879544193309177,0.0012731768332877012,0.0027658574089994385,0.001441292314666867,12,0.02100550964187328,1.2897646176050658e-07,1.7991913163705446e-05,1.7991913163705446e-05,1.67560427578286e-05,0.0,call,6.192699816131895e-06,0.0005441250978037715,0.0,5.041947588324547e-06,0.0004526765268227616,2.309533526918698,2.442709765230675,0.0,0.3416666666666667,79.0,0.000625627768249172,0.0015751666223268457,0.0007684194078618079,0.2950507572063963,0.0004964533032155524,0.0020655740961847135,0.0007070400682143701,0.0031071898557913876,0.4237348538845332,0.8879761015683346,0.00012396216657282097,0.0013097735706747438,0.0002208769372823943,0.278258834542476,1.476723637310135e-05,0.0003341142265859687,4.6816283280623555e-05,0.00017031684528076826,0.0020655740961847135,0.0002150515673823093,0.0003239230667931375,0.040524398169201635,0.00014889334491328328,0.0013486173508486243,0.0002505260491720199,0.0008147705282626962,0.0020655740961847135,0.001011593806649839,call_T050_s020_r005_q006,17,validation
P2-S,0.008583041955716908,4.3958076275885105e-05,0.00012654101010411978,0.0017976927601054055,0.0001235832026886244,0.01071621845956862,0.00036512501537799835,0.4762830752135565,nan,nan,0.0,0.0,120.0,0.0005409463978585309,0.0014186543951567876,0.0006652479958222077,nan,0.0006797098941303606,0.0027658574089994385,0.0009420895434770674,0.0040594250666458175,0.05463488460083239,1.0,0.00016267471276132256,0.001120684150665796,0.00022704340351690865,0.028084642912711996,8.854083582162886e-05,0.0027658574089994385,0.00021036417292621997,0.00022578118561880986,0.0027658574089994385,0.00026018000176850607,0.0003918983542349376,0.04542612627922018,0.00018689418163470422,0.0015188421439553401,0.0002667813454413001,0.0012743312204519402,0.0027658574089994385,0.0014413267153469001,12,0.11549586776859504,1.28970841114677e-07,1.799149455154056e-05,1.799149455154056e-05,1.675565288559578e-05,0.0,call,6.192699816131895e-06,0.0006324572023004293,0.0,9.683310054242611e-05,0.0004526765268227616,nan,nan,0.0,0.0,120.0,0.000633897308665751,0.0015751666223551564,0.0007693123474027873,nan,0.0004958546477013,0.0020655740961847135,0.0007062983113824168,0.003121731867204378,0.05477996965098635,1.0,0.00016484706326194213,0.001309773775661216,0.00023129803105740156,0.028161323036118263,7.05244779069814e-05,0.00033759267133257054,8.051930123217056e-05,0.00020603931917673684,0.0020655740961847135,0.00021910759478859515,0.0003300324890700067,0.03985316468989615,0.0001841575099237102,0.0013486173508486243,0.000258738313933676,0.0008154771139764963,0.0020655740961847135,0.0010116202725497369,call_T050_s020_r005_q006,17,validation
P2,0.008550875005312264,4.16669063270092e-05,0.0001313330139964819,0.0018570622461789616,0.0001280017351247677,0.010645710119044414,0.0003552919952198863,0.3189804847558858,2.3190579037055925,2.4965504935911778,0.0,0.30833333333333335,83.0,0.00018118046905969017,0.002506833913550801,0.0003120837000343452,0.34571568428246646,0.00045423035732951474,0.002540250938533193,0.0005878936392805082,0.0034014404119374485,0.4397281507094312,1.0,7.904326072139592e-05,0.00031632857590158103,0.00011842105992111533,0.2818279076876051,2.7044421952387934e-05,0.002540250938533193,0.00018037618935121653,0.00011889135410474577,0.002540250938533193,0.00014732313919433928,0.0002219049939705492,0.04238870638619639,0.00010250401723637446,0.0007690542748679512,0.00014804057302301115,0.0007093260814888064,0.002540250938533193,0.0008467552969122572,12,0.029201101928374655,1.1579368271964592e-07,2.3741553239976273e-05,2.3741553239976273e-05,2.1012677914457017e-05,0.0,call,1.6150032023108892e-05,0.0005333329318091273,0.0,5.041016265749931e-06,0.0006533918594442342,2.327268749211625,2.505487218286924,0.0,0.30833333333333335,83.0,0.00043016152561864575,0.0009298353772652368,0.0005409744988680659,0.3457550778484314,0.0003627113681376355,0.0010818177106075855,0.0004357408517463029,0.0025758877832395095,0.43999045573848716,1.0,7.985748883135086e-05,0.0008542975274704045,0.00012099973232145171,0.28204343836035484,1.9084925868216515e-05,0.000626379167004496,7.860493267526546e-05,0.0001100921941871555,0.0010818177106075855,0.00012128070636426889,0.00018267857274490074,0.03586296518010657,0.00010227690121344542,0.0009143377644554307,0.0001493725932345645,0.0004165359850735266,0.0010818177106075855,0.000500202142688249,call_T050_s020_r005_q010,17,validation
P2-S,0.008560082991607487,4.600000102072954e-05,0.00014504208229482174,0.0018570622461789616,0.0001280017351247677,0.010645710119044414,0.0003552919952198863,0.3507187999166609,nan,nan,0.0,0.0,120.0,0.00019033182475815152,0.0025068339135498724,0.0003136137291224515,nan,0.0004576106381991702,0.002540250938533193,0.0005888234426281337,0.003424913147317409,0.07714348688560724,1.0,0.00011874630271953213,0.00032047026828552205,0.00013851841464944484,0.04011921137093077,8.213395072349164e-05,0.002540250938533193,0.0001914505840344186,0.0001547366067746402,0.002540250938533193,0.0001542388411227164,0.00023232174725934692,0.042118946802757636,0.00013792920295066996,0.0007690542748679512,0.0001643096284758088,0.0007103489031838415,0.002540250938533193,0.000846831016973163,12,0.029201101928374655,1.1578828510093471e-07,2.3741000879505966e-05,2.3741000879505966e-05,2.1012189035581687e-05,0.0,call,1.6150032023108892e-05,0.0006447500782087445,0.0,9.841599967330694e-05,0.0006533918594442342,nan,nan,0.0,0.0,120.0,0.0004388127307265886,0.0009298426739577925,0.000541956354203715,nan,0.0003666173048188155,0.001081817710607589,0.0004371265301026991,0.002593077495098807,0.07720020586721564,1.0,0.00011952539594621279,0.0008543170165198899,0.0001406800789847196,0.04014989293361884,7.417445463935607e-05,0.000626379167004496,0.0001014450163446288,0.00014593744685705376,0.001081817710607589,0.00012958889815204957,0.00019519275297505336,0.0356676354847603,0.0001376887075606177,0.0009143377644554307,0.00016548900972724015,0.0004175588067686548,0.001081817710607589,0.0005003287863386219,call_T050_s020_r005_q010,17,validation
P2,0.008294124971143901,4.0207989513874054e-05,0.00012454204261302948,0.0008667010949011577,8.10139253777321e-05,0.0034210998741864037,0.00032366591040045023,0.07743593305090632,0.7471501394350591,1.0344462041843818,0.0,1.0,0.0,1.1006466976415848e-05,0.00010800456248039048,2.2951709279625366e-05,0.25900013530398663,0.0010565992876551392,0.00335123074458199,0.0014056773345493647,0.0023321476873918957,0.8751814223512336,0.9301139060275273,5.287392888570142e-06,9.01224482568276e-05,1.758636857994916e-05,0.8263757115749526,5.827193232237746e-05,0.002629323731650551,0.00023032498930293922,0.00037544741047764623,0.00335123074458199,0.0005536736733057355,0.0008342133628586761,0.017869078679821307,0.0003481185626241405,0.00335123074458199,0.0007895350099668214,0.0019459894120474775,0.0031067000534338862,0.0020345106424320566,12,0.025550964187327822,1.23171204066105e-07,2.7570298720796805e-05,2.7570298720796805e-05,1.2259595658706366e-05,0.0,call,5.192076483656082e-06,0.0004933739546686411,0.0,4.958012141287327e-06,0.00019465807334655139,0.7512753724579294,1.0387049803177097,0.0,1.0,0.0,1.4401817768424734e-05,0.00010880002089330709,2.6812931644194333e-05,0.2591971764397762,0.0009883260846867657,0.003203948537555512,0.001316561823274907,0.0019577012404162018,0.8787929589270745,0.9329615567157096,5.0411060861144496e-06,9.006651022662751e-05,1.7182771833525348e-05,0.8305693461497835,3.681898633319898e-05,0.000821719613829805,0.00012006507976452082,0.0003525253270600759,0.003203948537555512,0.0005195339416352152,0.0007827746747188036,0.016727329904963797,0.0003353492949313161,0.003203948537555512,0.0007561521214103914,0.0016501538474232636,0.0029356423686038025,0.0017829465105022606,call_T050_s040_r005_q003,17,validation
P2-S,0.008462750003673136,4.1332910768687725e-05,0.00012587499804794788,0.0008667010949011577,8.10139253777321e-05,0.0034210998741864037,0.00032366591040045023,0.2752968956177512,nan,nan,0.0,0.0,120.0,5.302159029616736e-05,0.0001316522208620885,5.772854379505339e-05,nan,0.0010551804287777006,0.00335123074458199,0.001405369821183202,0.0023881519984054983,0.07332182390575809,1.0,5.7200799907165985e-05,0.0001241931620353816,6.207540689325291e-05,0.038056082648113006,0.00010446757055044143,0.002629323731650552,0.0002371347903917058,0.00040858287673440496,0.00335123074458199,0.0005544654810870816,0.0008354063699743489,0.017445947798682644,0.0003809086875600882,0.00335123074458199,0.0007907460421115612,0.0019460778406286722,0.0031067000534338862,0.0020345129865922797,12,0.03918732782369146,1.2316564273832964e-07,2.757041518521952e-05,2.757041518521952e-05,1.2259376671794483e-05,0.0,call,5.192076483656082e-06,0.000589081784710288,0.0,9.820796549320221e-05,0.00019465807334655139,nan,nan,0.0,0.0,120.0,5.4286905194474154e-05,0.00013244767927500511,5.9603750350741724e-05,nan,0.000986768082890377,0.003203948537555512,0.0013162166913025847,0.00202173893830041,0.07346357346357346,1.0,5.697473506302821e-05,0.0001241372240051815,6.180758175334581e-05,0.0381324601246435,8.270287717355205e-05,0.000821719613829805,0.00013244549967771584,0.0003855554864911207,0.003203948537555512,0.0005203634246217136,0.0007840244453745906,0.016351800237528958,0.0003680939660678028,0.003203948537555512,0.0007573944487433596,0.0016501202962365738,0.0029356423686038025,0.0017829455406362037,call_T050_s040_r005_q003,17,validation
P2,0.008505042060278356,4.0790997445583344e-05,0.00012579106260091066,0.0008601893903907523,8.49573851695777e-05,0.003351576068902474,0.0003624589880928397,0.25932356413639834,2.0621985828532217,2.258680771626872,0.0,0.19166666666666668,97.0,2.4341306884014385e-05,0.00017087974692220342,4.2439476085666615e-05,0.43463898977988225,0.0007838468864612697,0.0025463462379184216,0.0010085259524567562,0.002173342584006083,0.7099082462923423,0.988271208226221,2.5783030589849667e-05,0.00032101701209180655,5.825399270725094e-05,0.5538946420531292,4.8182919298899924e-05,0.0025463462379184216,0.00019234646880124582,0.00020886572947389728,0.0025463462379184216,0.00033071347586048546,0.0004982201569962927,0.01663927105457949,0.00017037231145948105,0.0020819374069228624,0.0004094213233193248,0.0015354128357857376,0.0025463462379184216,0.0016084698233031376,12,0.03071625344352617,1.3290940550024718e-07,2.076735128881083e-05,2.076735128881083e-05,1.1697113834350608e-05,0.0,call,5.664432506336085e-06,0.000533999060280621,0.0,4.958012141287327e-06,0.00045426021252447865,2.0679557699185476,2.265266057969053,0.0,0.19166666666666668,97.0,3.4334834357259715e-05,0.00019496552259357092,5.5427975010871875e-05,0.434788911508491,0.0006772523224235007,0.002082766835319022,0.0008759438165261077,0.0017185220579268448,0.7147310090048486,0.9946979434447301,2.5038435740291725e-05,0.00032101701209180655,5.701796583417906e-05,0.5577477477477477,2.4881025448952954e-05,0.0005754611921017019,7.445829398409943e-05,0.00018277966740105553,0.002082766835319022,0.00028783938379025546,0.00043362971766998767,0.016324555869377137,0.00015447768931676722,0.0019059288777219519,0.0003663718340001359,0.0012275460628542014,0.002082766835319022,0.001346003559717643,call_T050_s040_r005_q006,17,validation
P2-S,0.008510082960128784,4.020892083644867e-05,0.0001253338996320963,0.0008601893903907523,8.49573851695777e-05,0.003351576068902474,0.0003624589880928397,0.336551149385374,nan,nan,0.0,0.0,120.0,3.4063410346240645e-05,0.00017578077992519425,4.618697077668036e-05,nan,0.000784310898202919,0.0025463462379184216,0.0010085957658524831,0.0022191610141519672,0.06296877725449154,1.0,7.03900222965472e-05,0.00032497270740283746,8.54849309050968e-05,0.0325078793336335,9.725521982383927e-05,0.0025463462379184216,0.00020152531593928006,0.00024281159303658756,0.0025463462379184216,0.0003327078357226291,0.0005012246619716009,0.016200179159282856,0.0002043352679299143,0.0020819374069228624,0.00041320177169782536,0.0015355245169964176,0.0025463462379184216,0.00160847507121865,12,0.03071625344352617,1.3290321932620786e-07,2.0766869883608305e-05,2.0766869883608305e-05,1.1700942365029431e-05,0.0,call,5.664432506336085e-06,0.0006310848984867334,0.0,0.00010308308992534876,0.00045426021252447865,nan,nan,0.0,0.0,120.0,4.48271566601004e-05,0.00019847729777000556,5.759085715430702e-05,nan,0.0006777151412104527,0.002082766835319008,0.000876039564800867,0.0017722306447779457,0.06299624814588604,1.0,6.97372465260713e-05,0.00032497270740283746,8.455447456430359e-05,0.03252252252252252,7.385564286709207e-05,0.0005754611921017019,9.557230550822298e-05,0.00021677977948675667,0.002082766835319008,0.00029012352654751673,0.0004370707762419825,0.015950942478798802,0.00018849790915927145,0.0019059288777219519,0.000370585089745088,0.0012276523813657535,0.002082766835319008,0.0013460055009012215,call_T050_s040_r005_q006,17,validation
P2,0.008566666045226157,4.212500061839819e-05,0.00013262499123811722,0.0008658074932003436,8.826364151361155e-05,0.003358174635405141,0.00038833299186080694,0.16994235710813252,2.2502793013421147,2.3913398484999053,0.0,0.24166666666666667,91.0,6.390221464598333e-05,0.00039895724165817104,0.00011948818885599781,0.37473169156081326,0.0007984691500744031,0.0027603881176207446,0.0009380026507198514,0.0022219368557790686,0.7874602543720192,0.9209761766414875,7.283567509167857e-06,7.625068131122958e-05,1.719639576818211e-05,0.6877549249327433,5.042545482785626e-05,0.0027603881176207446,0.0002346671243079444,0.00017577729378731848,0.0027603881176207446,0.0002875288929203521,0.00043313801485360794,0.02414860090833116,0.000149230618910532,0.001800265470749296,0.0003909976150817936,0.0011671357550759559,0.0027603881176207446,0.0011888865238657092,12,0.01852617079889807,1.3034064082920455e-07,4.313845315703088e-05,4.313845315703088e-05,2.1867879076086168e-05,0.0,call,9.491691246159988e-06,0.0005683330819010735,0.0,5.250098183751106e-06,0.0010962837423265023,2.2622253019080687,2.402835847227713,0.0,0.24166666666666667,91.0,0.0001144664157778453,0.0005132351838383342,0.00019146787640895473,0.38010448910590106,0.0006732744388749496,0.0016711120362135623,0.0007870406362499152,0.0018102978789980993,0.7878215953114135,0.9216734456711214,7.280067648441588e-06,7.625068131122958e-05,1.719185822547689e-05,0.6879174256223437,2.6427677627710996e-05,0.0007611265598797268,0.00010855481870888277,0.0001488396935795182,0.0016711120362135623,0.00024108534612297597,0.0003631742830753793,0.024477215410569773,0.00013214564475715036,0.0016711120362135623,0.00034434434971737605,0.0008475219222557254,0.0011096039512330028,0.0008710485912085448,call_T050_s040_r005_q010,17,validation
P2-S,0.00823137501720339,3.887503407895565e-05,0.0001236249227076769,0.0008658074932003436,8.826364151361155e-05,0.003358174635405141,0.00038833299186080694,0.28258906868532535,nan,nan,0.0,0.0,120.0,5.930602353561963e-05,0.0003753943856406039,0.0001092797123285747,nan,0.0007957271601351276,0.0027603881176207446,0.0009369989617361289,0.00227463441872635,0.16802726480145838,0.9689213893967094,4.921866753024853e-05,0.00011453823832541232,5.840607773212416e-05,0.09198993317712402,0.00010213548189006408,0.0027603881176207446,0.00024159251072842624,0.00020819780009919962,0.0027603881176207446,0.0002890965112337534,0.0004354994995636085,0.023731856953709014,0.00018125807188783637,0.001800265470749296,0.00039361392003411743,0.0011672391098718077,0.0027603881176207446,0.0011888814975483603,12,0.056267217630853995,1.3033457430148772e-07,4.3140527170113013e-05,4.3140527170113013e-05,1.806873618094167e-05,0.0,call,9.491691246159988e-06,0.0006476248381659389,0.0,9.679188951849937e-05,0.0010962837423265023,nan,nan,0.0,0.0,120.0,0.00010487306560306402,0.0004878420393736316,0.00017545658260739863,nan,0.000670778247935988,0.0016711120362135623,0.0007858504978789227,0.00186839297862509,0.17301750772399588,0.9981718464351006,4.902441094237164e-05,0.00011453823832541232,5.831869750497014e-05,0.0947176684881603,7.787587979831177e-05,0.0007611265598797268,0.00012274654915835564,0.0001811805437696467,0.0016711120362135623,0.00024294942938478707,0.00036598236375339665,0.024029361757830887,0.00016420604733732383,0.0016711120362135623,0.00034741160558436564,0.000847451742154812,0.0011096039512330028,0.0008710384959932664,call_T050_s040_r005_q010,17,validation
P2,0.008341000066138804,3.975001163780689e-05,0.00012308289296925068,0.00046804073533829576,6.40459525211666e-05,0.0015359652041738777,0.0003255000337958336,0.15452461976526147,1.2615222031625442,1.282122448544709,0.0,1.0,0.0,0.00021803268629178908,0.0004121827337615347,0.00022745858374636246,0.010840843503679974,0.0004403653868908884,0.001923077384190619,0.0005875773209902036,0.0016276933026779712,0.5602309509229288,0.8686923494302767,9.002228947554914e-05,0.0003779048650933703,0.00013723434245473587,0.4134280180761782,7.477369743482086e-05,0.0011591933095589924,0.000166108057773935,0.0002550360180307147,0.001923077384190619,0.0002755100572464628,0.00041542287996453064,0.019928713726190827,0.0002569905403041902,0.001923077384190619,0.00041881456100131283,0.0007353786016918513,0.0011591933095589924,0.0007530401165636302,12,0.0,2.65183452685885e-07,1.6551308601749482e-05,1.6551308601749482e-05,8.094373419549462e-06,0.0,call,7.471783647132085e-06,0.0004931659204885364,0.0,4.832982085645199e-06,0.00022370865347582714,1.2681914604270048,1.288320707932608,0.0,1.0,0.0,0.00022016269188293024,0.0004118579960008528,0.00023089841441083968,0.01237330372071788,0.000391471088458667,0.0019055582368964208,0.0005408581918906038,0.0014771513857503636,0.5537276863843192,0.8583830710797613,9.108629984209304e-05,0.0003786336664133305,0.00013817716492003476,0.40867992766726946,5.37479352843588e-05,0.00042093593429226583,9.224169901307916e-05,0.00023263091132120947,0.0019055582368964208,0.00025508691734288445,0.0003846275358768468,0.01941639931289479,0.0002409154453120278,0.0019055582368964208,0.0003982327236117115,0.0005275295512168584,0.0009039592591149614,0.0005626831459284272,call_T050_s060_r005_q003,17,validation
P2-S,0.008455791976302862,4.0917075239121914e-05,0.00012533401604741812,0.00046804073533829576,6.40459525211666e-05,0.0015359652041738777,0.0003255000337958336,0.21112577262309884,nan,nan,0.0,0.0,120.0,0.00023021494579075717,0.0004135268072675835,0.00023747939962798483,nan,0.0004399128006880562,0.001923077384190619,0.0005874399344223543,0.0016712006553785243,0.08906982482112016,1.0,0.00012771804777609696,0.00038016360384607317,0.00015343965039626888,0.04661071659134926,0.00011152438700099238,0.0011591933095589924,0.00017713429338455508,0.00027476367417326054,0.001923077384190619,0.00027743168977794854,0.0004183203789830482,0.01953578733500234,0.0002755676438831022,0.001923077384190619,0.0004215638386734803,0.0007353778477246906,0.0011591933095589924,0.0007530400958926023,12,0.08298898071625345,2.651714455016363e-07,1.6550925516509388e-05,1.6550925516509388e-05,8.094186072732213e-06,0.0,call,7.471783647132085e-06,0.000583543092943728,0.0,9.179196786135435e-05,0.00022370865347582714,nan,nan,0.0,0.0,120.0,0.00023213186759099373,0.00041320206950690164,0.00024050559679603025,nan,0.0003909542169600923,0.0019055582368964208,0.0005406560882572209,0.0015242385635233831,0.08910280143156854,1.0,0.00012866695855683167,0.000380876185825052,0.00015433287401884165,0.046628778093515885,9.0031011990457e-05,0.00042093593429226583,0.00011059361085291402,0.0002522595953797328,0.0019055582368964208,0.0002571442255675694,0.0003877296055605543,0.019026907056589618,0.00025943880237835074,0.0019055582368964208,0.0004011067079302475,0.0005275287972496978,0.0009039592591149614,0.0005626831179789755,call_T050_s060_r005_q003,17,validation
P2,0.008332042023539543,4.208309110254049e-05,0.0001307909842580557,0.00046433059574679667,6.793392789111921e-05,0.0015278557528732417,0.0003225830150768161,0.0025001736231682757,0.039799645633941456,0.11170866784827575,0.0,1.0,0.0,3.3768740534592665e-05,0.00030590734722335533,6.900694504154315e-05,0.03430648403896474,0.0006201552304886409,0.001842200306464481,0.0008154510275329876,0.0015528398343036588,0.9730920535011802,0.9562886597938144,1.9181835363775044e-07,4.7289410417150624e-05,2.2741762346818083e-06,0.9904965296316071,2.7336507291629934e-05,0.0010525180408968854,0.00010063211584941723,0.00022360053103885573,0.001842200306464481,0.0003247605995622983,0.0004895171427318626,0.015411864263464378,0.0002409290252954763,0.001842200306464481,0.0005193940096141217,0.0004635819985122573,0.00106396004365783,0.0005483407661329941,12,0.0,1.6552069667983023e-07,3.196443576373844e-05,3.196443576373844e-05,2.9800112619077335e-05,0.0,call,1.9851608098279976e-05,0.0005004571285098791,0.0,5.00003807246685e-06,0.0007880561543068473,0.0414907492966076,0.11577347473637642,0.0,1.0,0.0,8.280725281123539e-05,0.00043862575376252266,0.00012873592520659243,0.03276451579907159,0.0006830667131728612,0.0019398641227967306,0.0008710368818818781,0.0014691642844963527,0.9714375556836644,0.9554639175257732,3.2701466319466526e-07,0.0001831190123298132,4.3217003924225324e-06,0.9879543758661123,1.9483794633450566e-05,0.00048751846410527433,6.718747108011204e-05,0.0002456115453756355,0.0019398641227967306,0.0003463777352512231,0.0005220998634168876,0.01504046444398426,0.0002600532185218016,0.0019398641227967306,0.0005494817581521545,0.0005782378339891353,0.0011840546652515938,0.000659550824235305,call_T050_s060_r005_q006,17,validation
P2-S,0.008268917095847428,3.841693978756666e-05,0.00012270896695554256,0.00046433059574679667,6.793392789111921e-05,0.0015278557528732417,0.0003225830150768161,0.20418084589207583,nan,nan,0.0,0.0,120.0,6.232123521054667e-05,0.00030833537783903076,8.465687587636743e-05,nan,0.0006201501699960226,0.001842200306464481,0.000815432640066598,0.0015771900388322864,0.24131455399061033,1.0,3.0016680796972547e-05,9.57291187346776e-05,3.978254854911074e-05,0.13721302722904433,7.826088411117881e-05,0.0010525180408968854,0.00011651810643246622,0.00024267594512414884,0.001842200306464481,0.0003254363251991158,0.0004905356754093224,0.01529339167787876,0.0002566444138408452,0.001842200306464481,0.0005200735714520668,0.0004635823568421565,0.00106396004365783,0.0005483407846200659,12,0.07803030303030303,1.655139160700197e-07,1.5126719144919218e-05,1.5126719144919218e-05,1.4965288089218256e-05,0.0,call,1.9851608098279976e-05,0.0005827510030940175,0.0,9.90420812740922e-05,0.0007880561543068473,nan,nan,0.0,0.0,120.0,0.00011072052151906223,0.00043903689558866255,0.00014012578207069898,nan,0.0006825253827184847,0.0019398641227967306,0.0008709871730473792,0.0014943559837088329,0.24095255953497094,1.0,3.0195132157273052e-05,0.0001979802152574095,4.010942711843884e-05,0.13697900010659844,6.991612876058662e-05,0.00048751846410527433,8.907524956888807e-05,0.00026455461019511017,0.0019398641227967306,0.00034700471245983986,0.0005230449146764523,0.014917641304812202,0.0002756700870880766,0.0019398641227967306,0.0005501047463507657,0.0005782384151148624,0.0011840546652515938,0.0006595508487013065,call_T050_s060_r005_q006,17,validation
P0,0.008345042006112635,5.604198668152094e-05,0.00015645800158381462,0.001815701238613858,0.00011849405764805578,0.012585086154813432,0.0,0.1336203903048823,0.28093721160583823,0.323205404213934,0.0,1.0,0.0,0.0001236228248448587,0.0003496575977137706,0.00017910681309193325,0.014090808713741746,0.000864541146357966,0.0028006144771391666,0.0011191582813816136,0.002950466314471012,0.8286836333962361,0.9226575809199319,7.73418005562458e-05,0.0009591598319044942,0.0002157838095316487,0.7520829476022959,5.228492036278632e-05,0.0028006144771391666,0.0002054243700054182,0.00028375244795279006,0.0028006144771391666,0.00039984951002250115,0.0006023073278866603,0.03901459828122656,0.0002716022429517086,0.002383966593947545,0.000584143691072396,0.0012140077059605387,0.0028006144771391666,0.001342820232179445,16,0.038774104683195594,1.2288279041353266e-07,4.63813073796269e-05,4.63813073796269e-05,1.9549188034847877e-05,0.0,call,8.724827453209683e-06,0.00021883298177272081,0.0,6.332993507385254e-06,0.0014190375795106389,0.2871931492695815,0.3305013123389406,0.0,1.0,0.0,0.00013157806675022875,0.00035022177517129993,0.00018303355768493882,0.014413074303478404,0.0007758216208634603,0.0023487088296511582,0.0010290640286324505,0.0026928786993470643,0.8319108703429244,0.9243611584327087,7.648895162703701e-05,0.0009591595950081467,0.0002154647859501143,0.7562720683887754,3.501499399400005e-05,0.0005457365719232043,9.237772944957153e-05,0.0002617707919363114,0.0023487088296511582,0.00037240916681875014,0.0005609727201655375,0.04250792140707628,0.0002674293683137527,0.0023487088296511582,0.000573479872991838,0.0007630336034117522,0.001843399014936492,0.0009432434099144992,call_T050_s020_r005_q003,17,validation
P0,0.008288040990009904,4.583306144922972e-05,0.0001249168999493122,0.0017976927601054055,0.0001235832026886244,0.01071621845956862,0.0,0.2616848392249462,2.3894353755435382,2.5163524278886102,0.0,0.15,102.0,8.215563546868391e-05,0.0005096758029422277,0.00014934118832500546,0.5423942410489941,0.0005472251045737159,0.0027640385055277073,0.0006959335926446297,0.00282574517872688,0.7360647927584565,0.9494837758112095,0.00011968811268969956,0.0014566523536924325,0.0002943533193187596,0.6009802396141279,5.431272065013037e-05,0.0027640385055277073,0.00020680561750831402,0.00017187092837829578,0.0027640385055277073,0.00024409600280630325,0.00036767169315430595,0.03430151978083366,0.00015859966458010947,0.0014566523536924325,0.0003400753649857319,0.0008133594931596789,0.0027640385055277073,0.0009367416123317756,16,0.04318181818181818,1.429057288287281e-07,5.137121933196042e-05,5.137121933196042e-05,2.241610171913941e-05,0.0,call,1.4991780570051542e-05,0.00017549993935972452,0.0,4.749977961182594e-06,0.0047037123106162294,2.3910406421522454,2.518330337405762,0.0,0.15,102.0,0.00010223973789631907,0.0006232762276976722,0.00017847279207844525,0.542447767301707,0.00038109019145573614,0.001307044664137974,0.0005018631994462787,0.002380473266840459,0.7407301360057265,0.9539085545722714,0.00011714682347848525,0.0014566517892432376,0.00029202308371202243,0.6054294406739995,4.009165650471662e-05,0.0006260685064818363,0.00011698187252990607,0.0001499932695173181,0.0014566517892432376,0.00021615806976892172,0.0003255897444688609,0.0362509381847814,0.00015148214893021369,0.0014566517892432376,0.00032969002014813874,0.00042057324195126364,0.001307044664137974,0.0005560185655757794,call_T050_s020_r005_q006,17,validation
P0,0.008291999925859272,5.104194860905409e-05,0.00013474992010742426,0.0018570622461789616,0.0001280017351247677,0.010645710119044414,0.0,0.37315091325786515,2.652407540302269,2.6570743304553295,0.0,0.13333333333333333,104.0,0.0001188314492509512,0.002726930584052368,0.00026308667168723783,0.040879086818307826,0.0003097859720992274,0.002726930584052368,0.0004147094813385883,0.0038754966044820473,0.19998626467962366,0.9871186440677966,0.0012966609322032847,0.00415346862080046,0.0018102642911056645,0.11126394620204799,0.0001643363000979585,0.002726930584052368,0.00031064075631069224,0.0011918463319053672,0.00415346862080046,0.0011397614193881496,0.001716761890089497,0.041236266994144385,0.0013867851227110243,0.00415346862080046,0.001867503713981739,0.00018719405002133572,0.002726930584052368,0.0003362303272328787,16,0.047382920110192836,2.370219835342658e-07,4.1702689680237774e-05,4.1702689680237774e-05,1.1582424762376456e-05,0.0,call,5.495065688460401e-06,0.0001907919067889452,0.0,5.00003807246685e-06,0.0009255505997963695,2.656916828684487,2.661628129318226,0.0,0.13333333333333333,104.0,0.0003151267635174216,0.0009979932973623873,0.0004469973627376641,0.04092482946251452,0.0005019933245738581,0.0013439563212123643,0.0005578940567361781,0.003729892428315685,0.2024603120060477,0.9986440677966102,0.0012942921961682495,0.00415346862080046,0.0018098939031403033,0.11264912817375344,0.00015297517030509708,0.0011742560515701217,0.0002660248526332685,0.0012096020975380175,0.00415346862080046,0.0011419964990300301,0.0017201276013011526,0.04346825714577654,0.0013880301336941067,0.00415346862080046,0.0018677718881101686,0.0004980881242611382,0.0006764766091760799,0.0005195020760260597,call_T050_s020_r005_q010,17,validation
P0,0.008438208024017513,4.5459019020199776e-05,0.0001260410062968731,0.0008667010949011577,8.10139253777321e-05,0.0034210998741864037,0.0,0.0,0.3384803829537464,0.3501018747043114,0.0,1.0,0.0,4.54149541337101e-06,2.8351690649630612e-05,7.97368874724626e-06,0.012920594766556005,0.0005206880710358642,0.002301517685079725,0.0006482850783902168,0.002754859142091828,0.9108454558548178,0.8362866966411002,7.650591670080494e-09,9.788509527029757e-07,6.3532154114802e-08,1.0,5.220131551461972e-05,0.002301517685079725,0.00017162202989326063,0.00018333580900911566,0.002301517685079725,0.0002553122924933553,0.00038467591357270627,0.046213501128170714,0.0001752348143498878,0.001586811749057504,0.0003766429906789524,0.0007898113963985613,0.002301517685079725,0.0008172963023753945,16,0.0,2.1660197498285572e-07,5.5107906729761315e-05,5.5107906729761315e-05,4.845036334819587e-05,0.0,call,3.047504607665974e-06,0.00017616699915379286,0.0,4.66697383671999e-06,0.003778158498381463,0.33276400001768436,0.34490495500951607,0.0,1.0,0.0,7.317213183943849e-06,4.1890350768403195e-05,1.2586876026198342e-05,0.01483979729585356,0.00046952553407480845,0.0015921367954019328,0.0005955177015463607,0.002593870370925375,0.909851033157136,0.8346116547650534,7.963413314538731e-09,9.96901731049849e-07,6.454487809787926e-08,1.0,3.57405838989738e-05,0.0007626396413908665,0.00010683723476473259,0.0001659313231976578,0.0015921367954019328,0.0002349631095476074,0.0003540156992787712,0.04577423620280661,0.00016835531658245374,0.0015921367954019328,0.00036398397259807555,0.0005048155859230381,0.0008124374719385985,0.0005556028011322145,call_T050_s040_r005_q003,17,validation
P0,0.008503291988745332,5.120900459587574e-05,0.0001253749942407012,0.0008601893903907523,8.49573851695777e-05,0.003351576068902474,0.0,6.944926731022988e-05,0.05788463517686643,0.059853645442450226,0.0,0.9916666666666667,1.0,2.579747070003101e-05,0.00018447386926490061,4.8196772411732865e-05,0.012474529965848512,0.0002735142046221935,0.0023384585346940406,0.0003369109080694901,0.002337153390991535,0.9641399670052966,0.9308408081146785,6.013580496465445e-09,1.4075912383171296e-06,5.7151054130524353e-08,0.99990995047276,2.444456469866606e-05,0.0023384585346940406,0.00013762103911404917,6.606194989109279e-05,0.0023384585346940406,0.00010990474610269294,0.00016557160156673205,0.04419786918884723,5.466827992714021e-05,0.0007306961543759316,0.00014340519839840712,0.0004673253720987994,0.0023384585346940406,0.0004926598082022758,16,0.0,1.9742069375682969e-07,7.017339604933453e-05,7.017339604933453e-05,5.955828572265752e-05,0.0,call,8.600541558864326e-06,0.00018141709733754396,0.0,4.833098500967026e-06,0.004820150510810257,0.04754503848217817,0.050127818638299106,0.0,0.9916666666666667,1.0,5.4615435690336346e-05,0.00025799034449902614,9.409557658192196e-05,0.011738813992842637,0.00023439166533731836,0.000782885230395769,0.000296140654261968,0.002125544785594976,0.9639150636154414,0.9304216614971917,6.457852342067405e-09,1.4075912383171296e-06,5.832720885891432e-08,0.9999099099099099,9.558865892955574e-06,0.0003225740267096158,3.9693429728192735e-05,5.669370733696067e-05,0.000782885230395769,9.667336360575972e-05,0.00014563831680907327,0.043482611991801104,5.713033889190591e-05,0.000782885230395769,0.00015164897554014822,0.00017478338590922512,0.0004097299794345588,0.00019827088797884056,call_T050_s040_r005_q006,17,validation
P0,0.008332040975801647,7.137504871934652e-05,0.00012912496458739042,0.0008658074932003436,8.826364151361155e-05,0.003358174635405141,0.0,0.2764080838947149,2.5423702552781915,2.5460622836351283,0.0,0.15,102.0,0.0006356505299703467,0.0023432255568692217,0.0008993133434280879,0.03181041233954061,0.0005482566539129162,0.002973182050375889,0.00084117348330256,0.0034590515668567108,0.40613077226680694,0.8390867083446589,0.0006434969307599436,0.0022198769710661814,0.0009552419996107425,0.2678989846394168,0.00010882128714342734,0.0023015680621017442,0.0002052344784693079,0.0006232142189773447,0.002973182050375889,0.0006187669136652793,0.0009321201425009985,0.048173947772021386,0.0007045736446642438,0.002973182050375889,0.0010043807180824427,0.00025560942144830747,0.0023015680621017442,0.00032445905809886175,16,0.0,1.5001358572315045e-07,2.768412101254867e-05,2.768412101254867e-05,1.2961993504200976e-05,0.0,call,7.296950741584751e-06,0.0002055830555036664,0.0,5.083042196929455e-06,0.0008575042258727079,2.55280862522101,2.5564816147092397,0.0,0.15,102.0,0.0008654263590438607,0.002560149336501838,0.001131409454402799,0.032747631108593835,0.0006341622190978844,0.003039672109795888,0.0009047495623763724,0.003391264732967026,0.4014992109416097,0.8298450665941832,0.0006465842848750165,0.0022198769710661814,0.000957338151029271,0.26481047792523205,9.857604845990258e-05,0.0006421858241894007,0.00017058296493371395,0.000643943927747878,0.003039672109795888,0.0006282502537841957,0.0009464048279135775,0.0482377828603888,0.0007170396398548762,0.003039672109795888,0.001013380975553237,0.00040711914279342455,0.0007528765365182322,0.0004427051541897868,call_T050_s040_r005_q010,17,validation
P0,0.008281624992378056,5.995796527713537e-05,0.00012758292723447084,0.00046804073533829576,6.40459525211666e-05,0.0015359652041738777,0.0,0.0018056809500659769,0.2349668417920073,0.3005018136717175,0.0,0.9916666666666667,1.0,0.0003367047055174507,0.0017979857744361283,0.0006034650213177678,0.025842777298989664,0.0004884618583263023,0.0024763468952109235,0.000677350261693797,0.001733779456713286,0.9071482129467633,0.8789199660975905,2.6182115571747797e-05,0.0016435856603991272,0.00013884842205888947,0.937249838605552,6.23329868088288e-05,0.0012277762987948568,0.00016987438349376475,0.00024391868452437453,0.0024763468952109235,0.0003154910266355085,0.0004757074649026159,0.02267660126677205,0.00025752031534216705,0.0024763468952109235,0.0004994535039588984,0.00043069396895328746,0.0012277762987948568,0.00047410272672990825,16,0.0,2.0755520224191518e-07,1.2828585749393339e-05,1.2828585749393339e-05,1.1897321868851787e-05,0.0,call,9.458891854423873e-06,0.00019241590052843094,0.0,4.875008016824722e-06,0.0006175941923623708,0.23582007820219464,0.30286474109103545,0.0,0.9916666666666667,1.0,0.0003567924961320782,0.0017976610366754464,0.0006281580627846687,0.026620401636114507,0.00044551705666038535,0.0024797411830626004,0.000651220952656463,0.0016975087428195595,0.9046934566589588,0.8763772853856399,2.7915386062134528e-05,0.0016435856603991272,0.00014511335362527166,0.9349005424954792,4.115281454341206e-05,0.00041737089411247874,0.00010183652082216574,0.00022469387970719518,0.0024797411830626004,0.000304620146599781,0.0004593151918003916,0.02295804679049222,0.000244351073524913,0.0024797411830626004,0.0004885239786048848,0.00023402585978142242,0.00042199020055892766,0.0002620823472828212,call_T050_s060_r005_q003,17,validation
P0,0.008379208040423691,0.00010262499563395977,0.00012254202738404274,0.00046433059574679667,6.793392789111921e-05,0.0015278557528732417,0.0,0.0,0.0837168322823052,0.08766775936351288,0.0,1.0,0.0,1.3132838228534285e-05,8.345019640842999e-05,2.416204423027535e-05,0.015968610048343598,0.0006232621300684883,0.002730109624975996,0.0008730954215273357,0.002571117227284966,0.9497971602434078,0.9043940125543216,6.96689993432383e-09,9.829752590699108e-07,6.012712061157727e-08,1.0,3.775526974337826e-05,0.0012073145662315488,0.0001422375682436278,0.00022460188807180037,0.002730109624975996,0.0003477155916682192,0.0005241175904532536,0.03540621794885491,0.0002504514470283135,0.002730109624975996,0.0005654763988011535,0.00029853567731817626,0.0012073145662315488,0.0003618728966681179,16,0.0,8.53465541584426e-08,0.00011400654230620884,0.00011400654230620884,9.629881905478926e-05,0.0,call,1.3719354529278927e-05,0.00023012596648186445,0.0,4.958943463861942e-06,0.005242926886087598,0.07162803831566791,0.0765629080072149,0.0,1.0,0.0,3.0963517848576284e-05,0.00014042190474222727,5.060421661955629e-05,0.017767966460583904,0.0006212701439361145,0.002775984122807218,0.0008916583187671656,0.002529017002695541,0.9506485610052695,0.9059391598261709,7.1826939712079635e-09,9.663216394685193e-07,6.012508081933365e-08,1.0,1.7258062759179635e-05,0.0003640430536726539,5.694816743985263e-05,0.000223205268626194,0.002775984122807218,0.0003545703025369489,0.000534448631324296,0.03533925268065894,0.00025549079316864956,0.002775984122807218,0.0005810701385265796,0.00016169755643498143,0.00044496338696606297,0.00018590972716382882,call_T050_s060_r005_q006,17,validation
P1,0.008467708015814424,6.016693077981472e-05,0.00016408402007073164,0.001815701238613858,0.00011849405764805578,0.012585086154813432,0.00041737500578165054,0.09667338009583999,1.8171579996001157,1.9409239922777202,0.0,0.19166666666666668,97.0,6.746401766046424e-06,4.190319749175497e-05,1.22277918075267e-05,0.4007880417355717,0.0004360068131957495,0.0027008211678589073,0.0005745995738143232,0.0028427167493384835,0.858153993304639,0.887613771270281,5.045780217089702e-06,7.705419078796183e-05,1.5091267802297199e-05,0.8305869283466025,2.9920194083581758e-05,0.0027008211678589073,0.00018076236253257265,0.00011804758375544604,0.0027008211678589073,0.00019551877281553156,0.00029451677857395605,0.03854488161670325,0.00011710831661614474,0.0016307593739747217,0.00029784442872611886,0.00044051388446222125,0.0027008211678589073,0.0005375239198955495,16,0.0,4.4613407949822736e-08,2.3710087596522956e-05,2.3710087596522956e-05,2.0260245172967915e-05,0.0,call,8.724827453209683e-06,0.0006502509349957108,0.0,8.624978363513947e-06,0.0021678070128828796,1.8205334778343834,1.9449151725010183,0.0,0.19166666666666668,97.0,1.2803597147109657e-05,7.264576536025746e-05,2.2686558705480995e-05,0.400617859096467,0.0005020134621156423,0.0016340031686892242,0.0006449208843814294,0.0024865933975273154,0.8559655007187351,0.8836565096952909,5.064816470290537e-06,7.705419078796183e-05,1.5119287228359788e-05,0.8299572570154247,2.0206681207393516e-05,0.0005860499139377848,6.834183667054888e-05,0.00013672684751040527,0.0016340031686892242,0.00022054156002312397,0.0003322093274248964,0.035563900132346934,0.0001227883113983109,0.0016340031686892242,0.00031357834779897426,0.0007743252029134899,0.0010813024757045514,0.0008152965818568683,call_T050_s020_r005_q003,17,validation
P1,0.008659833925776184,5.24159986525774e-05,0.00013137503992766142,0.0017976927601054055,0.0001235832026886244,0.01071621845956862,0.0003451249795034528,0.29640947288006114,2.3876966241076167,2.504284867830989,0.0,0.19166666666666668,97.0,0.0017720279638405896,0.003455747790664543,0.0020083572880691646,0.4157516267934992,0.0013079361023471665,0.003645781757718819,0.0014848543358716207,0.002840662013692371,0.5297111810122963,1.0,0.00018016007608283348,0.003116505952881765,0.0004545974854653009,0.3602769565893885,2.945095013858734e-05,0.002548468444322819,0.00016266491071615058,0.0003178102201258882,0.003645781757718819,0.0004456225753928087,0.0006712228177389288,0.03156597252106959,0.0002947731987334366,0.003645781757718819,0.00063253513396284,0.0009685424009552701,0.002548468444322819,0.0010759912514959143,16,0.00371900826446281,8.328107419764169e-08,3.4415121084828984e-06,3.4415121084828984e-06,1.0556616252357847e-06,0.0,call,1.4991780570051542e-05,0.0005341239739209414,0.0,5.207955837249756e-06,0.00013660199367777903,2.3933744685710248,2.5106520202132585,0.0,0.19166666666666668,97.0,0.0018798808002680396,0.003702106236118635,0.00212765336229237,0.41577619679313976,0.0014416826721324848,0.003702106236118635,0.0016096073729241975,0.0022984561828734373,0.5303151862464184,0.9991362556683222,0.00018414263560056202,0.003385687908983581,0.00046938450280279256,0.3609485919338482,2.7176369030757577e-05,0.0008267017284153333,0.00010418194239372642,0.00034063727029499296,0.003702106236118635,0.00047658401450313226,0.0007178583138991765,0.026392142508920458,0.000299530465047738,0.0036141147449058053,0.0006478234076832406,0.0013826698111879436,0.0021817385596259037,0.0014602274965503845,call_T050_s020_r005_q006,17,validation
P1,0.008648209040984511,5.637493450194597e-05,0.00013704190496355295,0.0018570622461789616,0.0001280017351247677,0.010645710119044414,0.00039483304135501385,0.3015487186610181,2.6511952908668803,2.659604725940838,0.0,0.7833333333333333,26.0,9.686151982721573e-05,0.002709963570136016,0.00023108504752163473,0.02761142412355969,0.0006695323120578017,0.0028200091092997533,0.0009603603066040427,0.0037215983936099567,0.5008282401325184,0.991630852748247,0.00010223990492782403,0.00044046302112588087,0.00016962822679027518,0.335014519333639,3.339381123987946e-05,0.0028200091092997533,0.00020709590323877844,0.00016249123291683538,0.0028200091092997533,0.00023347555311358146,0.0003516717841424509,0.02824852936300486,0.00012543955076941226,0.0013097028384209675,0.0001999700260567541,0.001327465297127467,0.0028200091092997533,0.0014735423992160233,16,0.015426997245179064,9.929323832470945e-08,1.985727133602017e-05,1.985727133602017e-05,1.7497471787163554e-05,0.0,call,5.495065688460401e-06,0.0005938748363405466,0.0,5.624955520033836e-06,0.0005002488032966601,2.6607402434109253,2.669266844813142,0.0,0.7833333333333333,26.0,6.72049753624458e-05,0.0003899687632683002,0.00011779488626266374,0.027663005476673223,0.00044169761341613875,0.0018772408328351642,0.0006556581650794406,0.0025143911175001437,0.5050008572898211,0.9993214204931011,0.00010170198983122068,0.00044046302112588087,0.00016930658788375202,0.33787090853472007,1.2536608985487618e-05,0.0002951167318649261,2.9825972096319554e-05,0.00013804466798916047,0.0018772408328351642,0.00017758866583951168,0.000267492208643591,0.019879294820074143,0.00012068566973381576,0.0010099199183068036,0.00018781890555835164,0.0008334468992661893,0.0018772408328351642,0.0010032844379412416,call_T050_s020_r005_q010,17,validation
P1,0.008198124938644469,5.3666066378355026e-05,0.000128875020891428,0.0008667010949011577,8.10139253777321e-05,0.0034210998741864037,0.0003857499687001109,0.18917980415306618,1.9177036778988041,1.9371650238764946,0.0,0.2,96.0,0.0004080430744727387,0.0010832521742252244,0.0005183390016992642,0.07451938703244576,0.0005210621933348787,0.0023334136507892206,0.000668638012919231,0.0015748014036657243,0.23450586264656614,1.0,9.443650002627054e-05,0.0009832537241194483,0.00015682342028949697,0.13282732447817835,3.003071429177726e-05,0.0023334136507892206,0.00012364054332531573,0.00024464860637186676,0.0023334136507892206,0.0002763344834700931,0.00041634979202290656,0.017135439663871262,0.00026718480489944035,0.0017651200462370231,0.0004407606267559488,0.0002900648102124201,0.0023334136507892206,0.0003650078369908775,16,0.024586776859504132,6.236167924291204e-08,9.378897031087826e-06,9.378897031087826e-06,2.1424695675244193e-06,0.0,call,3.047504607665974e-06,0.0005733739817515016,0.0,5.082925781607628e-06,1.0710301894233934e-06,1.921079099174971,1.9405110683394655,0.0,0.2,96.0,0.00042050711722559455,0.001084047632638141,0.0005328063579539839,0.07440217902103587,0.0005616922988951621,0.001837084831463054,0.00070678506189472,0.001249410256566399,0.23492122681085112,1.0,9.564185372874719e-05,0.0009832537241194483,0.00015973451509500511,0.13309390514418507,1.6249172682626234e-05,0.00026967899330704315,3.696996211928391e-05,0.0002603399620062577,0.001837084831463054,0.0002916037377774826,0.0004393553581256225,0.015904900539242876,0.0002798143087682525,0.001837084831463054,0.0004619607055252301,0.00040657661318010816,0.0008996090293110215,0.0004620635924152104,call_T050_s040_r005_q003,17,validation
P1,0.008565790951251984,5.0165923312306404e-05,0.00012524996418505907,0.0008601893903907523,8.49573851695777e-05,0.003351576068902474,0.00029320805333554745,0.28856170567400513,2.4021819172683996,2.4539674832534986,0.0,0.15,102.0,0.00021546477483801852,0.0006607011944164132,0.0002576145509161569,0.46173779612801213,0.0011812040105832354,0.0026839086250255995,0.0013978591199465277,0.002247081290045792,0.5847193015994392,1.0,8.431612328297049e-05,0.00045546195602952366,0.00014902614619689204,0.41314723097703737,3.182273777303845e-05,0.0020535562571955893,0.00011308248100865816,0.0003492294194713277,0.0026839086250255995,0.0004640669594548173,0.0006991173032631675,0.02458410397337779,0.00033068895579445605,0.0026839086250255995,0.0006556959569080265,0.0015867062437893418,0.002581106467653402,0.0017430591110553066,16,0.0,1.0924542492437619e-07,2.606291712828752e-06,2.606291712828752e-06,2.502673239652099e-06,0.0,call,8.600541558864326e-06,0.0004735399270430207,0.0,4.915986210107803e-06,0.00024177003447761617,2.4068839946043923,2.4589276965441775,0.0,0.15,102.0,0.00029174250054791204,0.0007098154160926073,0.0003340377095068678,0.46172796154075496,0.0012807433534415453,0.0028299764435222863,0.0015180492695011658,0.002359606335286092,0.5849056603773585,1.0,8.500116757647748e-05,0.0004965196486157453,0.00014997568888486826,0.41333333333333333,4.3612696064129846e-05,0.0009442663517603839,0.00014935319528512346,0.00037419747111777966,0.0028299764435222863,0.000503082141041329,0.0007578926966558831,0.02481605116206082,0.0003450528308919548,0.0028299764435222863,0.0006977200622562971,0.0018659450355849696,0.002771870164265708,0.001982625115269498,call_T050_s040_r005_q006,17,validation
P1,0.008454791037365794,5.3875031881034374e-05,0.00015199999324977398,0.0008658074932003436,8.826364151361155e-05,0.003358174635405141,0.0003564170328900218,0.21307035210778527,1.4219140788747273,1.436185774373426,0.0,1.0,0.0,0.0006990776235751378,0.00215210167577784,0.0009361740770448852,0.023326385690898253,0.0008377296104153592,0.002800615450620921,0.0010183580223524261,0.0028394989459625294,0.6970301298981297,0.9197724039829303,0.0001221652560107771,0.0018565815613172942,0.00025727515979484446,0.5611385923804565,5.907464121364245e-05,0.002800615450620921,0.0002493802019158936,0.0002745544136525698,0.002800615450620921,0.0003468133887012863,0.0005224451051892705,0.027181612177809497,0.0002382295948169602,0.00207548194015017,0.00044317444634248284,0.001477819643325476,0.002800615450620921,0.0015008818057479624,16,0.0,1.2476144276576885e-07,4.919157137819598e-05,4.919157137819598e-05,1.3953032041472806e-05,0.0,call,7.296950741584751e-06,0.000567625043913722,0.0,5.332985892891884e-06,0.0002761003750876848,1.434231393728614,1.4483391620386228,0.0,1.0,0.0,0.0007745308366706845,0.002184862728632775,0.0010176556000853886,0.02359472840758033,0.0007164883053393308,0.002184862728632775,0.0008731213799043299,0.002403975790225028,0.6929252653699013,0.914651493598862,0.00012559883384802225,0.0019507097226301728,0.00026606320100749193,0.5577240003469511,3.5054202983762746e-05,0.000910405859534686,0.00012319868431056192,0.00025119462889487367,0.002184862728632775,0.00030978914536275925,0.0004666706317117477,0.024194552314694633,0.00022487818348535627,0.002125586932618273,0.0004109863215814469,0.0011581467821039806,0.0013592454435608706,0.0011904221870670103,call_T050_s040_r005_q010,17,validation
P1,0.008662457927130163,5.495792720466852e-05,0.00014000001829117537,0.00046804073533829576,6.40459525211666e-05,0.0015359652041738777,0.00038712506648153067,0.06444892006389333,0.4535231405299493,0.6046740009158635,0.0,1.0,0.0,9.355801726518288e-06,5.62282234920497e-05,1.725723486410373e-05,0.05866585825844117,0.0015716708532482284,0.0046860419983478785,0.0020367231217028694,0.0026521825554297247,0.8634208840486867,0.8568340750158931,4.169665041695581e-06,7.02017597549176e-05,1.3682048079659546e-05,0.870109748224661,7.881243232016128e-05,0.001392476737239648,0.00023616362177924686,0.000742472253244158,0.0046860419983478785,0.0009270503026033499,0.0013978361096087272,0.023699227280756487,0.0007654579242554921,0.0046860419983478785,0.0014230753200432597,0.0022736352043964277,0.003953963039758257,0.002452417526094967,16,0.0,2.1110353304923541e-07,2.7854525022589827e-05,2.7854525022589827e-05,2.4768853306438784e-05,0.0,call,9.458891854423873e-06,0.0005875410279259086,0.0,5.458015948534012e-06,0.0006872554048069283,0.4489877907559082,0.6042660978309706,0.0,1.0,0.0,1.1728422759430441e-05,5.568142467271553e-05,1.8993583171670692e-05,0.05903984101149485,0.0015213410531617851,0.004607103920064859,0.00197990237425746,0.0025201455860670557,0.8629461139232396,0.856198347107438,4.186298642901387e-06,7.02017597549176e-05,1.3712944489589556e-05,0.8698010849909584,5.749649675757663e-05,0.0011404594582107297,0.00015709164602998013,0.0007190862816649475,0.004607103920064859,0.0009013863573538177,0.0013591367880148042,0.02328390561357811,0.0007482509663086632,0.004607103920064859,0.0013912182395793293,0.002065784633776515,0.0038429573206759104,0.0022966620586567354,call_T050_s060_r005_q003,17,validation
P1,0.008842708077281713,5.437503568828106e-05,0.00013691699132323265,0.00046433059574679667,6.793392789111921e-05,0.0015278557528732417,0.00037937494926154613,0.0683380790332662,1.8544879364228184,1.8589550036153715,0.0,1.0,0.0,0.0015930636761521933,0.003050941904692017,0.0017716244904527796,0.010915653995953546,0.0027392632021222365,0.007442397787911004,0.0032836257302619174,0.003598528097318888,0.43515470704410797,0.9486903480444923,0.0002055404612884699,0.0027008753625776816,0.000408852186582993,0.2823278163374266,9.036783506106565e-05,0.0013804828154458104,0.00022746468814416486,0.0011185874649520826,0.007442397787911004,0.0013255953606547651,0.0019980923001155374,0.02371744843724356,0.0011603967369056157,0.007442397787911004,0.0020646990625617146,0.002646218317356368,0.00499948814268697,0.0029182985661251526,16,0.0,2.546334788542917e-07,1.3811445562667183e-05,1.3811445562667183e-05,1.2280413251659319e-05,0.0,call,1.3719354529278927e-05,0.0005759169580414891,0.0,5.249981768429279e-06,1.7256976819871245e-05,1.8665745878737539,1.8710343748874434,0.0,1.0,0.0,0.001716277367125933,0.00325344518117765,0.0018948379960509471,0.014570659627187258,0.002803456637880569,0.007518149042146427,0.003353650564637346,0.0036562776789837675,0.42866535174227477,0.935773232866882,0.00021459899458697445,0.002919582450928937,0.0004307850168574861,0.2780087410723803,0.00010952096467642889,0.001526746654439276,0.00028425386279905203,0.0011446851364983403,0.007518149042146427,0.0013530676766438285,0.002039497280785612,0.024054744549167107,0.0011783193862252197,0.007518149042146427,0.002098557059177311,0.002852755537450118,0.0051195827642807334,0.0030804386272792533,call_T050_s060_r005_q006,17,validation
P2,0.008554542087949812,5.8542005717754364e-05,0.000154959037899971,0.001815701238613858,0.00011849405764805578,0.012585086154813432,0.00036450009793043137,0.03625251753594,0.3115279061791853,0.47342472467182944,0.0,1.0,0.0,5.910377123690645e-05,0.0001868591641251971,7.135820772420016e-05,0.0870264801070462,0.0011333707497039889,0.003479567456332905,0.0015027166407336333,0.0031368934145099632,0.9589938804028334,1.0,2.0289841109907017e-06,0.00011190970854485833,9.449933860476566e-06,0.9212182929087206,3.806478868098266e-05,0.002554005862512941,0.00017765355800703327,0.00029867682497647255,0.003479567456332905,0.0005108617231064837,0.000769528914382128,0.03130368941313379,0.0002668103532062503,0.003479567456332905,0.0007213766044536252,0.0017348174051871755,0.00330406178650737,0.0019306860476630005,16,0.0,7.082630171554012e-08,1.1582480433029126e-05,1.1582480433029126e-05,2.8980429925159453e-06,0.0,call,8.724827453209683e-06,0.0005853351904079318,0.0,7.334048859775066e-06,0.0004771571141107406,0.3193242409210022,0.4766308536782989,0.0,1.0,0.0,7.543218014076508e-05,0.0002424385134783824,9.167213192267187e-05,0.08632494878010405,0.0011967933408704797,0.0037240977723842494,0.001600156506360066,0.002911604682077195,0.9604596147347075,0.9995980303487086,1.8588173533536566e-06,0.00017043949569983674,9.216149270688427e-06,0.9242705816762683,3.499824915018906e-05,0.0011400505537655717,0.00013198696466448914,0.0003184458685604386,0.0037240977723842494,0.0005468089136787228,0.000823677049459975,0.027273073993614203,0.0002705363554340349,0.0037240977723842494,0.0007388833623511425,0.0021324841150760056,0.003612949652558914,0.002301047615611481,call_T050_s020_r005_q003,17,validation
P2-S,0.008382458006963134,5.1666051149368286e-05,0.00012745801359415054,0.001815701238613858,0.00011849405764805578,0.012585086154813432,0.00036450009793043137,0.3182859920827835,nan,nan,0.0,0.0,120.0,0.00010301188646942896,0.00019970023439841444,0.00010642137602605521,nan,0.00113680838319474,0.003479567456332905,0.0015029562181899962,0.0031534574314757034,0.06692913385826772,1.0,4.511464243591669e-05,0.0001399428299329142,5.204210460478455e-05,0.034623217922606926,8.817121311068815e-05,0.002554005862512941,0.00018730800008623697,0.00033136641968973293,0.003479567456332905,0.0005117758490916325,0.000770905894385019,0.031371660399700664,0.00029854087105847977,0.003479567456332905,0.0007227349231158148,0.001735218559060315,0.00330406178650737,0.0019307004861775765,16,0.10736914600550965,7.082267494658684e-08,1.2302523298755487e-05,1.2302523298755487e-05,3.043111037897363e-06,0.0,call,8.724827453209683e-06,0.0006405821768566966,0.0,9.695801418274641e-05,0.0004771571141107406,nan,nan,0.0,0.0,120.0,0.0001138689531123042,0.00024663099067556704,0.00011989359702813816,nan,0.0012006610919015248,0.0037240977723842494,0.0016003985159064782,0.0029269688959313454,0.06716954022988507,1.0,4.492991298919869e-05,0.0001870693743832863,5.184375824967811e-05,0.034751904850399556,8.507913918875188e-05,0.0011400505537655717,0.00014467647317551057,0.00035113039403563773,0.0037240977723842494,0.0005476619587448122,0.0008249620205449669,0.027406679389110882,0.00030236614291922825,0.0037240977723842494,0.000740211899173801,0.0021328510808471183,0.003612949652558914,0.002301055830556544,call_T050_s020_r005_q003,17,validation
P2,0.008320458000525832,4.841701593250036e-05,0.00012329197488725185,0.0017976927601054055,0.0001235832026886244,0.01071621845956862,0.00032591691706329584,0.1006319883325231,1.4555196588466108,1.8963854341133748,0.0,0.6583333333333333,41.0,0.0009891568916405948,0.0021262837550619917,0.001127744249595186,0.3831535842135939,0.0010346117244282452,0.002428787655800774,0.001120781204057203,0.002269522234651095,0.9126591380112506,1.0,4.839360292931522e-05,0.0017298552048178317,0.0001793917932424593,0.8393496187957056,2.267610644041166e-05,0.002428787655800774,0.00014391311810264332,0.000168765967051888,0.002428787655800774,0.00028289504298385277,0.0004261130794565695,0.029021292892475375,0.00013581448429712006,0.002264250711972088,0.0003785190759672123,0.0009216173871563477,0.002428787655800774,0.0009863246654225593,16,0.003443526170798898,1.0706135283661194e-07,1.594035903222844e-06,1.594035903222844e-06,1.54013881191095e-06,0.0,call,1.4991780570051542e-05,0.0005024599377065897,0.0,4.834029823541641e-06,0.0005843975324830719,1.464125882749391,1.9039731742465498,0.0,0.6583333333333333,41.0,0.0011145139333774519,0.002320575190371904,0.0012638757008793576,0.38066714371268084,0.001193518673799745,0.002343157276559177,0.0012973133701416426,0.002106441812370335,0.913842765164351,0.9998146260079711,5.0036923728898324e-05,0.001941243297823636,0.0001902996620954534,0.8414852952648413,2.4107539331444527e-05,0.0010343955744675773,0.00012032761176124632,0.0001923375690829782,0.002343157276559177,0.0003260208185779501,0.0004910713494333084,0.02617967358442465,0.00014025124420843154,0.002343157276559177,0.00039867995115580243,0.001353768470617117,0.0016526602596447781,0.0014027474085872617,call_T050_s020_r005_q006,17,validation
P2-S,0.008290582918561995,5.1083043217658997e-05,0.00012441701255738735,0.0017976927601054055,0.0001235832026886244,0.01071621845956862,0.00032591691706329584,0.3556496978956872,nan,nan,0.0,0.0,120.0,0.0009916359244347664,0.0021262837550624636,0.001128068351586211,nan,0.0010349279999430413,0.0024287876558005714,0.0011208521438086042,0.002285510909007609,0.08577810871183918,1.0,7.956023872822186e-05,0.001729855207875719,0.0001846156713533285,0.04481095378870391,7.175247832727005e-05,0.0024287876558005714,0.00015447556976886759,0.00019616717741348117,0.0024287876558005714,0.00028420763629624884,0.0004280901843662908,0.028484213200223832,0.00016211978289290687,0.0022642507119721156,0.0003806267505907929,0.0009223574961717352,0.0024287876558005714,0.0009863803776753043,16,0.09304407713498622,1.0705515952943807e-07,3.245310251751696e-06,3.245310251751696e-06,1.5771137982419592e-06,0.0,call,1.4991780570051542e-05,0.0006003750022500753,0.0,9.895802941173315e-05,0.0005843975324830719,nan,nan,0.0,0.0,120.0,0.0011167830006090348,0.002320575190371932,0.0012641180186400275,nan,0.001194277610439104,0.002343157276559177,0.0012974096458541699,0.0021153764237027456,0.08600223964165732,1.0,8.12237651550206e-05,0.0019412432981945615,0.00019520590586224294,0.0449333021296513,7.317506790906192e-05,0.0010343955744675773,0.00013273378433069594,0.00021973780832882018,0.002343157276559177,0.00032715925542790944,0.0004927861286384913,0.025605706387734774,0.00016655818735862043,0.002343157276559177,0.00040068234626878407,0.0013544998322337326,0.0016526602596447781,0.001402779449620012,call_T050_s020_r005_q006,17,validation
P2,0.00829029199667275,4.9083027988672256e-05,0.00012625008821487427,0.0018570622461789616,0.0001280017351247677,0.010645710119044414,0.00034883408807218075,0.21091742482116813,2.340326778612892,2.515695277192266,0.0,0.25,90.0,0.00020781280198497662,0.002728623607429783,0.0004082534489006249,0.44709050580344406,0.0007590041058545682,0.002783139989917298,0.0010083479624955838,0.0032655610875076324,0.8329105065173651,0.9739157119476268,1.4198470523744877e-05,0.0003597328856100038,4.366857779814485e-05,0.727571450405013,2.373035365274087e-05,0.002783139989917298,0.00019830954413800188,9.3303228596242e-05,0.002783139989917298,0.00021988451323501956,0.00033120032501662166,0.025712778094243285,4.298208910718085e-05,0.0017474825465525895,0.00016082795302110653,0.0013174466483969465,0.002783139989917298,0.0014428026966761614,16,0.02699724517906336,7.186134294270732e-08,2.4568536295770887e-05,2.4568536295770887e-05,1.7132051770599192e-05,0.0,call,5.495065688460401e-06,0.0005292082205414772,0.0,5.041016265749931e-06,0.0016992748633983534,2.350397596525961,2.5267144067601004,0.0,0.25,90.0,0.00027366479859653234,0.001004965889535192,0.0004581055166300822,0.4471040436276884,0.0005158943168535002,0.00181618911250718,0.000706293175946019,0.0021282590735231884,0.8375634517766497,0.9789279869067103,1.356463621445509e-05,0.0003596576358043228,4.220850467111714e-05,0.7318751911899664,2.776126624874735e-06,0.00019921291018524297,1.6138673575828317e-05,6.72594624011982e-05,0.00181618911250718,0.00015557710150878218,0.00023433737902260442,0.024145202143630785,3.51016252258433e-05,0.0014476996264384256,0.00012028334058700673,0.0008122835110846037,0.00181618911250718,0.0009766850405213306,call_T050_s020_r005_q010,17,validation
P2-S,0.008250375045463443,5.420797970145941e-05,0.0001347920624539256,0.0018570622461789616,0.0001280017351247677,0.010645710119044414,0.00034883408807218075,0.40857003958608235,nan,nan,0.0,0.0,120.0,0.00020489932597629002,0.0027286236074212512,0.0004019662801418355,nan,0.0007572607858676077,0.002783139989917298,0.0010075692008350275,0.0032997786864914706,0.19861653311417027,0.9570957095709571,5.148683321420371e-05,0.00036243465702984776,6.958509076801045e-05,0.11080544092923736,7.596920848823093e-05,0.002783139989917298,0.00020646694513098122,0.00012644609121407004,0.002783139989917298,0.00022233311141341144,0.00033488851797112816,0.025086644165402464,7.575696464332282e-05,0.0017474825465525895,0.0001686986814768985,0.0013179313955394708,0.002783139989917298,0.0014427348337702035,16,0.11666666666666667,7.185815610422275e-08,2.467350177323722e-05,2.467350177323722e-05,1.5965315657952532e-05,0.0,call,5.495065688460401e-06,0.0006361671257764101,0.0,9.833299554884434e-05,0.0016992748633983534,nan,nan,0.0,0.0,120.0,0.0002708076108875277,0.0010049658773662873,0.00045431909119695175,nan,0.0005140156415599768,0.00181618911250718,0.0007053386295134843,0.002163849961580886,0.2056061956000274,0.9900990099009901,5.074335128794764e-05,0.00036235940722416675,6.849689698273413e-05,0.11471397981033955,5.468554581758229e-05,0.00019921291018524297,5.957717477932732e-05,0.00010026327030138427,0.00181618911250718,0.00015901692322219582,0.00023951859654632138,0.02381226943486894,6.773499261508674e-05,0.0014476996264384256,0.0001305023586041778,0.0008124391074986466,0.00181618911250718,0.0009766482547747648,call_T050_s020_r005_q010,17,validation
P2,0.008253959007561207,4.929210990667343e-05,0.00012362503912299871,0.0008667010949011577,8.10139253777321e-05,0.0034210998741864037,0.00035429198760539293,0.03708590874366276,0.05933926707791574,0.07649916370695387,0.0,1.0,0.0,4.527632202005333e-05,0.00022911992780350054,7.507063936548125e-05,0.011714501795381832,0.00044602841170949777,0.002299722411961599,0.0006265213492387502,0.0017293117167795273,0.9286071448413801,0.981675085163867,1.2389301921184381e-05,0.0003230276698350563,4.9340541393858786e-05,0.8809825005270926,3.771648166797532e-05,0.002299722411961599,0.0001298364022137654,0.00016507078617490717,0.002299722411961599,0.00024814514562848845,0.0003738772609068767,0.01482039490489565,0.00016768906766572773,0.0021544201812807584,0.0003874071447855906,0.0005138869162631521,0.002299722411961599,0.0005650096499525091,16,0.0,9.881189397160158e-08,7.509264226232377e-06,7.509264226232377e-06,6.385305675226933e-06,0.0,call,3.047504607665974e-06,0.0005321671487763524,0.0,4.958012141287327e-06,0.00047630975976410174,0.060810075001044114,0.07622308914287838,0.0,1.0,0.0,5.6041705586146186e-05,0.00023849291944588735,8.682365931451591e-05,0.012641675355598013,0.00039152141259513187,0.0020868872734263744,0.0005718633853463736,0.0014454649090672276,0.9310344827586206,0.9832021614002114,1.1180362254370452e-05,0.0003119934173526471,4.54339332693595e-05,0.8841237984578008,2.2104125413159577e-05,0.00024632682544643283,5.357919152509403e-05,0.00014558952791676372,0.0020868872734263744,0.0002269294473241891,0.0003419114904296938,0.013473997028397751,0.00015665614297836116,0.0020868872734263744,0.0003639637247390963,0.0002652954715581035,0.0009889376874944455,0.00035216200505685483,call_T050_s040_r005_q003,17,validation
P2-S,0.008232958964072168,4.666694439947605e-05,0.00012170802801847458,0.0008667010949011577,8.10139253777321e-05,0.0034210998741864037,0.00035429198760539293,0.17591499409681227,nan,nan,0.0,0.0,120.0,7.761513844734882e-05,0.00023676608598743876,9.638906252694673e-05,nan,0.0004462979709781172,0.002299722411961599,0.0006267026372516102,0.0017629132141909788,0.08111661778092445,1.0,4.430752125235143e-05,0.00032686914962146656,6.711618457343841e-05,0.042272823107737716,7.828927546560278e-05,0.002299722411961599,0.00013977507951775105,0.0001858457200322382,0.002299722411961599,0.00024940343198294734,0.00037577310559265553,0.014606032541573642,0.0001866534604910592,0.0021544201812807584,0.00038905554201865264,0.0005139265586780244,0.002299722411961599,0.0005650199038237258,16,0.0,9.880729479397124e-08,7.509090151325236e-06,7.509090151325236e-06,4.9825912184570315e-06,0.0,call,3.047504607665974e-06,0.0006163748912513256,0.0,9.370793122798204e-05,0.00047630975976410174,nan,nan,0.0,0.0,120.0,8.545048725033486e-05,0.0002443742710707131,0.0001060053189133569,nan,0.00039167785832867495,0.0020868872734263744,0.0005720659302285212,0.001484860734896238,0.08127280097284151,1.0,4.3234187328576404e-05,0.0003162739297341074,6.429156221242474e-05,0.04235766346255414,6.268662413863662e-05,0.0002463268254726701,7.443585279996248e-05,0.0001663711010472097,0.0020868872734263744,0.00022830334260183434,0.00034398151962869385,0.013225199040945506,0.0001756827040355838,0.0020868872734263744,0.00036571596140193914,0.00026533513635599513,0.0009889376874944455,0.0003521711157062162,call_T050_s040_r005_q003,17,validation
P2,0.008392332936637104,4.870793782174587e-05,0.00012375006917864084,0.0008601893903907523,8.49573851695777e-05,0.003351576068902474,0.0002982090227305889,0.09361761233418987,0.8023941813874418,0.8213392291949445,0.0,1.0,0.0,0.0006411655800324247,0.0015121364988796016,0.0007449241880959558,0.012201277312033024,0.00040664760161307316,0.0022833826147202266,0.0005132503008983148,0.0015140844300988055,0.7858080034987973,1.0,8.084980443063575e-05,0.0013024792608264946,0.00018907481995916446,0.6471859522737505,3.264756496454326e-05,0.0022833826147202266,0.00012188700958688481,0.00015953438955713657,0.0022833826147202266,0.0001999498382410981,0.0003012246160839495,0.0224815525349907,0.00016289262497428547,0.0016241148489600787,0.0003033730165503388,0.00025089591200453873,0.0022833826147202266,0.0003106418753075196,16,0.0,1.2307846486213293e-07,1.019766330469564e-05,1.019766330469564e-05,7.953994859361828e-06,0.0,call,8.600541558864326e-06,0.00047545903362333775,0.0,4.792003892362118e-06,0.00011715807483619043,0.8126422732777011,0.8318619339114478,0.0,1.0,0.0,0.0006929758056822329,0.0015450741515709021,0.0008014471741809766,0.014213743438494136,0.0004858808816407167,0.0016487159806873875,0.0005761152154257349,0.0012195645135437588,0.7860228577678133,1.0,8.337228296823856e-05,0.0013367510203028399,0.00019566430656686184,0.6474774774774775,2.507309363752492e-05,0.00044013239386130054,6.910588711779319e-05,0.0001807210260799963,0.0016487159806873875,0.0002194518891246176,0.00033060403156155916,0.021286144815989602,0.00017772241773632118,0.0016487159806873875,0.0003263063268883419,0.00043862445780923473,0.0006776202790409885,0.00046398848839720384,call_T050_s040_r005_q006,17,validation
P2-S,0.008412666036747396,5.191692616790533e-05,0.00012295797932893038,0.0008601893903907523,8.49573851695777e-05,0.003351576068902474,0.0002982090227305889,0.2101534828807556,nan,nan,0.0,0.0,120.0,0.0006454850360247073,0.0015121365063952563,0.0007458736497410374,nan,0.0004098560473647386,0.0022833826147202266,0.0005139615522866946,0.0015600914538055966,0.06296877725449154,1.0,0.00012314794660219205,0.0013024794794301853,0.00019782848971778013,0.0325078793336335,8.427473785803005e-05,0.0022833826147202266,0.00013712372728990344,0.0001923918400723351,0.0022833826147202266,0.00020295213334055415,0.00030574757642570224,0.022571771230129756,0.00019533727911071064,0.0016241148489600787,0.0003078621002878912,0.00025099473664931825,0.0022833826147202266,0.0003106708452996639,16,0.0,1.2307273623301527e-07,1.0197426914020942e-05,1.0197426914020942e-05,7.95381047886752e-06,0.0,call,8.600541558864326e-06,0.0005681249313056469,0.0,9.504100307822227e-05,0.00011715807483619043,nan,nan,0.0,0.0,120.0,0.0006967251975056309,0.0015450741564656534,0.0008021721538536854,nan,0.0004895622534996296,0.0016487159806873875,0.0005767925638222186,0.0012737783387644806,0.06299624814588604,1.0,0.00012553716743765063,0.0013367511768206386,0.00020407275077464118,0.03252252252252252,7.670028075215814e-05,0.00044013239386130054,9.328154046232582e-05,0.00021357847812308658,0.0016487159806873875,0.00022218271036698656,0.00033471801078407775,0.02140699973549434,0.0002101746368921725,0.0016487159806873875,0.0003304789219288451,0.0004387233194289951,0.0006776202790409885,0.00046399691698084997,call_T050_s040_r005_q006,17,validation
P2,0.008329957956448197,5.183299072086811e-05,0.00012645800597965717,0.0008658074932003436,8.826364151361155e-05,0.003358174635405141,0.0003447500057518482,0.058754080144454476,0.39274685717527347,0.7714115936993335,0.0,1.0,0.0,6.322992269586833e-05,0.00039895724165817104,0.00011799703219173931,0.18550649540741543,0.0006366157461095767,0.0024099830510276067,0.0007446618106180451,0.001842342757452697,0.9269556814687926,0.9384560654571327,2.868452237074971e-07,7.4756321091218325e-06,1.0275835006732565e-06,0.9157337498915213,3.220876667936955e-05,0.0024099830510276067,0.00015439208835867115,0.00013580173580236604,0.0024099830510276067,0.0002281226908004177,0.0003436475841880946,0.02035119284824365,0.0001245091261918695,0.001542717808582006,0.0003362298442942969,0.0007124199198171526,0.0024099830510276067,0.0007402795263591861,16,0.015151515151515152,8.762407957755855e-08,3.61766674246153e-05,3.61766674246153e-05,3.1730325782734546e-05,0.0,call,7.296950741584751e-06,0.000528124044649303,0.0,5.083042196929455e-06,0.0012791669853335665,0.3859945445722628,0.7767351123999798,0.0,1.0,0.0,0.00013532778015126426,0.0006675215083579711,0.00023371743254966076,0.18705461184759906,0.0005112585555259178,0.0014270044992918396,0.0006199566615247402,0.0016406250677782116,0.9273262196460721,0.9390786197082889,2.866444783790697e-07,7.4756321091218325e-06,1.026578908874365e-06,0.9158643420938503,8.485729055671627e-06,0.0003077943824721652,3.239258651920269e-05,0.00010889565938036256,0.0014270044992918396,0.00018973772376751157,0.0002858235181431182,0.021428105576903597,0.00010697256385804837,0.0014270044992918396,0.00029280236595249074,0.00039362305200538135,0.0009875349313485382,0.00045757356532100373,call_T050_s040_r005_q010,17,validation
P2-S,0.008767041028477252,4.820898175239563e-05,0.0001253749942407012,0.0008658074932003436,8.826364151361155e-05,0.003358174635405141,0.0003447500057518482,0.3402319605528162,nan,nan,0.0,0.0,120.0,6.24255131301194e-05,0.00039279715439477503,0.00011514675181076428,nan,0.0006341456377845338,0.002409983051027606,0.0007432968422105156,0.0018942093414383427,0.2230728010411085,0.9461038961038961,3.807185747268192e-05,7.312237419454526e-05,4.7588904718616585e-05,0.12644276664063178,8.663505735970095e-05,0.002409983051027606,0.00016597796667157483,0.00016501387284132844,0.002409983051027606,0.00022942196841080952,0.0003456048362722,0.019900380938033386,0.00015230218519799257,0.001542717808582006,0.0003379126868892661,0.0007125334571784277,0.002409983051027606,0.0007402838537855342,16,0.06101928374655648,8.762000123389934e-08,3.0465484141218395e-05,3.0465484141218395e-05,2.8585020941969416e-05,0.0,call,7.296950741584751e-06,0.0006133340066298842,0.0,9.50000248849392e-05,0.0012791669853335665,nan,nan,0.0,0.0,120.0,0.00013022039519842312,0.0006311431725401495,0.00022299065426896052,nan,0.0005089483506931945,0.0014270044992918396,0.0006183259905689743,0.0016936386885100109,0.22970387940928916,0.9746753246753247,3.787645239093981e-05,7.312237419454526e-05,4.7480236671621435e-05,0.1301934252753925,6.257482831852712e-05,0.00025997130008961755,6.888303936768068e-05,0.00013800456847021147,0.0014270044992918396,0.0001912934344919346,0.0002881670621871715,0.021049560673783538,0.0001347689324341324,0.0014270044992918396,0.0002948731802606115,0.0003936929592627101,0.0009875349313485382,0.00045757489548196634,call_T050_s040_r005_q010,17,validation
P2,0.008409583941102028,5.258398596197367e-05,0.00013154197949916124,0.00046804073533829576,6.40459525211666e-05,0.0015359652041738777,0.0003688749857246876,0.11549413153691229,1.3056675341150372,1.318544578415196,0.0,0.9166666666666666,10.0,0.0007180808962689092,0.0014720097206599725,0.000810665590100873,0.01103356741655189,0.00046238388703733277,0.0016686308261169014,0.0005846733405094776,0.0016340119896307613,0.5441595441595442,0.8763980498996272,0.00018848052304265252,0.0013823407675761512,0.0003112549744714118,0.39457714654615883,5.8555707116067344e-05,0.001091414455874462,0.00011078403935290387,0.0003174906724933263,0.0016686308261169014,0.0003055483479222059,0.0004607155757972855,0.01891599787419537,0.0003380618749402907,0.0016686308261169014,0.0004790994987318234,0.00040794135358873256,0.001091414455874462,0.0004361875047179971,16,0.0,2.3045581429545155e-07,8.868537318923639e-06,8.868537318923639e-06,8.254767647622915e-06,0.0,call,9.458891854423873e-06,0.0005586259067058563,0.0,5.624955520033836e-06,0.00016074924937576468,1.3122163485498386,1.3247523063631277,0.0,0.9166666666666666,10.0,0.0007311617838631305,0.0014716849828992906,0.0008272056840442811,0.014007409476495421,0.00045495686983061586,0.0016700894795043109,0.0005836549817800377,0.0015166871682462922,0.5377148454893579,0.86578720963579,0.00019216308299984392,0.0013841301992891797,0.00031676993505872186,0.389950917075691,5.086938956389544e-05,0.0002587132707534412,8.341816718334384e-05,0.0003159944015809173,0.0016700894795043109,0.0003064982361336839,0.00046214703028550755,0.018622166092926423,0.00034382816721792176,0.0016700894795043109,0.0004854443216648141,0.0002445998528821686,0.0005670015004988482,0.0002932887308585281,call_T050_s060_r005_q003,17,validation
P2-S,0.00850758294109255,5.0458009354770184e-05,0.0001300419680774212,0.00046804073533829576,6.40459525211666e-05,0.0015359652041738777,0.0003688749857246876,0.16570595180220848,nan,nan,0.0,0.0,120.0,0.0007213243860150921,0.001472009754433179,0.0008113798372040948,nan,0.0004618401757987935,0.001668630826139772,0.0005845907729771536,0.0016731909682014023,0.08906982482112016,1.0,0.0002208066483850946,0.0013823408667896775,0.0003168984486081579,0.04661071659134926,9.604559212214975e-05,0.001091414455874462,0.00012757459773777533,0.0003343349049963143,0.001668630826139772,0.0003068625234082815,0.00046269713164559317,0.018723711979284973,0.0003532858670060526,0.001668630826139772,0.0004808220184207995,0.00040794177437061965,0.001091414455874462,0.0004361875277017026,16,0.07947658402203857,2.3044535277441899e-07,8.868332053839581e-06,8.868332053839581e-06,8.254576528536131e-06,0.0,call,9.458891854423873e-06,0.0006397910183295608,0.0,9.041605517268181e-05,0.00016074924937576468,nan,nan,0.0,0.0,120.0,0.0007343901057666959,0.001471685016672497,0.0008278987194105912,nan,0.0004543476422241268,0.0016700894795271815,0.0005835462622423974,0.0015585612607079244,0.08910280143156854,1.0,0.0002243020446163176,0.0013841302967427804,0.00032230932908964665,0.046628778093515885,8.771792339156059e-05,0.0002659672371325694,0.00010447083991542024,0.00033270205676687255,0.0016700894795271815,0.00030779577356993405,0.0004641034952897164,0.018446046886427862,0.0003589718820574809,0.0016700894795271815,0.0004871292145270934,0.0002446003551372274,0.0005670015004988482,0.0002932887647078366,call_T050_s060_r005_q003,17,validation
P2,0.009004999999888241,5.949998740106821e-05,0.00013279204722493887,0.00046433059574679667,6.793392789111921e-05,0.0015278557528732417,0.00040791695937514305,0.008681158413778735,0.04530097154055359,0.049178146966452285,0.0,1.0,0.0,0.00030373577161007636,0.0008480241247446063,0.00037006837990936214,0.018278420107935355,0.0015074050702323521,0.0037277746821341995,0.0017437616581511236,0.0023206163543157392,0.9834464043419268,1.0,2.694111353668048e-06,0.0005341110417798056,2.6345912180811e-05,0.9674319273892151,4.321835548860539e-05,0.0008938189976116229,0.00013988518643145016,0.0005449285911736213,0.0037277746821341995,0.0006946044221697429,0.0010469889898211725,0.019887307949621846,0.0005685128392623276,0.0037277746821341995,0.0010874574594840055,0.0014142473844343739,0.0025200551086184686,0.0015387595806833608,16,0.002892561983471074,1.677908318766789e-07,2.027699181590255e-05,2.027699181590255e-05,1.9303442434311546e-05,0.0,call,1.3719354529278927e-05,0.0006053750403225422,0.0,5.166046321392059e-06,0.0005586486437409756,0.057387622991489,0.06073734135618512,0.0,1.0,0.0,0.00041977187719114653,0.0010005770480487897,0.00047861938171225724,0.019932436883473972,0.0015804176471038906,0.0037998810259766147,0.001816176258369782,0.002336043027991252,0.9825931348625346,1.0,4.721140067882932e-06,0.0007000702704560435,3.989475453082417e-05,0.9657818995842661,6.0722011324772445e-05,0.0008894227677083422,0.00019152756735950347,0.0005708138678193616,0.0037998810259766147,0.0007225180007825498,0.001089061192836816,0.02050264507916268,0.0005865445049665673,0.0037998810259766147,0.0011225617180631849,0.001616685460746455,0.0026401497302122323,0.0017062651477018909,call_T050_s060_r005_q006,17,validation
P2-S,0.00924808403942734,5.320901982486248e-05,0.00013716693501919508,0.00046433059574679667,6.793392789111921e-05,0.0015278557528732417,0.00040791695937514305,0.204528092228627,nan,nan,0.0,0.0,120.0,0.0003190973785392843,0.000848034992262825,0.00037453271444464435,nan,0.0015104031935282787,0.0037277746821341995,0.001743895595592112,0.0023240836864676993,0.16731898238747553,1.0,3.6930954160554604e-05,0.0005345889527883507,5.14675559125553e-05,0.09129738387613455,8.956900226053916e-05,0.0008938189976116229,0.00015008415432258686,0.000567908314648507,0.0037277746821341995,0.0006950537626943986,0.0010476662883913796,0.01935658469163492,0.0005896995582955509,0.0037277746821341995,0.001088034158664498,0.0014142476114987659,0.0025200551086184686,0.0015387595971662947,16,0.02913223140495868,1.677834976422688e-07,5.528763801012839e-06,5.528763801012839e-06,5.246721506075445e-06,0.0,call,1.3719354529278927e-05,0.0006913759279996157,0.0,9.308301378041506e-05,0.0005586486437409756,nan,nan,0.0,0.0,120.0,0.0004269162168921505,0.0010005785420743596,0.00048087759341124917,nan,0.0015838204014441569,0.0037998810259766147,0.001816303194871479,0.0023392401968835626,0.16705744431418523,1.0,3.867612769656368e-05,0.0007001613531036899,5.947889605943391e-05,0.09114166933162776,0.00010706867977111811,0.0008894227677083422,0.00019905445629854072,0.0005937925049872092,0.0037998810259766147,0.0007229481410955774,0.001089709549171033,0.01979068446641916,0.0006078613402445266,0.0037998810259766147,0.001123127699073899,0.0016166856878108472,0.0026401497302122323,0.0017062651638853552,call_T050_s060_r005_q006,17,validation
P0,0.008592125028371811,7.083301898092031e-05,0.00015329103916883469,0.001815701238613858,0.00011849405764805578,0.012585086154813432,0.0,0.1401486214320439,0.28089470143814643,0.3221530776653035,0.0,1.0,0.0,0.00013378854837390689,0.0004104001435676352,0.00020024262449593397,0.013526605716768607,0.0008684808705735985,0.002897621834611128,0.001120106577956185,0.0029183669027328797,0.8315192396136748,0.9280255503593019,8.060071814657489e-05,0.0009288129490627865,0.0002189684838105424,0.753193852990187,5.4864604983793885e-05,0.002897621834611128,0.00021388633421537387,0.00028718987907597475,0.002897621834611128,0.00040071836787395785,0.0006036161189135513,0.036638673533552255,0.0002755834749295054,0.0024606451282799535,0.0005874781857564409,0.0012081365733444345,0.002897621834611128,0.0013253404158080741,24,0.0412534435261708,1.1099730682589854e-07,4.3326388737896275e-05,4.3326388737896275e-05,1.666505680597191e-05,0.0,call,4.656811454130346e-06,0.00023141608107835054,0.0,7.292022928595543e-06,0.0014177136118776294,0.28715345955436844,0.32964576787753963,0.0,1.0,0.0,0.0001403729422058288,0.0004116618497340685,0.00020334586379021762,0.013690328056561575,0.0007779751367685229,0.0024079626388204822,0.0010292541284413002,0.002606997336750377,0.8342465051973986,0.9291661913995666,7.977160876600407e-05,0.0009288128590243893,0.0002185813075624965,0.7569225051105742,3.504636925214937e-05,0.0005697304870421166,9.414852774255673e-05,0.0002647542933587075,0.0024079626388204822,0.00037305829113032336,0.0005619505184133611,0.03974273236007123,0.00027141780794395537,0.0024079626388204822,0.0005764353635764322,0.0007467929347776121,0.0018597811743403109,0.0009176652750979699,call_T050_s020_r005_q003,17,validation
P0,0.008447083993814886,7.337494753301144e-05,0.000138541916385293,0.0017976927601054055,0.0001235832026886244,0.01071621845956862,0.0,0.2355024654489895,2.390613043330353,2.5158844951510395,0.0,0.15,102.0,7.434000648607467e-05,0.0005028495693270574,0.00013872846934812424,0.5344064001525904,0.0005580218662975652,0.0028586797374542863,0.0006933288882691012,0.0028020104425816425,0.7303780464402226,0.9526908635794743,0.00012402811011909802,0.001376805207055411,0.0002984341895685597,0.5921892018048857,6.208897172336384e-05,0.0028586797374542863,0.0002249127101055623,0.0001769990029741571,0.0028586797374542863,0.00024561002655167167,0.00036995220437749534,0.030785274153962608,0.00016377027365662453,0.001376805207055411,0.0003446936075925922,0.0008195081511290488,0.0028586797374542863,0.0009192107483126339,24,0.04600550964187328,1.2961350784150153e-07,5.104563676871459e-05,5.104563676871459e-05,1.9049624923844108e-05,0.0,call,5.141824144684282e-06,0.00021704193204641342,0.0,5.125068128108978e-06,0.004654538397995234,2.39221830993906,2.5178624923976862,0.0,0.15,102.0,9.101719285936587e-05,0.0006232762276976722,0.0001733762936638712,0.534470149226319,0.0003738267789802572,0.0012958139710650236,0.0004852964830861281,0.002259002704588772,0.7350665577394396,0.9571964956195244,0.000121545686703096,0.001376804859471367,0.0002963270313511391,0.596614400499259,4.443496931981947e-05,0.000693522262577372,0.00012981191828592207,0.00015294082024103653,0.001376804859471367,0.0002163434745264759,0.00032586901180178953,0.032868919334238064,0.0001565858414285406,0.001376804859471367,0.00033350353079694104,0.0003767268227194825,0.001137121380674469,0.0005027736147165265,call_T050_s020_r005_q006,17,validation
P0,0.008821208029985428,7.870804984122515e-05,0.00013287505134940147,0.0018570622461789616,0.0001280017351247677,0.010645710119044414,0.0,0.3592610597958191,2.6521378548461425,2.6568145389365196,0.0,0.13333333333333333,104.0,0.00010224267024530675,0.002782496471504192,0.00024356465324945067,0.04099280132119002,0.00032136314960745296,0.0028095241325269815,0.00041952055823024555,0.0037755793252894627,0.19610541526181793,0.9847961299239807,0.0012986750400435089,0.004189502690675528,0.001809805162028436,0.10889500229252637,0.00017214178573843322,0.0028095241325269815,0.00032311460314678474,0.0011948761199131854,0.004189502690675528,0.001139556580097037,0.001716453351580829,0.035708150108399374,0.001388438542092301,0.004189502690675528,0.0018668143468602656,0.00021864979006039893,0.0028095241325269815,0.0003654397935141953,24,0.04965564738292011,2.401748617635763e-07,4.6484220894871694e-05,4.6484220894871694e-05,1.0665376784366191e-05,0.0,call,3.7956291621082155e-06,0.0002166670747101307,0.0,5.08397351950407e-06,0.0010690408929595885,2.6566471432283603,2.6613684228645442,0.0,0.13333333333333333,104.0,0.00028478211794093406,0.0008909750812972073,0.0004040595656660326,0.04103878490650836,0.0005005750109231014,0.001274720069078276,0.0005505329458148818,0.003583568587815305,0.19899469806513806,0.9986178299930891,0.001296175139772762,0.004189502690675528,0.0018094455925701932,0.1105078005506271,0.00015719955744061245,0.0012129382791009058,0.0002718154798006669,0.0012111321644534725,0.004189502690675528,0.001141548444924485,0.0017194527216194036,0.03854307883791317,0.001389900815978264,0.004189502690675528,0.0018670790952237154,0.0004923346377990316,0.0007419075108033024,0.0005188977239594145,call_T050_s020_r005_q010,17,validation
P0,0.00888724997639656,6.975000724196434e-05,0.00013412500265985727,0.0008667010949011577,8.10139253777321e-05,0.0034210998741864037,0.0,0.00041669560386137927,0.33912669022323627,0.34912512760940106,0.0,1.0,0.0,4.54149541337101e-06,2.8351690649630612e-05,7.97368874724626e-06,0.022690465010575162,0.0005196966074263925,0.0022852656725179162,0.0006498864952317081,0.002840483385762934,0.9103210018713114,0.8354029062087186,7.650591670082906e-09,9.788509527029757e-07,6.3532154114802e-08,1.0,5.069268246189309e-05,0.0022852656725179162,0.00016865213381053924,0.0001829867211799492,0.0022852656725179162,0.00025594297398125404,0.00038562615366949734,0.04910261021141842,0.00017553623097661935,0.0016440192745883486,0.00037893314220288627,0.0007767640790079083,0.0022852656725179162,0.0008067583766689999,24,0.0,2.2175470838516607e-07,5.680291031173615e-05,5.680291031173615e-05,5.1471021027333224e-05,0.0,call,3.722107784723899e-06,0.0002089590998366475,0.0,5.084089934825897e-06,0.0037959093733570363,0.33341030728717425,0.34384955608005285,0.0,1.0,0.0,7.317213183943849e-06,4.1890350768403195e-05,1.2586876026198342e-05,0.02322294508532005,0.0004685195148410855,0.0016494457774870463,0.0005980722138456701,0.0026783236347427157,0.9093266737104985,0.8337296345222369,7.963413314541148e-09,9.96901731049849e-07,6.454487809787926e-08,1.0,3.599072315952659e-05,0.0007883430949507664,0.00010721619835968756,0.00016557580489185336,0.0016494457774870463,0.00023597099921871412,0.00035553427284293484,0.04850683270567342,0.0001684202396014201,0.0016494457774870463,0.00036621246576328887,0.0004946855561817309,0.0008716822771039634,0.0005491717279080421,call_T050_s040_r005_q003,17,validation
P0,0.008579374989494681,6.833404768258333e-05,0.00013345805928111076,0.0008601893903907523,8.49573851695777e-05,0.003351576068902474,0.0,0.0,0.057347867873270446,0.05910633192915706,0.0,1.0,0.0,2.5799958713547977e-05,0.0001850709925089733,4.820630978948289e-05,0.012264022690345247,0.000281378929155781,0.002316413070296404,0.0003405055149042061,0.0024233393466207348,0.9639756944444444,0.9304566401340595,5.886827570909873e-09,9.991823878999508e-07,5.556821646214845e-08,1.0,2.430473675945164e-05,0.002316413070296404,0.00013534026977635587,6.796129135407531e-05,0.002316413070296404,0.00011107735350751283,0.0001673381357057003,0.04711348795643356,5.74957699462199e-05,0.000743889067386712,0.00014808316029958103,0.00045492606276001504,0.002316413070296404,0.00047857486849976934,24,0.0,1.947287384023205e-07,6.64480003611015e-05,6.64480003611015e-05,5.856627958945622e-05,0.0,call,2.9153626390542044e-06,0.00020708318334072828,0.0,5.291076377034187e-06,0.004883465104697483,0.04709977598301114,0.049650668547795034,0.0,1.0,0.0,5.461792370385331e-05,0.00025799034449902614,9.41009411975957e-05,0.012596772915567548,0.0002406550548240202,0.0007557912199770103,0.00030016612717847585,0.002223187685250267,0.9637508139787281,0.9300377042312526,6.331042320599419e-09,9.920452527222284e-07,5.677646183163774e-08,1.0,9.70641221528233e-06,0.0003298126321086554,4.112110300234194e-05,5.820844366516046e-05,0.0007557912199770103,9.798745494794239e-05,0.0001476179939825016,0.04636602700240081,5.950255943283308e-05,0.0007557912199770103,0.00015487372171832113,0.0001625391596395765,0.0003401682292806796,0.0001816159214053175,call_T050_s040_r005_q006,17,validation
P0,0.008695208001881838,6.779097020626068e-05,0.00013270799536257982,0.0008658074932003436,8.826364151361155e-05,0.003358174635405141,0.0,0.3344676713660671,2.5487026020395165,2.552551674399258,0.0,0.15,102.0,0.000596948312427454,0.0022314279354764266,0.0008521769014195327,0.03284331870600134,0.0005663222574922728,0.002981841115121675,0.0008587326616949519,0.003678222281726476,0.4058866040339005,0.8353163872363439,0.0006390652680732659,0.002273840167424712,0.0009552623799147149,0.26807255055107176,0.0001111664932292923,0.002309941284673248,0.00020999070223625993,0.0006235736550009665,0.002981841115121675,0.0006210371989244358,0.0009355401356721712,0.05426993598818218,0.0007037157828020012,0.002981841115121675,0.0010082084402135629,0.0002931499328312256,0.002309941284673248,0.00036560911940764813,24,0.0,1.6753765731805325e-07,3.098561536083815e-05,3.098561536083815e-05,1.298592106612158e-05,0.0,call,7.892941422766652e-06,0.00020533287897706032,0.0,4.833913408219814e-06,0.0008322617036093799,2.559140971982335,2.56297290552125,0.0,0.15,102.0,0.000834748496558211,0.0025069201445380163,0.001095052385618945,0.0346016981075671,0.000645285366104342,0.003057703472496731,0.0009205962399462647,0.0036045565338364977,0.4012609181059959,0.8261222282314765,0.0006419703963751298,0.002273840167424712,0.0009571187679201593,0.26498395350854365,9.939284953362946e-05,0.0006064294069402232,0.00017283602737594087,0.0006426750057458904,0.003057703472496731,0.0006302872215119731,0.0009494733441302618,0.05464940786020206,0.0007159930466098406,0.003057703472496731,0.0010170761726343745,0.00040590403092056153,0.0008050412277984947,0.0004624798354120347,call_T050_s040_r005_q010,17,validation
P0,0.008396291988901794,8.141598664224148e-05,0.00013754202518612146,0.00046804073533829576,6.40459525211666e-05,0.0015359652041738777,0.0,0.0020140287519966665,0.23588671535461808,0.3145212515268684,0.0,1.0,0.0,0.0003209753097912512,0.0016700030250060838,0.0005663140686087408,0.02322382418734777,0.0004889891495360041,0.002453619234920934,0.0006771666897392756,0.0017564882677927678,0.9072552831253528,0.8819800048768593,2.3434406004528492e-05,0.00150848338466969,0.00012424926458980305,0.9340219496449322,6.309560331758678e-05,0.0012368270911985516,0.00017098894121615694,0.00024271352023122445,0.002453619234920934,0.00031398945840538465,0.0004734433522787225,0.02390797473758525,0.0002567834726990682,0.002453619234920934,0.0004983318082074176,0.00042070897456190264,0.0012368270911985516,0.00046002660350079284,24,0.0,2.675263125983794e-07,1.1334346501945448e-05,1.1334346501945448e-05,1.0708030339363515e-05,0.0,call,3.1503496997063756e-06,0.00022487505339086056,0.0,5.917041562497616e-06,0.0005866198760488737,0.2370139155124316,0.3169804346403955,0.0,1.0,0.0,0.0003421670189090786,0.001669678287245402,0.0005923721511657603,0.02367886025125065,0.0004449671737581211,0.0024559281362486196,0.0006515528452481866,0.0017264362353971382,0.904666332162569,0.8792977322604243,2.5096915097273533e-05,0.00150848338466969,0.00013046332381840033,0.9315422371480238,4.191543105217005e-05,0.000422167378815147,0.00010391156095944459,0.00022294439235300657,0.0024559281362486196,0.0003032227931463115,0.0004572082212777344,0.02416956328757162,0.00024315768701449678,0.0024559281362486196,0.0004874336085142172,0.00021972118558339049,0.00037910535169943804,0.00024439637792580526,call_T050_s060_r005_q003,17,validation
P0,0.008656500023789704,7.087492849677801e-05,0.00012833403889089823,0.00046433059574679667,6.793392789111921e-05,0.0015278557528732417,0.0,0.0,0.08513886933592742,0.08859996252754612,0.0,1.0,0.0,1.3119054128158647e-05,8.345019640842999e-05,2.4151332827225507e-05,0.015829567697186374,0.0006220351043663053,0.0027282915665242102,0.0008733393187668018,0.0025900406549610746,0.9496045426891098,0.9040447919683368,6.966899934347224e-09,9.829752590699108e-07,6.012712061157727e-08,1.0,3.9661704176461484e-05,0.001238932931041145,0.00014519512007068184,0.00022415971966768063,0.0027282915665242102,0.0003478127252347485,0.0005242640015204055,0.036903102442611295,0.000250620283656205,0.0027282915665242102,0.0005660972017808579,0.0002792224925804618,0.001238932931041145,0.0003426920791710543,24,0.0,1.7518143616087615e-07,0.00011149083900920341,0.00011149083900920341,9.529325183569891e-05,0.0,call,8.508734893206143e-06,0.00020408397540450096,0.0,4.875008016824722e-06,0.0052687603319741,0.07305034848801188,0.07743279045646786,0.0,1.0,0.0,3.132841904635193e-05,0.00014861487710959853,5.137075572694354e-05,0.01847677419859001,0.0006187313955752641,0.0027741660643554322,0.0008918750015396639,0.002555259082358599,0.9504559270516718,0.9055893426006372,7.182693971231318e-09,9.663216394685193e-07,6.012508081933365e-08,1.0,1.818181639683961e-05,0.00038221118103253985,6.0875772274063264e-05,0.00022229318499952423,0.0027741660643554322,0.0003546564670171755,0.0005345785082152718,0.0368481267240296,0.0002551200906893681,0.0027741660643554322,0.0005814180527132243,0.00014454723716066903,0.00046346260089510927,0.00016815110814482966,call_T050_s060_r005_q006,17,validation
P1,0.008423999999649823,7.983401883393526e-05,0.0001532919704914093,0.001815701238613858,0.00011849405764805578,0.012585086154813432,0.000388417043723166,0.20577817904021112,1.902422229569036,1.9887511317650541,0.0,0.19166666666666668,97.0,6.746401766046424e-06,4.190319749175497e-05,1.22277918075267e-05,0.39700224741997703,0.0016507722414165996,0.004604572725288275,0.0021453671094883203,0.003895904861035219,0.6603381785820231,0.9193788204196266,4.587735943292723e-05,0.0009238066199254029,0.00010427152597923626,0.5151823736345121,5.290325912933594e-05,0.0022272703270389297,0.00020181101462805258,0.0004666950257081352,0.004604572725288275,0.0007317155580542545,0.001102208784799945,0.03142829654687794,0.00041634928888754935,0.004604572725288275,0.0010019056978239284,0.002755429825969634,0.004603137237727498,0.0029903433117746507,24,0.020110192837465565,1.292730974157651e-07,2.1310521982526122e-05,2.1310521982526122e-05,1.8764710547165992e-05,0.0,call,4.656811454130346e-06,0.0006293350597843528,0.0,7.792026735842228e-06,0.0014131699624353056,1.9058582017848338,1.9926377955160772,0.0,0.19166666666666668,97.0,1.2803597147109657e-05,7.264576536025746e-05,2.2686558705480995e-05,0.3960262148077976,0.001724089072032096,0.004912025103779041,0.0022513530533206125,0.003934981057419867,0.6661909009812667,0.9253262844870312,4.1934175462381544e-05,0.0007775175035931465,9.016344840125568e-05,0.5204422969708232,5.878015647667559e-05,0.0016667077233589317,0.00022375858615419775,0.0004876058402253023,0.004912025103779041,0.000771011539837364,0.0011614011665617501,0.027716089306023286,0.0004201719050509221,0.00484910304133962,0.0010188053472186696,0.0031827965187842403,0.004912025103779041,0.003389927178607495,call_T050_s020_r005_q003,17,validation
P1,0.008375999983400106,6.791600026190281e-05,0.00012133398558944464,0.0017976927601054055,0.0001235832026886244,0.01071621845956862,0.0002698339521884918,0.16396972011945274,2.6222239153815914,2.629044773553933,0.0,0.31666666666666665,82.0,0.003068681830889197,0.005057954512763196,0.003331925800170849,0.025854981497983955,0.0018976493723524784,0.005057954512763196,0.002118534425701712,0.0039768575438653316,0.18176674446566235,1.0,0.000540967438217509,0.004828616922092355,0.0009497374820401834,0.09996888128209118,8.81634027496777e-05,0.0026360682913100873,0.0002353630951339128,0.0007065565794168253,0.005057954512763196,0.0007684332031041532,0.001157459088281289,0.033585952139368984,0.0007114033416892864,0.005007477451701214,0.0011306300297151252,0.0012716441166747698,0.0026360682913100873,0.0014024096738490645,24,0.0,5.9295250999956834e-08,7.587055602623713e-06,7.587055602623713e-06,5.901372443299718e-06,0.0,call,5.141824144684282e-06,0.0004640008555725217,0.0,4.916917532682419e-06,3.0498460709273048e-15,2.6286509639117934,2.635765196939916,0.0,0.31666666666666665,82.0,0.003118654714508574,0.005074941162734603,0.0033879753959619808,0.02650912029671506,0.00200407526482162,0.005063801930101031,0.0021955697229157577,0.003099925683385828,0.18221781055019856,1.0,0.0005478742657941346,0.005074941162734603,0.0009689800927815838,0.10024182853576723,8.417444739213027e-05,0.001173118838968465,0.00019496740733465067,0.0007290912742107782,0.005074941162734603,0.0007916728928283005,0.0011924633447848725,0.024079273393581374,0.0007172592478915687,0.004700194840816296,0.0011444527130970807,0.0016787167985992215,0.002775661600051743,0.0017801459903868842,call_T050_s020_r005_q006,17,validation
P1,0.008602167014032602,9.658397175371647e-05,0.00012408406473696232,0.0018570622461789616,0.0001280017351247677,0.010645710119044414,0.00022258399985730648,0.26814362108479756,2.5878291987471678,2.6056596583299507,0.0,0.175,99.0,0.00025143211780738917,0.0032405032451102433,0.000513131805158203,0.10859723814655659,0.0017176178011183323,0.004065801246310771,0.0021852323981187143,0.006129736121911861,0.6660547799623207,0.9053184504267893,4.866388426395779e-05,0.0002928271819873096,9.327033589994491e-05,0.5268225584594223,4.702414219825647e-05,0.003388421705830997,0.0003092464078967425,0.00022592113040210084,0.004065801246310771,0.00047641469872747555,0.0007175980733694791,0.058540468582260474,0.00012667661382884682,0.003348008046617987,0.0004212788942220978,0.0028054090188357355,0.004065801246310771,0.0029641527587244204,24,0.0,9.991339330109755e-08,9.611724743990133e-05,9.611724743990133e-05,4.3990462779034336e-05,0.0,call,3.7956291621082155e-06,0.0004480440402403474,0.0,4.792003892362118e-06,0.004020066794805016,2.5925110818752164,2.6104613504413154,0.0,0.175,99.0,0.0005315229025029109,0.0024680076216718194,0.0009202062228384148,0.10855574156059862,0.00146014295898012,0.0036435400208634366,0.001873915293366193,0.005009333781302278,0.6654100816780243,0.904005252790545,4.8701657765316166e-05,0.0002928271819873096,9.330599452004856e-05,0.5264606913429183,2.383494323939661e-05,0.0012825303799984759,0.0001268498632699041,0.00019957288489469037,0.0036435400208634366,0.00041093966255145487,0.0006189762023128157,0.06113647762689154,0.00011533996058890034,0.003048225126503823,0.0003747049285688453,0.0022908329351110715,0.0036435400208634366,0.002472063781032515,call_T050_s020_r005_q010,17,validation
P1,0.008817084017209709,7.741700392216444e-05,0.00014312495477497578,0.0008667010949011577,8.10139253777321e-05,0.0034210998741864037,0.00039129203651100397,0.18536009445100354,1.9738813536797704,1.9825648340389157,0.0,0.19166666666666668,97.0,0.0006149531513195116,0.000914512979910187,0.0006585199372590855,0.03598831855690988,0.001314721457385011,0.004149277946490809,0.0017124749195056488,0.0028862646707550404,0.2490886998784933,0.7048133595284872,0.00031561498529767123,0.0014254515697711412,0.0005025343795592437,0.15127556398903647,8.230422438205557e-05,0.002594868930885331,0.0002400853070920417,0.0006673938162252196,0.004149277946490809,0.0007258914186058747,0.0010936917368131412,0.019419584231184814,0.0006771209956815021,0.004149277946490809,0.001090230107755821,0.0020145792953558113,0.003510205601674643,0.0021335506297311445,24,0.019834710743801654,1.5346893084197708e-07,2.1568065382061253e-05,2.1568065382061253e-05,1.0706171372417834e-05,0.0,call,3.722107784723899e-06,0.0006173339206725359,0.0,5.499925464391708e-06,0.0003128309203887696,1.9773648002911968,1.9860375626029219,0.0,0.19166666666666668,97.0,0.0006016204243842998,0.0009055959594872487,0.0006434102761054186,0.03581895985675745,0.0012411154293176933,0.0040301396890416175,0.0016331194520643655,0.00270091033163908,0.24080674606624358,0.6802554027504911,0.0003183289418067954,0.0014254515697711412,0.0005044899799998464,0.1462976655751558,6.110202362233155e-05,0.0008057961243683326,0.00014348239460054688,0.0006444335307270457,0.0040301396890416175,0.0006983429629942695,0.0010521837783676999,0.02012608151514089,0.0006646005680185849,0.0040301396890416175,0.001063695762660315,0.0017189905296703509,0.0033391479168445592,0.0018894284190060788,call_T050_s040_r005_q003,17,validation
P1,0.008640791988000274,7.345806807279587e-05,0.00013679091352969408,0.0008601893903907523,8.49573851695777e-05,0.003351576068902474,0.00039087492041289806,0.10403500243072436,1.5334798831774792,1.9363608057740338,0.0,0.375,75.0,0.0003361488789561333,0.0005793026454948835,0.0003490311744867136,0.49910908741902055,0.00041230408409670784,0.0021832711911984777,0.00047777860103418617,0.0018920414007746358,0.8437109537692628,1.0,1.4903443463274123e-05,0.0003983386631597474,4.9062698865671536e-05,0.729671319225574,3.087591816792496e-05,0.0021832711911984777,0.0001194644030915085,0.0001108810860614451,0.0021832711911984777,0.00015841739984326803,0.00023865595925747353,0.017730567261248924,0.0001026549119372975,0.0009165252214259484,0.00023006064855906984,0.0004246834266140156,0.0021832711911984777,0.00049472985419188,24,0.0,9.820998981811411e-08,8.683892823994235e-06,8.683892823994235e-06,5.734952926860958e-06,0.0,call,2.9153626390542044e-06,0.0006063319742679596,0.0,5.208072252571583e-06,0.000882206800328981,1.5421511616905523,1.9434155533352926,0.0,0.375,75.0,0.00037996791789910914,0.0006002683686404664,0.0003947394239163367,0.49727196051006933,0.0003946360829720506,0.0009300860022438354,0.0004628215294040167,0.0015215247691450172,0.8439306358381503,1.0,1.5692412452961197e-05,0.0005028707287716427,5.3607169970636385e-05,0.73,2.7075540295295226e-05,0.0004884840173594706,8.266235014589934e-05,0.0001073418583451882,0.0009300860022438354,0.0001542295553913651,0.00023234665694482867,0.016387042750044056,0.00010511093961352392,0.0009300860022438354,0.00023546762256530877,0.0002689841761709359,0.0007523539633906284,0.0003266989965184745,call_T050_s040_r005_q006,17,validation
P1,0.00835458398796618,7.095909677445889e-05,0.0001336670247837901,0.0008658074932003436,8.826364151361155e-05,0.003358174635405141,0.0003501669270917773,0.17473435655253838,2.2659934398128394,2.2861642755567453,0.0,0.35,78.0,0.0025077020500589376,0.005034957783106919,0.00285816918473391,0.07732648312609885,0.0007914931540738782,0.005034957783106919,0.001284950565921113,0.003272730818906707,0.2372648003671409,1.0,0.0004926538475563299,0.004671818067478628,0.0009103064667116754,0.13460036448841448,7.560348320838121e-05,0.002529005273083461,0.00018443957393343393,0.0005562957407140184,0.005034957783106919,0.0006650900393364657,0.0010019020224757175,0.029945857600605585,0.0005911201932254942,0.004981910206874662,0.0010125926183565841,0.00032000698075564636,0.002529005273083461,0.0004082266834823633,24,0.0,8.115707600064825e-08,1.8668083730034165e-05,1.8668083730034165e-05,6.334742225724837e-06,0.0,call,7.892941422766652e-06,0.000559960026293993,0.0,5.166977643966675e-06,5.661707174929527e-05,2.279031041234106,2.299063523811224,0.0,0.35,78.0,0.002608808911781285,0.005067718835961854,0.0029650296892929926,0.07670955679830206,0.0007957791017899718,0.005067718835961854,0.0012705331578872945,0.002944493150696269,0.23715596330275227,1.0,0.0005034804468235742,0.00473301265574122,0.0009314550176382496,0.1345303148581837,5.5346198542802155e-05,0.0006262173185829778,0.00010187439583605844,0.0005656096329621868,0.005067718835961854,0.000672504501355865,0.0010130700354566487,0.025733213076727095,0.0006029718840324871,0.005032015199342765,0.0010210958398077172,0.00026244953147356627,0.000821052376314968,0.00033390889717033293,call_T050_s040_r005_q010,17,validation
P1,0.008485959027893841,7.354095578193665e-05,0.0001414580037817359,0.00046804073533829576,6.40459525211666e-05,0.0015359652041738777,0.0013589579612016678,0.17140079172164735,1.9556801714267482,1.9608634870562853,0.0,0.13333333333333333,104.0,0.0008911877665397194,0.0014746091979491727,0.0009813900944235373,0.04593397259596909,0.0009163177947335554,0.004545399694426466,0.0013992627023974343,0.004720856520631544,0.34740802675585286,0.911684037301152,0.00031172064931552667,0.001408599217184614,0.0004500938996554444,0.2145900581020013,0.00010484195616580748,0.001962657907504481,0.0002763680405211913,0.0005964895800444882,0.004545399694426466,0.0006728711531318466,0.0010145766549241834,0.026870233957345117,0.0005334130372486902,0.0040627885772032135,0.0008284893190273602,0.0030800292089618775,0.004545399694426466,0.0032451377753713435,24,0.006887052341597796,3.375938742698242e-07,4.415752924397133e-05,4.415752924397133e-05,2.5484417767230737e-05,0.0,call,3.1503496997063756e-06,0.0015795398503541946,0.0,5.582929588854313e-06,2.1941786542162116e-05,1.9587476128509154,1.9639319207770707,0.0,0.13333333333333333,104.0,0.0008994992713265648,0.0014801345133919064,0.0009917148549760594,0.046168919783401006,0.0008718030020852314,0.004428668838226485,0.0013353451657213478,0.004516339437068743,0.3397804495556717,0.8913878222709819,0.0003163252467179559,0.0014272915396282837,0.00045575763135744126,0.20989408421596487,8.275918730034803e-05,0.0015620855323982205,0.00019341903177916286,0.0005780724657794158,0.004428668838226485,0.0006464380716379175,0.000974718284971303,0.026297625489195793,0.0005220983079200332,0.003955753671880197,0.0008023921259352368,0.002872191449981709,0.004428668838226485,0.003078506607012645,call_T050_s060_r005_q003,17,validation
P1,0.008492416003718972,7.370894309133291e-05,0.00012783310376107693,0.00046433059574679667,6.793392789111921e-05,0.0015278557528732417,0.0003203330561518669,0.028821445933745398,1.1181427393721086,1.443027265268102,0.0,0.9666666666666667,4.0,1.3077683764956399e-05,8.345019640842999e-05,2.4128902382509007e-05,0.291754294883819,0.000746335353768378,0.0029156873672415706,0.0010093096228607228,0.002709067280254726,0.9327266146129582,0.9042510527371165,2.9560175403635564e-07,3.379712891227182e-05,1.8150592731879326e-06,0.9630539241857982,2.6673932631739815e-05,0.001190563184793915,9.465940070153034e-05,0.0002691369193981635,0.0029156873672415706,0.0004019648824712837,0.0006058884637209384,0.029655748585238183,0.0002557208278159628,0.0029156873672415706,0.0005806187590833151,0.001260399666196635,0.00239064293032365,0.0014186163474024978,24,0.0031680440771349864,2.262737918941728e-07,8.546486007553538e-05,8.546486007553538e-05,7.514938381301972e-05,0.0,call,8.508734893206143e-06,0.0005268751410767436,0.0,5.00003807246685e-06,0.002499473992858362,1.1202713230980395,1.4511557166298883,0.0,0.9666666666666667,4.0,3.1703872024613974e-05,0.00014861487710959853,5.204726336821972e-05,0.28861256949804737,0.0008002052289723859,0.0030189076790589353,0.0010798045713148392,0.0028479487190090982,0.9336088865926117,0.9058552235813114,2.953252583445315e-07,3.379712891227182e-05,1.8135123850971227e-06,0.963116938492698,2.5315203264549626e-05,0.0005324002255375701,8.368257987933139e-05,0.00028767501882680696,0.0030189076790589353,0.00042938823866920316,0.0006472227223248389,0.02981311791853915,0.0002692740040662524,0.0030189076790589353,0.0006139866627508843,0.0014334833135528366,0.0025107375519174135,0.001567461446661488,call_T050_s060_r005_q006,17,validation
P2,0.008353792014531791,7.895799353718758e-05,0.00015666696708649397,0.001815701238613858,0.00011849405764805578,0.012585086154813432,0.0003826250322163105,0.01090353496770609,0.11245612919214937,0.11944602267316301,0.0,1.0,0.0,6.67700882210955e-06,4.190319749175497e-05,1.2173797001989062e-05,0.005975187196974185,0.0015599234433896166,0.0060949241663735484,0.0023011895277338253,0.005038411504445998,0.9783534100172085,0.9576241134751773,5.7041913373041655e-09,9.842609541843572e-07,5.542253801505545e-08,1.0,3.2749677648940814e-05,0.002140009430699888,0.0001594031560988423,0.00040902996488269684,0.0060949241663735484,0.0007822660748212006,0.0011783547995230235,0.033258446139419875,0.00030437829290522097,0.005603300268689937,0.0009215525706734731,0.003681274008902002,0.0060949241663735484,0.004039085511837307,24,0.0,2.2442790732102259e-07,1.6364855317388904e-05,1.6364855317388904e-05,1.39043384591552e-05,0.0,call,4.656811454130346e-06,0.0006260840455070138,0.0,7.834052667021751e-06,0.0011513185859493673,0.10462768501599691,0.11176456930711895,0.0,1.0,0.0,1.2558374880060804e-05,7.264576536025746e-05,2.2555064744427078e-05,0.00619079645898188,0.0016251065203507517,0.0064794886824540154,0.002431424590890616,0.00571435600229325,0.9764994102168587,0.9540780141843972,6.007584379238266e-09,9.780518248694672e-07,5.5516379529002976e-08,1.0,4.3948537878074295e-05,0.0022658576291519905,0.0002311810296714335,0.0004305616314502872,0.0064794886824540154,0.0008308333956984708,0.0012515128829150928,0.035765599043075455,0.0003082592624845445,0.0058478305847412815,0.0009439446386691382,0.004122283882361711,0.0064794886824540154,0.004445982342175881,call_T050_s020_r005_q003,17,validation
P2-S,0.0082878329558298,9.008299093693495e-05,0.00012666592374444008,0.001815701238613858,0.00011849405764805578,0.012585086154813432,0.0003826250322163105,0.2859226335162164,nan,nan,0.0,0.0,120.0,1.630407599353077e-05,6.676960334806026e-05,2.6095470723593842e-05,nan,0.0015605810269289074,0.0060949241663735484,0.002300989714840945,0.005038101701004242,0.2846424384525205,0.9136979427997993,2.7613429275336718e-05,6.931471805606276e-05,3.7879775331449584e-05,0.16857989261247916,8.144154423855453e-05,0.002140009430699882,0.0001690826216979357,0.00042957112392679885,0.0060949241663735484,0.0007824963277561843,0.0011787016375871752,0.03251558148391788,0.0003225108447302086,0.005603300268689937,0.0009218578719763877,0.0036816525450331814,0.0060949241663735484,0.004039091221140965,24,0.12506887052341598,2.2441740359061789e-07,1.022196582579538e-05,1.022196582579538e-05,1.007807885379058e-05,0.0,call,4.656811454130346e-06,0.0006962489569559693,0.0,9.68750100582838e-05,0.0011513185859493673,nan,nan,0.0,0.0,120.0,2.195334088514328e-05,7.260205187586966e-05,3.2106024030477444e-05,nan,0.0016259727128069758,0.0064794886824540154,0.002431234875063288,0.005712606664561096,0.28976871814974514,0.9272453587556447,2.7579378188403657e-05,6.931471805606276e-05,3.7911864902312994e-05,0.17171529455491544,9.253751667901356e-05,0.0022658576291519905,0.00023792537387680107,0.00045105917772296007,0.0064794886824540154,0.0008310487540271616,0.0012518372845631185,0.03518761337103487,0.0003263569679001885,0.0058478305847412815,0.0009442404715110695,0.004122545862453553,0.0064794886824540154,0.0044459851911400885,call_T050_s020_r005_q003,17,validation
P2,0.008599875029176474,7.441709749400616e-05,0.00013399997260421515,0.0017976927601054055,0.0001235832026886244,0.01071621845956862,0.00034975004382431507,0.23258559622195984,2.381218175359142,2.474814424730848,0.0,0.5,60.0,0.0014177325402396723,0.0021581757436462956,0.0015072753544868843,0.23732444575620112,0.0011087271405027471,0.002677558520993821,0.0011958677128302848,0.002206388114533833,0.5569463934886332,1.0,0.00018748911195173114,0.002038832543684699,0.000423013814005994,0.3859498988641668,4.406718182767149e-05,0.002677558520993821,0.00018708105146358794,0.0002999303630288888,0.002677558520993821,0.00038233199930546907,0.0005758908458786231,0.01959833686130222,0.0002822570940019531,0.002196155739235345,0.0005468577009433714,0.0009054924410098171,0.002677558520993821,0.0010141195173629413,24,0.0,4.313607362766008e-08,1.925031351915497e-06,1.925031351915497e-06,1.8473413024856563e-06,0.0,call,5.141824144684282e-06,0.0005632081301882863,0.0,5.041016265749931e-06,0.00010479525574570324,2.3899146208298103,2.484349838292491,0.0,0.5,60.0,0.001480570756870446,0.002252480217635161,0.001575684247660323,0.23736618061772807,0.0012532222890539715,0.002252480217635161,0.0013428993621329307,0.001428259888322173,0.5580427446569179,1.0,0.00019008058022703045,0.0021587502315263407,0.0004314259858294482,0.38700366643263906,3.964231819179116e-05,0.0007518922995097335,0.00012012387459812369,0.0003223833050055761,0.002252480217635161,0.00041321241259028777,0.0006224043542323329,0.014700274001392443,0.0002878667478425066,0.002038795811773464,0.0005632532903773327,0.0013105867047564419,0.002000040627296945,0.0013870328695184434,call_T050_s020_r005_q006,17,validation
P2-S,0.008225959027186036,7.104198448359966e-05,0.00012558302842080593,0.0017976927601054055,0.0001235832026886244,0.01071621845956862,0.00034975004382431507,0.3096048336690048,nan,nan,0.0,0.0,120.0,0.0014181451519891522,0.0021581757436466287,0.001507327869532246,nan,0.0011088074566572835,0.002677558520993821,0.0011958914876174967,0.0022335115844714505,0.05463488460083239,1.0,0.00023027790004733384,0.0020388325438238653,0.00042764986193697616,0.028084642912711996,9.711509918742374e-05,0.002677558520993821,0.00019790090352174048,0.00033750638974489413,0.002677558520993821,0.0003843265359505603,0.0005788951337691582,0.019656161171293002,0.00032016363513340685,0.0021961557392354003,0.0005501332876571549,0.0009058086993598536,0.002677558520993821,0.0010141635807151795,24,0.0,4.3103038035084116e-08,1.9249880614895478e-06,1.9249880614895478e-06,1.8472996090802416e-06,0.0,call,5.141824144684282e-06,0.0006423341110348701,0.0,9.595905430614948e-05,0.00010479525574570324,nan,nan,0.0,0.0,120.0,0.0014809798884510912,0.0022524802176352166,0.0015757316682422314,nan,0.0012534570529747233,0.0022524802176352166,0.0013429429580980026,0.0014651869469066467,0.05477996965098635,1.0,0.00023296402412167327,0.0021587502315684737,0.0004359741245807189,0.028161323036118263,9.269023555154487e-05,0.0007518922995097335,0.00013634647404321774,0.00035995933172158155,0.0022524802176352166,0.0004150582525240855,0.0006251846647385199,0.014782182175250581,0.00032577329578228756,0.002038795811773464,0.0005664339712486392,0.001310902963106482,0.002000040627296945,0.0013870619212391325,call_T050_s020_r005_q006,17,validation
P2,0.008337167091667652,7.245794404298067e-05,0.00012800004333257675,0.0018570622461789616,0.0001280017351247677,0.010645710119044414,0.0003404170274734497,0.24341968192235572,2.634152905009604,2.642641638694499,0.0,0.18333333333333332,98.0,9.931534506952954e-05,0.002632977660716901,0.00022448359503593045,0.055676198275576946,0.0002613587694354564,0.0026643064393702433,0.0003412088940096303,0.0018231116811215416,0.7026233359436178,0.9771304111080861,3.9531749878518904e-05,0.00022877927654585406,7.293510542747707e-05,0.5485251413724591,2.7478601059069067e-05,0.0026643064393702433,0.0001746685646251965,6.30916853618218e-05,0.0026643064393702433,8.686649617686783e-05,0.00013084237422434215,0.015838643908006128,5.579247035356512e-05,0.0005273299301824103,0.00010055232891657258,0.000339615809444368,0.0026643064393702433,0.0004476849424157834,24,0.0,4.215956325554875e-08,4.81836054156604e-06,4.81836054156604e-06,4.6623577584650955e-06,0.0,call,3.7956291621082155e-06,0.0005458340747281909,0.0,4.959059879183769e-06,0.002662335328959771,2.640050388808957,2.64869715717873,0.0,0.18333333333333332,98.0,5.085098975520328e-05,0.00023276932490624153,8.41526406413559e-05,0.055613011695322644,0.00020725674037763066,0.0004977090102305081,0.00026302552848332347,0.0008502074851336062,0.7019880521006757,0.9757691260549959,3.956253949001384e-05,0.00022877927654585406,7.296298995354711e-05,0.5481798715203426,1.466562135515915e-05,0.00039468437167327914,4.4703083212624266e-05,5.748764190030823e-05,0.0004977090102305081,7.317868095613352e-05,0.00011022509179876761,0.009760570053968284,5.534132772734485e-05,0.0004977090102305081,0.00010344871915457383,0.00022860516082264757,0.0004889868860214978,0.00027105712681101867,call_T050_s020_r005_q010,17,validation
P2-S,0.008330165990628302,7.504108361899853e-05,0.0001230000052601099,0.0018570622461789616,0.0001280017351247677,0.010645710119044414,0.0003404170274734497,0.32759219390235433,nan,nan,0.0,0.0,120.0,9.755480539116737e-05,0.0026329776607136226,0.0002207115903440356,nan,0.00026777527620441843,0.0026643064393702433,0.0003419401083398804,0.0018770451559439922,0.3594239198497182,0.9951456310679612,7.046380914901502e-05,0.0002384456780730737,9.466866974735281e-05,0.21931835549442152,7.816357156822036e-05,0.0026643064393702433,0.0001859384314595888,9.141998231144603e-05,0.0026643064393702433,9.489043740962525e-05,0.0001429284093211526,0.01524324224722408,8.305643500094436e-05,0.0005273299301824103,0.00011643665671024985,0.0003405113693925685,0.0026643064393702433,0.0004477444882590613,24,0.12369146005509642,4.2069073964553175e-08,4.943855112741796e-06,4.943855112741796e-06,4.693538434653797e-06,0.0,call,3.7956291621082155e-06,0.0006385002052411437,0.0,0.00010004208888858557,0.002662335328959771,nan,nan,0.0,0.0,120.0,5.619095239646893e-05,0.00023276932490636643,8.597209362589505e-05,nan,0.00021512237610081596,0.0004977090102305081,0.00026441025940600554,0.0009204661300008618,0.36140350877192984,1.0,7.0409986526545e-05,0.0002384456780730737,9.468421845501611e-05,0.22055674518201285,6.549015603456461e-05,0.00039468437167327914,7.791261737355039e-05,8.587852622217606e-05,0.0004977090102305081,8.260153952793066e-05,0.0001244182343576742,0.009484911279739092,8.252680778543113e-05,0.0004977090102305081,0.00011889187360905264,0.00023002248514932325,0.0004889868860214978,0.0002712529009311628,call_T050_s020_r005_q010,17,validation
P2,0.008419167017564178,6.874999962747097e-05,0.00012279103975743055,0.0008667010949011577,8.10139253777321e-05,0.0034210998741864037,0.00035616604145616293,0.03854434335717758,0.8720265236288357,1.2294547126877944,0.0,0.6666666666666666,40.0,4.54149541337101e-06,2.8351690649630612e-05,7.97368874724626e-06,0.35201108411832543,0.0012446210121609502,0.003222409719895236,0.001588021357231455,0.002555406530731802,0.9073220167215607,0.8735486388915992,1.762214413939518e-07,5.877520858449965e-06,7.313350756466944e-07,0.9438119333755007,6.043766986889818e-05,0.0027426523421679944,0.00025232834382896824,0.00043833706401767366,0.003222409719895236,0.0006254061095849561,0.0009422917487014703,0.017376502950839763,0.0004105838934817021,0.003222409719895236,0.0008923800190417616,0.002204084465165882,0.003123191545024828,0.0022948618230924276,24,0.0049586776859504135,1.0789962088645829e-07,4.215626170794157e-05,4.215626170794157e-05,2.6733615498404834e-05,0.0,call,3.722107784723899e-06,0.000552749028429389,0.0,5.041947588324547e-06,0.0008123551514530852,0.8707230426031195,1.232339792542949,0.0,0.6666666666666666,40.0,7.317213183943849e-06,4.1890350768403195e-05,1.2586876026198342e-05,0.35256803639984496,0.0011752453275983151,0.0031945846237919073,0.0015009321148721098,0.0021318427974857967,0.9067762223574761,0.8721826519660455,1.7365986703487867e-07,5.8362841840990086e-06,7.237174062848915e-07,0.9442273159395795,3.9061722590672835e-05,0.0009726270266619749,0.00013728712280779645,0.00041543360173177383,0.0031945846237919073,0.0005921969191456129,0.00089225498779667,0.01649098631105815,0.000397839098115033,0.0031945846237919073,0.0008612829965614332,0.0019082611302138426,0.002943716460033635,0.002039040965592609,call_T050_s040_r005_q003,17,validation
P2-S,0.008409042027778924,6.716698408126831e-05,0.00012325006537139416,0.0008667010949011577,8.10139253777321e-05,0.0034210998741864037,0.00035616604145616293,0.3070352107785263,nan,nan,0.0,0.0,120.0,8.183421402614688e-06,6.475311667042405e-05,1.5220385257076087e-05,nan,0.0012410439122491068,0.003222409719895236,0.0015869866246383873,0.002599548237286072,0.3911620294599018,0.8741770299926848,3.655613017858583e-05,7.229612132828913e-05,4.6905682395510615e-05,0.2519502424625764,0.00010308367240011332,0.0027426523421679935,0.0002574483101185025,0.0004606483722777277,0.003222409719895236,0.0006255006316044624,0.0009424341638740857,0.016412689133851764,0.00043166603466037324,0.003222409719895236,0.0008923720512306854,0.002204176642754939,0.003123191545024828,0.002294863920768552,24,0.09614325068870523,1.0789666179950133e-07,4.2156090529421234e-05,4.2156090529421234e-05,1.8389998896790867e-05,0.0,call,3.722107784723899e-06,0.0006422491278499365,0.0,9.566603694111109e-05,0.0008123551514530852,nan,nan,0.0,0.0,120.0,1.0814183884328329e-05,6.412717812342983e-05,1.7884296401131985e-05,nan,0.0011717845552249762,0.0031945846237919073,0.0014998158905793321,0.0021824499910371334,0.3952135070895828,0.8818580833942941,3.633676924448982e-05,7.225488465393817e-05,4.67657771663234e-05,0.25467413119256366,8.127504201867173e-05,0.0009726270266619749,0.00014630008086801986,0.0004375939815020567,0.0031945846237919073,0.0005922825056976938,0.0008923839398825617,0.015565604501140574,0.000418798203756671,0.0031945846237919073,0.0008612523698742025,0.0019082091340494635,0.002943716460033635,0.0020390400648755145,call_T050_s040_r005_q003,17,validation
P2,0.008344750036485493,6.912497337907553e-05,0.000124208047054708,0.0008601893903907523,8.49573851695777e-05,0.003351576068902474,0.0003226250410079956,0.18167928328356137,2.088161264986327,2.2444616751607915,0.0,0.24166666666666667,91.0,0.00035501099629266176,0.0006748241690539558,0.00037808936541371585,0.5135536101599804,0.000679857560749535,0.0020619086164691738,0.000774180055790571,0.0011708968836751123,0.6735547061634019,1.0,1.911283217478829e-05,0.00045702493138555234,5.163043645377528e-05,0.5077892841062585,2.304282226375141e-05,0.0020619086164691738,9.253469046427231e-05,0.00017869164238176215,0.0020619086164691738,0.0002543053267087481,0.00038311120969039536,0.009219590131698567,0.00015907078584183603,0.0014031160245059071,0.0003498053352957849,0.0009145170887487465,0.0020619086164691738,0.0009996358459230387,24,0.0,1.0849155373961461e-07,8.382615366897355e-07,8.382615366897355e-07,7.329037492511469e-07,0.0,call,2.9153626390542044e-06,0.000520958099514246,0.0,5.00003807246685e-06,0.00037021548344743586,2.0950115301216146,2.2514619392629336,0.0,0.24166666666666667,91.0,0.00040938276759508723,0.0007239809302693745,0.0004367886180430463,0.5136900452685111,0.0007766851687972473,0.0016268767884827368,0.0008940861067989891,0.001262687103908981,0.6737558993966187,1.0,2.0542089101010113e-05,0.0005768630212014125,5.8009886644288676e-05,0.508018018018018,3.2593614289070834e-05,0.0007365759706389613,0.00011216772547081519,0.00020341912244602588,0.0016268767884827368,0.00029378854057007065,0.0004425921158687191,0.00945764905282169,0.00017385385229586173,0.0015675275981205383,0.00039128949133477263,0.0011879340482533673,0.0016268767884827368,0.0012413216143410768,call_T050_s040_r005_q006,17,validation
P2-S,0.008285999996587634,6.666709668934345e-05,0.00012574996799230576,0.0008601893903907523,8.49573851695777e-05,0.003351576068902474,0.0003226250410079956,0.2436280297242864,nan,nan,0.0,0.0,120.0,0.0003601678004312661,0.000674856700254467,0.00038105078629249413,nan,0.0006830606530609184,0.0020619086164691738,0.000774641797283597,0.0012178450838163052,0.06296877725449154,1.0,6.526599171100258e-05,0.00045804633987933663,8.089338984116692e-05,0.0325078793336335,7.786473714081953e-05,0.0020619086164691738,0.00011264867261904439,0.00021447177837402437,0.0020619086164691738,0.00025698900867561334,0.0003871541790534696,0.009303877442932047,0.00019455920337177143,0.0014031160245059071,0.0003542688658779614,0.0009146110002501005,0.0020619086164691738,0.0009996448901372153,24,0.014944903581267217,1.0848617041120628e-07,1.0040762572015568e-06,1.0040762572015568e-06,7.563863767684716e-07,0.0,call,2.9153626390542044e-06,0.0006116670556366444,0.0,9.662494994699955e-05,0.00037021548344743586,nan,nan,0.0,0.0,120.0,0.00041333306535601064,0.0007239868683306394,0.00043864641003962557,nan,0.000780521028548053,0.0016268767884827368,0.0008945104484219277,0.001304139292582109,0.06299624814588604,1.0,6.651273845403203e-05,0.0005771749376207724,8.497730514069312e-05,0.03252252252252252,8.741553942340308e-05,0.0007365759706389613,0.00012918537102826175,0.00023919925954022338,0.0016268767884827368,0.0002961092567312149,0.00044608827223376497,0.009649700809166021,0.00020936287537770545,0.0015675275981205383,0.0003952910972006173,0.001188027986423608,0.0016268767884827368,0.001241324989303501,call_T050_s040_r005_q006,17,validation
P2,0.008395667071454227,6.695801857858896e-05,0.00012574996799230576,0.0008658074932003436,8.826364151361155e-05,0.003358174635405141,0.0003102089976891875,0.3212723105771234,2.510883220862225,2.520187737816865,0.0,0.3333333333333333,80.0,0.00016208440812390273,0.0007013195740540601,0.0002438441458316439,0.07525755844030595,0.000450551662319552,0.002036100873845788,0.0005844125453123969,0.0024057349308306574,0.2356361410756637,0.9948320413436692,0.00017672441486752102,0.0007057727577746142,0.00026086801795148197,0.13364575197431225,2.20117000179629e-05,0.002036100873845788,8.256000100140826e-05,0.00023503964999868916,0.002036100873845788,0.00023591072773826088,0.00035537960466298436,0.029669088271749668,0.00022958767569141955,0.0012824009860788466,0.00031507072183512485,0.0009193541408377979,0.002036100873845788,0.0010052103669620364,24,0.0,2.0360314814217608e-07,1.1929858860824943e-05,1.1929858860824943e-05,1.1805861751614533e-05,0.0,call,7.892941422766652e-06,0.0005079578841105103,0.0,5.040899850428104e-06,0.0001376440545400176,2.52201162906837,2.5313531144557975,0.0,0.3333333333333333,80.0,0.0002207849200813031,0.000734080626908995,0.00030741803687756595,0.07825350135016836,0.0005147708487243869,0.0016359894388462692,0.0006989564596936168,0.0025899092181826257,0.23675154852030286,1.0,0.0001773742240433176,0.0007057727577746142,0.0002615302318402828,0.13427010148321625,2.7602308069561378e-05,0.000993394366177,0.0001038383503519956,0.00024908915444475785,0.0016359894388462692,0.000263616593242679,0.00039711566379836347,0.02913897363625903,0.0002316055403172063,0.0014672355245150329,0.0003278590013658606,0.0011978608692647867,0.0016359894388462692,0.00126074886437125,call_T050_s040_r005_q010,17,validation
P2-S,0.00830225006211549,6.995792500674725e-05,0.00012925011105835438,0.0008658074932003436,8.826364151361155e-05,0.003358174635405141,0.0003102089976891875,0.31641086186540734,nan,nan,0.0,0.0,120.0,0.00018127677456168464,0.0007013296728213825,0.0002486965186057802,nan,0.00045432656567742153,0.002036100873845788,0.0005851161632669737,0.0024300940428349316,0.060753954897340964,1.0,0.00020810358525035272,0.0007058587939350325,0.0002689960784938172,0.03132864705371865,7.573652559958055e-05,0.002036100873845788,0.00010619029753375328,0.00026054011642797725,0.002036100873845788,0.0002392170023774874,0.00036036022841613225,0.029221688152278873,0.00025271796399139405,0.0012824009860788535,0.00032077169177945584,0.0009195003381091365,0.002036100873845788,0.0010052178290999132,24,0.0,2.0359367171046137e-07,1.192958602489389e-05,1.192958602489389e-05,1.1805592511889826e-05,0.0,call,7.892941422766652e-06,0.0006050830706954002,0.0,9.566603694111109e-05,0.0001376440545400176,nan,nan,0.0,0.0,120.0,0.00023679057572010005,0.0007340907256763174,0.0003109060051043103,nan,0.0005190389301020902,0.0016359894388462692,0.0006995733157423601,0.002607194469082433,0.0607232968881413,1.0,0.00020868197177781512,0.0007058587939350325,0.0002696151203237346,0.03131234278775263,8.157260661471816e-05,0.000993394366177,0.00012344130282797945,0.00027464951868753055,0.0016359894388462692,0.0002665794960771646,0.0004015790214019709,0.028793020963108294,0.000254852054914171,0.0014672355245150398,0.00033335099795957446,0.001198029939590141,0.0016359894388462692,0.001260752977771238,call_T050_s040_r005_q010,17,validation
P2,0.008429458015598357,6.620807107537985e-05,0.00012462504673749208,0.00046804073533829576,6.40459525211666e-05,0.0015359652041738777,0.00031533301807940006,0.08903396069171471,1.8928792228407747,1.8998376629525786,0.0,0.2,96.0,0.0012938962227908636,0.0022366789010490606,0.0014350261538302435,0.08108440498469585,0.0026008748907778525,0.008055669200542015,0.003162893192786282,0.0037756483383277707,0.3237744832810302,1.0,0.00037215928906609875,0.002104524715462297,0.000576464595110184,0.1931568754034861,0.00013439501359281745,0.0016789884316915638,0.0002837197564639194,0.0014218978854327576,0.008055669200542015,0.0014662183915904396,0.0022108110062442465,0.02570793479624454,0.0014818874993858617,0.008055669200542015,0.0022453590744927958,0.003454820928856682,0.0065713214285803845,0.0038345673622032866,24,0.001859504132231405,5.195714290110493e-07,1.173123964011543e-05,1.173123964011543e-05,2.7814681593142227e-06,0.0,call,3.1503496997063756e-06,0.000510999234393239,0.0,4.833098500967026e-06,2.867176089232034e-06,1.8967768272609742,1.9036066755584018,0.0,0.2,96.0,0.001317209852102784,0.0022574047949905918,0.0014622100288281224,0.07788277538309483,0.002641281405574408,0.00814234533065672,0.003216695966485816,0.0038572070907841437,0.32214765100671144,0.9946524064171123,0.00037881296857946426,0.0021348321951935034,0.0005858908649401882,0.19219839834668045,0.00015224774165114224,0.0018914714876675093,0.0003362222718500423,0.0014449129444573496,0.00814234533065672,0.0014914298752798645,0.0022488217108011127,0.025904063298690858,0.0014985979479051187,0.00814234533065672,0.002276491946503475,0.0036539760779109717,0.006682327147662731,0.003985606173999185,call_T050_s060_r005_q003,17,validation
P2-S,0.008381042047403753,6.749993190169334e-05,0.00012391596101224422,0.00046804073533829576,6.40459525211666e-05,0.0015359652041738777,0.00031533301807940006,0.11979998611014654,nan,nan,0.0,0.0,120.0,0.0012963007200144825,0.00223667890106527,0.0014352547722797607,nan,0.002603476474474533,0.008055669200542015,0.0031629543899361085,0.003791113480314191,0.08906982482112016,1.0,0.00039789754413621154,0.0021045247155349056,0.0005791971125495699,0.04661071659134926,0.0001720312645248311,0.0016789884316915638,0.0002909569469316116,0.0014367386276423289,0.008055669200542015,0.0014664962731519757,0.002211230004954261,0.025945185098626287,0.0014947246813127946,0.008055669200542015,0.0022457309064651426,0.0034548210978869336,0.0065713214285803845,0.0038345673679307775,24,0.021556473829201103,5.195498243087262e-07,1.1730968116886263e-05,1.1730968116886263e-05,2.7814057357041172e-06,0.0,call,3.1503496997063756e-06,0.0005949159385636449,0.0,8.816702757030725e-05,2.867176089232034e-06,nan,nan,0.0,0.0,120.0,0.0013195872510005544,0.00225740479500236,0.0014624323158399944,nan,0.002644231954626894,0.00814234533065672,0.00321675767266143,0.003872562617150865,0.08910280143156854,1.0,0.00040424314707954325,0.002134832195247016,0.0005885603993473738,0.046628778093515885,0.0001898670438803927,0.0018914714876675093,0.00034231741673422435,0.0014597504746711816,0.00814234533065672,0.0014917018985417464,0.002249231875454042,0.026147963589707664,0.0015114334855240957,0.00814234533065672,0.0022768572898211356,0.003653976246941223,0.006682327147662731,0.0039856061794005465,call_T050_s060_r005_q003,17,validation
P2,0.008161625009961426,6.999995093792677e-05,0.00012641598004847765,0.00046433059574679667,6.793392789111921e-05,0.0015278557528732417,0.0003149170661345124,0.11202166817140079,1.66447467801382,1.753151553849678,0.0,0.9166666666666666,10.0,0.00013805333782952937,0.00047871297569768156,0.0001907089276018225,0.2836501456645639,0.0030279335225404927,0.007554166320488054,0.0037636919253757097,0.00475999350657675,0.7796720458094744,0.9980009995002499,2.0211453349083788e-05,0.0002493305066604279,4.566199414977421e-05,0.6397223705285638,0.00011758638638737741,0.002235902789005352,0.0003844637202829903,0.0011040678591310571,0.007554166320488054,0.001499109118073224,0.0022596325204212956,0.02091169353770099,0.001059557201649561,0.007554166320488054,0.0021680645016653433,0.004929303977966158,0.007438556470407975,0.00526419824391299,24,0.0,3.7638430274767797e-07,4.383868705485218e-05,4.383868705485218e-05,3.729798366140552e-05,0.0,call,8.508734893206143e-06,0.0005164170870557427,0.0,5.084089934825897e-06,0.001042131560183345,1.6764655399443746,1.764564007228517,0.0,0.9166666666666666,10.0,0.00021861502236058186,0.000572649905574707,0.00027167880810832643,0.2819125308971206,0.0031090603428659503,0.007647269189180406,0.0038548831517904673,0.0049453452885739446,0.7802912116484659,0.9998334166250208,2.0966730114393835e-05,0.00034126831229253085,4.8163440047630434e-05,0.6398038588636605,0.00013950141262096617,0.0026472715840061417,0.000462629093668277,0.0011304109212948586,0.007647269189180406,0.0015331179030061437,0.0023108894316805433,0.022014253871588733,0.001078263218635876,0.007647269189180406,0.0022102827298916003,0.005143221960958065,0.007558651092001739,0.005437377901516321,call_T050_s060_r005_q006,17,validation
P2-S,0.008125874912366271,7.42919510230422e-05,0.00012333400081843138,0.00046433059574679667,6.793392789111921e-05,0.0015278557528732417,0.0003149170661345124,0.19931939718035974,nan,nan,0.0,0.0,120.0,0.00015722780874051045,0.00047910734754019746,0.00019928255082688812,nan,0.003029985032118375,0.007554166320488054,0.003763756837236553,0.0047638952142632805,0.21312726578897156,1.0,6.537650487533276e-05,0.0002572626665006128,7.795144564520615e-05,0.1192738921516284,0.00016726664017588258,0.002235902789005352,0.00038915457470284646,0.0011336966052601627,0.007554166320488054,0.0014995097055520528,0.0022602363327012174,0.02092955296123254,0.0010881094424335395,0.007554166320488054,0.002168693274684364,0.004929304063128926,0.007438556470407975,0.005264198247322708,24,0.0,3.76366797693429e-07,2.6440551888329945e-05,2.6440551888329945e-05,2.3731322294320325e-05,0.0,call,8.508734893206143e-06,0.0006075019482523203,0.0,9.495893027633429e-05,0.001042131560183345,nan,nan,0.0,0.0,120.0,0.00023351074600397426,0.0005727431502973168,0.00027688474438647664,nan,0.003111297197656071,0.007647269189180406,0.0038549469822640055,0.004949068350561066,0.21280243855972567,1.0,6.597852171765649e-05,0.0003445104489749884,7.937583199395866e-05,0.11907046157126105,0.00018918166640947138,0.0026472715840061417,0.00046652152020615096,0.0011600551719079485,0.007647269189180406,0.0015335093631535489,0.0023114794848759237,0.021925735012674422,0.0011069008016553479,0.007647269189180406,0.0022109008512495466,0.005143222046120833,0.007558651092001739,0.005437377904943921,call_T050_s060_r005_q006,17,validation
P0,0.008510917075909674,9.295903146266937e-05,0.00013912504073232412,0.001815701238613858,0.00011849405764805578,0.012585086154813432,0.0,0.13702340440308355,0.28900965643860216,0.33182759917054766,0.0,1.0,0.0,0.00013246880172234816,0.00039439729566781434,0.00019555897578659397,0.014067808150308475,0.0008684227141330678,0.0029153087667811214,0.001120283181570479,0.0029197148406316024,0.8310651795763839,0.9288655077767612,8.078632445600144e-05,0.0009320657960226512,0.00021937291952477784,0.751897796704314,5.522834056013258e-05,0.0029153087667811214,0.0002157197662246633,0.00028731156863128025,0.0029153087667811214,0.0004008473229730094,0.0006038103684979081,0.0365629436688575,0.0002758086328459794,0.00245255854917778,0.0005879932348596841,0.0012070365229575734,0.0029153087667811214,0.0013231216035489235,32,0.04104683195592287,1.1127547155796586e-07,4.6341941422959034e-05,4.6341941422959034e-05,1.6758655525355885e-05,0.0,call,3.3702015058570633e-06,0.00023829215206205845,0.0,6.208079867064953e-06,0.001419644117761111,0.2952684145548242,0.33936435292227163,0.0,1.0,0.0,0.00013946518385980072,0.0003956590018342476,0.00019954330543685636,0.014275422688702051,0.0007776364142450809,0.0023950028780942434,0.0010292933143027806,0.002603606322510712,0.8335896647185481,0.9297804208600183,7.998603044718025e-05,0.000932065705984254,0.00021901638758877923,0.7554357926036053,3.50454134084286e-05,0.0005735846644506892,9.416422362337339e-05,0.0002648221645057867,0.0023950028780942434,0.00037315356686201255,0.0005620940355207084,0.03945642174670065,0.0002716407065045724,0.0023950028780942434,0.0005768774394323371,0.0007442330908368203,0.001850656619504648,0.0009144669253983231,call_T050_s020_r005_q003,17,validation
P0,0.008552999934181571,9.120895992964506e-05,0.00012266705743968487,0.0017976927601054055,0.0001235832026886244,0.01071621845956862,0.0,0.2287658865198972,2.3892369916597733,2.5147000791798386,0.0,0.15,102.0,6.74249205457951e-05,0.0005237784148974522,0.00013461830241322869,0.534411548350231,0.0005563866089897513,0.0028854479845568885,0.000695074740251408,0.0028206573973184536,0.7302227342549923,0.9533717723740286,0.00012446283621358003,0.0013848698162580839,0.00029918650426816076,0.5917224210362533,6.167811906797538e-05,0.0028854479845568885,0.0002267865603428587,0.00017718107827020306,0.0028854479845568885,0.0002462288833112977,0.00037088436266774087,0.03094129643281712,0.00016427129975108036,0.0013848698162580839,0.00034640271339591,0.0008175119719265165,0.0028854479845568885,0.0009157973753519609,32,0.04607438016528926,1.2220905489853834e-07,4.963973161349003e-05,4.963973161349003e-05,1.9567453038413652e-05,0.0,call,6.401577706481378e-06,0.00021870899945497513,0.0,4.832982085645199e-06,0.004649983124943902,2.3908422582684796,2.516678496947021,0.0,0.15,102.0,9.126982575202756e-05,0.0006232762276976722,0.00017448956900519423,0.5344723202735655,0.0003741122474862186,0.0012958139710650236,0.00048658791636590554,0.0022545072999992713,0.7348175217579458,0.9577588368012033,0.00012201793124517656,0.001384869432322697,0.0002971483125788618,0.5960683360636555,4.336941443286242e-05,0.000693311056033895,0.00012825662889856722,0.0001533898214296707,0.001384869432322697,0.00021693648577710348,0.00032676223952983783,0.032584355753935514,0.00015753081018242038,0.001384869432322697,0.0003351195782685951,0.0003693612541015233,0.001113792046756809,0.0004953546272132759,call_T050_s020_r005_q006,17,validation
P0,0.008295917068608105,0.0001117918873205781,0.00013941701035946608,0.0018570622461789616,0.0001280017351247677,0.010645710119044414,0.0,0.3644697548440864,2.6507477193223954,2.6554189262529864,0.0,0.13333333333333333,104.0,0.00011504405596263059,0.00281853532551978,0.00025855456883806474,0.04074514182731422,0.00032013770796060617,0.002843921555835573,0.00041906457308393954,0.0037776004852234164,0.1959515285045442,0.9895688456189151,0.0012988268477399437,0.004176536104306017,0.0018097946265262534,0.10874216720158948,0.00017328392762256236,0.002843921555835573,0.0003252843127208104,0.0011948816518956113,0.004176536104306017,0.001139542134206074,0.0017164315925050683,0.03515909883426705,0.0013882004580857608,0.004176536104306017,0.0018667308324519607,0.0002165779982619733,0.002843921555835573,0.0003670236371980624,32,0.04993112947658402,2.398142215555139e-07,5.007028057197795e-05,5.007028057197795e-05,1.0838161719293776e-05,0.0,call,8.147008085627765e-06,0.00025666796136647463,0.0,5.459063686430454e-06,0.001172146521341448,2.6552570077046127,2.6599724823796205,0.0,0.13333333333333333,104.0,0.0003047752938621127,0.0008632501200205034,0.0004242350650081726,0.04078988396158571,0.0004997002291266084,0.0012693494036031833,0.0005493015212401701,0.0035863577880168996,0.19787791098249966,0.9986091794158554,0.001296488149421277,0.004176536104306017,0.0018094685973581788,0.10981951667176507,0.00015733719714574224,0.0012105543287492804,0.00027188709667748146,0.0012113182091671169,0.004176536104306017,0.0011415348504630644,0.0017194322450169491,0.03799095484463217,0.0013896204491313231,0.004176536104306017,0.001866943712260236,0.0004926834288903017,0.0006957880414998757,0.0005200188630294307,call_T050_s020_r005_q010,17,validation
P0,0.00864562508650124,9.099999442696571e-05,0.00012345798313617706,0.0008667010949011577,8.10139253777321e-05,0.0034210998741864037,0.0,0.00020834780193068963,0.34138644044573824,0.352144437877564,0.0,1.0,0.0,4.54149541337101e-06,2.8351690649630612e-05,7.97368874724626e-06,0.02308034148328767,0.0005195735596862141,0.0023074336095797975,0.0006488267410573291,0.0028416179980501814,0.9101463180618854,0.8351087243595386,7.650591670082299e-09,9.788509527029757e-07,6.3532154114802e-08,1.0,5.100248543808073e-05,0.0023074336095797975,0.00017010198809847246,0.00018294339687828813,0.0023074336095797975,0.00025552561397716744,0.0003849973224475737,0.04902927308234551,0.00017547203940362457,0.0016435787892177256,0.00037813508380749045,0.0007772392755816345,0.0023074336095797975,0.000807287146630609,32,0.0,2.2274621542229607e-07,5.8234130507160294e-05,5.8234130507160294e-05,5.0946929944592045e-05,0.0,call,2.8138672281369483e-06,0.0002194159897044301,0.0,4.958012141287327e-06,0.003832971611519258,0.33567005750967627,0.3469068960975139,0.0,1.0,0.0,7.317213183943849e-06,4.1890350768403195e-05,1.2586876026198342e-05,0.02411133888407311,0.00046818471934099027,0.0016494457774870463,0.0005968010265912518,0.0026767931208809743,0.909152021511572,0.8334360419050972,7.963413314540539e-09,9.96901731049849e-07,6.454487809787926e-08,1.0,3.594162409529691e-05,0.0007827644437156389,0.00010660114329141085,0.00016545749112110736,0.0016494457774870463,0.00023546944888202303,0.0003547785938194955,0.048437136092514876,0.0001683247571209243,0.0016494457774870463,0.0003653936582196402,0.0004940499624713566,0.0008896730545418785,0.000548756000943623,call_T050_s040_r005_q003,17,validation
P0,0.008417916018515825,8.500006515532732e-05,0.00012070802040398121,0.0008601893903907523,8.49573851695777e-05,0.003351576068902474,0.0,0.0,0.05599579922237988,0.05791538655041719,0.0,1.0,0.0,2.5797068209166702e-05,0.00018437727145746707,4.819523225064844e-05,0.011600579383590411,0.0002804407151763668,0.002314368048332467,0.0003392136705105171,0.002414185589787231,0.9642267951723539,0.9309246374381759,5.886827570907018e-09,9.991823878999508e-07,5.556821646214845e-08,1.0,2.4003286554906913e-05,0.002314368048332467,0.00013514396636007793,6.773469995791327e-05,0.002314368048332467,0.00011065593700149766,0.00016670327134995724,0.04646255673388696,5.7159031639343e-05,0.0007584323573755807,0.0001469189999878297,0.0004566432509310695,0.002314368048332467,0.0004806584395289633,32,0.0,1.9730894781200433e-07,6.682274681188432e-05,6.682274681188432e-05,5.878657605759909e-05,0.0,call,4.1372742347914935e-06,0.00021058309357613325,0.0,4.875008016824722e-06,0.004935167665248957,0.04574770733212056,0.04840952689824479,0.0,1.0,0.0,5.460231265820298e-05,0.00025799034449902614,9.406417989757828e-05,0.01192888272278724,0.00023991367456448673,0.0007702509074404465,0.00029845160288302695,0.0022082908380787634,0.9640019106344175,0.9305054908206891,6.331042320596562e-09,9.920452527222284e-07,5.677646183163774e-08,1.0,9.870881350134967e-06,0.00031879053132560786,4.16372889626944e-05,5.802913709463876e-05,0.0007702509074404465,9.742775870626235e-05,0.000146774812204995,0.04565394435727483,5.915282991760424e-05,0.0007702509074404465,0.00015384681531863944,0.00016549926222299069,0.0003258918800644328,0.0001830322071502147,call_T050_s040_r005_q006,17,validation
P0,0.008404167019762099,8.874991908669472e-05,0.00012095901183784008,0.0008658074932003436,8.826364151361155e-05,0.003358174635405141,0.0,0.32530036808111673,2.5437684243478644,2.547534429337444,0.0,0.14166666666666666,103.0,0.0005852661455099049,0.0021403444578450004,0.0008280576913304876,0.034280123780375114,0.0005662751732036103,0.0029955190411619093,0.0008580336029221923,0.003680623420466601,0.40565045992115634,0.8350013524479307,0.0006388231367943581,0.0022792169913543603,0.0009551883171094339,0.2678989846394168,0.00011026014888198689,0.002319030468003448,0.00020914602040751227,0.0006233730616303698,0.0029955190411619093,0.0006209070003644482,0.0009353440025279956,0.05405473766111565,0.0007038011177714912,0.0029955190411619093,0.0010084071336591278,0.00029381465150044164,0.002319030468003448,0.00036630715593028297,32,0.0,1.6288397176513528e-07,3.0129896074098578e-05,3.0129896074098578e-05,1.236122256330223e-05,0.0,call,5.988755273441722e-06,0.0002146249171346426,0.0,4.915986210107803e-06,0.0008205062079319324,2.553660912162244,2.5573762945386846,0.0,0.14166666666666666,103.0,0.0008213628296043936,0.0024326098769462123,0.0010684923757334054,0.03671017607928753,0.0006451913179549253,0.0030713813985369653,0.0009203036994000138,0.003605317993282348,0.4010245632470774,0.825804706518799,0.0006416695909538023,0.0022792169913543603,0.0009569297111517961,0.26481047792523205,9.825812798487745e-05,0.000597438080595758,0.00017116135928588826,0.0006424181473657616,0.0030713813985369653,0.000630147579167461,0.0009492629849808123,0.054541665525898404,0.0007161262721606919,0.0030713813985369653,0.0010174386845656859,0.00040490797722162754,0.0008054416744251169,0.00046204432299468064,call_T050_s040_r005_q010,17,validation
P0,0.008706999942660332,8.37499974295497e-05,0.00013016699813306332,0.00046804073533829576,6.40459525211666e-05,0.0015359652041738777,0.0,0.003889158969372873,0.24639580585863474,0.3338383826018601,0.0,1.0,0.0,0.00033873242036270104,0.0017162863920174853,0.0005889453604820043,0.02612334351448429,0.0004888417636509853,0.0024396361757657026,0.0006764391183507453,0.001761553602275442,0.9047021943573668,0.8793418647166362,2.3856724923156256e-05,0.0015542866059523597,0.0001266809737420384,0.9315687540348612,6.481094699224028e-05,0.0012369704271621082,0.00017516702408879107,0.00024286750472420188,0.0024396361757657026,0.0003138906287443055,0.00047329433375343984,0.024631517398778238,0.00025649498168857685,0.0024396361757657026,0.0004975340268232967,0.0004202189889614136,0.0012369704271621082,0.00046065628001390707,32,0.0,3.1225346810559503e-07,1.3082523596618329e-05,1.3082523596618329e-05,1.1264892736289323e-05,0.0,call,3.0345478557596174e-06,0.0002187080681324005,0.0,4.791072569787502e-06,0.0006000969644652976,0.24795132371087047,0.3362241606625321,0.0,1.0,0.0,0.0003602241421779321,0.0017159616542568035,0.0006152165827327148,0.025840969258196685,0.0004444159827753418,0.0024437977820910284,0.0006505793169265108,0.0017291399727792749,0.9019878347024518,0.8765386959171237,2.5617594011850008e-05,0.0015542866059523597,0.00013329487245578074,0.9289589253422889,4.363077472682354e-05,0.0004360780620061844,0.00010786395105293647,0.00022295999439975585,0.0024437977820910284,0.0003030759517601854,0.0004569868095287559,0.02488237812943786,0.000242685586509048,0.0024437977820910284,0.00048658310564698586,0.00021949986057680622,0.00036386725502961237,0.00024307026785807328,call_T050_s060_r005_q003,17,validation
P0,0.008610082906670868,9.250000584870577e-05,0.00014241703320294619,0.00046433059574679667,6.793392789111921e-05,0.0015278557528732417,0.0,0.0,0.08532094891301482,0.08864685158091506,0.0,1.0,0.0,1.3104829192246704e-05,8.345019640842999e-05,2.4142254351351857e-05,0.016360756615047142,0.000620478912331209,0.0027233690034210722,0.0008725296079487654,0.0025802711520564233,0.9496045426891098,0.9040447919683368,6.966899934336412e-09,9.829752590699108e-07,6.012712061157727e-08,1.0,3.879927720508893e-05,0.001228415931830741,0.00014178976893959764,0.00022359893357539395,0.0027233690034210722,0.00034749025295180994,0.0005237779335960111,0.03663317423323053,0.0002497531300083594,0.0027233690034210722,0.0005655424623603403,0.00028406317211740966,0.001228415931830741,0.00034445366085301667,32,0.0,3.577936899187999e-07,0.00011166116547666246,0.00011166116547666246,9.571442139878617e-05,0.0,call,6.461435940898762e-06,0.00024016702082008123,0.0,5.249981768429279e-06,0.005301317485946168,0.0732327345308413,0.07742005315137376,0.0,1.0,0.0,3.1568221241434766e-05,0.00014861487710959853,5.182428392631004e-05,0.018661904397978702,0.000616983110906771,0.0027692435012522942,0.0008912022793209719,0.0025465191457315936,0.9504559270516718,0.9055893426006372,7.182693971220525e-09,9.663216394685193e-07,6.012508081933365e-08,1.0,1.7205556807032057e-05,0.0003931600584414087,5.787466921758271e-05,0.0002216650873725674,0.0027692435012522942,0.00035438895723943883,0.0005341752870950757,0.036597302988968426,0.0002541944084741139,0.0027692435012522942,0.0005809032979738784,0.00014924602289865263,0.0004879448186182189,0.00017465068162135614,call_T050_s060_r005_q006,17,validation
P1,0.008252583094872534,9.674998000264168e-05,0.00015616696327924728,0.001815701238613858,0.00011849405764805578,0.012585086154813432,0.00035929109435528517,0.059518022084867006,0.4675252163774441,0.6957698592937743,0.0,0.9166666666666666,10.0,6.746401766046424e-06,4.190319749175497e-05,1.22277918075267e-05,0.20939410738186956,0.0012615240310916887,0.005028494328658845,0.0016875104201712389,0.004716219246687781,0.9246094634367219,0.904901178764513,1.3480377635961882e-05,0.0010206005784271753,8.524917914383121e-05,0.9451953341973709,5.239760370188947e-05,0.00273754854033708,0.00021215104298410686,0.0003407284881213478,0.005028494328658845,0.0005757080362743262,0.0008672091881561958,0.04578992441569239,0.0003066966546636919,0.005028494328658845,0.0008048971312838728,0.0019288191711512351,0.004482040921045649,0.002234499849819232,32,0.0,1.46959935064039e-07,1.7027365587642822e-05,1.7027365587642822e-05,1.527192070232531e-05,0.0,call,3.3702015058570633e-06,0.0006194999441504478,0.0,7.291906513273716e-06,0.0021930718176761607,0.46421927993324497,0.6987858600319922,0.0,0.9166666666666666,10.0,1.2803597147109657e-05,7.264576536025746e-05,2.2686558705480995e-05,0.20963905631878427,0.0011762558257390528,0.004883436908024341,0.0015854267012696066,0.004082143533437362,0.9295531866636425,0.9080918195515377,9.144589599023464e-06,0.0008554113125106358,6.391019063512883e-05,0.9520535216502509,3.531805648090306e-05,0.0005875824207890457,0.00010325619417467169,0.0003183601134694677,0.004883436908024341,0.0005429703208233685,0.0008178948451869954,0.04340316084960517,0.0003014360692743204,0.004883436908024341,0.0007891067304099837,0.0014921323757225119,0.004173153054994105,0.0018693645094728089,call_T050_s020_r005_q003,17,validation
P1,0.008357458049431443,0.00011054205242544413,0.00012512505054473877,0.0017976927601054055,0.0001235832026886244,0.01071621845956862,0.0002880831016227603,0.0023612750885478157,0.6568054888148682,0.686475584189637,0.0,1.0,0.0,0.00627625326682632,0.010072764464528455,0.006748885053548775,0.015925792010176076,0.006070962394191123,0.01044935560137869,0.0064934555948667925,0.007428204542426708,0.8499082897150272,1.0,0.0005171867719822159,0.009469701553604992,0.0014779658113424007,0.7389917535397542,0.00011759028145409223,0.003188212165168569,0.00045030563248891207,0.0011950501035092507,0.01044935560137869,0.0017645410044382118,0.0026578549885424175,0.06407934582685659,0.0010033663299423294,0.01044935560137869,0.0023519446345138567,0.005939803443962765,0.009388288853323129,0.006346123715715714,32,0.0,3.649957615653273e-07,6.301362019254492e-08,3.649957615653273e-07,1.1522278563204926e-07,0.0,call,6.401577706481378e-06,0.0005289161344990134,0.0,5.165929906070232e-06,0.0012729255633625036,0.6658335316014068,0.6959118751535557,0.0,1.0,0.0,0.0065101238865731565,0.010497846113291104,0.006987618632399201,0.016237072719430062,0.0060797768688611855,0.010558676265380817,0.006561547401932114,0.007367028531806837,0.8512411506407384,1.0,0.0005296850350873497,0.009948207559444255,0.0015259459858224498,0.7410094391138154,0.0001336490143132899,0.0035125484910173213,0.0005170874651454488,0.0012203664995457835,0.010558676265380817,0.0018055784268209882,0.0027196663036248847,0.05513761374812075,0.0010058463772726568,0.010558676265380817,0.0023630621588720266,0.0064141932959569355,0.009737676445192175,0.006780313794785914,call_T050_s020_r005_q006,17,validation
P1,0.008350541931577027,8.974992670118809e-05,0.00012462504673749208,0.0018570622461789616,0.0001280017351247677,0.010645710119044414,0.00029095797799527645,0.21494548232516147,2.095187593183728,2.098663353475233,0.0,1.0,0.0,0.003544467439624105,0.005886031170144107,0.0038283783488288234,0.007352169763276617,0.0018676625476356224,0.005886031170144107,0.0021923055661620338,0.006463356421107806,0.5652888937616489,1.0,0.00045996336414512185,0.005376686782900986,0.0010794960216904824,0.39400886443527433,9.003414731342376e-05,0.0025835228241652564,0.0002466851480184564,0.0006094731128185547,0.005886031170144107,0.0008270857553473674,0.0012457951992957315,0.06173539624539419,0.0005944939898805803,0.005346917884917146,0.0012161091198519198,0.0011432709549912118,0.0025835228241652564,0.001286895591362964,32,0.0,1.632410200891104e-07,2.3871267411271765e-05,2.3871267411271765e-05,2.1172100757905606e-05,0.0,call,8.147008085627765e-06,0.0005105419550091028,0.0,5.209003575146198e-06,0.00016897553058843953,2.109052857085481,2.112323334163219,0.0,1.0,0.0,0.003640688423247682,0.006171443742413685,0.003921211602829459,0.007978653799150921,0.0019275959189460196,0.006171443742413685,0.0021949940109171617,0.005614078584193244,0.565598946906538,1.0,0.0004760999178239321,0.006066608213021907,0.0011182190990771527,0.39431018660140715,8.428167873564919e-05,0.0016860092139423244,0.0002046665309751889,0.0006312526561448163,0.006171443742413685,0.0008480707640962505,0.0012774031535276703,0.0484538087263335,0.0005997362125627573,0.005346917884917146,0.001228377103849866,0.0015472829636784455,0.0026110153594157415,0.0016523140011088916,call_T050_s020_r005_q010,17,validation
P1,0.008365790941752493,8.629204239696264e-05,0.0001217919634655118,0.0008667010949011577,8.10139253777321e-05,0.0034210998741864037,0.0002548339543864131,0.12452253628724216,0.8776605101545695,0.9309528988839266,0.0,1.0,0.0,0.0011357397661675725,0.0022641155096774224,0.0013083918561215494,0.017365172114149806,0.0016041583583216827,0.006985828049500625,0.0023879866498977874,0.006985512880861895,0.7795358000369389,0.9369542696462927,0.00014805444064289191,0.0021546383729258434,0.00038555509958624945,0.667404596247101,9.801930752360291e-05,0.0032168142883992473,0.00039249297528649684,0.0006607390725419539,0.006985828049500625,0.0009627463366122019,0.001450558149622637,0.04000240006164527,0.0005245966630680633,0.006271504962043595,0.0011018972141843225,0.004782801040637803,0.006985828049500625,0.005051442034259509,32,0.0,4.1615082256017486e-07,9.80737891199422e-05,9.80737891199422e-05,4.915549810558992e-05,0.0,call,2.8138672281369483e-06,0.00046787597239017487,0.0,4.958012141287327e-06,0.0006170933762771767,0.8833768930906314,0.9360424180958596,0.0,1.0,0.0,0.0011506224987076527,0.002264910968090339,0.001325335924992056,0.017897810099498312,0.001524878950626627,0.0068012296847065196,0.0022798058441913715,0.006516918431241263,0.7742850098619328,0.9295545360367027,0.00015223567870342644,0.0021546383729258434,0.000393398348358403,0.6634625541354178,7.636729531770301e-05,0.0025930785200526454,0.000276040403455216,0.0006373156793134012,0.0068012296847065196,0.0009236820569434468,0.0013916991051475375,0.03752397545485059,0.0005110326495432186,0.006096118487349797,0.001065657415725653,0.00448702779850483,0.0068012296847065196,0.004801315613603963,call_T050_s040_r005_q003,17,validation
P1,0.008230541949160397,8.762499783188105e-05,0.00012695800978690386,0.0008601893903907523,8.49573851695777e-05,0.003351576068902474,0.0004928330890834332,0.16521980693103688,1.8745601936760123,2.034785648168648,0.0,0.49166666666666664,61.0,0.0015418967858969574,0.0028204270503261464,0.001687604500104454,0.28870682962069805,0.0022922180583927,0.008474091314324667,0.003228188654949355,0.009441083473577349,0.6282502624915076,1.0,0.00012450252239360694,0.0025158971850589573,0.00034013656767917694,0.4579918955425484,9.01633217494051e-05,0.003508079339528146,0.00041311992837730796,0.0006480352138281259,0.008474091314324667,0.0010712780439230396,0.00161388136313858,0.060044302729858307,0.0004668513944748948,0.007489305488775522,0.0011564837494026127,0.005522558043126271,0.008474091314324667,0.005888299767323597,32,0.0,4.932150158333645e-07,0.0001230383829883933,0.0001230383829883933,5.677118257555634e-05,0.0,call,4.1372742347914935e-06,0.0007123741088435054,0.0,4.958012141287327e-06,5.0772615069486805e-05,1.8827661216755731,2.042682788937373,0.0,0.49166666666666664,61.0,0.0016334080608060519,0.0028578850570900594,0.0017839419022486196,0.28874038151441395,0.0021731861046462584,0.008278411183247084,0.0030930032786833706,0.008993929117053953,0.6284443346101569,1.0,0.0001309240509101972,0.002579403256071089,0.00035885188496032104,0.4581981981981982,6.767550266234189e-05,0.0028738595212102064,0.0002976774147301279,0.0006248554717338699,0.008278411183247084,0.0010307747256936715,0.0015528609997637081,0.05697924434345564,0.0004527497755920933,0.007313296959574611,0.0011163470560634813,0.005215241407556961,0.008278411183247084,0.0056321954350504674,call_T050_s040_r005_q006,17,validation
P1,0.00827666709665209,8.945900481194258e-05,0.00012758292723447084,0.0008658074932003436,8.826364151361155e-05,0.003358174635405141,0.00023995805531740189,0.23591916105285088,1.6535512319930084,1.6667038920898485,0.0,1.0,0.0,6.523148568474661e-05,0.0004749930427282445,0.0001229464025327571,0.011975237112657208,0.0035579569043977135,0.010609193081904444,0.0047374142639343255,0.009168837524299587,0.6579018266070371,0.8676805002842524,0.00019597963513677717,0.0012296747050832835,0.00037982393684194245,0.5298099453267379,0.00012538840619882229,0.003794300280274259,0.0004945407065193221,0.0009119584019939318,0.010609193081904444,0.001468410382348268,0.002212036333256221,0.05363341273649484,0.0007465282101096675,0.010412359639893565,0.001807320888997776,0.006745619921091511,0.010609193081904444,0.00720278519601244,32,0.011432506887052342,3.6970699369213205e-07,0.00011913772022728604,0.00011913772022728604,4.545124788693303e-05,0.0,call,5.988755273441722e-06,0.00046212493907660246,0.0,5.124951712787151e-06,0.0012805160597926177,1.6658685468468952,1.678833109777576,0.0,1.0,0.0,0.0001487544099304979,0.0007133157722713501,0.00025487577898975145,0.012945726364500839,0.0034380858447010747,0.01040930472646695,0.0045943153434163326,0.008746432228968192,0.6583355776999731,0.8685332575326891,0.00019587828937125374,0.0012296747050832835,0.0003797250892006798,0.5300546448087432,0.00010139720454464811,0.003141099304164025,0.0003754770006059307,0.0008850217845004392,0.01040930472646695,0.0014237640237568486,0.002144777718396267,0.0476682108667318,0.0007288952629898138,0.01022802093595443,0.0017609560256911206,0.006426023074966849,0.01040930472646695,0.006938897104363965,call_T050_s040_r005_q010,17,validation
P1,0.008231458952650428,8.641695603728294e-05,0.00012141698971390724,0.00046804073533829576,6.40459525211666e-05,0.0015359652041738777,0.00024049996864050627,0.12702270991041045,1.9568562338681557,1.961840708535814,0.0,0.13333333333333333,104.0,0.0014066347218142118,0.0020348760573229985,0.001514548101279449,0.04411284499859203,0.0013094260843752284,0.004807946832343646,0.001674763631784072,0.0050235015141168295,0.3380281690140845,0.765375854214123,0.0003975391376468562,0.0019325566068399969,0.0006012898490076893,0.21691413815364752,0.00013579688100830105,0.0020903539918436173,0.0003069807119821327,0.0008270434327523036,0.004807946832343646,0.0008155927194542309,0.0012297767993662964,0.03009392088650264,0.000839163233866906,0.004807946832343646,0.0012283896520465883,0.002162006717458546,0.002662640226203078,0.002219560700757904,32,0.0,4.805566359368079e-07,5.5021448681210865e-05,5.5021448681210865e-05,3.428555954438761e-05,0.0,call,3.0345478557596174e-06,0.0004533339524641633,0.0,5.00003807246685e-06,0.00019762030542890636,1.9599236752923226,1.9649093343280153,0.0,0.13333333333333333,104.0,0.0014227825117809475,0.002058303617153534,0.0015334490071264681,0.04431942169904776,0.0012764154473518922,0.004846866681211037,0.0016515524410613243,0.00484732930132237,0.33048203683204186,0.7480637813211846,0.0004047182215840843,0.001970058305271305,0.0006112975962560194,0.21208989925083957,0.00011522669062143528,0.001689781616737357,0.0002312314610778713,0.0008154715280912975,0.004846866681211037,0.0008076104140383773,0.0012177386701589148,0.02980831344034222,0.0008356458337481602,0.004846866681211037,0.0012295889753205372,0.0019541561468386327,0.0025140898641265313,0.0020336800249803654,call_T050_s060_r005_q003,17,validation
P1,0.008499458082951605,9.745906572788954e-05,0.00012400001287460327,0.00046433059574679667,6.793392789111921e-05,0.0015278557528732417,0.0002694160211831331,0.1754982984929509,2.3275962589556705,2.3313345046366467,0.0,0.18333333333333332,98.0,0.0017377891561923332,0.0032937426251007373,0.001930003452833998,0.044831826460119004,0.00410683522994481,0.009864902296633005,0.004834328966521126,0.0059127613349631205,0.2662223456447283,1.0,0.00033291493645393747,0.002947357468863432,0.0005706474168282742,0.15355045381740523,0.0001644381477337218,0.0027980146100434616,0.0004840589360869163,0.001692876924600775,0.009864902296633005,0.0019489643126174576,0.0029377068612532,0.04310065168485387,0.0017286501600578374,0.009864902296633005,0.0029804386360192704,0.004833725452058718,0.007383044087746177,0.005124880550124834,32,0.001652892561983471,4.2657416685598006e-07,1.9749629072342415e-05,1.9749629072342415e-05,1.6543087101350388e-05,0.0,call,6.461435940898762e-06,0.0004957501078024507,0.0,4.875008016824722e-06,2.2699337837358018e-06,2.340091530883172,2.3437793218577783,0.0,0.18333333333333332,98.0,0.001857413340312479,0.0034964981530232198,0.002050124076672257,0.050527622517465065,0.004174639902413974,0.009946909847246665,0.004917582548380776,0.006045157476341861,0.2654589148719845,0.9986091794158554,0.0003425282688528858,0.0031668713427073225,0.0005892019345320323,0.15307536509966954,0.0001866903640043689,0.003071572950783183,0.0005597489103184935,0.0017192721519572725,0.009946909847246665,0.0019803646250453753,0.0029850304884692365,0.04376331783427694,0.0017465928424211942,0.009946909847246665,0.0030189367453825945,0.005048496489119648,0.00750313870933994,0.005301333272607788,call_T050_s060_r005_q006,17,validation
P2,0.00824954197742045,0.00011899997480213642,0.00015529105439782143,0.001815701238613858,0.00011849405764805578,0.012585086154813432,0.000386625062674284,0.3415514966317105,2.0197797884953674,2.0269987560442617,0.0,0.14166666666666666,103.0,0.0003587540396267496,0.0006868757525914093,0.0003886056771514548,0.04647223231692976,0.0021711458820056306,0.0054973718887588036,0.0027400739752607944,0.004526398905078737,0.35146890499809236,1.0,0.0003465707502123261,0.0012539430059358818,0.0004741675647117896,0.2132012590261063,8.390452341179528e-05,0.0020691925268275504,0.00024366801378838493,0.0008249905255660927,0.0054973718887588036,0.000969909598650292,0.0014610088145957864,0.03856024806531929,0.0007935606728329247,0.005438405884086783,0.0013467735799964741,0.003552842549684025,0.0054973718887588036,0.0038268239636860186,32,0.014393939393939395,1.7320053416477125e-07,8.172143898557879e-06,8.172143898557879e-06,3.86285738689327e-06,0.0,call,3.3702015058570633e-06,0.0006692910101264715,0.0,8.37491825222969e-06,8.166669325746379e-05,2.025219902457331,2.0326430632100347,0.0,0.14166666666666666,103.0,0.0003603375899103478,0.0006937668295059485,0.00039225958870946984,0.046857736846504336,0.0022392531916532615,0.005806259754810347,0.002843986622574627,0.004555401380405004,0.3525449674703406,1.0,0.0003441872642012702,0.0010155229683895158,0.0004710598372563315,0.2139936814718454,9.243783449275422e-05,0.002062158496389653,0.00028307980181630426,0.0008462677732229405,0.005806259754810347,0.0010081148962311022,0.0015185580967543649,0.030840466918340005,0.0007975642457696334,0.005682936200138128,0.001362834440194346,0.003987089878725925,0.005806259754810347,0.004232005819217652,call_T050_s020_r005_q003,17,validation
P2-S,0.008292417041957378,0.00016254198271781206,0.00012791703920811415,0.001815701238613858,0.00011849405764805578,0.012585086154813432,0.000386625062674284,0.3804430863254393,nan,nan,0.0,0.0,120.0,0.00036516531018429923,0.0006869680179717452,0.00039171914312942054,nan,0.0021720969499786956,0.0054973718887588036,0.002740117088309073,0.0045335904923866814,0.06467795395503001,1.0,0.0003687134583275877,0.001253943360742397,0.0004770870008130206,0.03341973708572486,0.000126226385489298,0.002069192526827548,0.0002524934980182374,0.000841576597761274,0.0054973718887588036,0.0009703890605383127,0.001461731044838312,0.038714474144023535,0.0008078181121142725,0.005438405884086783,0.0013474847793717543,0.003553079245655221,0.0054973718887588036,0.0038268290761381907,32,0.06928374655647383,1.7310088262519958e-07,9.828953520803676e-06,9.828953520803676e-06,3.9788433218927006e-06,0.0,call,3.3702015058570633e-06,0.0007685421733185649,0.0,9.14580887183547e-05,8.166669325746379e-05,nan,nan,0.0,0.0,120.0,0.00036667248913433564,0.0006938590948862844,0.0003952824656194449,nan,0.0022402314754850316,0.005806259754810347,0.0028440281415184005,0.004561414364023818,0.0649105457160838,1.0,0.0003663985781576124,0.0010155268177076176,0.0004740081986511161,0.03354395093848727,0.00013475751437911317,0.002062158496389653,0.0002907067556641789,0.0008628535886577871,0.005806259754810347,0.0010085761631878083,0.0015192529190156865,0.03102598222901473,0.0008118222031493894,0.005682936200138128,0.0013635375721724634,0.00398732657469712,0.005806259754810347,0.0042320098611020466,call_T050_s020_r005_q003,17,validation
P2,0.008500625030137599,0.00010195898357778788,0.00012320897076278925,0.0017976927601054055,0.0001235832026886244,0.01071621845956862,0.00031641696114093065,0.21029238141537607,2.4611788458849557,2.53664511724879,0.0,0.18333333333333332,98.0,0.001966155003676316,0.0030383347326973786,0.0020968600807319054,0.3867215696877565,0.0015506280087599497,0.0030383347326973786,0.001683603257308671,0.003976481992412565,0.6760737460088578,1.0,0.00011900517818703664,0.00291268829756558,0.00036852351732605894,0.5106581608837716,4.120941110604179e-05,0.0023884184108297034,0.00019196080188111712,0.0002937411933659039,0.0030383347326973786,0.00045281417750565585,0.0006820552299657722,0.042719140035894256,0.0002602620948352175,0.0029550707467362047,0.0006398543006698371,0.0010179044971616587,0.0023884184108297034,0.00108621495708447,32,0.0,9.958837347516806e-08,9.430020910489827e-06,9.430020910489827e-06,9.150283852833374e-06,0.0,call,6.401577706481378e-06,0.0005468350136652589,0.0,5.250098183751106e-06,0.00022480901447548317,2.466270180821175,2.542385258887085,0.0,0.18333333333333332,98.0,0.0020459999808020374,0.0030553213826687853,0.0021751143023088127,0.386783102096494,0.001680307287452599,0.003011395225136021,0.0017918468454154314,0.0032579472986155726,0.677294536449466,1.0,0.00012316696930919887,0.0030553213826687853,0.00038760044339235906,0.5120524221858179,4.04519673938923e-05,0.0011510481324684607,0.00016876183577340032,0.0003169453764984125,0.0030553213826687853,0.00048382374511437415,0.0007287632134583626,0.033718155124533015,0.0002656063845239629,0.002914937735693622,0.0006563794537591257,0.0014411777426190974,0.001968680393949474,0.0014863270459771973,call_T050_s020_r005_q006,17,validation
P2-S,0.008477917057462037,0.0001068339915946126,0.0001360829919576645,0.0017976927601054055,0.0001235832026886244,0.01071621845956862,0.00031641696114093065,0.3025210084033613,nan,nan,0.0,0.0,120.0,0.001966681686864469,0.0030383347326973786,0.002096893653777242,nan,0.0015506610969453804,0.0030383347326973786,0.0016836101288942981,0.003979891027617999,0.05463488460083239,1.0,0.00015781000769272258,0.00291268829756558,0.0003735772484211557,0.028084642912711996,9.80111598558356e-05,0.0023884184108297034,0.00020252810257920386,0.0003278137571971621,0.0030383347326973786,0.00045441520481577226,0.0006844667910529231,0.04282122954430314,0.0002935229036587615,0.0029550707467362047,0.0006424949340344104,0.001018247788071826,0.0023884184108297034,0.0010862478926791997,32,0.1,9.939398811794263e-08,9.429813257737868e-06,9.429813257737868e-06,9.150082976690139e-06,0.0,call,6.401577706481378e-06,0.0006589168915525079,0.0,9.958294685930014e-05,0.00022480901447548317,nan,nan,0.0,0.0,120.0,0.0020465227339916095,0.0030553213826687853,0.0021751447608101097,nan,0.0016805274846140004,0.003011395225136021,0.0017918716116527942,0.0032597974898701614,0.05477996965098635,1.0,0.00016205101408632984,0.0030553213826687853,0.00039240903268641226,0.028161323036118263,9.725339154701122e-05,0.0011510481324684607,0.00018068184633622663,0.00035101789676520535,0.0030553213826687853,0.0004853222958346471,0.0007310204169326945,0.03384342769670306,0.00029886718511294003,0.002914937735693622,0.0006589538115619264,0.0014415210335292652,0.001968680393949474,0.0014863491115431938,call_T050_s020_r005_q006,17,validation
P2,0.008319957996718585,9.524996858090162e-05,0.00013400008901953697,0.0018570622461789616,0.0001280017351247677,0.010645710119044414,0.00035254203248769045,0.19591638308215847,2.5612957543131376,2.629628727890821,0.0,0.16666666666666666,100.0,0.00025279705484540136,0.0032370351495094006,0.0005166797355556098,0.5566139819658923,0.0014443908324982037,0.0033969899361289985,0.0017888657591112072,0.005445679827006416,0.8325451781793617,0.9302698622381581,1.56712543066536e-05,0.00017175157098980876,4.055871698263768e-05,0.7534005807733456,4.1005135170293915e-05,0.0033969899361289985,0.00028881775946670694,0.00016741354951107,0.0033969899361289985,0.0003878812844071903,0.0005842449091729216,0.08117874642255442,9.215598049661691e-05,0.0029818550074728204,0.0004100889474095454,0.0021030118951045843,0.0033969899361289985,0.0021850785940229125,32,0.011776859504132231,5.8161858290907116e-08,9.532711666397716e-05,9.532711666397716e-05,5.508385635791714e-05,0.0,call,8.147008085627765e-06,0.0005870000459253788,0.0,5.207955837249756e-06,0.004644617706362361,2.567755051279963,2.636292775103295,0.0,0.16666666666666666,100.0,0.0005350833745576762,0.0024846654007853464,0.0009253243347797357,0.5565956068733939,0.001188661849584401,0.002892015635228824,0.001496247494833497,0.004627352957237782,0.8320520402128918,0.929326287978864,1.568379636876656e-05,0.00017175157098980876,4.0574224540215036e-05,0.7532119914346895,1.781593621143404e-05,0.001001051021661703,0.00011298112222355445,0.0001410653040036595,0.002892015635228824,0.0003257687523958477,0.0004906878638537781,0.0814770034976157,8.082022065533686e-05,0.002892015635228824,0.0003631140215145804,0.0015884358113799205,0.0024526166951129025,0.0016848823001229443,call_T050_s020_r005_q010,17,validation
P2-S,0.008263666997663677,9.016692638397217e-05,0.00012508395593613386,0.0018570622461789616,0.0001280017351247677,0.010645710119044414,0.00035254203248769045,0.29967358844364195,nan,nan,0.0,0.0,120.0,0.00025232030996364334,0.0032370351481320237,0.0005148903056316008,nan,0.0014431131543224847,0.0033969899361289985,0.0017874560647786956,0.0054551773897874595,0.4170839808898866,0.8451131327268486,4.548614500694213e-05,0.00018826161247131878,6.518171019716814e-05,0.2768607672321565,8.780244280751298e-05,0.0033969899361289985,0.0002933920109687756,0.0001939261422397588,0.0033969899361289985,0.00038889792306583565,0.0005857762178095053,0.08079044432912097,0.00011770496795979848,0.0029818529380362755,0.00041232228983544624,0.002102567380174463,0.0033969899361289985,0.002184739317092831,32,0.13670798898071626,5.847902064317041e-08,9.584918418148203e-05,9.584918418148203e-05,5.0506105182547256e-05,0.0,call,8.147008085627765e-06,0.0006615850143134594,0.0,9.379209950566292e-05,0.004644617706362361,nan,nan,0.0,0.0,120.0,0.0005319517917666679,0.002466294554897136,0.0009185018919215809,nan,0.001187409937714681,0.002892013565792279,0.0014946936788328075,0.0046354734433670325,0.419052007141623,0.8486120830417542,4.5499805748223025e-05,0.00018826161247131878,6.520298227050296e-05,0.2782196390333435,6.450827957790746e-05,0.0010010510216616544,0.00012432824508201826,0.00016756041339302232,0.002892013565792279,0.00032700435708546963,0.0004925489884130225,0.08114594626211795,0.00010639689713369439,0.002892013565792279,0.00036596954540256985,0.0015878467572602712,0.0024526166951129025,0.0016845190995321932,call_T050_s020_r005_q010,17,validation
P2,0.008199707954190671,8.616701234132051e-05,0.0001252919901162386,0.0008667010949011577,8.10139253777321e-05,0.0034210998741864037,0.0003178330371156335,0.14382943259948608,1.884036156138414,1.892330247231589,0.0,0.375,75.0,0.0011624894877547743,0.0022929283811379264,0.0013462294395819043,0.025530177836352332,0.0007878954643761297,0.0025324688817492946,0.0010184347074052645,0.002180300219014129,0.2692939244663383,1.0,0.0002690693413366343,0.0021532359947826762,0.00045909032838891767,0.1555977229601518,7.826022524473524e-05,0.002254833312833354,0.00017069336025772277,0.00045174461380904733,0.0025324688817492946,0.0004701326141091297,0.0007083430690571263,0.015391779509280423,0.0004975992631901118,0.0025324688817492946,0.0007457347774183162,0.00018371769282139933,0.002254833312833354,0.0002479790538535768,32,0.0,9.764499297754931e-08,2.2406941106391403e-05,2.2406941106391403e-05,4.592316157118052e-06,0.0,call,2.8138672281369483e-06,0.0005342510994523764,0.0,4.959059879183769e-06,1.3507579908501493e-06,1.8884828453473728,1.8968351929660439,0.0,0.375,75.0,0.0011842902603843416,0.002293723839550843,0.0013711137190581273,0.02592477066418287,0.0008004071504588193,0.0025327748368743075,0.001016051425821242,0.0017555723935794077,0.2697614913643425,1.0,0.0002721212397019993,0.0021532359947826762,0.00046578229101297206,0.1559100031689025,7.254452595349543e-05,0.0006308285650528656,0.00014005506888064434,0.0004588128114700333,0.0025327748368743075,0.0004717050521897663,0.0007107115420195537,0.013641768335213,0.0005071327902474796,0.0025327748368743075,0.0007484892655986687,0.00015225057111463325,0.0003576164474620308,0.00018083299797992786,call_T050_s040_r005_q003,17,validation
P2-S,0.008363959030248225,9.366602171212435e-05,0.00013179192319512367,0.0008667010949011577,8.10139253777321e-05,0.0034210998741864037,0.0003178330371156335,0.12987012987012986,nan,nan,0.0,0.0,120.0,0.0011663996971575052,0.002292928381146586,0.0013466157017389129,nan,0.0007886033363273412,0.0025324688817492946,0.0010185213316555128,0.002208321998054396,0.07332182390575809,1.0,0.00030005892411765926,0.002153235994827307,0.0004633070505706145,0.038056082648113006,0.0001197223233187713,0.002254833312833354,0.00018293795698529972,0.00047207220496875624,0.0025324688817492946,0.0004713407832735902,0.0007101634027846977,0.015574756721128694,0.0005164614892631633,0.0025324688817492946,0.00074741557683405,0.00018374238715384382,0.002254833312833354,0.0002479982875915999,32,0.0,9.764059989913018e-08,2.2406456514868438e-05,2.2406456514868438e-05,4.592210082756448e-06,0.0,call,2.8138672281369483e-06,0.0006359159015119076,0.0,9.262491948902607e-05,1.3507579908501493e-06,nan,nan,0.0,0.0,120.0,0.0011881628732986862,0.0022937238395595028,0.001371487312284094,nan,0.0008011695925721346,0.0025327748368743075,0.0010161512681101969,0.0017899515531711232,0.07346357346357346,1.0,0.00030314177327735213,0.002153235994827307,0.0004699304097219469,0.0381324601246435,0.00011400662700455672,0.0006308285748578557,0.00015472774878981285,0.000479140402949588,0.0025327748368743075,0.0004729088926199591,0.0007125253519088394,0.013843895917867971,0.0005259953763481834,0.0025327748368743075,0.0007501639319991336,0.00015227527318734357,0.0003576164474620308,0.0001808504749607701,call_T050_s040_r005_q003,17,validation
P2,0.008524874923750758,8.662499021738768e-05,0.00012504193000495434,0.0008601893903907523,8.49573851695777e-05,0.003351576068902474,0.0003012079978361726,0.0843808597819293,0.973316765562793,1.0175018395454305,0.0,1.0,0.0,0.0018511487341813214,0.0032683172395293614,0.0020429358037124838,0.01624660553912633,0.001245646078274707,0.003658371035025809,0.0015633714759663616,0.0050523866801628365,0.7437782805429864,1.0,0.000325497292855251,0.003182812482012798,0.0007431287604099533,0.5920756416028816,6.636478112278659e-05,0.00268107885966634,0.0002455274226226855,0.0005477256997429771,0.003658371035025809,0.0006668222177099145,0.0010045682871906965,0.02873672023043447,0.0004943065812982468,0.003289712513673604,0.0008946615805618633,0.0024005827828678006,0.003658371035025809,0.002541732650818066,32,0.0,2.311314848111332e-07,5.1207051750498214e-05,5.1207051750498214e-05,2.2295745863310658e-05,0.0,call,4.1372742347914935e-06,0.0005177499260753393,0.0,4.875008016824722e-06,0.00014638831323234187,0.9835648574530523,1.0279230706218254,0.0,1.0,0.0,0.0018683565935161467,0.003298700681374944,0.0020643326380806195,0.0173507462822277,0.0011374889691592334,0.003462690903948226,0.0014425492687975086,0.00460887108966431,0.7439886845827439,1.0,0.00033246363740858237,0.0032159180553671396,0.0007552373081321436,0.5923423423423423,4.481480739258827e-05,0.0010845138148242103,0.00013957691402978925,0.0005271630909793122,0.003462690903948226,0.0006421025728928432,0.0009673268255798789,0.02610232593524456,0.0004846111224361361,0.003244262752547633,0.0008790005541242228,0.002094192452614792,0.003462690903948226,0.002283430772682329,call_T050_s040_r005_q006,17,validation
P2-S,0.008353292010724545,8.975004311650991e-05,0.00012470793444663286,0.0008601893903907523,8.49573851695777e-05,0.003351576068902474,0.0003012079978361726,0.2003611361900132,nan,nan,0.0,0.0,120.0,0.0018516715873567332,0.0032683172395293614,0.002042987189979487,nan,0.0012458767837392345,0.003658371035025823,0.0015634167086491723,0.005063229914183717,0.06296877725449154,1.0,0.00036150076558646624,0.003182812482012798,0.0007449990825065396,0.0325078793336335,0.00011798236840135578,0.00268107885966634,0.0002533512719572993,0.0005750895641786517,0.003658371035025823,0.0006675305968769086,0.0010056354610603867,0.028810173889179218,0.0005202518905581374,0.003289712513673604,0.0008958077758066217,0.0024006438135274286,0.003658371035025823,0.0025417360205061486,32,0.0,2.311207269600569e-07,5.120607102450073e-05,5.120607102450073e-05,2.2295229028597193e-05,0.0,call,4.1372742347914935e-06,0.0006096250144764781,0.0,9.395903907716274e-05,0.00014638831323234187,nan,nan,0.0,0.0,120.0,0.0018688731893946075,0.003298700681374944,0.002064379990562499,nan,0.0011378713374866837,0.00346269090394824,0.0014426156901096055,0.004620372706901838,0.06299624814588604,1.0,0.00036843484468574805,0.0032159180553671396,0.0007570668618511276,0.03252252252252252,9.643241235795139e-05,0.0010845138148242103,0.00015289340693831166,0.000554526957315221,0.00346269090394824,0.0006428377758859016,0.0009684344080868729,0.02618237117145832,0.0005105564427516152,0.003244262752547633,0.0008801669429127715,0.002094253529260064,0.00346269090394824,0.002283433119387962,call_T050_s040_r005_q006,17,validation
P2,0.00838675000704825,8.74579418450594e-05,0.00012645800597965717,0.0008658074932003436,8.826364151361155e-05,0.003358174635405141,0.00033900002017617226,0.2605042016806723,2.300139758065406,2.425563956828352,0.0,0.15,102.0,0.0015572464312225344,0.0021840679855722467,0.001637048940000165,0.5276419668102246,0.0024548244764035568,0.007287110662478474,0.003138229066493698,0.008975813336860263,0.3804638088545327,1.0,0.0005519762890867756,0.0032489438758508404,0.0009286540179648966,0.23492146142497614,0.00010806888631581944,0.0031318600595674328,0.0003938367758517584,0.0009572136805254562,0.007287110662478474,0.0011060462410702814,0.0016661653315174255,0.06428102291502615,0.0008735877659452007,0.007219760947256848,0.00142635184532702,0.004669836572207416,0.007287110662478474,0.004966737465307506,32,0.0,3.8656851869147945e-07,0.00010036993603170955,0.00010036993603170955,3.311402694683345e-05,0.0,call,5.988755273441722e-06,0.0005579160060733557,0.0,5.00003807246685e-06,0.0001440408405852504,2.3105781280082245,2.436025362244514,0.0,0.15,102.0,0.001524318435032712,0.0022018449671298845,0.001608143153259595,0.5353636852205149,0.0023284223724707844,0.0070934656357624915,0.0029943406497612212,0.008533356881905279,0.38030345602697385,1.0,0.0005564806957485327,0.0032489438758508404,0.0009343440784000043,0.23479920201231677,8.514103069691145e-05,0.002190788708950127,0.0002829758176094452,0.0009331136100275878,0.0070934656357624915,0.001068992907824638,0.0016103456272030905,0.059968179223391996,0.0008613228345313202,0.007035422243317713,0.0013948230664102904,0.0043510353688603655,0.0070934656357624915,0.00470024058008194,call_T050_s040_r005_q010,17,validation
P2-S,0.008141959086060524,8.66670161485672e-05,0.00012574996799230576,0.0008658074932003436,8.826364151361155e-05,0.003358174635405141,0.00033900002017617226,0.25717063684978125,nan,nan,0.0,0.0,120.0,0.001557449792220155,0.0021840679856048872,0.0016370762347311617,nan,0.0024548456836822087,0.007287110662478474,0.0031382315045305957,0.008982018617976541,0.060753954897340964,1.0,0.0005754779879847481,0.0032489438758508404,0.0009301127657429933,0.03132864705371865,0.00015279679310834283,0.0031318600595674328,0.00039777855523623237,0.000975714889506822,0.007287110662478474,0.001106471923928802,0.0016668065868237155,0.06434010409538847,0.0008898742392749778,0.007219760947256848,0.0014271028298907852,0.0046698755329667545,0.007287110662478474,0.00496673904913378,32,0.0,3.865522180289196e-07,0.00010036804866911998,0.00010036804866911998,3.311325935901551e-05,0.0,call,5.988755273441722e-06,0.0006468750070780516,0.0,9.545800276100636e-05,0.0001440408405852504,nan,nan,0.0,0.0,120.0,0.001524411964547899,0.002201844967157196,0.0016081595244617222,nan,0.0023284760000668115,0.0070934656357624915,0.00299434533313773,0.008539751632539188,0.0607232968881413,1.0,0.0005799614294399103,0.0032489438758508404,0.000935791221035665,0.03131234278775263,0.00012986898015344075,0.002190788708950127,0.0002884332820481573,0.0009516148235926946,0.0070934656357624915,0.0010694332959976058,0.0016110090340072142,0.06003122670938122,0.0008776093113385297,0.007035422243317713,0.0013955910149808218,0.004351074440477115,0.0070934656357624915,0.004700242076901565,call_T050_s040_r005_q010,17,validation
P2,0.008188957930542529,8.824991527944803e-05,0.00012937490828335285,0.00046804073533829576,6.40459525211666e-05,0.0015359652041738777,0.0003484579501673579,0.024723939162441835,0.07445400676435682,0.08954402903323459,0.0,1.0,0.0,1.0205068218229381e-05,7.908750641338891e-05,2.0207835796590423e-05,0.01357453399264971,0.00041357733725578926,0.00191315501770295,0.0005944139266487964,0.0014917249423885076,0.9532818532818533,0.9502245028864656,1.3806306254299036e-07,3.885916327850403e-05,1.0983620704666332e-06,0.9563589412524209,1.6999248440562804e-05,0.0010630761745309553,6.326585787484873e-05,0.0001948704744303885,0.00191315501770295,0.000270551601883638,0.0004079463623100134,0.014930230813802101,0.00021702669694457312,0.00191315501770295,0.00043952765361164023,0.0002699090291931649,0.0010630761745309553,0.0003054868206132404,32,0.015426997245179064,1.449602841908311e-07,2.0138998682148978e-05,2.0138998682148978e-05,1.7630724659360275e-05,0.0,call,3.0345478557596174e-06,0.0005711658159270883,0.0,5.083042196929455e-06,0.0011436390216866268,0.07077095781952038,0.08466904062573516,0.0,1.0,0.0,1.462213318037577e-05,8.87325993826904e-05,2.5711485618051287e-05,0.015851374628066437,0.0004333854967892402,0.001901818045083048,0.0006023249538884933,0.0016274774817645623,0.9556542447061852,0.9524053880692752,1.6774221425203622e-07,5.59285065369064e-05,1.7652845119496373e-06,0.9589253422888142,2.3014135254483507e-05,0.0005476587123597332,8.02411956699944e-05,0.00020430470613835858,0.001901818045083048,0.00027421326773839383,0.00041346680799464583,0.015759325643438894,0.0002196328720569627,0.001901818045083048,0.00043820600754201504,0.00044297929149225153,0.0007099415548386112,0.0004755353949868319,call_T050_s060_r005_q003,17,validation
P2-S,0.008327582967467606,8.575001265853643e-05,0.00012229091953486204,0.00046804073533829576,6.40459525211666e-05,0.0015359652041738777,0.0003484579501673579,0.07868601986249045,nan,nan,0.0,0.0,120.0,3.4795478206299525e-05,0.00011313528225687097,4.815208721489103e-05,nan,0.00041500581444572476,0.00191315501770295,0.0005943179140845228,0.0015503687696716412,0.577071467940474,1.0,2.1809928238392835e-05,9.046920327149266e-05,3.5237425846402156e-05,0.405551969012266,5.516218502229691e-05,0.0010630761745309553,7.928650745990889e-05,0.000207007580808966,0.00191315501770295,0.00027104085977030785,0.0004086840810065904,0.01500539072468564,0.00022616494166511478,0.00191315501770295,0.0004399707381511649,0.0002699095175496171,0.0010630761745309553,0.00030548681998703703,32,0.016046831955922866,1.4495654941630422e-07,4.5596933947810306e-06,4.5596933947810306e-06,4.2858297350454066e-06,0.0,call,3.0345478557596174e-06,0.0006476239068433642,0.0,9.112502448260784e-05,0.0011436390216866268,nan,nan,0.0,0.0,120.0,3.812192841280473e-05,0.00011824317400810358,5.1703994537945484e-05,nan,0.000434636296185795,0.001901818045083048,0.0006022117521566789,0.0016817293649234483,0.5772305430487917,1.0,2.162781694622753e-05,0.00010113904645181471,3.505317639226164e-05,0.40570911909067425,6.068256514962145e-05,0.0005476587123597332,9.317248916006026e-05,0.00021624194837671558,0.001901818045083048,0.0002746811083505759,0.0004141722317918404,0.015868724791314997,0.00022861776984941338,0.001901818045083048,0.0004386290159420007,0.0004429797798487215,0.0007099415548386112,0.00047553539566269414,call_T050_s060_r005_q003,17,validation
P2,0.008116207900457084,8.67500202730298e-05,0.00012391596101224422,0.00046433059574679667,6.793392789111921e-05,0.0015278557528732417,0.0002907499438151717,0.113896798388777,1.7329838335397711,1.8420403440556596,0.0,0.8416666666666667,19.0,1.3085168847958365e-05,8.345019640842999e-05,2.4133014177971257e-05,0.2988127538319809,0.001747376660028424,0.004508145008424197,0.0021169629096292933,0.0034380483529140283,0.8282077278359806,0.8763857432351889,6.556881743939393e-06,8.762859069921802e-05,1.868012248710094e-05,0.7850507207688201,8.014743585631667e-05,0.0016207188128590927,0.00028892669130940756,0.0006338750396722873,0.004508145008424197,0.0008431516825095697,0.0012708967869498977,0.03504442185427143,0.0006092608832806492,0.004508145008424197,0.00121410529604636,0.0028501401914055543,0.0044612449462642645,0.003005378906905428,32,0.011432506887052342,2.045459033903049e-07,0.00010312672404339466,0.00010312672404339466,8.729815283452313e-05,0.0,call,6.461435940898762e-06,0.0005064159631729126,0.0,5.00003807246685e-06,0.003700558593862294,1.7427236718356873,1.8529074634573,0.0,0.8416666666666667,19.0,3.11131284523522e-05,0.00014042190474222727,5.088559648457575e-05,0.30071468266090384,0.0016788916349868102,0.004394130154654258,0.0020385763236097257,0.0032733930388209567,0.8293753517163759,0.8784122064608416,6.544935136828026e-06,8.762859069921802e-05,1.866400563178116e-05,0.7855239313506023,5.6783840983653676e-05,0.0012308029071342458,0.00019764708284186703,0.0006073607019021382,0.004394130154654258,0.0008107058854189162,0.001221987988753063,0.03437994586301486,0.000588760144235461,0.004394130154654258,0.001174810200047238,0.002632657182858059,0.004341150324670501,0.002830489974987529,call_T050_s060_r005_q006,17,validation
P2-S,0.00917791691608727,0.00010299996938556433,0.00014120794367045164,0.00046433059574679667,6.793392789111921e-05,0.0015278557528732417,0.0002907499438151717,0.22841864018334607,nan,nan,0.0,0.0,120.0,1.4762760303688634e-05,8.157730429947385e-05,2.5215274665896108e-05,nan,0.0017459280954911904,0.004508145008424197,0.0021163835398651993,0.0034701349304830215,0.42367851126975214,0.8513862024500323,4.354864373186337e-05,0.00012243523265631495,5.624448899228219e-05,0.28200747463961556,0.00012622936893371856,0.0016207188128590927,0.0002937555725620535,0.000657014526354786,0.004508145008424197,0.0008433908448312198,0.0012712572803610473,0.03448711912997104,0.0006308914997583774,0.004508145008424197,0.0012144061076064952,0.0028501383656790906,0.0044612449462642645,0.0030053788453402695,32,0.05220385674931129,2.0453670097605809e-07,9.067466540063876e-05,9.067466540063876e-05,7.97530991195895e-05,0.0,call,6.461435940898762e-06,0.0006344998255372047,0.0,9.954196866601706e-05,0.003700558593862294,nan,nan,0.0,0.0,120.0,3.099571011816437e-05,0.00013140756176766022,4.930944760223513e-05,nan,0.0016774649226214595,0.004394130154654258,0.002037967519218034,0.0033064163979683084,0.4306657053592886,0.8665377176015474,4.322409176104378e-05,0.00012243523265631495,5.6044403210189427e-05,0.28653661656539814,0.0001024228633663808,0.0012308029071342458,0.00020454553533563106,0.0006303497505497734,0.004394130154654258,0.0008109495362523774,0.0012223552469625989,0.03384347431057933,0.0006102699080243904,0.004394130154654258,0.0011751139539168591,0.0026326553571315962,0.004341150324670501,0.002830489919190074,call_T050_s060_r005_q006,17,validation
P0,0.01003816700540483,3.116705920547247e-05,0.00014008290600031614,0.001889075103393346,0.00013184252491736472,0.010955401961303934,0.0,0.38162372386971316,0.7862168175772204,0.7865073791797997,0.0,1.0,0.0,0.00019959388439610664,0.002386058460391552,0.00039170509262276916,0.0044029522316915235,0.0006656197105726152,0.002386058460391552,0.0008096318135876424,0.004487798218090902,0.2913853632190116,0.9629629629629629,0.0010566381955129695,0.0036695096875321346,0.0015228534133015852,0.17166494312306102,8.545004172900068e-05,0.002386058460391552,0.00022762876584937137,0.0010013545220052492,0.0036695096875321346,0.0048979206026206696,0.001443564838946511,0.054397113147173506,0.0011422530647510413,0.0036695096875321346,0.0015588386259302294,0.0007196096930633756,0.002386058460391552,0.0008951915808211895,8,0.13801652892561983,1.9326652827110844e-06,0.00010643337019411447,0.00010643337019411447,8.755950034013137e-05,0.0,put,9.045312333893105e-05,0.00017916702199727297,0.0,7.917056791484356e-06,0.005120486093508944,0.7961405600732844,0.7964457677219334,0.0,1.0,0.0,0.00018549916613498047,0.001064909672114589,0.00032080846404748816,0.0048193175962501335,0.0006213357182892526,0.002021012001489256,0.0007522482587564198,0.004113268673821216,0.2968327016783974,0.9785809906291834,0.001052236049069438,0.0036695096652998764,0.0015214247240840362,0.17495013960909453,8.459438364595133e-05,0.0009194236419608932,0.0002009184859368762,0.0009902542106278648,0.0036695096652998764,0.004873591417402917,0.001436375011709832,0.05231654822521362,0.001137411515183391,0.0036695096652998764,0.001556476529946415,0.0005592889005345004,0.0015097533909916652,0.0006622998183217921,put_T050_s020_r005_q000,17,validation
P0,0.008367958012968302,4.6792090870440006e-05,0.00012408301699906588,0.0018164175977309106,0.00012733617030594865,0.009082850122741465,0.0,0.325994860754219,0.15619110470553654,0.2024345184494135,0.0,0.975,3.0,0.00015905635477174925,0.002527373492328653,0.00033088617968874345,0.0319677294876692,0.0006280282990290452,0.002527373492328653,0.0008487538550567452,0.0031470476288632033,0.473071495766698,0.8801137606650623,0.0007825178198710122,0.002981311853881665,0.0012242323588518866,0.3234702902629251,6.464182666560059e-05,0.002527373492328653,0.00021570066819622894,0.0007592615597838805,0.002981311853881665,0.003987673633249933,0.0011754034513264734,0.029803925241551902,0.0008446534255936161,0.002981311853881665,0.0012515913331799086,0.0009986487538181594,0.002527373492328653,0.001207333268013443,8,0.13298898071625345,2.0999453402366133e-06,0.00015035871780400315,0.00015035871780400315,9.08032981686229e-05,0.0,put,4.561567148822342e-05,0.00017766712699085474,0.0,6.792019121348858e-06,0.0036263096279534265,0.1555570670584058,0.2073194665562186,0.0,0.975,3.0,0.00012814415384772738,0.0008167841913229723,0.0002345035733845183,0.031924454358528996,0.0005225336699839574,0.001979249418870399,0.0006964192265801487,0.002559590525928143,0.477881325940781,0.8862393349376504,0.0007807281539978407,0.002981311849672196,0.0012251252698580266,0.32714204958410725,5.992202480801625e-05,0.000876373982691204,0.00016553789283382797,0.0007409082547489268,0.002981311849672196,0.003933499075334769,0.001159418110918788,0.02861184382942949,0.00083878072718547,0.002981311849672196,0.0012478209161256185,0.0006829335233819851,0.001979249418870399,0.0008654930854183704,put_T050_s020_r005_q003,17,validation
P0,0.008335042046383023,2.8291018679738045e-05,0.00011424999684095383,0.0018062933301001747,0.00011809109606864268,0.012477181618928255,0.0,0.3025210084033613,0.07534604350985775,0.10236018629799411,0.0,0.9916666666666667,1.0,8.580072342122963e-05,0.0004659736457570951,0.0001510949561720812,0.01626856009276827,0.0005862327392234224,0.0027323013987920128,0.0008766040134888261,0.0036394377917057514,0.44823676830359804,0.8030788967286723,0.0006791387389910899,0.0024014983813783236,0.0010405820655179884,0.3108756828339679,7.194895874930818e-05,0.0027323013987920128,0.00023605738463549673,0.0006629003363269644,0.0027323013987920128,0.003438863755704691,0.0010138359497374855,0.04958857031563762,0.0007253794622653904,0.0024014983813783236,0.0010659979103258897,0.0011211334575675748,0.0027323013987920128,0.0012959140156604285,8,0.12727272727272726,2.118090544382746e-06,0.00020793596718406837,0.00020793596718406837,0.00014678235242383768,0.0,put,5.233406207795874e-05,0.0001475820317864418,0.0,5.041016265749931e-06,0.0026258068826886596,0.07042621973665364,0.10316994236944714,0.0,0.9916666666666667,1.0,8.175015335377968e-05,0.0004659736457570951,0.00014704403524661835,0.01644401107147077,0.0004764421846712918,0.0023500599344203916,0.0007295631256495743,0.0030333489664689703,0.45084421027421867,0.8050032071840924,0.0006802895453985883,0.002401498380639031,0.0010426237282608625,0.3130977130977131,5.8525475261147284e-05,0.0009023241080929741,0.00016268930286384548,0.0006438668491577161,0.002401498380639031,0.0033714491770663125,0.000993948831548635,0.04751102506819599,0.0007226212475806413,0.002401498380639031,0.0010627939372786532,0.000718517904049729,0.0019723483899680636,0.0009233402611884915,put_T050_s020_r005_q006,17,validation
P0,0.00851379195228219,2.7709058485925198e-05,0.00010704202577471733,0.0018115710001545557,0.00011842068875912091,0.012321385450898507,0.0,0.27953330092367523,0.11196732206371349,0.11808619539212382,0.0,1.0,0.0,3.8824173798830226e-05,0.0002965608883255255,8.440348475189361e-05,0.006296775319162647,0.0011417992573752253,0.0036768034954282047,0.001484499772145829,0.004606652256192768,0.40629820051413884,0.6874728142670726,0.0005914316820500288,0.0019487879215919768,0.0008767042800430232,0.28835978835978837,9.903904566694334e-05,0.0030616066238697255,0.00028506275251269613,0.0007297284042425974,0.0036768034954282047,0.003599172461645742,0.0010626526186251289,0.07131269366164468,0.0007873273064647379,0.0036768034954282047,0.0011028375026434184,0.0014360434801128942,0.0030616066238697255,0.0015742966046988127,8,0.12134986225895317,2.2242729171028865e-06,0.0003197631870747777,0.0003197631870747777,0.00021765542006359662,0.0,put,7.319759891017347e-05,0.00013966811820864677,0.0,4.917033948004246e-06,0.004151901326509229,0.10152413654984266,0.10999958085449209,0.0,1.0,0.0,0.00012739541618258612,0.0006116887323541764,0.0002242115536203355,0.006225670987321646,0.001044456539308441,0.0036868495965794446,0.001399504595980939,0.00438970538833052,0.40698723733402087,0.6866028708133971,0.0005926672702831669,0.0019487879214919329,0.0008782616191895552,0.28920850128252107,7.77332469157256e-05,0.0010117957378077598,0.0001946798366620168,0.0007076126310590119,0.0036868495965794446,0.0035091320514335695,0.0010360557884286615,0.06953158513973834,0.0007821603528583019,0.0036868495965794446,0.0010976788303552062,0.0009699653376932456,0.0022860609675818266,0.0011580619149035402,put_T050_s020_r005_q010,17,validation
P0,0.008121541934087873,2.8957962058484554e-05,0.00011291704140603542,0.0008771181670257843,9.172395697052708e-05,0.003469475244008058,0.0,0.06375442739079103,0.6397474211556952,0.6423635213435523,0.0,1.0,0.0,5.1786439946207464e-05,0.0003536277555289749,9.263564586272312e-05,0.00692180637999784,0.0002537871437026363,0.002150854127504093,0.00035915046804447224,0.0027099191860506288,0.773093419813788,0.7373777689084016,8.515025000842132e-05,0.0013692161912400858,0.0002544359157852177,0.8124450307827616,2.9945953686003408e-05,0.002150854127504093,0.00011200766624100478,0.0001490182628172747,0.002150854127504093,0.001010373154788464,0.00029844872020537525,0.04379931840999417,0.0001573492650048621,0.0013692161912400858,0.000311143247526901,0.0003439196461649065,0.002150854127504093,0.0004201118178929862,8,0.0,3.6840238561211866e-06,0.00033221861864752536,0.00033221861864752536,0.0003090138528943638,0.0,put,7.341686842644301e-05,0.00014787493273615837,0.0,5.999929271638393e-06,0.0018788072221101477,0.6513682577645828,0.6536863797471937,0.0,1.0,0.0,9.266126038025867e-05,0.0007253080822800517,0.00018250807532448917,0.007493351630296829,0.0002585342412051737,0.001093172339072541,0.00036101913279618303,0.0026099714565916625,0.7723134874960761,0.7364797445619636,8.524346207637366e-05,0.0013692161912400858,0.00025450659590622545,0.8118125824901012,2.735968060089243e-05,0.0004025192670346102,7.452125763564901e-05,0.00015092138936178529,0.0013692161912400858,0.0010135169916087984,0.0002993686321615503,0.043348096278558804,0.0001638539845736385,0.0013692161912400858,0.0003190273929668732,0.0002357085339906046,0.0006905502583759993,0.000277453334998687,put_T050_s040_r005_q000,17,validation
P0,0.008238500100560486,2.845795825123787e-05,0.00010774994734674692,0.0008626232158522614,8.8383383301624e-05,0.0032238602886080184,0.0,0.0,0.024952217491049814,0.02821245616658731,0.0,1.0,0.0,7.158145340677367e-05,0.00034390884453944226,0.00012630991611599607,0.01145067848129857,0.0002935963792030617,0.0021827374858048483,0.0004343380994464175,0.0023206633654331956,0.8675097276264592,0.7660195842638722,4.252543070995183e-08,9.967456547823674e-07,1.4621618388716494e-07,1.0,1.993355066690093e-05,0.0021827374858048483,0.00011334535565985265,0.00011478938050476016,0.0021827374858048483,0.0009189084011256226,0.00027155291407851404,0.03365928418269276,0.00010185250288848155,0.001348207852744976,0.00024374141640735183,0.0006662082593035404,0.0021827374858048483,0.0007533196004745205,8,0.0,4.906118277886417e-06,0.00036109070964828154,0.00036109070964828154,0.00035312745262052354,0.0,put,6.677664954829307e-05,0.00014087394811213017,0.0,4.666042514145374e-06,0.0025798283892056947,0.01570154715271494,0.022384915065443954,0.0,1.0,0.0,6.097725728246948e-05,0.00027553719967449153,0.00010243115743245063,0.012028366346019332,0.0002676731941703037,0.001295010708291354,0.0003902120926299027,0.0021078614432634923,0.8660757767604949,0.7637862910152895,4.3856943180555964e-08,9.980423279181642e-07,1.4825997314661668e-07,1.0,1.4095654127489311e-05,0.0003909847288394849,5.611078276556461e-05,0.00010513237956586555,0.001295010708291354,0.0008274507039110224,0.00024451840628611813,0.0321438415573506,0.0001022124973648768,0.001295010708291354,0.0002375751184384516,0.0004244074789485756,0.001160877255956927,0.0005391727455784863,put_T050_s040_r005_q003,17,validation
P0,0.008311250014230609,3.0250055715441704e-05,0.0001081250375136733,0.00086096760281794,8.17469011521412e-05,0.003401852173582709,0.0,0.0,0.049405564404283335,0.052150387408078806,0.0,1.0,0.0,4.4735549295122955e-05,0.00041678996154081993,9.207977837065594e-05,0.010704056486245915,0.00034678146916140574,0.0022075496924043626,0.000522709000918293,0.0024975391502600796,0.8573130180157824,0.7502605976372481,4.4074280863030936e-08,9.978057523258526e-07,1.4880223663428005e-07,1.0,2.269477774512474e-05,0.0022075496924043626,0.00012395707133381633,0.00014223458851232116,0.0022075496924043626,0.0011319997197174808,0.00033473026041314167,0.036388580936171026,0.0001237146120302364,0.0015949531217450408,0.0002909263212091283,0.0008905225208950162,0.0022075496924043626,0.000991436272853027,8,0.0,6.555400404148076e-06,0.00040669462569655585,0.00040669462569655585,0.00037265127889069824,0.0,put,8.164743967499617e-05,0.0001432910794392228,0.0,4.915986210107803e-06,0.003380386003626044,0.04134438512427463,0.043975950386258185,0.0,1.0,0.0,9.105974751535383e-05,0.0007149666283202682,0.00018085687735575341,0.010713191695971425,0.00030964095403103226,0.0015440759589397945,0.0004662479237277676,0.0022670207559648595,0.8556660039761431,0.7477414871438499,4.615961120469707e-08,9.99853665059915e-07,1.5295478728591333e-07,1.0,1.5563085593116738e-05,0.0004223546224469124,5.990545241036542e-05,0.00012761841524502884,0.0015440759589397945,0.0010121871439828934,0.000299294155733504,0.035321851187938395,0.00011751219170247647,0.0015131763113058268,0.0002753337567683338,0.0006388096469413431,0.0015440759589397945,0.0007791527543414931,put_T050_s040_r005_q006,17,validation
P0,0.008365457993932068,2.737506292760372e-05,0.00010299996938556433,0.000865082462121365,8.061808388512925e-05,0.0034011294675997433,0.0,0.00013889853462045976,0.1941096990563769,0.20228615943890715,0.0,1.0,0.0,2.5935192747429208e-05,0.00020779398519676917,5.221621150100612e-05,0.015086617322670654,0.0007802683424329019,0.004320484226046084,0.001236967491588878,0.005033058613586052,0.8206040935978642,0.6957833999112295,4.960133648809235e-08,9.978413758826463e-07,1.586995064977972e-07,1.0,6.312286476201355e-05,0.0022203702276073593,0.00021157214720982822,0.0003625814021478332,0.004320484226046084,0.0028467787561583784,0.000843185550438749,0.07485530142663195,0.0003528327160247577,0.004320484226046084,0.0008423745158986423,0.001468033604620535,0.0028084895210820082,0.0016407793581379529,8,0.0,7.943897422807092e-06,0.0004796580831042136,0.0004796580831042136,0.0003903748341546146,0.0,put,9.076773242272512e-05,0.00013508310075849295,0.0,4.708068445324898e-06,0.004608413371420532,0.18252932762191604,0.1924977460726691,0.0,1.0,0.0,8.101166654771476e-05,0.0005217136900024233,0.00015372577997049892,0.015161118861914657,0.0007411908461577734,0.004329665622992307,0.0011924488042166143,0.004998646704704248,0.8195535994970136,0.6942743009320905,5.090452791072391e-08,9.956765664575803e-07,1.6044092450211959e-07,1.0,5.394106059522153e-05,0.0013186034090040544,0.000175823581015151,0.0003452851372931359,0.004329665622992307,0.0027478113644733666,0.000813854115430861,0.07316884606610435,0.00034385749582345135,0.004329665622992307,0.0008264883334512205,0.0012060647607423417,0.0026309260961084324,0.0014295730896843957,put_T050_s040_r005_q010,17,validation
P0,0.008323209010995924,2.7583097107708454e-05,0.00010358297731727362,0.00047705060424048335,7.432094584956313e-05,0.0020647047278580135,0.0,0.06174039863879436,0.5115197347230144,0.5181032395994732,0.0,1.0,0.0,0.0008983779951876182,0.0023093611762391997,0.0010897531507560573,0.008644354960396047,0.0005176888818514278,0.0025252700102569303,0.0007543180752303348,0.0028187471111116363,0.5309667673716012,0.44555710482950944,0.00010163301094213787,0.0016541584189961878,0.00021939340020508084,0.6568865632592039,6.120274406806717e-05,0.001275805372370715,0.00016840576072485144,0.0003656285741377736,0.0025252700102569303,0.0020704816990737727,0.0006153297870150474,0.04179775937685985,0.0004023559315865319,0.0025252700102569303,0.000649141744472807,0.00021066719932051346,0.001275805372370715,0.00029818314290719605,8,0.0,4.684081523507751e-06,0.0006758600032547883,0.0006758600032547883,0.0006430912163240081,0.0,put,0.0004094941265837818,0.00013574911281466484,0.0,4.58303838968277e-06,0.00142648945672633,0.5225098949652902,0.5287394916881649,0.0,1.0,0.0,0.0010845717078904013,0.0025233593034663104,0.0012849803941241932,0.009104588805458053,0.0005169624696239358,0.002587851042896938,0.0007558171835755572,0.002810443575700447,0.5245505363347939,0.4401064773735581,0.00011040774933486143,0.0019695190878981084,0.00024595454775355947,0.6490932884651337,4.007376752208191e-05,0.0005722917669221803,9.920760814014465e-05,0.00036843018365806873,0.002587851042896938,0.0020869770702506727,0.0006202051135955569,0.040931569017465586,0.00040688731522331125,0.002587851042896938,0.0006505399927271203,0.00011898788946488215,0.0003065343562677625,0.000137973603618928,put_T050_s060_r005_q000,17,validation
P0,0.008524333941750228,3.345799632370472e-05,0.00011912500485777855,0.0004677435750927364,7.120822146141186e-05,0.0017914867152148497,0.0,0.0014584346135148275,0.025405946632537094,0.050022006780946975,0.0,0.9916666666666667,1.0,4.2288515270275455e-05,0.0003631497064398026,8.621343947204332e-05,0.018542075583098533,0.0004897182385704233,0.001478754115258476,0.0006621083180249335,0.0015773640533157521,0.7087411869395578,0.5506275260582855,1.5590968057688595e-07,3.6890837604941495e-05,1.640135272763019e-06,0.994238525062416,4.56579138223348e-05,0.0012456301449604921,0.0001618335646075659,0.0003156077921166681,0.001478754115258476,0.0017867210293295444,0.0005314866312956152,0.02461376122273861,0.0003496080171219863,0.001478754115258476,0.000568377718206154,0.00045626068519757587,0.0012456301449604921,0.000492969191603513,8,0.0,9.7838309984262e-06,0.0005374655493594613,0.0005374655493594613,0.0005203363726852304,0.0,put,0.0004057185012596404,0.00015779095701873302,0.0,5.207955837249756e-06,0.002221403820902494,0.017142754041710097,0.04843499810732608,0.0,0.9916666666666667,1.0,6.093334653442661e-05,0.0003077357147863724,0.00010349987349259844,0.0213263023013788,0.00046963890501017247,0.0014815118969209139,0.0006429979115700205,0.0015042248807500373,0.7083704058585996,0.5504148053605615,1.8404571368308977e-07,4.929412310955561e-05,1.929219862547331e-06,0.9934728354770589,2.5486922937914505e-05,0.00043727138960838097,8.10343537364212e-05,0.00030261545291841556,0.0014815118969209139,0.001735042149465024,0.0005160920482138012,0.024217605072553345,0.000344604201134307,0.0014815118969209139,0.000558886481107672,0.00024175015818683496,0.0004085551061316986,0.000271794154355026,put_T050_s060_r005_q003,17,validation
P0,0.009594624978490174,3.204203676432371e-05,0.0001128750154748559,0.0004652616481758539,6.558530688651847e-05,0.001696641293046636,0.0,0.0006944926731022987,0.0518767383767398,0.0578829598248153,0.0,1.0,0.0,4.0375524243290575e-05,0.00033484566771002644,8.069593892762783e-05,0.010796304863478852,0.000612091718762725,0.002616513859177383,0.0008055773379898062,0.0026224510463590555,0.7172868717286872,0.5604481792717086,1.3306941589522265e-07,4.389671242693849e-05,1.5652229992368772e-06,0.9960175228992433,4.2053787465049336e-05,0.0012464958150351334,0.00016065419217665774,0.000402184175765677,0.002616513859177383,0.002192674099309765,0.0006529610269286043,0.038255845310733096,0.00043137586596778696,0.002616513859177383,0.00068002773994074,0.0009005299853063952,0.0014674026868055634,0.0009460283784693014,8,0.0,1.399691529718006e-05,0.0003975766286673857,0.0003975766286673857,0.00034949289418150474,0.0,put,0.0003313352543175489,0.00015008402988314629,0.0,5.166977643966675e-06,0.0030305635875958843,0.04126162727236372,0.04879661028812479,0.0,1.0,0.0,0.00010461320654065014,0.0008068393856849321,0.0002070494211369454,0.01131988021519742,0.000575259910704129,0.0025306045520505638,0.0007645415149740337,0.002555290784195736,0.7172868717286872,0.5604481792717086,1.3457098057858465e-07,4.4019598533145965e-05,1.566163523554489e-06,0.9960175228992433,2.0096818349774456e-05,0.0005698438039574288,7.272199026343839e-05,0.0003779865375676171,0.0025306045520505638,0.0020810594607103827,0.000619699492638212,0.03866806220469797,0.00041221091581527093,0.0025306045520505638,0.0006532140527483655,0.0006900210184786957,0.0013526418849995336,0.0007672070571580645,put_T050_s060_r005_q006,17,validation
P1,0.008858292014338076,4.9083027988672256e-05,0.0001473339507356286,0.001889075103393346,0.00013184252491736472,0.010955401961303934,0.0007758330320939422,0.08174178762414057,0.45462203207303403,0.4549221252806682,0.0,0.5916666666666667,49.0,0.0011483718162249913,0.002745032882928322,0.0013699755673424953,0.00704838324268012,0.0011083243895249123,0.002745032882928322,0.0012252228382964524,0.003875540306735128,0.664364640883978,1.0,9.26578421838786e-05,0.0016108570316543391,0.0001918130478957792,0.49741468459152016,3.172636721546087e-05,0.0022992757594772527,0.00016348280323917619,0.00023625662320948747,0.002745032882928322,0.0016754076363403817,0.0004937931320138976,0.06108108441135882,0.00020686570713373346,0.002545357541766477,0.00043538606732872583,0.001063001603071287,0.0022992757594772527,0.001152023416350703,8,0.0,1.5139192888662181e-06,4.871304304995133e-05,4.871304304995133e-05,4.363273630721472e-05,0.0,put,9.045312333893105e-05,0.000979791977442801,0.0,7.541966624557972e-06,5.194457957936557e-05,0.4641974010017711,0.4645047977237029,0.0,0.5916666666666667,49.0,0.0015502792415080728,0.0030303682742865157,0.0017558612689423923,0.007001150702706919,0.0012478099842293258,0.0030303682742865157,0.0013974336187028047,0.003973426652309748,0.6656376410474771,1.0,9.545299642595788e-05,0.0023400166399055178,0.0002086878212207048,0.4988432389309932,3.303166646200479e-05,0.0013101543562556509,0.00015460337499757643,0.0002612110605140593,0.0030303682742865157,0.0019139084484254127,0.0005640789378038504,0.06267727089792807,0.00020790437857225898,0.002937718513273152,0.0004449561543516795,0.0015281567290357364,0.0024846969738517993,0.0015968221900068964,put_T050_s020_r005_q000,17,validation
P1,0.008603416034020483,0.00012258300557732582,0.0003061669413000345,0.0018164175977309106,0.00012733617030594865,0.009082850122741465,0.0004747910425066948,0.12125842072366136,0.13968163241815942,0.17214812585511974,0.0,0.26666666666666666,88.0,0.0004815005674026822,0.0024152260140843512,0.0006656935012876364,0.030033894733258484,0.00043128372463866377,0.0024152260140843512,0.0005273334691650288,0.0033428980157026835,0.862850873182774,1.0,3.533999143260695e-05,0.0009009427478883225,9.451114220872265e-05,0.7587842727345823,1.9950040665648146e-05,0.0024152260140843512,0.00015312819144354864,9.494384280793304e-05,0.0024152260140843512,0.0007544161159334318,0.00022237108348352404,0.04823133147591084,8.506008436607743e-05,0.0011197334006215753,0.00019766237818336676,0.00037977617252510896,0.0024152260140843512,0.00048547565823596104,8,0.03918732782369146,1.5134494040059174e-06,4.866807182461741e-05,4.866807182461741e-05,4.5993131190642624e-05,0.0,put,4.561567148822342e-05,0.0009224159875884652,0.0,1.8874998204410076e-05,0.00024496265607660064,0.14532957210206388,0.1780606214781393,0.0,0.26666666666666666,88.0,0.0006575489873388205,0.0016795907599669868,0.0008200121150831522,0.03129074894343651,0.0004717176197399581,0.0016795907599669868,0.0005838604656060329,0.0028537934910470644,0.8648945921173234,0.9998940341210131,3.5710393503918566e-05,0.00103942097559373,9.806138079764423e-05,0.7620124364047485,1.8424757425084358e-05,0.0009238453449483541,0.00010316247520640716,0.00010295336303065698,0.0016795907599669868,0.0008359080720681206,0.0002463879968591333,0.04541116505874579,8.873844426033329e-05,0.0013785451418742711,0.00021462050502371228,0.00043389028115216577,0.001059509992864356,0.0005205419911682344,put_T050_s020_r005_q003,17,validation
P1,0.008738250005990267,3.724999260157347e-05,0.00012966699432581663,0.0018062933301001747,0.00011809109606864268,0.012477181618928255,0.0003656659973785281,0.12507813042572402,0.2577793566169488,0.2593630841786696,0.0,1.0,0.0,0.0005576775549821254,0.0014213281376025955,0.000665985221543439,0.004717152849587627,0.00048386671613909465,0.0027685465690794,0.0007431601672916613,0.0038515636615070728,0.8170635473239568,0.9302399323538738,4.764441725600089e-05,0.0010457984894958194,0.0001238810238127367,0.7284390001655355,2.2888035964708396e-05,0.0027685465690794,0.00019294345298094396,0.0001238887218008979,0.0027685465690794,0.0011208512618392386,0.00033044615439508187,0.04067879090165168,7.876866675811354e-05,0.0015138650714490443,0.0001867307338602829,0.0011711659092934004,0.0027685465690794,0.001325488045281586,8,0.05358126721763085,1.8164454369595021e-06,7.43328631581646e-05,7.43328631581646e-05,6.829059986762183e-05,0.0,put,5.233406207795874e-05,0.0005386670818552375,0.0,6.084097549319267e-06,0.00046682776309810853,0.2649389068250017,0.26698318262159704,0.0,1.0,0.0,0.0005951349919328006,0.0014754970310266735,0.0007206426880732461,0.00531748646157443,0.0003605555888632301,0.0018839455741699526,0.0005579045605343096,0.002870922167138809,0.8188587917713861,0.9298171440651094,4.9322851400727114e-05,0.001245416900514329,0.00013102409855167343,0.7315592515592516,5.207581891411137e-06,0.0002708266076947097,2.4582520910040298e-05,0.00010493277157024474,0.0018839455741699526,0.0008955986291403804,0.00026403459290619806,0.03332371622750275,7.668500643942483e-05,0.0015433007372354923,0.00017712344722832743,0.0007394133295429843,0.0018839455741699526,0.0009178832513955116,put_T050_s020_r005_q006,17,validation
P1,0.008387917070649564,3.629201091825962e-05,0.00012691703159362078,0.0018115710001545557,0.00011842068875912091,0.012321385450898507,0.00034425000194460154,0.0962566844919786,0.35433500496808695,0.3545514251383507,0.0,1.0,0.0,0.0005051236096236439,0.0013279415182183563,0.0005880683494996495,0.0018522845807968922,0.0011578962246312288,0.0036143238218021706,0.001560803392953594,0.004392057348941052,0.8675618374558304,0.8971061093247589,2.639099447582893e-05,0.0009128455759684906,9.160428454992007e-05,0.8399014778325123,7.153800916792996e-05,0.003585295804190804,0.0003270698589723449,0.0003107163644465766,0.0036143238218021706,0.002663522650185647,0.0007864028048527868,0.04762142401222367,0.00023017326753903828,0.003167613805925479,0.0006085381167009786,0.002575283403352218,0.0036143238218021706,0.002697608756813274,8,0.014049586776859505,1.5762697202785418e-06,0.000542981345389502,0.000542981345389502,0.00017829134974567035,0.0,put,7.319759891017347e-05,0.0005127090262249112,0.0,5.249981768429279e-06,0.0023907328921067145,0.36477819048195775,0.36479685046658983,0.0,1.0,0.0,0.0005730886160122015,0.001428542284006018,0.0006821942490397716,0.0031263046323219195,0.001044054265495807,0.003248235230994545,0.0013996462265426584,0.0035650875331235954,0.8611360309740781,0.8885316184351554,3.0620172780180674e-05,0.0013454885990977772,0.00011199515164697384,0.8353792598021254,5.048024531208395e-05,0.0013072299629779578,0.00016794980375785617,0.000288460620520479,0.003248235230994545,0.0024135103671611173,0.0007125783098724736,0.046823443494049745,0.00022521613882149473,0.0029258618553636706,0.0005889039548020222,0.002109122983483479,0.003248235230994545,0.0022426295732655426,put_T050_s020_r005_q010,17,validation
P1,0.008297082968056202,3.424996975809336e-05,0.0001092919846996665,0.0008771181670257843,9.172395697052708e-05,0.003469475244008058,0.0003270410234108567,0.33384262796027503,0.34352109772065764,0.3546251216901566,0.0,0.7583333333333333,29.0,4.82570809993444e-05,0.00035743016797079585,9.458713525855091e-05,0.02392866756318511,0.00029577492555859467,0.002421744027944866,0.0004691891239094764,0.0023672563204419736,0.5448039588884659,0.8858628373359743,4.7846813006120646e-05,0.000493775143443953,8.759665205031597e-05,0.39335971855760776,2.86341060086059e-05,0.002421744027944866,0.00015352619187318213,0.00014174486533201838,0.002421744027944866,0.0010050772728186612,0.0002968843979658585,0.040855317432685834,0.00012535011238332556,0.0016605719251769069,0.0002560648493013012,0.0008538838290874952,0.002421744027944866,0.0008913014450574362,8,0.12548209366391186,3.2183520981192653e-06,9.133057088593112e-05,9.133057088593112e-05,7.965319937307952e-05,0.0,put,7.341686842644301e-05,0.00047558301594108343,0.0,5.00003807246685e-06,0.0008482976290005145,0.3531547339138468,0.3645888392893245,0.0,0.7583333333333333,29.0,0.00011871718007237268,0.0006615374632839011,0.0002096227164838794,0.02434188978704075,0.00023119933797628673,0.0014507455424944415,0.0003610559300186559,0.0020658668361363624,0.5455791638108294,0.8868531814805645,4.7938510144306675e-05,0.000493775143443953,8.784326120273231e-05,0.3939727232732072,5.229689219812094e-06,0.00021517656951440534,2.3194975527587325e-05,0.00011739512742725573,0.0014507455424944415,0.000788173659233261,0.0002328076117361236,0.03903596631711704,0.00011133618279408505,0.0014507455424944415,0.00021371925902782286,0.0005230629596937572,0.0012250846851776798,0.0006036614159573492,put_T050_s040_r005_q000,17,validation
P1,0.008230541017837822,3.341701813042164e-05,0.00010987499263137579,0.0008626232158522614,8.8383383301624e-05,0.0032238602886080184,0.00034979102201759815,0.3140495867768595,0.2600688960474205,0.2633544981281873,0.0,1.0,0.0,3.749329625585424e-05,0.00028357107926690883,6.950567804305552e-05,0.010875938417123412,0.00020672692296131882,0.0023135289558653543,0.0002762689557524727,0.0015455841396641947,0.5569541083574389,0.9197004905757811,4.8734664232565006e-05,0.00020263131128551122,7.917315313754316e-05,0.39941690962099125,2.2350436258599376e-05,0.0023135289558653543,0.00012569271973317318,0.00011049203713773939,0.0023135289558653543,0.0006207642021133901,0.000183446280209239,0.022637975108150313,0.000109133784402151,0.0008510971671345791,0.00017177948884985735,0.0004293454039540693,0.0023135289558653543,0.000459752019993671,8,0.13450413223140495,2.740182780385779e-06,0.00016799121383169122,0.00016799121383169122,5.894452631578781e-05,0.0,put,6.677664954829307e-05,0.0004982920363545418,0.0,5.209003575146198e-06,0.0005094623967798854,0.2693197095535673,0.27268146008180233,0.0,1.0,0.0,5.8389641267952814e-05,0.00036414171549181695,0.00011006851515594,0.009966074554527716,0.00016025677614114265,0.0006693307732073828,0.00021233867254827232,0.0012001555159926202,0.5596553074813945,0.922282468370772,4.8390424637539286e-05,0.0002026048195570032,7.881228046304136e-05,0.4017094017094017,8.293360354567385e-06,0.0002446219033515342,3.13690691112762e-05,9.231636240095816e-05,0.0006693307732073828,0.0004959234606685555,0.00014654941215158022,0.021683001792935763,0.00010070560725938757,0.0006693307732073828,0.00015289064443794404,0.0001499152273413467,0.0005257401420963731,0.00019475737157737883,put_T050_s040_r005_q003,17,validation
P1,0.008272541919723153,3.0082999728620052e-05,0.00010754202958196402,0.00086096760281794,8.17469011521412e-05,0.003401852173582709,0.00027616601437330246,0.2989790957705396,0.14290867991330156,0.14521350470729494,0.0,1.0,0.0,0.00030700889071429485,0.0006997455323841661,0.00034445171866915453,0.007821549969438658,0.00029177739549909225,0.002403874306763247,0.0004616186296108005,0.0022845083684771453,0.49573044080313866,0.7386519944979367,5.3172331893145845e-05,0.0004975802094927539,8.556052423890423e-05,0.37304619659604027,3.03439077789874e-05,0.002403874306763247,0.0001521280600984519,0.00015101980145739024,0.002403874306763247,0.00102410457069201,0.00030282586087881653,0.029110928639816923,0.00013070429396935324,0.001608440230270139,0.00025561328091102336,0.000857098429060486,0.002403874306763247,0.0009172222930961624,8,0.12630853994490357,4.931501746839108e-06,0.00030282614634662836,0.00030282614634662836,0.00013991907183076696,0.0,put,8.164743967499617e-05,0.00041870702989399433,0.0,4.915986210107803e-06,0.0004043263804520891,0.15096985919331024,0.15267386375713274,0.0,1.0,0.0,0.00034161542351724626,0.000765969181083348,0.0003902068878298816,0.007459724561353413,0.0002373149105408032,0.001459697964910328,0.0003747696534505332,0.001963184144538302,0.4949884348496531,0.7359009628610729,5.443517115456568e-05,0.000686692301231806,8.966605756168009e-05,0.3729089219330855,1.3173801359302469e-05,0.00034169035997644315,4.1827449270363606e-05,0.000129792965548198,0.001459697964910328,0.0008461686954618179,0.00025020407226259474,0.02808682078884297,0.00011875277250103091,0.001459697964910328,0.00022281573590163204,0.0005702126130341057,0.0013540551446249022,0.0006652499531500187,put_T050_s040_r005_q006,17,validation
P1,0.008244166034273803,2.8542010113596916e-05,0.00010599999222904444,0.000865082462121365,8.061808388512925e-05,0.0034011294675997433,0.00022608297877013683,0.1889714563511355,0.025371912956638484,0.03125900809738899,0.0,1.0,0.0,2.375992672462579e-05,0.00015769898139517124,4.500328528335647e-05,0.004857680104989609,0.000643395323827553,0.00295433406766292,0.000965237551394059,0.002618023466087156,0.5190644506279611,0.6321670635647555,3.460120328936883e-05,0.00014987462337891629,5.750548012073873e-05,0.4402908905332993,5.2858553205094954e-05,0.0025042067208744957,0.0001961931504091992,0.0003174798592569439,0.00295433406766292,0.002225952110963873,0.0006593033097050936,0.02615452302948639,0.00029043272573394,0.00295433406766292,0.0005962315407257746,0.0017034236486721073,0.0028808654730915068,0.0018087940812871253,8,0.08946280991735538,5.853940130903029e-06,0.00034081737308300566,0.00034081737308300566,0.00018356533410155052,0.0,put,9.076773242272512e-05,0.0003653750754892826,0.0,4.750094376504421e-06,0.0007987375940155519,0.020458022245051936,0.02559142500680304,0.0,1.0,0.0,4.816789661461369e-05,0.0002408140846622553,8.072380782954757e-05,0.00518229483304593,0.0005943546593169674,0.0027970304596445367,0.000888076831182677,0.002273740476634767,0.5239457831325302,0.637296208096721,3.4319245102452645e-05,0.000149868294168425,5.736143399267045e-05,0.4448280271065081,3.125199582692171e-05,0.0006861278221459641,9.222003459372182e-05,0.0002951922404540673,0.0027970304596445367,0.0020513233564854586,0.0006075664353601297,0.025996779637490187,0.00027793969196461223,0.0027970304596445367,0.0005637750550619839,0.0014107437518432568,0.002710787296801173,0.0015652750316224493,put_T050_s040_r005_q010,17,validation
P1,0.008231875021010637,2.804200630635023e-05,0.00010479195043444633,0.00047705060424048335,7.432094584956313e-05,0.0020647047278580135,0.00021504191681742668,0.0036808111674421834,0.04674604296036452,0.0922561667968329,0.0,0.9916666666666667,1.0,0.00022946629253543064,0.0006442390639064266,0.0003062700104082341,0.017796541233753026,0.00023831728636687706,0.0019472835759011264,0.00037365183122933424,0.0028305504071257054,0.8721426777191662,0.7900485436893204,1.5643581920025324e-06,0.000290512642466656,1.510618068742941e-05,0.9732760231732387,3.185673085479566e-05,0.0011975293768670056,0.0001239433369886105,0.00015178870780914512,0.0019472835759011264,0.001001976174011555,0.00029777891107392703,0.05094699740436274,0.00013758718785950797,0.0019472835759011264,0.0002641622913280381,0.0007535964339004031,0.001460878311974334,0.0008269395940549209,8,0.0,2.3904492357476082e-05,0.0005232381232143923,0.0005232381232143923,0.00048452767955599086,0.0,put,0.0004094941265837818,0.00035258487332612276,0.0,4.708999767899513e-06,0.00039889724372396077,0.05755417919677956,0.09641868770721207,0.0,0.9916666666666667,1.0,0.0003537458027563621,0.0006902415922849237,0.00041816071743924684,0.019304421674568778,0.00021563700843065035,0.0018157655860200905,0.00033213635313618064,0.0027464261564073603,0.865421656477682,0.7838288834951457,4.333266650345336e-06,0.0005754860017472829,3.572176956912854e-05,0.9659749485885212,2.1231524673284952e-05,0.0004347770663662362,6.763215923552917e-05,0.00013843847589989076,0.0018157655860200905,0.0008933242569248333,0.00026547693318795546,0.04994885416517156,0.0001288639530606814,0.0018157655860200905,0.00024310550615220104,0.0005529298929939655,0.0013181316122164444,0.0006532348519325664,put_T050_s060_r005_q000,17,validation
P1,0.008217207971028984,2.8374954126775265e-05,0.00010458403266966343,0.0004677435750927364,7.120822146141186e-05,0.0017914867152148497,0.00020891695749014616,0.0036113619001319538,0.11252428616025838,0.13594914189002869,0.0,1.0,0.0,0.00063286769170166,0.0012607897422003411,0.0006988071454522742,0.008651026170629121,0.0003181497391936455,0.0015296602566793327,0.00042916911251926915,0.0032248612252156563,0.8655666756829861,0.8157715839564922,1.5590871169116105e-05,0.0007971620865253604,7.64570052240239e-05,0.9218359900134434,3.794906999859701e-05,0.001090798674079664,0.00011772769460489154,0.0002105461584407103,0.0015296602566793327,0.0011682246007390356,0.00034750570875434445,0.05611166062518751,0.00021189700474103586,0.0015296602566793327,0.0003445641767860437,0.00047881663219138693,0.001090798674079664,0.0005481063540685795,8,0.0,2.426789433485569e-05,0.0005184879227797673,0.0005184879227797673,0.00048079299812006334,0.0,put,0.0004057185012596404,0.00034654291812330484,0.0,4.66697383671999e-06,0.00032791359420150917,0.12348085834058806,0.14434052263849984,0.0,1.0,0.0,0.0007859956744680092,0.0013719327886247967,0.0008503588321041199,0.009733074839040306,0.00031967291380137833,0.0014175152808957314,0.00042601667593345963,0.003157587058553655,0.858379158027585,0.8091434398368457,2.223294468132031e-05,0.0010846484107449594,0.00010674775819031228,0.9139950086388943,3.643284481699727e-05,0.0005172220113924264,0.00010019684946407615,0.00021384921329278042,0.0014175152808957314,0.0011693053547365882,0.00034781241233790354,0.05452437737266609,0.00021888728750530526,0.0014175152808957314,0.00034693067349295586,0.00034440273283041246,0.0009482568391738222,0.0004167167408477145,put_T050_s060_r005_q003,17,validation
P1,0.00824187498074025,2.7792062610387802e-05,0.0001045839162543416,0.0004652616481758539,6.558530688651847e-05,0.001696641293046636,0.00020770798437297344,0.0013195360788943677,0.10667873728519556,0.13067790084450984,0.0,1.0,0.0,0.0006744575529086855,0.0013045772782033227,0.0007357979240301853,0.008348598125337352,0.0003471857691550071,0.0014969387378334087,0.00046804486771617195,0.0031048957526925167,0.8505683901723506,0.7881413523615358,1.768107307202438e-05,0.0007504118286473238,8.385417126688707e-05,0.9237355635205098,4.137239412565605e-05,0.0009840138694469057,0.00011832075422171451,0.0002341625751294119,0.0014969387378334087,0.001284584555325239,0.00038253913369334474,0.05267514347670244,0.00024819177328358694,0.0014969387378334087,0.00039596866058372077,0.0002806090200562028,0.0009840138694469057,0.0003426673168999852,8,0.0,1.9402144421965152e-05,0.0003898828948816352,0.0003898828948816352,0.00035098044720124547,0.0,put,0.0003313352543175489,0.0003449179930612445,0.0,4.834029823541641e-06,0.00042501374506977857,0.11696622609607828,0.13689626970913416,0.0,1.0,0.0,0.0008463281149657797,0.001517458391910198,0.0009109274267101556,0.009300186734624518,0.0003565666436393193,0.0015420650349576848,0.0004766579143584779,0.0030439060965918225,0.8432343234323433,0.7813455657492355,2.5144068959634866e-05,0.0011736541065381356,0.00011713350863707493,0.9157706093189965,4.2668716661200516e-05,0.0005907015950563643,0.00011416430282834377,0.00024288559930892007,0.0015420650349576848,0.0013177415653349194,0.0003923981005269211,0.05168454214018774,0.00025714568917493795,0.0015420650349576848,0.00040219133825072966,0.00023170974999773338,0.000672543589367719,0.0002862682922765653,put_T050_s060_r005_q006,17,validation
P2,0.008369249990209937,3.712496254593134e-05,0.00012504193000495434,0.001889075103393346,0.00013184252491736472,0.010955401961303934,0.00033166701905429363,0.1770956316410862,0.31882111260858087,0.32389003504238423,0.0,1.0,0.0,0.00020484635484224831,0.002550838207221992,0.00037138714639270323,0.009329500628630916,0.00021225247320065923,0.002550838207221992,0.000320050697781386,0.00260943119326753,0.7158507028599127,0.9162427100136493,2.808644539059955e-05,0.0004615610904800116,6.592912150742249e-05,0.5873836608066184,1.7477317708868666e-05,0.002550838207221992,0.00016629258194959985,5.412453551878912e-05,0.002550838207221992,0.0004579127858620546,0.00013496070079633746,0.036577459264162344,4.327092326970804e-05,0.0006927857820209077,9.616145248610135e-05,0.00035449786841359527,0.002550838207221992,0.0004581625928904328,8,0.06301652892561983,1.0352507973972267e-06,6.658100706409889e-05,6.658100706409889e-05,6.089877757026289e-05,0.0,put,9.045312333893105e-05,0.0005004180129617453,0.0,6.584101356565952e-06,0.0010706831617987508,0.3287448551046449,0.33383263422638987,0.0,1.0,0.0,0.00046251615714920077,0.0011954825410113168,0.0006319605125409756,0.009504807745771757,0.000239635982541729,0.0011954825410113168,0.0003666149062895868,0.0023218341534340546,0.7105953190249588,0.9079290234520412,2.8985734112835938e-05,0.0007816677133705707,6.895539360043799e-05,0.5837255684084564,1.2042936109171215e-05,0.0006880538961240093,7.151589984197248e-05,5.928622063638275e-05,0.0011954825410113168,0.0005190735738915405,0.00015298457480747115,0.03744964441740669,4.504479370843572e-05,0.0010910580436414158,0.00010714518758858532,0.0003645985057855569,0.0008541197232136699,0.0004435319402566808,put_T050_s020_r005_q000,17,validation
P2-S,0.008320583961904049,2.8792070224881172e-05,0.00010433304123580456,0.001889075103393346,0.00013184252491736472,0.010955401961303934,0.00033166701905429363,0.3454406556010834,nan,nan,0.0,0.0,120.0,0.00020943741943679485,0.002550838207220562,0.00037186497854576364,nan,0.0002094019662612321,0.002550838207220562,0.0003186902205580561,0.0026273800828874264,0.09890359168241966,1.0,7.598784966618482e-05,0.0004625458394684756,9.333383276216521e-05,0.05202450083525575,7.395919915019669e-05,0.002550838207220562,0.0001774357317226792,9.48504424775876e-05,0.002550838207220562,0.0005014087304588195,0.00014778026676134294,0.03545276657801017,8.437261736903209e-05,0.0006927857820209077,0.00011427102870261444,0.0003554587830922495,0.002550838207220562,0.0004582349364695204,8,0.31136363636363634,1.0352507973972267e-06,6.658100706420471e-05,6.658100706420471e-05,6.089877757070949e-05,0.0,put,9.045312333893105e-05,0.0005657500587403774,0.0,0.00010095792822539806,0.0010706831617987508,nan,nan,0.0,0.0,120.0,0.0004678240681045647,0.0011954825410265546,0.0006324169185361969,nan,0.00023633101655703805,0.0011954825410265546,0.0003652693826795063,0.002327819842538681,0.09917355371900827,1.0,7.696024351694441e-05,0.0007817079570543173,9.559387261208905e-05,0.05217391304347826,6.820474968850129e-05,0.0006880538961240093,9.449090735653798e-05,9.988455524581792e-05,0.0011954825410265546,0.000557683060474228,0.00016436380154040704,0.036476259874774805,8.59947463204009e-05,0.0010910580436414158,0.00012357600903319685,0.0003654918429595115,0.0008541197232136699,0.0004436101202667269,put_T050_s020_r005_q000,17,validation
P2,0.008303500013425946,2.8416048735380173e-05,0.00010445795487612486,0.0018164175977309106,0.00012733617030594865,0.009082850122741465,0.00024995801504701376,0.07944996180290298,0.07983063661004336,0.1441365986392753,0.0,0.8666666666666667,16.0,6.936138834608534e-05,0.0026366731797700955,0.0001962462752996974,0.03128160795474908,0.000551736809978554,0.0026366731797700955,0.0008516219050435155,0.0032572783403082,0.8766115737413874,0.9241532976827095,1.2888298460039512e-05,0.000258807214935305,4.139254597610816e-05,0.8337219586717054,1.972183516969119e-05,0.0026366731797700955,0.00018006427019547964,9.40044872030766e-05,0.0026366731797700955,0.0011284322901776035,0.00033261578816368994,0.03167190490079857,4.785013887295604e-05,0.001703998328055234,0.00016018350712853586,0.0012802199585359155,0.0026366731797700955,0.0014668648360728442,8,0.03402203856749311,1.8305964810218957e-06,0.00010158653865271344,0.00010158653865271344,7.02222443868784e-05,0.0,put,4.561567148822342e-05,0.000387665000744164,0.0,4.832982085645199e-06,0.0010962956599495852,0.0721428028767513,0.14329844927550509,0.0,0.8666666666666667,16.0,3.944917630149672e-05,0.0002790328855635238,8.064601055254732e-05,0.028146652416700717,0.0003881704016200622,0.002202577777749834,0.0006224348149680456,0.0022905754986598543,0.8740414354107529,0.9193404634581105,1.2944724547116064e-05,0.0002588070834042561,4.14822647213248e-05,0.8329968505208754,5.819544299721638e-06,0.00039488854079708455,3.7251783625525634e-05,7.081369379994801e-05,0.002202577777749834,0.0008393349331289008,0.00024739808093475566,0.028384796838011393,4.271306496529178e-05,0.0014426239064137085,0.0001371685760882024,0.0008289368143415088,0.002202577777749834,0.0010466947129071356,put_T050_s020_r005_q003,17,validation
P2-S,0.008385291905142367,3.087497316300869e-05,0.00010612502228468657,0.0018164175977309106,0.00012733617030594865,0.009082850122741465,0.00024995801504701376,0.3387735259393013,nan,nan,0.0,0.0,120.0,6.448704406978743e-05,0.002636673179768146,0.00019208032479739044,nan,0.0005489038663480711,0.002636673179768146,0.0008505977856686294,0.0032870809974966746,0.1080235416821873,0.7352941176470589,5.804614320915603e-05,0.00026605460480053886,7.004537482512882e-05,0.058293800755809276,7.391646575748574e-05,0.002636673179768146,0.0001895590407201731,0.0001319379826872087,0.002636673179768146,0.0011408581780008508,0.00033627843279725715,0.031077057791918036,8.61160475250687e-05,0.001703998328055234,0.00016778532283209075,0.0012805210319523956,0.002636673179768146,0.0014668547537354036,8,0.43202479338842975,1.8305964810218957e-06,9.528826072804919e-05,9.528826072804919e-05,7.006153896337436e-05,0.0,put,4.561567148822342e-05,0.000492708059027791,0.0,0.00010575004853308201,0.0010962956599495852,nan,nan,0.0,0.0,120.0,3.937949847783834e-05,0.00027903319307789887,7.985593194906826e-05,nan,0.0003858342001670623,0.002202577777749834,0.0006211112101054666,0.002320344210011003,0.10875906948911662,0.7373225152129818,5.8220919818385164e-05,0.00026605447326948995,7.01860197799305e-05,0.05870952111766131,5.9655538374398465e-05,0.00039488854079708455,6.982192495773936e-05,0.00010874689393404072,0.002202577777749834,0.0008560167661015676,0.00025231513287792565,0.027795087251261362,8.091914208991437e-05,0.0014426239064137085,0.00014591539865106652,0.0008287458049034301,0.002202577777749834,0.0010466761462040652,put_T050_s020_r005_q003,17,validation
P2,0.008402417064644396,2.9916991479694843e-05,0.00010620790999382734,0.0018062933301001747,0.00011809109606864268,0.012477181618928255,0.0003107080701738596,0.0002777970692409195,0.031819725307646055,0.04338130904610823,0.0,1.0,0.0,8.156676337333287e-05,0.0005818742520893871,0.00015469219871191991,0.007985124601484999,0.0005576842870755228,0.0027847330220489817,0.0008488979792248262,0.0036340188980625793,0.9610586312726692,0.9268855231798262,1.8105548067699968e-07,0.00017027033529498636,4.310178409695414e-06,0.9978480384042377,2.538918386786063e-05,0.0027847330220489817,0.00020207324803859516,9.762322265854806e-05,0.0027847330220489817,0.0012038683144980902,0.00035492100376565436,0.042175016528903216,4.547186461810203e-05,0.0015806081014553552,0.0001724811764701671,0.0014000384802251638,0.0027847330220489817,0.0015597779671644096,8,0.0,1.8554814304329398e-06,9.757079177348527e-05,9.757079177348527e-05,7.93419376178227e-05,0.0,put,5.233406207795874e-05,0.0004515410400927067,0.0,4.708068445324898e-06,0.0010110460259875678,0.03305154487718062,0.04404072846003803,0.0,1.0,0.0,0.00012388789003545258,0.0006360431455134652,0.00021246231575577725,0.007689487284769418,0.0004228501408546449,0.0022174123072114596,0.0006474017460972986,0.0026646486230256965,0.9574145094279323,0.9212731606058276,5.697079981609173e-07,0.0004330180669517847,1.1847673613494904e-05,0.9965072765072766,6.511746072568953e-06,0.0002999903759575012,3.166306645676537e-05,7.602122171666117e-05,0.0022174123072114596,0.0009289535230011691,0.00027386806689265995,0.036780671294800234,4.106594932082274e-05,0.0013351459740504196,0.00015401294464888058,0.0009487234424537225,0.0022174123072114596,0.0011460737917131567,put_T050_s020_r005_q006,17,validation
P2-S,0.0083165830001235,2.7749920263886452e-05,0.00010479195043444633,0.0018062933301001747,0.00011809109606864268,0.012477181618928255,0.0003107080701738596,0.2949510382665463,nan,nan,0.0,0.0,120.0,9.713150668052226e-05,0.0005819831161534839,0.00015873807308914363,nan,0.0005553291157585025,0.0027847330220489817,0.0008479720121582786,0.003654337675537468,0.05551284022758727,0.3906926406926407,3.339183165820616e-05,0.0001870072285150015,4.070611681996711e-05,0.029879159079622578,7.757611307355787e-05,0.0027847330220489817,0.00021010675252180526,0.00012461767074110067,0.0027847330220489817,0.001209005716542172,0.0003564355979021347,0.04127522179045367,7.065990610631784e-05,0.0015806081014553552,0.0001748887868450561,0.001399765884905726,0.0027847330220489817,0.001559756882275269,8,0.5037190082644628,1.8554814304325599e-06,9.371931077666734e-05,9.371931077666734e-05,7.346002477025695e-05,0.0,put,5.233406207795874e-05,0.0005365409888327122,0.0,9.329104796051979e-05,0.0010110460259875678,nan,nan,0.0,0.0,120.0,0.00013549516426200094,0.0006361520095775619,0.00021452815211763632,nan,0.0004203059171736614,0.0022174123072114596,0.0006460800880097327,0.002678980208797617,0.0557572013282879,0.3906926406926407,3.393524158235328e-05,0.0004343242828234728,4.233107556386182e-05,0.03002079002079002,5.835864269674131e-05,0.00026288039713900924,6.50990500961926e-05,0.00010297053202336565,0.0022174123072114596,0.0009354394554617138,0.0002757802075336977,0.03584916917716417,6.631908394842537e-05,0.0013351459740504196,0.00015665860677732248,0.000947908183200432,0.0022174123072114596,0.0011460026130821546,put_T050_s020_r005_q006,17,validation
P2,0.00842075003311038,9.791599586606026e-05,0.00017970800399780273,0.0018115710001545557,0.00011842068875912091,0.012321385450898507,0.00034191610757261515,0.022848808945065628,0.042870994942617875,0.06121342680263692,0.0,0.9916666666666667,1.0,4.582458001907846e-05,0.00024021712245714255,8.504383908613058e-05,0.012475649099429343,0.0009056024519631925,0.003231679873665772,0.0011662189719247368,0.003288464374915769,0.9483514556296037,0.9129664021610671,2.2867836411397368e-07,3.906682334220424e-05,2.256490440028756e-06,0.9865900383141762,6.210601537985053e-05,0.003231679873665772,0.00027233601263113494,0.0002277315888942014,0.003231679873665772,0.0019800373772593713,0.0005846043573466871,0.04209285032685071,0.00018749962346394634,0.0024658709288184755,0.0005108555703020701,0.0016082734545746638,0.003231679873665772,0.0017115460517427347,8,0.001721763085399449,1.0536276634556174e-06,0.00027119909081737767,0.00027119909081737767,0.00013310071973044195,0.0,put,7.319759891017347e-05,0.0006252070888876915,0.0,5.66698145121336e-06,0.0019062060963833533,0.043575289177183285,0.06290320649944141,0.0,0.9916666666666667,1.0,7.087063255307053e-05,0.00026853579101504543,0.00010681938458427843,0.012591109433399968,0.0008070789346454027,0.002461833805931346,0.0010438733128392318,0.0026757086636547624,0.9448203145593533,0.907732567955428,4.2065270603781517e-07,0.00021733285027725202,5.80536889742359e-06,0.9850677903994137,4.101157585466557e-05,0.0007082461362690196,0.00012925736291803644,0.00020565267922226856,0.002461833805931346,0.0017834535941566448,0.000526556821612067,0.041765228121512565,0.00018359519887099483,0.002461833805931346,0.000500174190933941,0.0011420065005477806,0.0021928817525777855,0.0012593264494748303,put_T050_s020_r005_q010,17,validation
P2-S,0.008850166923366487,3.058393485844135e-05,0.00010562501847743988,0.0018115710001545557,0.00011842068875912091,0.012321385450898507,0.00034191610757261515,0.2710604903118272,nan,nan,0.0,0.0,120.0,5.9681545439792026e-05,0.00021056336774039064,7.920986963795309e-05,nan,0.0009038100079682789,0.003231679873665772,0.0011653963431045161,0.0033272659350600353,0.2896721787061213,0.7066525123849965,2.857234245068641e-05,9.074389064689381e-05,3.9656832952762267e-05,0.1821747856230615,0.00011168519274507176,0.003231679873665772,0.0002778222253270931,0.0002485026321466923,0.003231679873665772,0.001982040090788233,0.000585195656818574,0.04165526307509665,0.0002057070558873071,0.0024658709288184755,0.0005113118021871785,0.0016082735446034597,0.003231679873665772,0.0017115165358939444,8,0.5168732782369146,1.0536276634556174e-06,0.00027333949386625696,0.00027333949386625696,0.00011198324089843692,0.0,put,7.319759891017347e-05,0.0005726671079173684,0.0,9.454204700887203e-05,0.0019062060963833533,nan,nan,0.0,0.0,120.0,8.302731404406007e-05,0.00026855082938659347,0.00010156354476992068,nan,0.0008050925205513008,0.002461833805931346,0.0010429258132544047,0.002715914848873517,0.2836559452772522,0.6896673743807502,2.8923632606700057e-05,0.00022811044861981156,4.021622645221757e-05,0.17854525467204105,9.030525654896653e-05,0.0007071673355001362,0.00014030856569035481,0.0002263984709096601,0.002461833805931346,0.0017856317890365455,0.0005271999240603561,0.04129282277981817,0.0002018403776333586,0.002461833805931346,0.0005006314507283536,0.0011416226181881074,0.0021928817525777855,0.0012592572019649974,put_T050_s020_r005_q010,17,validation
P2,0.008284791954793036,3.316602669656277e-05,0.00011595792602747679,0.0008771181670257843,9.172395697052708e-05,0.003469475244008058,0.0003857499687001109,0.30953538440169454,0.3041283940477946,0.3245153358471334,0.0,0.975,3.0,6.79684507169135e-05,0.0005097112964122519,0.0001365398153373863,0.02600019030274671,0.00015860245229855818,0.0022172449853537415,0.0002239958644348022,0.001873562847179551,0.5817003094150582,0.8816435908887896,2.7262233538070427e-05,0.00021269436401782915,4.62309191169009e-05,0.4340369393139842,1.6442631165312678e-05,0.0022172449853537415,0.0001012984354118924,7.700484080717123e-05,0.0022172449853537415,0.00048270789143936923,0.00014258450133037897,0.03721780970138089,7.635349775126316e-05,0.0008192394599874087,0.00013552226367487716,0.00027722750846606716,0.0022172449853537415,0.00033234317437569403,8,0.1340909090909091,5.668584358670193e-06,7.057934863460846e-05,7.057934863460846e-05,7.042828316434768e-05,0.0,put,7.341686842644301e-05,0.0005400408990681171,0.0,5.166977643966675e-06,0.001017933241525477,0.3144646551722458,0.3364141213700765,0.0,0.975,3.0,0.00019382570359403146,0.0008653549000965932,0.00030256139168459114,0.025481772215109444,0.00020398327948316835,0.0009510115027703825,0.0002868433411747974,0.001832060056875469,0.5815770081061163,0.8811969629298794,2.7523846065732906e-05,0.00042430200899096215,4.713331656611602e-05,0.43400791904971403,1.287665403530148e-05,0.0005763918194701123,5.658317462421758e-05,9.440270652836176e-05,0.0009510115027703825,0.0006109301862145704,0.00018045413713581933,0.03633159732276295,8.284898516679148e-05,0.0009510115027703825,0.00014921974701370274,0.0005122356958000827,0.0007605541584346925,0.0005451628294086456,put_T050_s040_r005_q000,17,validation
P2-S,0.008260790957137942,3.1374976970255375e-05,0.00010649999603629112,0.0008771181670257843,9.172395697052708e-05,0.003469475244008058,0.0003857499687001109,0.3222446003194666,nan,nan,0.0,0.0,120.0,6.9407325529497e-05,0.0005097116493043563,0.00013722186702176277,nan,0.0001686814141236776,0.0022172449853537415,0.0002265029929591151,0.0019134919959377364,0.14594374235629842,1.0,7.572408581296422e-05,0.00022395587307566522,8.397255898612852e-05,0.07871591908531222,7.089381320124851e-05,0.0022172449853537415,0.00011805174732688919,0.00011092990409606686,0.0022172449853537415,0.0005223980846138708,0.00015430837513036544,0.036889822469362,0.00010972926204859918,0.0008192394599875197,0.00014843476277247436,0.00027734520997649514,0.0022172449853537415,0.0003323608877006402,8,0.16418732782369147,5.668584358670193e-06,7.057934863460846e-05,7.057934863460846e-05,7.042828316434768e-05,0.0,put,7.341686842644301e-05,0.0006196668837219477,0.0,9.604194201529026e-05,0.001017933241525477,nan,nan,0.0,0.0,120.0,0.0002026517366384505,0.0008653549001000904,0.00030411489804305444,nan,0.00021386636737050476,0.0009510115027704935,0.0002887838964918258,0.0018686089302295918,0.1460032626427406,1.0,7.58525747228084e-05,0.0004257282048224509,8.442178507776674e-05,0.07875054993400792,6.67749624743755e-05,0.0005763918194701123,8.274233469711165e-05,0.00012816037715447748,0.0009510115027704935,0.0006426537264434864,0.00018982451072035832,0.036017040936634874,0.00011596616306767699,0.0009510115027704935,0.00016096665175451049,0.0005123738935808545,0.0007605541584346925,0.0005451693353866341,put_T050_s040_r005_q000,17,validation
P2,0.008226041914895177,3.22909327223897e-05,0.00011933292262256145,0.0008626232158522614,8.8383383301624e-05,0.0032238602886080184,0.00037266709841787815,0.2987012987012987,0.26452368491960443,0.26719082778676495,0.0,0.9583333333333334,5.0,6.131615484688246e-05,0.00028310935456571373,0.00010668558286595193,0.010392928003924055,0.00021170882677644726,0.0021445989679941112,0.0002986997922253484,0.0015791632841848447,0.5398186546706966,0.7233000565078169,2.9485043704320355e-05,0.00012583637819725107,4.826897571967553e-05,0.4305898183449204,1.4003744389099688e-05,0.0021445989679941112,9.03280353499209e-05,0.0001007142432481891,0.0021445989679941112,0.0006446742228624397,0.00019051209417081418,0.021066020616063393,9.182585810969597e-05,0.0005580154411142235,0.00015978257057887513,0.0005347763198648126,0.0021445989679941112,0.0005941385679460925,8,0.12176308539944904,2.969206444001484e-06,0.00012472632099577718,0.00012472632099577718,8.655138655130066e-05,0.0,put,6.677664954829307e-05,0.0005295819137245417,0.0,5.29095996171236e-06,0.0008598459422308954,0.2739779645730912,0.2766926594613861,0.0,0.9583333333333334,5.0,5.371778209194867e-05,0.00022481909157540114,8.896570734369356e-05,0.01016351666716746,0.0002572354929657129,0.0010884791113974918,0.0003804144285195807,0.001626806937505663,0.541370326033378,0.7240534940666792,2.938976369609816e-05,0.00012582955581332174,4.8215067233670025e-05,0.4322986954565902,1.8080082454822795e-05,0.0005791140046288376,7.722281824432134e-05,0.0001188566783584173,0.0010884791113974918,0.0008166344004695618,0.00024132210073351883,0.020732302580747795,0.00010016834148939372,0.0007656453566816657,0.00018588233271144773,0.0008032955171925843,0.0010884791113974918,0.0008368654756396185,put_T050_s040_r005_q003,17,validation
P2-S,0.00829770800191909,3.1542032957077026e-05,0.0001099579967558384,0.0008626232158522614,8.8383383301624e-05,0.0032238602886080184,0.00037266709841787815,0.3073130078477672,nan,nan,0.0,0.0,120.0,5.334975982482267e-05,0.00024212742332790915,9.126212826906203e-05,nan,0.00021255993862301912,0.0021445989679941112,0.0002979963709777577,0.0016320576704220552,0.13304047693755883,0.9891135303265941,7.589617456924271e-05,0.00015083536633571352,8.479106186273823e-05,0.07131643866337743,6.738191434447352e-05,0.0021445989679941112,0.00010841962613650955,0.00012931648204002767,0.0021445989679941112,0.00066904494626455,0.00019771405352817534,0.02094192895329981,0.00011917402272522349,0.0005580154411142235,0.00016867944137518198,0.000534898409666161,0.0021445989679941112,0.000594148303820459,8,0.18960055096418732,2.969206444001484e-06,0.00011390977384374834,0.00011390977384374834,6.739347226799309e-05,0.0,put,6.677664954829307e-05,0.0006132920971140265,0.0,9.912496898323298e-05,0.0008598459422308954,nan,nan,0.0,0.0,120.0,4.646926166487116e-05,0.00019453264805940895,7.73425727583594e-05,nan,0.00025820364425396277,0.0010884791113974918,0.0003799001810646412,0.0016746440125029538,0.13487152595700053,1.0,7.559588570029822e-05,0.00015082854395178418,8.464556690212657e-05,0.07231219073324337,7.091819567741939e-05,0.0005791140046288376,9.759353379381649e-05,0.00014729945812875375,0.0010884791113974918,0.0008359404933293478,0.00024702720804127006,0.02067628160953855,0.00012738065272396964,0.0007656453566816657,0.000193509985810308,0.0008033673688301123,0.0010884791113974918,0.0008368679407272512,put_T050_s040_r005_q003,17,validation
P2,0.008462792029604316,3.6375015042722225e-05,0.00011308398097753525,0.00086096760281794,8.17469011521412e-05,0.003401852173582709,0.0003957919543609023,0.2182790471560525,0.04018656244259394,0.06190844869078568,0.0,0.9916666666666667,1.0,2.411489379113181e-05,0.00012863980414667964,4.0688991548420716e-05,0.015319196885231732,0.00018314101378202812,0.0021854269943681476,0.00027735360480437394,0.0020798839424238423,0.5607488871432311,0.6451272782045488,1.969246595682478e-05,0.00010238746549327134,3.4848071500900174e-05,0.49588977654278105,1.810088665400291e-05,0.0021854269943681476,9.954565900487123e-05,8.671965543449167e-05,0.0021854269943681476,0.0006074301236583332,0.00017961598393830493,0.030619446915664237,8.734826095291892e-05,0.0012177764240166589,0.0001778109220918397,0.0002962538915918888,0.0021854269943681476,0.00036751671128531046,8,0.09049586776859504,4.110480575116208e-06,0.0001338509714805235,0.0001338509714805235,0.00011715043169350824,0.0,put,8.164743967499617e-05,0.0005504590226337314,0.0,5.208072252571583e-06,0.0006895196028330309,0.03380797270389308,0.061535497352970404,0.0,0.9916666666666667,1.0,2.6386544213363035e-05,0.0001608660607936574,4.73997166071877e-05,0.01707377912812435,0.0002139817803522849,0.001113163322752242,0.0003069528579018546,0.0021160539324721383,0.5580114120810652,0.6407591504744691,1.975529802196142e-05,0.00010238574187275401,3.4903870114334426e-05,0.4941914498141264,1.760970607402313e-05,0.0004091099770958326,6.356828823702223e-05,9.978865420656913e-05,0.001113163322752242,0.0006724890174939734,0.00019884863577590944,0.031171899558173573,9.154464180847134e-05,0.001113163322752242,0.00017788900390052528,0.000522241979167535,0.0008350583377477738,0.0005559832950638541,put_T050_s040_r005_q006,17,validation
P2-S,0.00838408397976309,3.2125040888786316e-05,0.00010866706725209951,0.00086096760281794,8.17469011521412e-05,0.003401852173582709,0.0003957919543609023,0.27279672199458294,nan,nan,0.0,0.0,120.0,2.8331146331985724e-05,0.0001003099066688995,3.68252173272678e-05,nan,0.00018242186115155617,0.0021854269943681476,0.00027453683281009387,0.002130101400888428,0.1714830104795173,1.0,6.539347546948635e-05,0.0001330756871604731,7.48326770530212e-05,0.09378256339006599,6.963518772162856e-05,0.0021854269943681476,0.00011585606009445804,0.00011338462550262255,0.0021854269943681476,0.0006255147402451047,0.00018496357220544038,0.030596311336080362,0.000112477574029349,0.0012177764240166589,0.00018303198050879422,0.0002963485760434569,0.0021854269943681476,0.0003675288164186099,8,0.23491735537190084,4.110480575116208e-06,0.00013794006919258528,0.00013794006919258528,7.039222658816734e-05,0.0,put,8.164743967499617e-05,0.0006357090314850211,0.0,9.912496898323298e-05,0.0006895196028330309,nan,nan,0.0,0.0,120.0,3.752148156950172e-05,0.0001322374378937563,4.712185172408591e-05,nan,0.00021371186747551254,0.001113163322752242,0.00030438849784225516,0.002162986074087646,0.1720110426842217,1.0,6.537356088926231e-05,0.00013307396353995577,7.485572586918881e-05,0.09409851301115242,6.849542071916636e-05,0.0004091099770958326,8.644525007913614e-05,0.0001264981427917859,0.001113163322752242,0.0006887237857317162,0.00020364910304337993,0.031225429039439725,0.00011665685789300082,0.001113163322752242,0.00018305939464697554,0.000522157127512426,0.0008350583377477738,0.0005559759325494452,put_T050_s040_r005_q006,17,validation
P2,0.008455957984551787,3.433297388255596e-05,0.00011991697829216719,0.000865082462121365,8.061808388512925e-05,0.0034011294675997433,0.0003903330070897937,0.1545940690325717,0.04726116572718674,0.05037542511036743,0.0,1.0,0.0,2.5935192747429208e-05,0.00020779398519676917,5.221621150100612e-05,0.004253018129340361,0.0006466402481380562,0.0025404729407172977,0.000902121447256774,0.002335949020948529,0.5812323041661049,0.6162092624356775,1.2693445584627904e-05,7.06395830601673e-05,2.3375276265611332e-05,0.5500127583567237,5.3579656968374595e-05,0.0024483095591023244,0.00018774687647243497,0.0003072593972116324,0.0025404729407172977,0.0020769610072805607,0.0006151737314939582,0.0261596572729386,0.00029823032814786166,0.0025404729407172977,0.0005993134297797397,0.0012888269116047267,0.0024483095591023244,0.0013518763389373297,8,0.06680440771349862,3.9938645908668955e-06,0.00024162373568155197,0.00024162373568155197,0.0001901153973011463,0.0,put,9.076773242272512e-05,0.0005499159451574087,0.0,5.332985892891884e-06,0.0010808618936914856,0.035680794292725866,0.042825141486017855,0.0,1.0,0.0,5.644372594098117e-05,0.00026562012589725903,9.80008619580808e-05,0.004896167829465827,0.0005973480432721941,0.002445525233654322,0.0008346682128244662,0.002141435632039953,0.5797394884254572,0.6139222412807318,1.2717225547827157e-05,7.063885747318524e-05,2.3398956134989768e-05,0.5491625111878277,3.251341829914576e-05,0.0005841009905158678,9.692509906976582e-05,0.00028504713312792293,0.002445525233654322,0.00192422856584515,0.000569923160516093,0.026563073360215083,0.0002856390688742713,0.002445525233654322,0.0005703051309201824,0.000995171858124849,0.0019413228020238454,0.0011034233011758424,put_T050_s040_r005_q010,17,validation
P2-S,0.00807233399245888,3.1374976970255375e-05,0.00010983296670019627,0.000865082462121365,8.061808388512925e-05,0.0034011294675997433,0.0003903330070897937,0.21307035210778527,nan,nan,0.0,0.0,120.0,2.5516043180191794e-05,0.00017617496025879031,4.7306510708667736e-05,nan,0.0006445940608323372,0.0025404729407172977,0.0009009422886232157,0.002367807360053095,0.19018208923437332,0.5750160978750805,6.0469872205045025e-05,0.00011074595298776052,6.830162506661871e-05,0.11393212554223016,9.975251217853815e-05,0.0024483095591023244,0.00019509853785877346,0.0003318855443060947,0.0025404729407172977,0.002080298010724639,0.000616162116376248,0.02574909820194583,0.0003216709964966406,0.0025404729407172977,0.0006002300215713714,0.0012888554548961982,0.0024483095591023244,0.001351878677398427,8,0.2665977961432507,3.993864590866924e-06,0.0002416237356815537,0.0002416237356815537,0.00010243969156000105,0.0,put,9.076773242272512e-05,0.0006248329300433397,0.0,9.32919792830944e-05,0.0010808618936914856,nan,nan,0.0,0.0,120.0,5.370072510063305e-05,0.00020993546926795226,8.582437608087996e-05,nan,0.000595528990506101,0.002445525233654322,0.0008333773006112459,0.002175341009737594,0.19052698954555153,0.5750160978750805,6.0277185037734666e-05,0.00011074522740077846,6.825123081786498e-05,0.1141797724076205,7.824803495615642e-05,0.00058409905588927,0.00011026082298295817,0.00030960559930549365,0.002445525233654322,0.0019277586047652222,0.0005709686968800065,0.026150487172153715,0.00030910180583919295,0.002445525233654322,0.000571278763399102,0.0009951365167770972,0.0019413228020238454,0.0011034218222535463,put_T050_s040_r005_q010,17,validation
P2,0.00842075003311038,3.074994310736656e-05,0.00010979198850691319,0.00047705060424048335,7.432094584956313e-05,0.0020647047278580135,0.00033966696355491877,0.0019445794846864365,0.024449500476051506,0.05694163769681708,0.0,1.0,0.0,0.00019980476591137045,0.0006267858583801078,0.0002836392613110424,0.017031432904916165,0.00014784287504650032,0.0012794889822425048,0.00023460047781029782,0.0025085015331765565,0.8273646265966618,0.7124156545209177,7.419664280434755e-07,0.000193967853851007,8.745353963300382e-06,0.986544571108204,2.8948909697577197e-05,0.0011912216007634382,0.00012019248898590222,9.4080361419196e-05,0.0012794889822425048,0.0006290549366210167,0.00018694984860041623,0.04704167249474327,8.305329691276716e-05,0.0012794889822425048,0.00016040341600344777,0.00048513352482607345,0.0011912216007634382,0.0005357226276654997,8,0.0,2.2489938395277805e-05,0.0004956321641187075,0.0004956321641187075,0.0004635062588748755,0.0,put,0.0004094941265837818,0.00048516690731048584,0.0,4.958012141287327e-06,0.0007371710697731465,0.0354396607183274,0.0613586261978338,0.0,1.0,0.0,0.0003286441975545796,0.0006967024988098758,0.0004067225525673093,0.017776997373890626,0.00014543726568531703,0.0011541150929154087,0.00021538234127337926,0.0024460069788469754,0.8205972254878908,0.7064777327935222,3.059807741588821e-06,0.0005038944540454726,2.8604524298393125e-05,0.978687605159843,1.8759325637643398e-05,0.00038504582243652913,6.356707142449948e-05,9.342053031607981e-05,0.0011541150929154087,0.0005803036864381853,0.0001724538898379395,0.046675560929565006,8.812878728038565e-05,0.0011541150929154087,0.0001597851991561644,0.0003083952493690195,0.0007525453675633897,0.0003590731100690035,put_T050_s060_r005_q000,17,validation
P2-S,0.008306792005896568,3.0832947231829166e-05,0.00010433292482048273,0.00047705060424048335,7.432094584956313e-05,0.0020647047278580135,0.00033966696355491877,0.16702548788110286,nan,nan,0.0,0.0,120.0,0.00021777357230780107,0.0006267863156443343,0.0002875798474264029,nan,0.00014516419517241976,0.0012794889822425048,0.00023345964058374747,0.0025314798301653996,0.20797052913596786,1.0,4.623108196953286e-05,0.00020736571435353568,5.368331814835033e-05,0.11605307419173987,8.116528240284247e-05,0.0011912216007634382,0.00013415213896742333,0.0001090060714958507,0.0012794889822425048,0.0006352029465349851,0.00018877698555729976,0.04680142993629951,9.384668926898889e-05,0.0012794889822425048,0.00016141681630000033,0.00048513545410726317,0.0011912216007634382,0.0005357226292351895,8,0.24662534435261707,2.2489938395277805e-05,0.0004956321641187075,0.0004956321641187075,0.0004635062588748755,0.0,put,0.0004094941265837818,0.0005671238759532571,0.0,9.229104034602642e-05,0.0007371710697731465,nan,nan,0.0,0.0,120.0,0.0003433670955279883,0.0006967025135548588,0.0004094268567503687,nan,0.00014267538793430522,0.0011541150929154087,0.00021406121977439796,0.0024668550753168036,0.20804020100502513,1.0,4.822482959509633e-05,0.0005045365815544711,6.026437570171787e-05,0.1160964666292765,7.061320442469334e-05,0.00038504582243652913,8.692110478160126e-05,0.00010816845285088002,0.0011541150929154087,0.0005867831952307362,0.0001743794617783369,0.046414886689347866,9.88070402811525e-05,0.0011541150929154087,0.00016074946332420007,0.0003083973281706331,0.0007525453675633897,0.000359073429152755,put_T050_s060_r005_q000,17,validation
P2,0.00836724997498095,2.9875081963837147e-05,0.00010645808652043343,0.0004677435750927364,7.120822146141186e-05,0.0017914867152148497,0.00032837502658367157,0.0029863184943398845,0.04688254617073167,0.07749484366679549,0.0,1.0,0.0,0.00027559873318656875,0.0006918555061665721,0.00035249458677613,0.009669986451650896,0.00021178572534558192,0.0017183155050736754,0.0003413449288454682,0.0027301610865213956,0.8113678447790033,0.6985029110063765,2.9558852721553055e-06,0.00031984552889197104,2.1655306359704927e-05,0.9677357403495295,3.254628229920484e-05,0.001146443555776984,0.00012144238946679235,0.00013751641469314478,0.0017183155050736754,0.0009221514811027472,0.0002743076150055011,0.04898532063562114,0.0001210657924720304,0.0017183155050736754,0.0002366279117580311,0.0007265260777234756,0.0013823170341141222,0.000792363980710852,8,0.0,2.0911493247452753e-05,0.0004471735451232542,0.0004471735451232542,0.00041445878738972724,0.0,put,0.0004057185012596404,0.000469708233140409,0.0,5.00003807246685e-06,0.0008931646238097475,0.05783911835106137,0.0833705024176604,0.0,1.0,0.0,0.0004127657238872123,0.0007905626544330024,0.0004804004106516493,0.010914460485557163,0.00018468636306317828,0.001606170529290074,0.00029753258651763956,0.002645468323682647,0.8044755695081703,0.6926808982533962,6.036528407550939e-06,0.0005272860454393347,4.0699679699304244e-05,0.959301209445191,2.0364110226025295e-05,0.0004090427819302689,6.288286297434402e-05,0.00012112601959475651,0.001606170529290074,0.0008069867127065052,0.0002400399469087471,0.048407244144155676,0.00010844159712428975,0.001606170529290074,0.00021125219014591203,0.0005280559445060129,0.0012468148551530722,0.000623779639336864,put_T050_s060_r005_q003,17,validation
P2-S,0.008104250067844987,3.120803739875555e-05,0.00010591698810458183,0.0004677435750927364,7.120822146141186e-05,0.0017914867152148497,0.00032837502658367157,0.15646919924994793,nan,nan,0.0,0.0,120.0,0.00028960169917931526,0.0006918564955797346,0.00035625392905096225,nan,0.0002086439994586637,0.0017183155050736754,0.00034040117855333737,0.0027476464218081434,0.2512174643157011,1.0,4.69754187609181e-05,0.0003238469166726987,5.724652805611264e-05,0.14365277511042826,8.29946247813128e-05,0.001146443555776984,0.0001352782310735448,0.00015114735990582158,0.0017183155050736754,0.0009257240512450427,0.00027537032890365696,0.04869963879030584,0.00013060019150303896,0.0017183155050736754,0.0002370480632679213,0.0007265269987300736,0.0013823170341141222,0.0007923639892060427,8,0.24917355371900826,2.0911493247452753e-05,0.0004471735451232542,0.0004471735451232542,0.00041445878738972724,0.0,put,0.0004057185012596404,0.0005596249829977751,0.0,9.412493091076612e-05,0.0008931646238097475,nan,nan,0.0,0.0,120.0,0.00042230778384105626,0.0007905626604672866,0.0004826519507232995,nan,0.00018145854867162494,0.001606170529290074,0.0002963941482584615,0.0026620610415549434,0.2511331206983381,1.0,4.9693450984439036e-05,0.0005277968391690924,6.681867108632847e-05,0.1435976195047034,7.030623484525567e-05,0.0004090593085992744,8.640097110022055e-05,0.00013457893704314658,0.001606170529290074,0.0008109234739505972,0.00024121094507407613,0.048090601194834943,0.00011790515070286549,0.001606170529290074,0.00021169494909780315,0.0005280570137365007,0.0012468148551530722,0.0006237796940403717,put_T050_s060_r005_q003,17,validation
P2,0.008116416982375085,3.416603431105614e-05,0.00010712502989917994,0.0004652616481758539,6.558530688651847e-05,0.001696641293046636,0.0003696669591590762,0.0019445794846864365,0.04525868233840745,0.07986607781821818,0.0,1.0,0.0,0.0002558497987103741,0.0006738356491819419,0.0003306272879062967,0.009206280314261165,0.00025961355179280075,0.0017984723390293,0.00041277396298767133,0.0026436129646153824,0.8026739291903936,0.6854122621564482,4.223477587952493e-06,0.0004154030091920724,2.987094037125401e-05,0.9683393070489845,3.753391956667514e-05,0.00108163721186064,0.00012490421981563115,0.00017201236658299625,0.0017984723390293,0.001125049453209944,0.0003350308404448612,0.043797497234787375,0.00015484828122723916,0.0017984723390293,0.00029389082893461365,0.0008711870622344094,0.0016829329440875285,0.0009528236540467827,8,0.0,1.7464392249634863e-05,0.00035370406732337933,0.00035370406732337933,0.00032507574144319815,0.0,put,0.0003313352543175489,0.0005159579450264573,0.0,4.999921657145023e-06,0.0009516480665587644,0.055546171149290155,0.08326781063858668,0.0,1.0,0.0,0.0003804237167483678,0.0007485243492055815,0.00044539599195885887,0.009634245508362485,0.00022966545971971641,0.0017028895705718528,0.0003678041110485633,0.002536239614921968,0.7957415201782619,0.679492600422833,6.671297286644993e-06,0.0004949282878877748,4.145506888168102e-05,0.9599761051373955,2.2435411077445858e-05,0.00045297687594014757,6.651266978578553e-05,0.0001531763753853892,0.0017028895705718528,0.0010044653645748267,0.00029911047163793867,0.043758897889544714,0.00013976291177696272,0.0017028895705718528,0.00026589252373271057,0.0006722764832995887,0.0015614389747509172,0.0008002950199341801,put_T050_s060_r005_q006,17,validation
P2-S,0.00839866604655981,3.687501884996891e-05,0.00010641699191182852,0.0004652616481758539,6.558530688651847e-05,0.001696641293046636,0.0003696669591590762,0.15369122855753872,nan,nan,0.0,0.0,120.0,0.00026763489887075863,0.0006738473792786137,0.000333968046170348,nan,0.0002562659418057892,0.0017984723390293,0.00041186156927343467,0.0026617069451052335,0.2571577303487767,1.0,4.780886854127675e-05,0.00041694588307361613,6.05373097110008e-05,0.14755077658303464,8.623495504787314e-05,0.00108163721186064,0.0001380683193470462,0.00018476321508395456,0.0017984723390293,0.0011273357859661807,0.00033571169228001666,0.043559418714826645,0.00016358458659253202,0.0017984723390293,0.00029400241964103597,0.0008711874253553354,0.0016829329440875285,0.0009528236560792985,8,0.2515151515151515,1.7464392249634863e-05,0.00035370406732337933,0.00035370406732337933,0.000325075741443185,0.0,put,0.0003313352543175489,0.0006049178773537278,0.0,9.195890743285418e-05,0.0009516480665587644,nan,nan,0.0,0.0,120.0,0.00039002159234540016,0.0007485253820477267,0.00044767388176472167,nan,0.00022620448722994997,0.0017028895705718528,0.0003667249534574565,0.0025544285971022492,0.2571577303487767,1.0,4.9974717332365084e-05,0.0004956346364038966,6.711038858227458e-05,0.14755077658303464,7.041580328886828e-05,0.0004530212568728542,8.851861251386131e-05,0.00016575602712301253,0.0017028895705718528,0.0010069020762082188,0.0002998360775090959,0.04348999175967332,0.0001484297242012584,0.0017028895705718528,0.00026598450147291905,0.0006722769988043139,0.0015614389747509172,0.0008002950253859747,put_T050_s060_r005_q006,17,validation
P0,0.008146416977979243,3.7375022657215595e-05,0.00011387502308934927,0.001889075103393346,0.00013184252491736472,0.010955401961303934,0.0,0.4158622126536565,0.7893388813817,0.7897097080828376,0.0,1.0,0.0,0.000227587749544986,0.002639614625150075,0.00043147578330639643,0.004471831481217508,0.0005937616995364273,0.002639614625150075,0.0007552040189671875,0.004217772160080533,0.28909471976201745,0.9630630630630631,0.0010766738152050872,0.0037097189354821773,0.0015331307598130527,0.17007397979476574,8.994814040889621e-05,0.002639614625150075,0.00023883835337732773,0.001008397872343662,0.0037097189354821773,0.004915429265992443,0.0014487251698034299,0.04722776977901365,0.001149679735384721,0.0037097189354821773,0.0015656590022348476,0.0007157519494425383,0.002639614625150075,0.0008468905157675953,12,0.1412534435261708,1.8083257005908512e-06,0.00016923738839114854,0.00016923738839114854,8.862310964507235e-05,0.0,put,5.6592284954260806e-05,0.0001562080578878522,0.0,4.958012141287327e-06,0.00507423217533786,0.799262623877764,0.799642472851799,0.0,1.0,0.0,0.000184836614376802,0.001064909672114589,0.0003115194473548327,0.005073811570205115,0.0005030562843488924,0.002126773850232234,0.0006677143018061326,0.003747427781883519,0.29481531684174855,0.9797297297297297,0.0010727568405313765,0.003709718913249919,0.0015319654779529241,0.17351416035101716,8.089774529244186e-05,0.0008911848168803329,0.00017978862714105337,0.0009908096121097993,0.003709718913249919,0.004885728900720562,0.0014399522458785102,0.04398436844481826,0.0011443612497387763,0.003709718913249919,0.0015632370150019741,0.000398766860366664,0.0011511860570991364,0.0004942973941433935,put_T050_s020_r005_q000,17,validation
P0,0.00832654198165983,3.574998117983341e-05,0.00010620802640914917,0.0018164175977309106,0.00012733617030594865,0.009082850122741465,0.0,0.3509965969859018,0.14336971938367413,0.19591352735329046,0.0,0.975,3.0,0.0001786108634225686,0.0026871770665652453,0.0003589918680975715,0.032451641386352745,0.0006330135684377676,0.0026871770665652453,0.0008338518682508663,0.003038293512362553,0.4676669608708443,0.8718736287845547,0.0007909317000981037,0.0029659297112679356,0.001228620540063728,0.31953043338425663,6.590918262779068e-05,0.0026871770665652453,0.00022151923832149873,0.0007671593100851687,0.0029659297112679356,0.003995414018684935,0.0011776850010699219,0.028419681598853278,0.0008552873427366282,0.0029659297112679356,0.0012569492549484441,0.0009683893365929707,0.0026871770665652453,0.0011459519747934045,12,0.1399449035812672,1.7813565781894936e-06,0.00018389114923698322,0.00018389114923698322,9.605603114588062e-05,0.0,put,4.427011156154211e-05,0.00014658295549452305,0.0,4.624947905540466e-06,0.003581695211361466,0.14273242329128305,0.20120086032418613,0.0,0.975,3.0,0.0001426009571210021,0.0009901828564863324,0.00026758893069602944,0.03225994639692981,0.0005041636758360439,0.001826826913912935,0.0006702463402769264,0.0024534730627778804,0.4724632548255711,0.8780166739798158,0.000789573001748784,0.002965929707638675,0.0012297104522053753,0.3231850117096019,5.434679075254225e-05,0.0008164652029337806,0.0001486130535682743,0.0007455559087967337,0.002965929707638675,0.0039393520198292824,0.0011611432949646403,0.027299250573266168,0.0008487248026306024,0.002965929707638675,0.0012526908678299432,0.0005845133250724413,0.001826826913912935,0.0007714456730690896,put_T050_s020_r005_q003,17,validation
P0,0.008494000067003071,3.674998879432678e-05,0.00010745902545750141,0.0018062933301001747,0.00011809109606864268,0.012477181618928255,0.0,0.3489825682339051,0.08256251977505806,0.11837322570321031,0.0,1.0,0.0,0.0001589375089586836,0.000501879571995878,0.0002199174874573111,0.009711249999672197,0.0005973578498920667,0.0027550822545184712,0.0008795648610114225,0.0032420957286458992,0.4398175927037082,0.7995200698080279,0.0006873546405117364,0.002396605197997584,0.0010441268539986281,0.3033438172487999,7.139659879711116e-05,0.0027550822545184712,0.0002315431954993163,0.0006716247185668053,0.0027550822545184712,0.003450565405495392,0.0010172857965682505,0.039354314177458875,0.000738110852241466,0.0024572855781588424,0.0010748602210695082,0.0010494815402032182,0.0027550822545184712,0.0012093890531172237,12,0.13705234159779614,1.791408236996898e-06,0.00020768591115502961,0.00020768591115502961,0.00014435962437112446,0.0,put,5.2547837174951247e-05,0.00014912604819983244,0.0,4.917033948004246e-06,0.0024126701760937633,0.08158787020369222,0.12018611255880667,0.0,1.0,0.0,0.0001697670564347405,0.000501879571995878,0.0002216193613552437,0.009927474055776195,0.0004740656610274965,0.002453617641517943,0.0007367415631556219,0.002706557743544001,0.4416882413149497,0.800174520069808,0.0006891903738661939,0.002396605197751955,0.001046378122393564,0.30503118503118504,5.6648387058860186e-05,0.0007930540218345656,0.00015053590227035338,0.0006507526818515751,0.002453617641517943,0.003385619834522751,0.0009981265330892405,0.039450836910706014,0.0007335646873987762,0.002453617641517943,0.0010708735235834615,0.0006323952238588525,0.0019182639928114129,0.0008378396313651944,put_T050_s020_r005_q006,17,validation
P0,0.008265875047072768,3.604206722229719e-05,0.0001128331059589982,0.0018115710001545557,0.00011842068875912091,0.012321385450898507,0.0,0.3100215292728662,0.11315542324770031,0.11400757756091645,0.0,1.0,0.0,3.8824173798830226e-05,0.0002965608883255255,8.440348475189361e-05,0.002738818666460195,0.0011312559184344121,0.003635826682643839,0.0014840402491329906,0.004396581716030926,0.40791749407469097,0.6848784684878468,0.0005992557338265515,0.0019650005567656234,0.0008852515611886109,0.2904579456303594,8.884805355519763e-05,0.0031088796791355665,0.0002718592328330018,0.0007329370861366614,0.003635826682643839,0.003616553572125425,0.0010677843767619428,0.06652556690501146,0.0007972651185595966,0.003635826682643839,0.0011171689115140047,0.0013447827569389068,0.0031088796791355665,0.0014580068078387167,12,0.13133608815426998,1.7146669758082963e-06,0.00034535805340698726,0.00034535805340698726,0.00021064527121142596,0.0,put,5.7184965615938906e-05,0.00015375018119812012,0.0,4.875008016824722e-06,0.003851807334952856,0.10271223773382947,0.10305633803375998,0.0,1.0,0.0,0.00012739541618258612,0.0006116887323541764,0.0002242115536203355,0.0031769884323258175,0.0010320699837367633,0.0036440828922286728,0.0014010614706481692,0.0042708017803846435,0.4074526180533247,0.6820821682082168,0.000601198282789432,0.0019650005567422675,0.000887031041412194,0.29049102235251006,6.74764410519536e-05,0.0008574808832185281,0.00016527653399494232,0.0007108217433473726,0.0036440828922286728,0.003529750906232306,0.0010421434145287604,0.06498454502540087,0.0007921070852288946,0.0036440828922286728,0.0011110898562120446,0.0008782085320108139,0.002166000404824106,0.0010366623772477318,put_T050_s020_r005_q010,17,validation
P0,0.008311541983857751,3.666698466986418e-05,0.00010750000365078449,0.0008771181670257843,9.172395697052708e-05,0.003469475244008058,0.0,0.08820056948399195,0.6416412249117613,0.6444257577656767,0.0,1.0,0.0,6.269297098798139e-05,0.0004613097821710155,0.00011997396938997641,0.0071518812944810235,0.0002714956808785242,0.0023195434209531424,0.000380717411287465,0.002931969780272476,0.7765246449456977,0.7394590294351631,9.648936115335038e-05,0.00143637480226122,0.0002827076847957619,0.8175021987686896,3.794653029030646e-05,0.0023195434209531424,0.00014031281174659447,0.00016276967280392677,0.0023195434209531424,0.0010946445111356402,0.0003233411852640412,0.048938225032304064,0.0001716583244809886,0.00143637480226122,0.00033988760612237455,0.00037555174694214335,0.0023195434209531424,0.0004079811354958973,12,0.0,5.321615522005269e-06,0.0003456883616460741,0.0003456883616460741,0.00032935062009845626,0.0,put,4.351116851859654e-05,0.00014891696628183126,0.0,4.749977961182594e-06,0.001983754321562241,0.653262061520649,0.6557401670581025,0.0,1.0,0.0,0.00014069351772310747,0.0008595562240020227,0.00025740829317770985,0.007774189458822104,0.00024921085365395377,0.0011418090542992432,0.00036835166433159234,0.002784701260565673,0.7750156674326302,0.737867939538584,9.677189045300355e-05,0.00143637480226122,0.0002828883988060595,0.8161020677518698,2.3861430135562467e-05,0.00034422788794118446,6.231358468214234e-05,0.00015454689262512793,0.00143637480226122,0.0010765731121560882,0.00031799389914172356,0.04792472528060503,0.00017425465632487603,0.00143637480226122,0.00034336814984450457,8.800611448130307e-05,0.00031834040697836796,0.0001146488001737607,put_T050_s040_r005_q000,17,validation
P0,0.008267000084742904,3.704102709889412e-05,0.00010666693560779095,0.0008626232158522614,8.8383383301624e-05,0.0032238602886080184,0.0,0.0,0.02207722150091588,0.02650705382868583,0.0,1.0,0.0,5.676350211195608e-05,0.0002777409890676874,9.818484753766632e-05,0.011665988890050692,0.0003112945923996821,0.0023049890424290745,0.00044680611512420087,0.0025597169495213527,0.8675941239420178,0.766151202749141,4.2525430709964286e-08,9.967456547823674e-07,1.4621618388716494e-07,1.0,2.3796206687711204e-05,0.0023049890424290745,0.00013327052068711314,0.00012170741029263384,0.0023049890424290745,0.0009452863826364977,0.00027934805202481307,0.04097747818819686,0.00010989020060819478,0.0013691170445761514,0.0002584477133858602,0.0006768770985292702,0.0023049890424290745,0.0007236948618111826,12,0.0,6.0688710780009105e-06,0.00038914272481275954,0.00038914272481275954,0.0003405715101821909,0.0,put,4.434036621284443e-05,0.00014849891886115074,0.0,4.790956154465675e-06,0.0028401917439025946,0.012828083865873642,0.020203107077068384,0.0,1.0,0.0,4.394984807968786e-05,0.00024742508669306496,7.471062712243876e-05,0.012223480268448718,0.000275962253245624,0.0013309434270628627,0.00039624806872476484,0.00232085939526137,0.8661601402688486,0.7639175257731958,4.385694318056845e-08,9.980423279181642e-07,1.4825997314661668e-07,1.0,1.0700298189730968e-05,0.00036405295138324743,4.376529178503531e-05,0.00010838719826841432,0.0013309434270628627,0.0008402500805990722,0.0002483007260961381,0.03977774330199517,0.00010853866972453341,0.0013309434270628627,0.0002496851855563729,0.00038217109252567256,0.0009172868528880829,0.0004670793555168983,put_T050_s040_r005_q003,17,validation
P0,0.008255167049355805,9.80000477284193e-05,0.00011666701175272465,0.00086096760281794,8.17469011521412e-05,0.003401852173582709,0.0,0.0,0.0506825600409573,0.053376148585688225,0.0,1.0,0.0,4.4735549295122955e-05,0.00041678996154081993,9.207977837065594e-05,0.010907928399420178,0.0003473217498088318,0.0022894010444913376,0.000521886227222056,0.002654369672029642,0.8568452380952382,0.7495443894819057,4.4074280863056645e-08,9.978057523258526e-07,1.4880223663428005e-07,1.0,2.5177325297597862e-05,0.0022894010444913376,0.00013596410776366567,0.00014245614749102114,0.0022894010444913376,0.0011302178879846623,0.0003342033760071211,0.044154116550991634,0.0001242665202754659,0.0015122370650822725,0.00029584390912396074,0.0008863211529905776,0.0022894010444913376,0.0009571357554122802,12,0.0,6.775905372720373e-06,0.00041519368757540753,0.00041519368757540753,0.00037926296779350826,0.0,put,6.498238974907837e-05,0.00022041704505681992,0.0,5.749985575675964e-06,0.0035667300964589118,0.0426213807609486,0.045395156659627005,0.0,1.0,0.0,9.105974751535383e-05,0.0007149666283202682,0.00018085687735575341,0.010964179081003429,0.00030741586776424865,0.001495675795644965,0.0004612084023942849,0.0024076141795964664,0.8551984501515075,0.747027683762909,4.6159611204722863e-08,9.99853665059915e-07,1.5295478728591333e-07,1.0,1.316034475564604e-05,0.0003521712562706547,4.967180826689498e-05,0.0001267015417085556,0.001495675795644965,0.0010012467458418218,0.0002960591835799002,0.0425494109523589,0.00011789103737674829,0.001495675795644965,0.00027840133015499254,0.0006104106219089224,0.0014030226722646089,0.0007257703594616918,put_T050_s040_r005_q006,17,validation
P0,0.00826820801012218,3.8665952160954475e-05,0.00011112494394183159,0.000865082462121365,8.061808388512925e-05,0.0034011294675997433,0.0,0.0013889853462045975,0.18461025702894387,0.18708239678088448,0.0,1.0,0.0,2.5935192747429208e-05,0.00020779398519676917,5.221621150100612e-05,0.00788820264524645,0.0007655369312378851,0.005008457019788082,0.0012271531648498316,0.005156511339549049,0.8213780455855384,0.6968969502978573,4.960133648812068e-08,9.978413758826463e-07,1.586995064977972e-07,1.0,6.552366913163584e-05,0.0024362512667128605,0.0002235532920135265,0.00035573639221957013,0.005008457019788082,0.002824191892295969,0.000836495561904406,0.08269977256153818,0.00034375592535569295,0.005008457019788082,0.0008365126349495746,0.0014996319187608903,0.0026056782631099784,0.0016224413942072665,12,0.0,8.164006345062586e-06,0.0004991609739775742,0.0004991609739775742,0.00039283120448592625,0.0,put,9.311564810077013e-05,0.00015479093417525291,0.0,5.00003807246685e-06,0.004924461724319973,0.173029885594483,0.17652074365580667,0.0,1.0,0.0,8.101166654771476e-05,0.0005217136900024233,0.00015372577997049892,0.008441961747442528,0.0007223282898934188,0.005017638416734305,0.0011796040647245492,0.0050910142571825075,0.8203272498426684,0.6953854361162977,5.09045279107523e-08,9.956765664575803e-07,1.6044092450211959e-07,1.0,4.8514420757161626e-05,0.0011649684189271592,0.0001608912140609856,0.000336498672316502,0.005017638416734305,0.0027182126762206917,0.0008050874968204123,0.08089671347250366,0.0003337046555126991,0.005017638416734305,0.0008198335335836986,0.001212459751398982,0.0024262332020685423,0.0013914579249480492,put_T050_s040_r005_q010,17,validation
P0,0.008311833022162318,3.74580267816782e-05,0.000104334088973701,0.00047705060424048335,7.432094584956313e-05,0.0020647047278580135,0.0,0.0757691506354608,0.5132493576519499,0.5201222069521385,0.0,1.0,0.0,0.0007395504469382491,0.0024884453100711412,0.0010160072444551252,0.009006249323579157,0.0005219843759649397,0.002897814955456768,0.0007577446359864794,0.003003476335563614,0.5471147369208892,0.45630461922596754,0.00010817320401784627,0.0017396349201372896,0.00023563131353648628,0.6830498972154737,5.662971061473686e-05,0.0012243520875208705,0.00016410545928655283,0.00037074446195026195,0.002897814955456768,0.002086789589009948,0.0006201763550603388,0.04592964983714309,0.0004070828441899056,0.002897814955456768,0.000654930335838381,0.00031639046956039507,0.0012243520875208705,0.00038723079189614384,12,0.0,5.628201466828299e-06,0.0006769762590993735,0.0006769762590993735,0.0006595337775687321,0.0,put,6.506503781368022e-05,0.0001466250978410244,0.0,4.832982085645199e-06,0.0014206591503347836,0.5242395178942257,0.5307487612818123,0.0,1.0,0.0,0.0009280601107503096,0.0027917723372991587,0.001221124804303862,0.009467245560760274,0.000513188836091712,0.0029603959880967756,0.0007571949802053068,0.0029904881795332744,0.5413578860693167,0.45143570536828964,0.00011558624748258613,0.00212869511881153,0.00025783889291835485,0.6760142082632268,3.383566115794487e-05,0.0004840158795080047,8.355469963493616e-05,0.0003679271568027144,0.0029603959880967756,0.0020964785077242603,0.0006230287383452624,0.045609362145054726,0.00040721603800537734,0.0029603959880967756,0.0006554192179549266,0.00018047290950491552,0.0006080551288069891,0.0002149464933968781,put_T050_s060_r005_q000,17,validation
P0,0.008203207980841398,3.783393185585737e-05,0.00011250004172325134,0.0004677435750927364,7.120822146141186e-05,0.0017914867152148497,0.0,6.944926731022988e-05,0.025300147717741677,0.028173690853439955,0.0,0.9916666666666667,1.0,5.700444224832502e-05,0.0003872745100791386,0.0001103448358047829,0.01221618272871645,0.0004788130204280097,0.0014750581168261976,0.0006553283496873562,0.0014364734045601037,0.7105227241708748,0.5510744151582513,4.789895045731321e-08,1.254970336372896e-06,1.6121462816205197e-07,0.9998079508354139,4.450562402589987e-05,0.0012212470413809962,0.00016167966126361924,0.000308542547951156,0.0014750581168261976,0.0017684220970921748,0.0005260433428966447,0.021363633223388044,0.00033954376969585874,0.0014750581168261976,0.0005612054619307443,0.0004896264302660333,0.0012212470413809962,0.0005187377229558275,12,0.0,6.964923952798895e-06,0.0005407658773917716,0.0005407658773917716,0.0005199793137269903,0.0,put,8.824519751827603e-05,0.00015525100752711296,0.0,4.917033948004246e-06,0.0020836483211178784,0.01423352640383811,0.0213291897502018,0.0,0.9916666666666667,1.0,6.507935260218073e-05,0.0003359613368555392,0.00011092061062682191,0.013650877393999825,0.0004542343264235245,0.0014778158984886354,0.0006338817250285772,0.0013464559725252533,0.7106986899563319,0.5512861225785963,4.917429566916469e-08,1.254970336372896e-06,1.6329041124837598e-07,0.9998080245728547,2.2544552718860348e-05,0.0003902977816644046,7.459706537993351e-05,0.00029264355684262164,0.0014778158984886354,0.0017104391432232649,0.0005087738306780249,0.020292097009323617,0.0003320609581127722,0.0014778158984886354,0.0005506764017313186,0.0002632905398940325,0.0004247353777984686,0.00028309783907374663,put_T050_s060_r005_q003,17,validation
P0,0.00823216699063778,3.904092591255903e-05,0.00010679196566343307,0.0004652616481758539,6.558530688651847e-05,0.001696641293046636,0.0,0.000555594138481839,0.05827344908116251,0.060601356463948375,0.0,1.0,0.0,4.019116688472417e-05,0.00033484566771002644,8.104433394570628e-05,0.013437925578503148,0.0006184673014825695,0.0025432675018885464,0.0008063432715376798,0.002658883519401158,0.717053986414015,0.559410911525159,6.22280031629367e-08,1.376591218149592e-05,4.0729683087391856e-07,0.9984070091596974,4.524559473503795e-05,0.0012061063761325372,0.00016642420204743456,0.00040634857468702416,0.0025432675018885464,0.002194756851555229,0.000653581254095726,0.03755626232097423,0.00043520050751787875,0.0025432675018885464,0.0006813221127453488,0.0009179558827184586,0.0012061063761325372,0.0009361042964911064,12,0.0,1.0067035376589582e-05,0.0003700328531965509,0.0003700328531965509,0.0003532673263720081,0.0,put,0.00011375201138138363,0.0001507488777860999,0.0,4.915986210107803e-06,0.002807264767180997,0.04769281246054218,0.050873235941769006,0.0,1.0,0.0,0.00010718053750894488,0.0008068393856849321,0.00020846711033267488,0.013524011733915637,0.0005811819183519817,0.0024666625875414683,0.0007640010293907494,0.0026018002882293575,0.717053986414015,0.559410911525159,6.368062873590147e-08,1.376591218149592e-05,4.082665472705415e-07,0.9984070091596974,2.3736451365358075e-05,0.0004906053985192053,7.735659165465694e-05,0.0003818529251243235,0.0024666625875414683,0.002079586151849508,0.0006192607695883326,0.0378227416938773,0.0004155903680866903,0.0024666625875414683,0.0006537665476417529,0.0007073888056742523,0.001077908690821805,0.0007477173359257251,put_T050_s060_r005_q006,17,validation
P1,0.008391916984692216,5.3416937589645386e-05,0.00013620802201330662,0.001889075103393346,0.00013184252491736472,0.010955401961303934,0.00039908301550894976,0.11445239252725883,0.4970964127820899,0.5255400173827584,0.0,0.31666666666666665,82.0,0.0009287592864205094,0.0024844244538959346,0.0011400142325633997,0.06026266709363993,0.0007922374160598734,0.0024844244538959346,0.000926659296487087,0.003004033618007952,0.7600590260698475,0.9957468745972419,7.357585258459995e-05,0.0017336050476952913,0.00020907922354614368,0.6145891337204678,2.0620643266082263e-05,0.0024844244538959346,0.00015599209771777347,0.00017518294475001324,0.0024844244538959346,0.0013526686810104273,0.00039867223360174904,0.043301870434936184,0.00016050000433907047,0.0018068766066576397,0.00037433883269587215,0.000609536594631702,0.0024844244538959346,0.0007012731558479415,12,0.0087465564738292,1.3075182352912321e-06,4.453568896298568e-05,4.453568896298568e-05,3.952088473576295e-05,0.0,put,5.6592284954260806e-05,0.0005956660024821758,0.0,6.958027370274067e-06,0.0001303373624722496,0.5011530244948975,0.5285685118922114,0.0,0.31666666666666665,82.0,0.0012162931500920853,0.0025979666773092713,0.0014111550191372576,0.055250140595735034,0.000929817303721397,0.0025979666773092713,0.0010745017301471602,0.00280464091602987,0.7582536710357741,0.9916226317824461,7.633042223845688e-05,0.0019849110317334273,0.0002196633395715854,0.6138013562026327,1.8809914608286783e-05,0.0008849350637263088,9.853606225376481e-05,0.00019909822309926363,0.0025979666773092713,0.0015451489024617684,0.00045539584318491294,0.04559430633585522,0.00016319375289741732,0.0021992375781643148,0.00038780931343010145,0.0010485471151576008,0.0017009302659461017,0.001098521258595818,put_T050_s020_r005_q000,17,validation
P1,0.008191209053620696,3.954197745770216e-05,0.00011133297812193632,0.0018164175977309106,0.00012733617030594865,0.009082850122741465,0.00030620803590863943,0.18529064518369331,0.7529880199135541,0.7540753465082798,0.0,1.0,0.0,0.0017097961823091,0.003482495473625641,0.0019118412209724832,0.03549225558681456,0.002104188368087346,0.003616024158956995,0.0022379001596308313,0.0033338796234960396,0.290446735395189,1.0,0.0001942533812922656,0.002825556424073755,0.000390971987089334,0.16989627723727588,3.871937017581618e-05,0.0021620398427244624,0.00017290641079732713,0.0004817676706779878,0.003616024158956995,0.003189338155368327,0.0009400867322765128,0.042361259410879,0.00044510328764944276,0.003616024158956995,0.0008822262448021003,0.0019117304151351957,0.002800133912649095,0.00202600617759411,12,0.003994490358126722,2.0352333008892877e-06,7.091965412632517e-06,7.091965412632517e-06,6.821143110991023e-06,0.0,put,4.427011156154211e-05,0.00046208302956074476,0.0,5.00003807246685e-06,3.6564207693132655e-06,0.7607645995383482,0.7619050694651719,0.0,1.0,0.0,0.0019131984910666152,0.003628350424698501,0.0021106318817685774,0.035540735409980526,0.002224789570193766,0.0036917899441902434,0.0023769386315851512,0.003313815867796793,0.29152869757174393,1.0,0.00019380085437391934,0.0028258730993774295,0.0003947651828590209,0.17063716385367036,4.63776336916456e-05,0.0017031131332213012,0.00020815738502521553,0.0005070289481053046,0.0036917899441902434,0.003397985602473099,0.001001572892911715,0.040950910076501194,0.00044853348374366886,0.0036917899441902434,0.0008973772777261272,0.0023817314529207463,0.003132624286162195,0.0024773090985073473,put_T050_s020_r005_q003,17,validation
P1,0.008365708985365927,3.912497777491808e-05,0.00010516599286347628,0.0018062933301001747,0.00011809109606864268,0.012477181618928255,0.00023529189638793468,0.0932009167303285,0.6254578815503946,0.6371706926376169,0.0,0.9,12.0,0.0011669139730772083,0.0023473013362002026,0.0013343770585702733,0.04033516573917528,0.0014715943881776627,0.002846214656123857,0.00159744784057383,0.0031819474851475277,0.8598254305260674,0.9998902666520355,6.645356262128876e-05,0.0019686127444730195,0.00021958562266218546,0.7541797715609998,3.278251938235114e-05,0.0023477266940596445,0.00016790186423251786,0.0003120484927899085,0.002846214656123857,0.0023641767312227763,0.0006969998034002768,0.032420984990989256,0.0002943831898021639,0.002846214656123857,0.0006915097420235623,0.0010766287980597104,0.0023477266940596445,0.001145276178909326,12,0.021212121212121213,1.3864478117260998e-06,1.9190629094320566e-05,1.9190629094320566e-05,1.7700668041047834e-05,0.0,put,5.2547837174951247e-05,0.0003844168968498707,0.0,4.834029823541641e-06,0.0002667459081532207,0.6334218978419907,0.6452482578225205,0.0,0.9,12.0,0.0012186211160877926,0.0024014702296242807,0.0013962655105521514,0.040434305917132936,0.00155572288010596,0.0028739971867397813,0.0016766300295548943,0.0026556815281757267,0.8619547733938877,0.9996707999561066,6.64835139312113e-05,0.00217053959965241,0.00022806112033732428,0.7575883575883576,3.261556231588147e-05,0.0012522525921775012,0.00015014967542952302,0.00033257532336452477,0.0028739971867397813,0.002504080271456764,0.0007382367430744411,0.027453226003214627,0.00029798794785631334,0.0028739971867397813,0.0007030935528615465,0.001480914204898697,0.002015966222338409,0.0015327289538028409,put_T050_s020_r005_q006,17,validation
P1,0.008242249954491854,4.1499966755509377e-05,0.00010729196947067976,0.0018115710001545557,0.00011842068875912091,0.012321385450898507,0.00031541602220386267,0.1262587679699979,0.0136642583725147,0.01885998894259615,0.0,1.0,0.0,1.317978513823287e-05,0.0001597085070762505,3.1569831644237656e-05,0.003170487385709564,0.0008766801644804625,0.0027958073659295436,0.0010608226223465258,0.0033790140845187666,0.4392973508995608,0.9825728770595691,0.0002319185274708038,0.0012772967656530959,0.00038365581766510294,0.2828863346104725,5.8533722197781975e-05,0.0027958073659295436,0.00021632786890909045,0.00039393465086118247,0.0027958073659295436,0.002123234881022976,0.000626883298958003,0.03953115523024136,0.00044601748435185766,0.001970235810166677,0.0006733322990992382,0.00036407275354588553,0.0027958073659295436,0.0005027706335612085,12,0.0,1.5815795210637106e-06,0.00011844692353498928,0.00011844692353498928,3.805506474172781e-05,0.0,put,5.7184965615938906e-05,0.0004692078800871968,0.0,4.999921657145023e-06,0.00046717633066708283,0.0032730972751035627,0.00855618405913509,0.0,1.0,0.0,8.033799164025556e-05,0.0004648191685281411,0.0001593458099667652,0.0030734634988724093,0.0009511077167824284,0.00195903568217431,0.0010966554052578984,0.00269349585874905,0.4476975554292212,0.9980988593155894,0.0002240131010856694,0.0012487084583239763,0.0003714361361786601,0.28856724074752654,5.081947711905065e-05,0.0008539055429664705,0.00014433487925742883,0.0004090023397627014,0.00195903568217431,0.002165689367167987,0.0006394102507131809,0.03639110820494512,0.00044645948137682486,0.00195903568217431,0.000675644994343352,0.0006946111969204058,0.001274845545256871,0.000751886275765088,put_T050_s020_r005_q010,17,validation
P1,0.00818504102062434,4.000007174909115e-05,0.0001063330564647913,0.0008771181670257843,9.172395697052708e-05,0.003469475244008058,0.0003035829868167639,0.08611709146468505,0.6366821405284497,0.6390563857491617,0.0,1.0,0.0,7.884887097711124e-05,0.0004887939304858979,0.0001513959580400515,0.00662273275190233,0.0006930958125758095,0.002774738657047332,0.0009760228316732931,0.0027434305879037923,0.5562465559316697,0.9794843360133074,5.0246417695061014e-05,0.0002737744086524663,8.647111045195404e-05,0.38841248900615655,4.623472222824549e-05,0.0026193256117047863,0.00020594062239004943,0.00029371338679647145,0.002774738657047332,0.002046517849390056,0.000604509957665883,0.018295115921961765,0.00025894071664282504,0.002723524186477172,0.0005123305956134339,0.0017761792279074272,0.002774738657047332,0.0018676084409556086,12,0.0,4.388708757152484e-06,0.0003582963193897882,0.0003582963193897882,0.00012709949152811285,0.0,put,4.351116851859654e-05,0.0004546660929918289,0.0,4.749977961182594e-06,0.0011050105537351515,0.6483029771373375,0.6503970825662161,0.0,1.0,0.0,0.00010423073626916714,0.0004872525501718461,0.00018512385654101952,0.0072854908547951205,0.0006168972358894984,0.0025499668405708775,0.0008623795656570203,0.002217624376570116,0.563351444995669,0.9916828389243139,4.922608748252517e-05,0.00027328414265379616,8.515921932264562e-05,0.3934227892652882,2.2687846920957635e-05,0.0006295569527451708,8.047501887887292e-05,0.0002643758178636668,0.0025499668405708775,0.0018117040429885046,0.0005351339599843278,0.016919981343895944,0.00023999778194459706,0.002503467527080361,0.0004650243419299744,0.00144617868338302,0.0025499668405708775,0.001585123191071872,put_T050_s040_r005_q000,17,validation
P1,0.008481499971821904,3.779109101742506e-05,0.00010987499263137579,0.0008626232158522614,8.8383383301624e-05,0.0032238602886080184,0.00022541696671396494,0.015487186610181263,0.40932216301319285,0.4779241328560397,0.0,0.8333333333333334,20.0,1.9764454047317576e-05,0.00011309428096202556,3.4915129846881484e-05,0.06018166911064856,0.0004538027165184917,0.002353348770420656,0.000528345906144565,0.0018166757162214567,0.6179012345679012,0.9905987135081643,3.840062767345615e-05,0.0002482689128326062,7.085402838396049e-05,0.4489795918367347,3.218261827930266e-05,0.002353348770420656,0.0001430613093631711,0.00020077656882912435,0.002353348770420656,0.0011333506873980725,0.0003349242225436564,0.01628756143982727,0.0001952377344339471,0.0014843672393995977,0.0003035498327940634,0.0008496203236749894,0.002353348770420656,0.0009130005023467566,12,0.0,3.3852345058985494e-06,0.00022017233403885325,0.00022017233403885325,8.020458571884394e-05,0.0,put,4.434036621284443e-05,0.0003777501406148076,0.0,4.667090252041817e-06,0.000809979997348222,0.41743005703781577,0.4874244609324774,0.0,0.8333333333333334,20.0,2.9289132188000238e-05,0.00014921542876292215,4.6948912926436885e-05,0.06303980067662994,0.0003962662543198916,0.001367130998310595,0.0004553706152493355,0.0013092681145437826,0.6244008040822638,0.9990103908955963,3.737587510925888e-05,0.0002455399625029755,6.93937645061675e-05,0.4541160593792173,1.5784360176617498e-05,0.0003556332557542437,5.287403230181615e-05,0.00017829936326457118,0.001367130998310595,0.0009828090603891074,0.0002904280629577462,0.014933202920432471,0.0001833007635445139,0.0012767373238321555,0.0002806862734538251,0.0005430048775210396,0.001367130998310595,0.0006566300739816236,put_T050_s040_r005_q003,17,validation
P1,0.008314000093378127,4.195794463157654e-05,0.00010999990627169609,0.00086096760281794,8.17469011521412e-05,0.003401852173582709,0.00036958407144993544,0.288214459337454,0.021098146010970112,0.026525503687061795,0.0,0.9833333333333333,2.0,3.207018268397063e-05,0.00019279462959465032,6.0502077067304914e-05,0.01448167531216113,0.0006518142069270662,0.002861212552927872,0.001009342866724872,0.00250396894178263,0.6195217675703176,0.8320968371729793,1.399262053707946e-05,6.823031532161878e-05,2.4454941819447118e-05,0.49345837675118676,4.09068942867684e-05,0.002610835145659917,0.00021268898713579503,0.0002755513122033236,0.002861212552927872,0.0021867962871506778,0.0006466316889646612,0.01869676742950325,0.0002313875920626347,0.0025601589830038796,0.0005437145877193496,0.0019341472037418144,0.002861212552927872,0.002024350557646805,12,0.12823691460055098,4.800837795011703e-06,0.0002780558134151453,0.0002780558134151453,0.00014416581444613613,0.0,put,6.498238974907837e-05,0.0005266668740659952,0.0,5.124951712787151e-06,0.0009690997898040643,0.01281501585509889,0.02107949141742566,0.0,0.9833333333333333,2.0,3.9714131695390426e-05,0.0001705427912310764,6.794351960416447e-05,0.014966239906782558,0.0005906059738405806,0.0026717381464122225,0.0009131725300151814,0.0020134729764716727,0.6224326292789512,0.8342444357672784,1.3867570084687598e-05,6.821370890221364e-05,2.4335956143825173e-05,0.49639869888475835,1.9058146182783163e-05,0.0007659175787547989,9.006142332855333e-05,0.0002515195603762867,0.0026717381464122225,0.0019834289432574368,0.0005864811606811549,0.017735747938555396,0.00021732376281954484,0.0023793560748794074,0.0005047593820444176,0.0016373463396048493,0.0026717381464122225,0.001770731946711353,put_T050_s040_r005_q006,17,validation
P1,0.008296375046484172,3.8792029954493046e-05,0.0001082499511539936,0.000865082462121365,8.061808388512925e-05,0.0034011294675997433,0.00024120800662785769,0.19438849920133341,0.027127410001087295,0.02870971954685235,0.0,1.0,0.0,2.5522305877503926e-05,0.00020292225693474553,5.15932738699359e-05,0.003365819028982881,0.0010965218088677515,0.00398994424733274,0.001594763158271584,0.0030448806377002618,0.5209700007370827,0.6168615814278233,2.1791605835263855e-05,9.531195173101292e-05,3.6274151673163665e-05,0.4508803266139321,7.325960644471054e-05,0.002792152585801174,0.00028096020816839823,0.0005211693512918592,0.00398994424733274,0.0036713096801718717,0.0010874028291837537,0.024087033952401218,0.0004810473570520534,0.00398994424733274,0.0009997018811816814,0.0027443770533001925,0.0039276036241018,0.0028728497304382965,12,0.08691460055096419,5.4076012705105934e-06,0.0004966392529170216,0.0004966392529170216,0.00020060753671905066,0.0,put,9.311564810077013e-05,0.0003932919353246689,0.0,5.041947588324547e-06,0.0005150570604251312,0.01554703856662642,0.021669367238309957,0.0,1.0,0.0,5.874839415100271e-05,0.00023036471581450169,0.00010201327331573363,0.003901964931328935,0.001046254554119442,0.003870187222183935,0.0015156870729585927,0.0026251115581459065,0.5275276752767527,0.6238436027229883,2.155689127425198e-05,9.530519195501931e-05,3.614086053408301e-05,0.45697481140519114,5.171496634230899e-05,0.0011879831608408997,0.0001696411704679809,0.0004988766140120566,0.003870187222183935,0.0034938016982368424,0.00103480352668035,0.023283219513740103,0.0004683680471753058,0.003870187222183935,0.0009665271012934729,0.0024503069362709854,0.003745478369651778,0.0026228168417302177,put_T050_s040_r005_q010,17,validation
P1,0.008292583981528878,4.212500061839819e-05,0.00011183402966707945,0.00047705060424048335,7.432094584956313e-05,0.0020647047278580135,0.00025162508245557547,0.03819709702062643,0.3364415379645466,0.3378044102608284,0.0,0.825,21.0,0.000162756751165674,0.00063425096356029,0.00024073808599538662,0.009465742433757007,0.0007709015748900882,0.003856066444207107,0.0012666981200428109,0.002574413052060485,0.7915490392496128,0.7719360568383659,2.4778704549261447e-05,0.00043656331354924305,7.456651809248683e-05,0.8121846383853485,3.1856295122523073e-05,0.0009732506087383511,0.00011235835953926483,0.0004982082152019683,0.003856066444207107,0.003398537480626513,0.0010100168212315392,0.02328742067026313,0.00046678818486237437,0.0038256284685116437,0.0009278794266832894,0.0024495850561321074,0.003856066444207107,0.0026706129777737133,12,6.887052341597796e-05,1.0440409715962048e-05,6.16535548383923e-05,6.16535548383923e-05,6.152534690542083e-05,0.0,put,6.506503781368022e-05,0.00041179312393069267,0.0,6.209011189639568e-06,0.0001592110580591853,0.34763579535269373,0.3487950563551581,0.0,0.825,21.0,0.00027742607945836594,0.0007289685120283607,0.00035403600315953905,0.009804842560018226,0.000814990021369869,0.003994847434712873,0.0013361153779189096,0.002769039168192422,0.7836779305947719,0.764120781527531,2.675737301246809e-05,0.0004961175182864874,7.850117486147152e-05,0.8042624789680314,5.0972315983394336e-05,0.0012736108954097963,0.00018328795859134256,0.0005270140336597578,0.003994847434712873,0.0035853090773810973,0.0010654774579508142,0.025011281239222135,0.0004872993827896645,0.003954193842356832,0.0009729186640770653,0.0026699972310794645,0.003994847434712873,0.002852406363558462,put_T050_s060_r005_q000,17,validation
P1,0.008222040953114629,3.816594835370779e-05,0.00010683306027203798,0.0004677435750927364,7.120822146141186e-05,0.0017914867152148497,0.00027233397122472525,0.014862143204389194,0.18957206309789004,0.19920086351760466,0.0,0.6666666666666666,40.0,4.090035052964041e-05,0.0001700809008327031,6.48877637615039e-05,0.028545929454877224,0.0003307036574451126,0.0014748991455164756,0.0005084515185428121,0.001386580932406965,0.8705150976909414,0.8096811498430531,1.3454505078897863e-06,6.991933266725647e-05,6.826668951453964e-06,0.941232955636643,1.8573695669506247e-05,0.001014716160314177,6.73504088921897e-05,0.00021356902295825247,0.0014748991455164756,0.0013721390456073322,0.0004081630803285933,0.022658227629816306,0.0002066637312507876,0.0014748991455164756,0.00038488451279204423,0.0009186254419657952,0.0014446197138897332,0.0010058886820145366,12,0.0,8.252927157614924e-06,7.862339561318099e-05,7.862339561318099e-05,7.851948595469089e-05,0.0,put,8.824519751827603e-05,0.0004221659619361162,0.0,4.832982085645199e-06,0.0002766043659380678,0.198667622684984,0.20829855603942854,0.0,0.6666666666666666,40.0,8.984136732570908e-05,0.0002277952961539098,0.00011866731534807104,0.026929410371453,0.0003683784444704889,0.0015806780452347485,0.0005681503524409076,0.0014670234486855497,0.8641449120937668,0.8038988931108542,1.7985423013649508e-06,0.00014329511172850307,9.141217561095292e-06,0.9341524284891534,2.9920204921137108e-05,0.0005755899939106635,9.634760502102245e-05,0.00023795602042848583,0.0015806780452347485,0.0015331819951590541,0.0004560483077659719,0.022442804985395682,0.0002245287068360084,0.0015806780452347485,0.00042267084216252975,0.0011130938053741746,0.0015721516352337206,0.0011756586054152288,put_T050_s060_r005_q003,17,validation
P1,0.008516167057678103,3.7792022339999676e-05,0.0001051250146701932,0.0004652616481758539,6.558530688651847e-05,0.001696641293046636,0.00022333301603794098,0.002777970692409195,0.03674247050315315,0.06928364412964239,0.0,1.0,0.0,2.8379993238008527e-05,9.685463779507408e-05,4.2140432447823014e-05,0.009888394522210792,0.0007214852769535666,0.0031673290111084995,0.0011246153953869422,0.0024236288453046797,0.8207224493200969,0.7062455132806892,8.72544159896532e-07,9.189328323377932e-05,6.791914488200042e-06,0.9794902429311031,5.632119139916233e-05,0.0013388223401767131,0.00021674798011984365,0.00047430836662709907,0.0031673290111084995,0.0030610792795798766,0.000911565230114928,0.02494378856508884,0.00045908568125687207,0.0031673290111084995,0.0008683456452277768,0.002077488398808223,0.003080453147895651,0.0021780664555074857,12,0.0,8.918660565871882e-06,0.0004697080462059411,0.0004697080462059411,0.0002143664072379689,0.0,put,0.00011375201138138363,0.00037100003100931644,0.0,4.749977961182594e-06,0.00035926110365654953,0.03168198253743351,0.0688220962554827,0.0,1.0,0.0,2.924216673870101e-05,0.0001043292401052276,4.368795887049428e-05,0.010443368238357991,0.0006841970500843515,0.003046861153750191,0.001065447663364078,0.0022186069328602167,0.819220822557771,0.7049533381191673,9.850058047665989e-07,0.00010163758444725612,7.4160975915176425e-06,0.9776981282357626,3.429331290347001e-05,0.0009202915245872037,0.00012472175384147088,0.0004498489258870921,0.003046861153750191,0.002900150626147799,0.0008636090921614951,0.02350712258256353,0.0004408498483477844,0.003046861153750191,0.0008297172553537492,0.0018668694240799822,0.002965561109401438,0.0020072401102252235,put_T050_s060_r005_q006,17,validation
P2,0.00828854099381715,4.41248994320631e-05,0.00012441689614206553,0.001889075103393346,0.00013184252491736472,0.010955401961303934,0.0003208749694749713,0.03778040141676505,0.7809495081669559,0.781127336905102,0.0,0.9833333333333333,2.0,9.44841884198623e-05,0.0025780972226786348,0.00023217992541225852,0.004107725237451618,0.00017632010898110942,0.0025780972226786348,0.0002678546768954116,0.0020328700661973883,0.9308075772681954,0.9333013435700576,1.9355064886384936e-06,9.145523521791876e-05,9.363301525236906e-06,0.9283271020602976,1.6149518686858903e-05,0.0025780972226786348,0.00016125347940476787,2.6590661680183797e-05,0.0025780972226786348,0.0003429888237883078,0.00010108914503585473,0.030134670892464337,1.752712174182342e-05,0.0006859061651896952,7.018159375458132e-05,0.0002551273836697896,0.0025780972226786348,0.00036985404595224535,12,0.0,1.5325001776592003e-06,9.490778924770393e-05,9.490778924770393e-05,7.846465263412843e-05,0.0,put,5.6592284954260806e-05,0.0004955418407917023,0.0,6.125075742602348e-06,0.001586062676545305,0.7910343669549943,0.7912496516058019,0.0,0.9833333333333333,2.0,0.00028970117323971604,0.0008657981450382046,0.0004183423773321139,0.004658654158415824,0.00023877186314724222,0.0008659899532707654,0.00032692261295316354,0.001840793106466223,0.9282319581452934,0.929382597568778,2.1426464972106957e-06,0.00041447817228904005,1.197461234626247e-05,0.9270841643398484,1.0224689068602419e-05,0.0006022723395925425,6.492611463957581e-05,3.618001623049165e-05,0.0008659899532707654,0.00042237400344024515,0.0001244846791979759,0.032183513515984585,2.090895844448737e-05,0.0008659899532707654,8.570304658981862e-05,0.00035649397015450886,0.0006758700321044114,0.0004091239146869462,put_T050_s020_r005_q000,17,validation
P2-S,0.008149333065375686,4.212500061839819e-05,0.00010987499263137579,0.001889075103393346,0.00013184252491736472,0.010955401961303934,0.0003208749694749713,0.2532120286130981,nan,nan,0.0,0.0,120.0,9.147949843471506e-05,0.0025780972226767565,0.00023119436049748386,nan,0.00017426354566344547,0.0025780972226767565,0.0002653432979710544,0.002063499005870354,0.4581467046710488,0.8523809523809524,3.0035970436087855e-05,0.00012515215771535804,4.329973096756036e-05,0.31326067934134116,6.886245699032626e-05,0.0025780972226767565,0.00017177190925326007,5.042741096068524e-05,0.0025780972226767565,0.0003648660041656509,0.00010753700953392871,0.029365015973297628,3.916473017839209e-05,0.0006418904991821014,7.799595187968146e-05,0.00025489512743662814,0.0025780972226767565,0.00036978700194467175,12,0.5978650137741047,1.5128219077045814e-06,5.74036105420818e-05,5.74036105420818e-05,5.14946935773044e-05,0.0,put,5.6592284954260806e-05,0.0005660000024363399,0.0,9.312503971159458e-05,0.001586062676545305,nan,nan,0.0,0.0,120.0,0.00029327185586648397,0.0008657981454503472,0.00041889365417016264,nan,0.00023711537061064816,0.0008659899532707654,0.0003249235487796918,0.0018635519211478238,0.4517633343048674,0.8387445887445888,3.0373034760556635e-05,0.00041604873088960104,4.40671294968672e-05,0.30913442361388116,6.298892642653632e-05,0.0006022723395925425,8.784193507972509e-05,6.011139684649972e-05,0.0008659899532707654,0.00044041888512757804,0.00012980297835871215,0.03147491825669919,4.252775289959703e-05,0.0008659899532707654,9.217120872312014e-05,0.00035654772557110106,0.0006758700321044114,0.0004091057732426273,put_T050_s020_r005_q000,17,validation
P2,0.008166082901880145,3.8207974284887314e-05,0.00010574993211776018,0.0018164175977309106,0.00012733617030594865,0.009082850122741465,0.0003143749199807644,0.09590943815542746,0.7568423863689643,0.7572429167072745,0.0,1.0,0.0,6.976617684904346e-05,0.0026487134516261345,0.0001975219430758568,0.006236938620235681,0.00038576417571383685,0.0026487134516261345,0.000628601420661751,0.002764412545126051,0.909969838449779,0.9359170491245963,7.880826431254376e-06,0.0002409555016515963,3.110734189602499e-05,0.8854225295489266,2.0342448863170763e-05,0.0026487134516261345,0.00018096059572147297,6.47659368621547e-05,0.0026487134516261345,0.0008331221062910478,0.0002455703974732734,0.02619096379116242,2.780499548922771e-05,0.0013078454088275987,9.922806695962108e-05,0.0009778763995902033,0.0026487134516261345,0.00112041308280892,12,0.01928374655647383,1.470741785895101e-06,0.00010678826955087817,0.00010678826955087817,6.668601465185516e-05,0.0,put,4.427011156154211e-05,0.00046324986033141613,0.0,4.917033948004246e-06,0.0008344835355370422,0.7646189659937583,0.7650460708229058,0.0,1.0,0.0,2.9734383841668946e-05,0.00019524011933083618,5.5096245883291296e-05,0.0065052567474795054,0.0002371717681086834,0.0015426692481990828,0.0003982449281654142,0.001716713041922589,0.9075324029980537,0.9313275539690634,7.916034479740845e-06,0.0002409555016515963,3.117509905092437e-05,0.8849228781393846,6.853050189448618e-06,0.00039103639198326354,3.870505332378479e-05,4.3272871207706984e-05,0.0015426692481990828,0.0005394402400636897,0.000159002651865373,0.022244190569505273,2.382784888822991e-05,0.0010464709871860732,7.786667248572678e-05,0.0005497713719427554,0.0015426692481990828,0.0006981406941124613,put_T050_s020_r005_q003,17,validation
P2-S,0.00816666695754975,3.600004129111767e-05,0.00010241696145385504,0.0018164175977309106,0.00012733617030594865,0.009082850122741465,0.0003143749199807644,0.4398222098756858,nan,nan,0.0,0.0,120.0,6.462508705255418e-05,0.0026487134516239358,0.0001928598030368097,nan,0.00038136232405091327,0.0026487134516239358,0.0006275482532486445,0.002791784267962991,0.09509954058192956,0.9967897271268058,4.683995753627203e-05,0.0002495599923930669,6.052832226354757e-05,0.04993165554394147,7.55193633243423e-05,0.0026487134516239358,0.00019112940243579176,9.719767188626652e-05,0.0026487134516239358,0.0008474428957235733,0.000249791581770894,0.025269752790674876,5.940848762769913e-05,0.0013078454088275987,0.00010900464720535862,0.0009781048527277585,0.0026487134516239358,0.0011204013707173804,12,0.5617079889807163,1.470741785895101e-06,9.13054392339685e-05,9.13054392339685e-05,6.435062206402893e-05,0.0,put,4.427011156154211e-05,0.0005464169662445784,0.0,9.362504351884127e-05,0.0008344835355370422,nan,nan,0.0,0.0,120.0,2.921883180887232e-05,0.0001952401240943452,5.3136774233885676e-05,nan,0.00023301734249680926,0.0015426692481990828,0.0003966690189102948,0.001746130638149519,0.09580193756727665,1.0,4.7024717511009905e-05,0.0002495599923930669,6.065777260603526e-05,0.05031091011871114,6.164704802889057e-05,0.00039103639198326354,7.254148598396186e-05,7.570932561277444e-05,0.0015426692481990828,0.0005613636697620696,0.0001654646901063743,0.021289292619697347,5.538720068786376e-05,0.0010464709871860732,8.987530525264603e-05,0.0005495031043008825,0.0015426692481990828,0.0006981142983288037,put_T050_s020_r005_q003,17,validation
P2,0.008163416991010308,3.9375037886202335e-05,0.0001053329324349761,0.0018062933301001747,0.00011809109606864268,0.012477181618928255,0.0003120000474154949,0.269185360094451,0.6414098551586281,0.6474701851514021,0.0,0.975,3.0,0.000517335779843637,0.0012852692250494568,0.0006254540217527194,0.024589269003888487,0.00037661266479938505,0.002830257129335507,0.0005815468076639937,0.003442024284481977,0.7805558322542084,0.9799899949974987,1.7195450844279777e-05,0.0009660837959700741,7.256340193891813e-05,0.6485681178612812,2.5213768395744674e-05,0.002830257129335507,0.00020421069132858373,8.001552122957549e-05,0.002830257129335507,0.0008544455049800257,0.00025190517321406193,0.0314398100762697,4.0338479753448264e-05,0.001219869733069423,0.00012310629439761655,0.0009031319344495734,0.002830257129335507,0.0010352231223132227,12,0.0893939393939394,1.5164179872053664e-06,8.855877634667345e-05,8.855877634667345e-05,8.011796227271848e-05,0.0,put,5.2547837174951247e-05,0.00046154099982231855,0.0,4.832982085645199e-06,0.000297999055807234,0.648746907326142,0.6548026112509746,0.0,0.975,3.0,0.0005499016927439747,0.0013394381184735349,0.0006687494962761507,0.024678285058702298,0.00026091400621400474,0.0013394381184735349,0.00039797583570851596,0.0023156628967437604,0.7764846910743719,0.9721110555277639,1.9016624926956624e-05,0.0011599541960686244,8.314512297646418e-05,0.6464033264033264,7.0796379598146256e-06,0.0002745571113472317,2.7990486299858734e-05,6.22379588144587e-05,0.0013394381184735349,0.0006252423106911733,0.00018432989243130955,0.023207164516232108,3.9097632494386484e-05,0.001249305398855871,0.00011719186355184715,0.0004847886723396439,0.0013023593708587633,0.0006041354899970712,put_T050_s020_r005_q006,17,validation
P2-S,0.008490916923619807,3.654207102954388e-05,0.0001067920820787549,0.0018062933301001747,0.00011809109606864268,0.012477181618928255,0.0003120000474154949,0.4423223834988541,nan,nan,0.0,0.0,120.0,0.000527839141579528,0.001285269321059157,0.000626852480003377,nan,0.00038821644396336616,0.002830257129335507,0.0005824766571996168,0.0034568783868941643,0.05802459214015913,1.0,6.986527060304635e-05,0.0009660901688764989,9.550807224026192e-05,0.029879159079622578,8.107047446138214e-05,0.002830257129335507,0.00021364167456588504,0.00012550768933326003,0.002830257129335507,0.0008768505789367267,0.0002585105728598457,0.030784970260395065,8.720253638623973e-05,0.0012198697331159414,0.00013650892489385126,0.0009034097475252921,0.002830257129335507,0.0010352366635898872,12,0.34146005509641875,1.51641798720498e-06,8.855877634667345e-05,8.855877634667345e-05,8.011796227271848e-05,0.0,put,5.2547837174951247e-05,0.0005505011649802327,0.0,9.516696445643902e-05,0.000297999055807234,nan,nan,0.0,0.0,120.0,0.0005599513787289715,0.001339438214483235,0.0006699226256782606,nan,0.0002726136943272994,0.001339438214483235,0.0003992112397263948,0.0023287757362385063,0.0582916195704828,1.0,7.16110455281749e-05,0.0011599551118862128,0.0001037658563312146,0.03002079002079002,6.237039713493049e-05,0.0002745571113472317,6.83314456827175e-05,0.00010752545911047868,0.001339438214483235,0.0006552664411990182,0.00019318141231763441,0.022532082307042,8.579968821402423e-05,0.0012493053989023895,0.0001311039790512452,0.0004845378887292614,0.0013023593708587633,0.0006041088189687929,put_T050_s020_r005_q006,17,validation
P2,0.008353958022780716,4.212500061839819e-05,0.00011162494774907827,0.0018115710001545557,0.00011842068875912091,0.012321385450898507,0.00037408294156193733,0.010139593027293562,0.044157759525267,0.04590261815417008,0.0,1.0,0.0,3.8824173798830226e-05,0.0002965608883255255,8.440348475189361e-05,0.0020928975563147168,0.00044619163941141447,0.0031392957356522052,0.0006673304921146025,0.0032523992497843876,0.9601891998423334,0.9234268385140257,1.1235185455268194e-08,9.832310644029249e-07,7.524257823645667e-08,1.0,4.213657487530143e-05,0.0031392957356522052,0.00023534624225110483,0.00011212773727870736,0.0031392957356522052,0.0011330050398301317,0.00033451877766936083,0.04055724182377658,0.0001093851666793983,0.0016500526488202327,0.0003391024747282592,0.00042957614600679355,0.0031392957356522052,0.0005949070672808955,12,0.0,9.577292498511225e-07,0.00017609658116158299,0.00017609658116158299,6.642559266836287e-05,0.0,put,5.7184965615938906e-05,0.0005329998675733805,0.0,5.166977643966675e-06,0.0012407469232277937,0.033714574011396145,0.0337420548686131,0.0,1.0,0.0,0.00012739541618258612,0.0006116887323541764,0.0002242115536203355,0.0014685489859965811,0.0004039677586711178,0.0016460155259331033,0.0006250380268774477,0.0026905829636982258,0.9580901391144073,0.9195518490438884,1.2528792758893553e-08,9.84362561990417e-07,7.895813923205659e-08,1.0,2.1125789754278706e-05,0.0005327170215246313,7.25416078730805e-05,0.00010278783316383238,0.0016460155259331033,0.0010678267315321964,0.00031527114113326886,0.0381073194023471,0.00011076903142169932,0.0016460155259331033,0.0003393494378672916,0.00013876958909529675,0.0003900690934966061,0.00017480097279571117,put_T050_s020_r005_q010,17,validation
P2-S,0.008325209026224911,3.8499943912029266e-05,0.0001063330564647913,0.0018115710001545557,0.00011842068875912091,0.012321385450898507,0.00037408294156193733,0.21834849642336274,nan,nan,0.0,0.0,120.0,3.99854233887359e-05,0.00029348023783437593,8.186058519455298e-05,nan,0.00044276792720145613,0.0031392957356522052,0.0006658690166151033,0.003277391320087265,0.4431129476584022,0.90415964024733,2.4543792787032496e-05,6.931471805671219e-05,3.676075207279623e-05,0.2934683451924831,8.843401022877818e-05,0.0031392957356522052,0.00024142381285932458,0.0001296354252240699,0.0031392957356522052,0.0011356454483176551,0.00033529835603727924,0.040339948263944485,0.00012433088661664937,0.0016500526488202327,0.0003394887319895488,0.0004299778384177425,0.0031392957356522052,0.0005949249723262524,12,0.4888429752066116,9.577292498511225e-07,0.00017839520544707106,0.00017839520544707106,6.642624698564509e-05,0.0,put,5.7184965615938906e-05,0.0006101659964770079,0.0,9.125005453824997e-05,0.0012407469232277937,nan,nan,0.0,0.0,120.0,0.00012873608079341908,0.0006091239531549331,0.0002225842186691484,nan,0.0004002479447515746,0.0016460155259331033,0.0006233858083339427,0.0027154382186494394,0.4472847865137487,0.9097807757166948,2.4548893410530014e-05,6.931471805671219e-05,3.680586544978102e-05,0.29653719311102966,6.684856613662564e-05,0.0005326814718452366,9.00742488493935e-05,0.0001201351898551302,0.0016460155259331033,0.0010704299511120083,0.00031603973025293825,0.03796000388133132,0.00012559983741048373,0.0016460155259331033,0.0003396885023780221,0.00013852200845250175,0.0003900690934966061,0.00017472785269781658,put_T050_s020_r005_q010,17,validation
P2,0.008242083946242929,4.1332910768687725e-05,0.0001153749180957675,0.0008771181670257843,9.172395697052708e-05,0.003469475244008058,0.00031708297319710255,0.11410514619070769,0.6373060578846733,0.6397672789108902,0.0,1.0,0.0,0.0001357938319319235,0.0006546780953592402,0.0002206137113826773,0.0067968419987603865,0.0005542364024576401,0.0027478277688647397,0.0008343055124681373,0.002667348703403009,0.7525146331761094,0.7788495471121044,4.1045117948570464e-05,0.0005786604078902302,0.00010636727836298207,0.7279023746701847,4.9292452349173705e-05,0.0027478277688647397,0.00023138289556209096,0.00023540654630747974,0.0027478277688647397,0.0017612322363736558,0.000520240966853695,0.028380857098350414,0.00019721411831525546,0.001961210951923323,0.0004328813849306796,0.001603881196728355,0.0027478277688647397,0.0016469249013509916,12,0.01115702479338843,4.011846907424769e-06,0.0004404764160435837,0.0004404764160435837,0.00011859904897966324,0.0,put,4.351116851859654e-05,0.00047908187843859196,0.0,5.291076377034187e-06,0.0001504025321544481,0.648926894493561,0.6511006734519578,0.0,1.0,0.0,0.00024037195742764023,0.0008166792736757911,0.0003337368827699965,0.0074371400789858865,0.00048567199521066834,0.0018325150525387857,0.0007235775501928196,0.002224415012714528,0.7481384641618826,0.7741442183272557,4.2415856489938806e-05,0.0007178211197989004,0.00010914509184989801,0.7238231412230532,2.6003678404989752e-05,0.0008331706237443975,0.00010403224969214845,0.00021041177983952754,0.0018325150525387857,0.0015359601417635502,0.00045368581928214723,0.026774785567955657,0.00018180937342274933,0.001777009450770875,0.0003922848288769279,0.001273014199756965,0.0018325150525387857,0.0013425809946544423,put_T050_s040_r005_q000,17,validation
P2-S,0.008119542035274208,4.2625004425644875e-05,0.0001081250375136733,0.0008771181670257843,9.172395697052708e-05,0.003469475244008058,0.00031708297319710255,0.3155080213903743,nan,nan,0.0,0.0,120.0,0.00015801625118072317,0.000654693244450999,0.00022562655963839106,nan,0.0005538218052613277,0.0027478277688647397,0.0008336526769102014,0.0026843495492869626,0.0763455641323887,1.0,9.452868141203151e-05,0.0005789667765513373,0.00012533956019648913,0.03968777484608619,0.00010424893780212485,0.0027478277688647397,0.00024030194083264945,0.00026847720758813606,0.0027478277688647397,0.0017687605088314439,0.0005224647029750834,0.026820117517489885,0.00022914011459023242,0.001961210951923323,0.00043539085601726084,0.001604014812045717,0.0027478277688647397,0.001646928924205455,12,0.36666666666666664,4.011846907434392e-06,0.0004404959473740377,0.0004404959473740377,0.00011859904897966324,0.0,put,4.351116851859654e-05,0.0005627080099657178,0.0,9.487499482929707e-05,0.0001504025321544481,nan,nan,0.0,0.0,120.0,0.00025686614411605363,0.0008166944227675499,0.0003367201785620466,nan,0.0004850839554482077,0.0018325150525387857,0.0007227816231100663,0.0022343486066230774,0.07637786945943087,1.0,9.569062754335697e-05,0.0007178973938563038,0.00012769908779122532,0.03970523537175539,8.049044619657731e-05,0.0008331706237443975,0.0001224618760245604,0.00024327232118067797,0.0018325150525387857,0.0015444904247503843,0.00045620546046316575,0.0249956832965765,0.0002136611602185142,0.001777009450770875,0.00039502537619045316,0.0012731498156922396,0.0018325150525387857,0.0013425841071193958,put_T050_s040_r005_q000,17,validation
P2,0.00832187500782311,3.845908213406801e-05,0.00010800000745803118,0.0008626232158522614,8.8383383301624e-05,0.0032238602886080184,0.00035262503661215305,0.07187999166608793,0.6018985973690304,0.6049023450864414,0.0,1.0,0.0,0.00021162348313233514,0.0008393340728654608,0.0003102434197414817,0.006900666435641186,0.00030746971362883825,0.0025317328579333026,0.00040344114369080387,0.0016562571603798003,0.7618835081455032,0.7581612258494337,4.0430999004444406e-05,0.0005379184007768822,0.0001078430119963362,0.7656425207445615,3.873681809237954e-05,0.0025317328579333026,0.00017507095268712487,0.00014481338844474264,0.0025317328579333026,0.0008998056698870616,0.0002659077351593361,0.02284828078023381,0.00013180108401049362,0.0007764085483372152,0.0002357375094630192,0.0007138796851916355,0.0025317328579333026,0.00073401687663972,12,0.0,2.7462308961758427e-06,0.0001660037517336498,0.0001660037517336498,7.326858500832183e-05,0.0,put,4.434036621284443e-05,0.000503959134221077,0.0,4.875008016824722e-06,0.00018895262111402224,0.6111494108751772,0.6139726797417483,0.0,1.0,0.0,0.0002725313654790884,0.0009199047090903689,0.0003795140618758875,0.007829442441050355,0.0002437248679629347,0.0009199047090903689,0.0003176418332483798,0.001283283665534038,0.7568443401497373,0.7520541860981568,4.170566577360453e-05,0.0007322649940780801,0.00011057449798893323,0.7616959064327485,1.576269087889066e-05,0.00032450801187906483,4.9194801301151886e-05,0.0001210314217592926,0.0009199047090903689,0.0007339783760628479,0.00021689657391681862,0.022719228669266178,0.00011813857660641188,0.0008725431351328528,0.00021176523923794807,0.0003947773678193244,0.0005213669252319558,0.000408426734707467,put_T050_s040_r005_q003,17,validation
P2-S,0.008530084043741226,8.054194040596485e-05,0.0001069589052349329,0.0008626232158522614,8.8383383301624e-05,0.0032238602886080184,0.00035262503661215305,0.4575317730397944,nan,nan,0.0,0.0,120.0,0.00022731464907035207,0.000839334717421536,0.0003134774544760098,nan,0.0003046914573046575,0.0025317328579333017,0.0004011368432968818,0.0016941992440406186,0.0778101088479362,1.0,9.222829956077473e-05,0.0005383784990407037,0.0001254033259461839,0.04047992823503028,9.192075383563977e-05,0.0025317328579333017,0.00018594543101141284,0.0001752777259502455,0.0025317328579333017,0.0009109993329946269,0.000269215651195743,0.021993410775107962,0.0001609579711331005,0.0007764085483373817,0.00023903338420529335,0.0007140218029689319,0.0025317328579333017,0.0007340245300706276,12,0.478099173553719,2.7462308961758427e-06,0.00016601288636010694,0.00016601288636010694,7.03768615796907e-05,0.0,put,4.434036621284443e-05,0.0006426669424399734,0.0,0.00010254106018692255,0.00018895262111402224,nan,nan,0.0,0.0,120.0,0.00028595007364072724,0.0009199053536464441,0.0003818149019818244,nan,0.00024102732143835133,0.0009199053536464441,0.0003146225444393492,0.0013202207305689929,0.07802874743326488,1.0,9.345798479174892e-05,0.0007323310132649752,0.00012780926333916777,0.0405982905982906,6.857486634469216e-05,0.00032450801187906483,7.940633360731332e-05,0.00015140321506162924,0.0009199053536464441,0.0007474719960517479,0.0002208840482631709,0.021845012184042046,0.00014728011652929813,0.0008725431351330193,0.00021538605707207097,0.00039478739962189695,0.0005213669252319558,0.00040842930816475405,put_T050_s040_r005_q003,17,validation
P2,0.008429332985542715,4.012498538941145e-05,0.00010783399920910597,0.00086096760281794,8.17469011521412e-05,0.003401852173582709,0.0003381660208106041,0.24216959511077157,0.4425907800488875,0.4466221196935369,0.0,0.6833333333333333,38.0,0.00018535046426546286,0.0005057949866303368,0.00022316164098925317,0.02321233178612355,0.00020610514119372164,0.002400560313820648,0.000267156812924676,0.0015416547314621477,0.6217438379721038,0.6909682899207248,1.598550750341108e-05,0.00032929320361774206,4.106285115908872e-05,0.5651267801319902,3.224453923517626e-05,0.002400560313820648,0.0001439418195300376,9.39500099743232e-05,0.002400560313820648,0.0005883146989372564,0.00017396358757870977,0.025874159313603488,9.43522404783828e-05,0.0005091091105636162,0.00017123732299573506,0.00025776756278247833,0.002400560313820648,0.00033608684824804096,12,0.08739669421487603,3.3302232348274386e-06,8.235264482164134e-05,8.235264482164134e-05,7.416786513232164e-05,0.0,put,6.498238974907837e-05,0.0004910420393571258,0.0,4.917033948004246e-06,0.00017858453725139948,0.452044966219713,0.4564713620148212,0.0,0.6833333333333333,38.0,0.00022094095299707398,0.0005720186353295187,0.0002674936647106422,0.023547999416208592,0.00018271333609845824,0.0005720186353295187,0.00023986675056084244,0.0014290259293888948,0.614854517611026,0.6820498301245753,1.7100548880912674e-05,0.0005011518207365673,4.524536330142915e-05,0.5597118959107806,1.1837158834573481e-05,0.0001771214630492124,3.400559165120389e-05,8.534328812573559e-05,0.0005720186353295187,0.0005337858145289635,0.00015783541181260737,0.025816469070735187,8.783605146148781e-05,0.0005446807403446802,0.00016052366361829227,0.00016815116656695634,0.0005707593151318691,0.00021865733663402134,put_T050_s040_r005_q006,17,validation
P2-S,0.008329125004820526,4.491698928177357e-05,0.0001407910604029894,0.00086096760281794,8.17469011521412e-05,0.003401852173582709,0.0003381660208106041,0.4505173970414612,nan,nan,0.0,0.0,120.0,0.00020463684255207272,0.0005060005895003439,0.00023279770664747434,nan,0.0002046959904951786,0.002400560313820648,0.00026400304736615035,0.0015867093725263034,0.08024005334518783,1.0,7.40516614937079e-05,0.0003329384262533708,8.02463112302544e-05,0.04179692022693065,8.545303562979463e-05,0.002400560313820648,0.00015659441210897593,0.00012762645497262534,0.002400560313820648,0.0006085451085038595,0.00017994568293133373,0.0252615123776572,0.00012732067238830705,0.0005091091105636162,0.00017685900567431578,0.0002578900231127801,0.002400560313820648,0.0003360995573363516,12,0.35585399449035815,3.3302232348274386e-06,0.0001164945204050194,0.0001164945204050194,6.901934574819918e-05,0.0,put,6.498238974907837e-05,0.0006236660992726684,0.0,9.979202877730131e-05,0.00017858453725139948,nan,nan,0.0,0.0,120.0,0.0002354827016703005,0.0005722242381995257,0.0002738445959754541,nan,0.00018128314140704492,0.0005722242381995257,0.00023618261187861205,0.0014720691975599728,0.08049949827182518,1.0,7.508632796507072e-05,0.0005018128106943354,8.255697480335052e-05,0.041937732342007435,6.435938526997563e-05,0.00017712141656781033,6.984561547402098e-05,0.00011884600117697088,0.0005722242381995257,0.0005556323236563515,0.00016429521773276277,0.02529365873410093,0.00012076032934577467,0.0005446807403446802,0.0001664600633161116,0.00016801245658147748,0.0005707593151318691,0.00021863541028734377,put_T050_s040_r005_q006,17,validation
P2,0.008222083910368383,4.1125109419226646e-05,0.00010920804925262928,0.000865082462121365,8.061808388512925e-05,0.0034011294675997433,0.00035245902836322784,0.23057156746996318,0.03299126554665175,0.0402369288684964,0.0,1.0,0.0,2.8159237314738518e-05,5.647986387802284e-05,3.368246126491265e-05,0.0017348795844944092,0.0003949034401415001,0.0023366862339795486,0.0006481466569151209,0.0028672588767547037,0.5394398183194549,0.6632539091586002,1.2814665768857624e-05,5.8706365134863714e-05,2.137253861960948e-05,0.45458025006379177,2.1417310076609586e-05,0.0021306399529418835,9.224273646200056e-05,0.00019035376364858486,0.0023366862339795486,0.0014925901662798519,0.0004420893117217443,0.028761936220730422,0.00016441988660934105,0.0023030543915886076,0.0003732818328625166,0.0012173520010916794,0.0023366862339795486,0.0013742472303227668,12,0.09710743801652892,7.68435168841227e-06,6.32014447583702e-05,6.32014447583702e-05,5.1620336171311976e-05,0.0,put,9.311564810077013e-05,0.000507625169120729,0.0,4.832982085645199e-06,0.00022597889524358277,0.04457163698111262,0.04953322379842597,0.0,1.0,0.0,3.656504310623939e-05,8.771308723798388e-05,4.440399552824115e-05,0.002833263709282722,0.00043781133939498073,0.002506764410269882,0.000718975302343287,0.0031063606281072774,0.5336163116804367,0.6552494415487714,1.3170352640204616e-05,8.466076731816763e-05,2.1899821373450725e-05,0.450070323488045,2.8499355277831225e-05,0.0009476956728714167,0.00010059059889992177,0.00021097456885955934,0.002506764410269882,0.0016576470183990424,0.0004909663251626867,0.029671535303478602,0.00017614795660111303,0.0024629167310838695,0.0004021446416701845,0.001469881314418972,0.002506764410269882,0.0015922100763759355,put_T050_s040_r005_q010,17,validation
P2-S,0.008315625018440187,3.758305683732033e-05,0.0001062500523403287,0.000865082462121365,8.061808388512925e-05,0.0034011294675997433,0.00035245902836322784,0.32092506424057227,nan,nan,0.0,0.0,120.0,7.149720742837956e-05,9.457721164984889e-05,7.465356814953751e-05,nan,0.0003966350436931268,0.0023366862339795486,0.0006477916900981363,0.002905795573903692,0.0880595194535919,1.0,6.960740768463829e-05,0.0001029104977741902,7.285627195247841e-05,0.04605766777239092,7.20305245534546e-05,0.0021306399529418835,0.00010949002805164388,0.00022156212442295858,0.0023366862339795486,0.001501663362673477,0.00044477669586736777,0.02860134228582917,0.00019434006118929182,0.0023030543915886076,0.00037636619076885226,0.0012174090100454465,0.0023366862339795486,0.001374250088832376,12,0.20392561983471075,7.68435168841227e-06,6.961749291714558e-05,6.961749291714558e-05,4.041700552646355e-05,0.0,put,9.311564810077013e-05,0.0005909170722588897,0.0,9.462493471801281e-05,0.00022597889524358277,nan,nan,0.0,0.0,120.0,7.12878529600322e-05,0.00012057974284873652,7.912020778679554e-05,nan,0.0004392309584300112,0.002506764410269882,0.0007186071989381177,0.0031417914783818776,0.08824248350036666,1.0,6.98411549542139e-05,0.00012017864440261317,7.313228616370707e-05,0.04615778033499553,7.836617366164012e-05,0.0009476956728714167,0.00011642008330604758,0.0002419085314793787,0.002506764410269882,0.001665722420847261,0.0004933581194471182,0.029608376721179004,0.00020600429465829665,0.0024629167310838695,0.00040497736467162677,0.0014698863265789114,0.002506764410269882,0.0015922100087475562,put_T050_s040_r005_q010,17,validation
P2,0.008316416991874576,4.1791005060076714e-05,0.00011245801579207182,0.00047705060424048335,7.432094584956313e-05,0.0020647047278580135,0.0003588330000638962,0.0,0.0265309799175016,0.029218039831427203,0.0,1.0,0.0,8.6815136711189e-05,0.0005520533964181729,0.0001673132631726493,0.012173294146472035,0.000377745863682512,0.0016830708308294973,0.0005654389682322284,0.0013870137401264674,0.8468539770478829,0.7344865458539264,4.848721801001138e-08,5.820994710384494e-06,1.7886432277254247e-07,0.9998131190431695,3.512268977967468e-05,0.0011538890485709315,0.00014630348087617782,0.00023970483769647619,0.0016830708308294973,0.0015155549650965794,0.0004504102182113748,0.01551892928138092,0.0002340684120480045,0.0016830708308294973,0.00043506998939323976,0.0009800127456130407,0.001559930146606353,0.0010198828282038483,12,0.0,6.330294430174906e-06,0.00023516355415243058,0.00023516355415243058,0.00012420279293255953,0.0,put,6.506503781368022e-05,0.000518332002684474,0.0,5.249981768429279e-06,0.0009027391435375938,0.015540887885212906,0.0224543717741412,0.0,1.0,0.0,0.0001289748105856797,0.0005350321739938657,0.00022281755392055351,0.011962406039484678,0.00033184503076765984,0.0015373845512911821,0.0004972732332011125,0.001146556438999017,0.8468297316551888,0.734349258649094,4.832121127827339e-08,9.956202645182949e-07,1.6123214701954785e-07,1.0,1.0674052098243086e-05,0.00032887797415775966,4.438599459879489e-05,0.00021062512779538437,0.0015373845512911821,0.00133305068138123,0.00039615425634521964,0.01575707341031834,0.0002109098229143115,0.0015373845512911821,0.00039010621920236463,0.0007449888031757804,0.0014259325489139885,0.0008248106204060613,put_T050_s060_r005_q000,17,validation
P2-S,0.008458958007395267,3.970798570662737e-05,0.00011108303442597389,0.00047705060424048335,7.432094584956313e-05,0.0020647047278580135,0.0003588330000638962,0.20445864296131674,nan,nan,0.0,0.0,120.0,8.013463035638444e-05,0.0005167270269931801,0.0001529191594890344,nan,0.00037675186180244715,0.0016830708308294973,0.0005650015079768139,0.0014524099530986126,0.2063677279546591,0.9552469135802469,5.0086832861530327e-05,7.210767979458017e-05,5.556961376686184e-05,0.11567931227807886,8.63066871264758e-05,0.0011538890485709298,0.00015753856132873193,0.0002573621637037622,0.0016830708308294973,0.0015185954401583876,0.00045131382188632826,0.01570493916748806,0.0002486579469251575,0.0016830708308294973,0.0004357829967054962,0.0009800094234569466,0.001559930146606353,0.0010198826767876701,12,0.23712121212121212,6.330294430174906e-06,0.0002351635541524618,0.0002351635541524618,0.00010062149170705636,0.0,put,6.506503781368022e-05,0.0006021240260452032,0.0,9.250000584870577e-05,0.0009027391435375938,nan,nan,0.0,0.0,120.0,0.00012238539233709017,0.0005317892353421394,0.0002113481337166088,nan,0.00033078860558536266,0.0015373845512911821,0.0004967782164174567,0.0012228886696122984,0.21577455394363845,0.9984567901234568,4.965719356143821e-05,6.93147180562681e-05,5.533685794604657e-05,0.12095718825948776,6.12610944403823e-05,0.00032887797415775966,7.317699240063847e-05,0.0002280789598701812,0.0015373845512911821,0.0013364712813446027,0.0003971707857642965,0.015962438878504372,0.00022534915186205154,0.0015373845512911821,0.0003909049155680533,0.0007449918841184221,0.0014259325489139885,0.0008248106535459207,put_T050_s060_r005_q000,17,validation
P2,0.009378958959132433,4.287506453692913e-05,0.00011504197027534246,0.0004677435750927364,7.120822146141186e-05,0.0017914867152148497,0.00035404099617153406,0.019584693381484827,0.23377445490473667,0.23599478479114255,0.0,1.0,0.0,5.1887112372588434e-05,0.00032283692556556165,9.522598927971581e-05,0.009739316154720816,0.00041027436631071556,0.002545310830008571,0.0007715131473457548,0.0023044997644311007,0.8420115709835336,0.7846715328467153,2.903757025460044e-06,0.00010857464502767034,1.1811942253625874e-05,0.908392548492414,4.501190435312985e-05,0.001364222209494878,0.00019166899729708325,0.0002653950027052019,0.002545310830008571,0.0020820846977256976,0.0006193469287601237,0.027009275193191126,0.00022815052588513526,0.002545310830008571,0.0005443957587146404,0.001731328033577519,0.0025353626670564233,0.0018001798036886357,12,0.0,1.0575330261335083e-05,0.000518434800313182,0.000518434800313182,0.0001529479188753518,0.0,put,8.824519751827603e-05,0.0005170409567654133,0.0,5.082925781607628e-06,0.00022351939122565792,0.2447310270850664,0.24696149402372036,0.0,1.0,0.0,0.00010663299319116204,0.00040949903528730847,0.00015691554231770803,0.010250933202167961,0.00036920884734296955,0.002422823056064491,0.0007043601253308441,0.0020815158553561396,0.8363442199875412,0.7795288652952886,3.6481540773704882e-06,0.00029607335631165466,1.6468523112968672e-05,0.902092532155884,2.343456493030743e-05,0.000769095506323883,9.762993444640372e-05,0.00023914903918638832,0.002422823056064491,0.0019009018689715431,0.0005654273812964467,0.02610368339543619,0.00020742329945200286,0.002422823056064491,0.0005020511076091367,0.0015053382313957864,0.002407830745712436,0.001611001387543398,put_T050_s060_r005_q003,17,validation
P2-S,0.008309916942380369,4.070799332112074e-05,0.00010620895773172379,0.0004677435750927364,7.120822146141186e-05,0.0017914867152148497,0.00035404099617153406,0.19119383290506284,nan,nan,0.0,0.0,120.0,7.993314268273094e-05,0.0003228764622116298,0.00010567184775691173,nan,0.00041717990059245684,0.002545310830008557,0.0007718038224060869,0.0023400141210291364,0.12966954022988506,1.0,6.040784693583216e-05,0.00013742075555778221,6.398721462849007e-05,0.06932974841559439,9.837421365558752e-05,0.001364222209494878,0.00020116729341490395,0.0002902956656774889,0.002545310830008557,0.0020866813282765053,0.000620714264593002,0.026813707798152977,0.0002504930923055231,0.002545310830008557,0.0005457763641398046,0.0017313268243949662,0.0025353626670564233,0.0018001797995635864,12,0.20289256198347108,1.0575330261335366e-05,0.0005184348003131958,0.0005184348003131958,0.0001529479188753518,0.0,put,8.824519751827603e-05,0.0005908330203965306,0.0,8.987507317215204e-05,0.00022351939122565792,nan,nan,0.0,0.0,120.0,0.00013054887816200424,0.00040949980380933226,0.00016453062933503867,nan,0.00037571090548489656,0.002422823056064477,0.0007046589749715413,0.0021181443142263643,0.1296229802513465,1.0,6.097909677823216e-05,0.0003011218403525806,6.512532135839094e-05,0.06930312919946247,7.655784612631216e-05,0.00076909550632389,0.00011501799392928458,0.0002637350847381569,0.002422823056064477,0.0019059008901476783,0.0005669143509811032,0.026005569278858727,0.00022948729966935835,0.002422823056064477,0.0005035312582820025,0.0015053394405783382,0.002407830745712436,0.0016110014022692376,put_T050_s060_r005_q003,17,validation
P2,0.008229375001974404,4.199997056275606e-05,0.00011266698129475117,0.0004652616481758539,6.558530688651847e-05,0.001696641293046636,0.0003809160552918911,0.010834085700395861,0.17952086807506967,0.18846482127190023,0.0,1.0,0.0,0.00036118848313844665,0.0008610903993893082,0.00040872319316383296,0.008233224384291455,0.00036727964641228663,0.0022274524104949067,0.0006556880716705329,0.0026588564566194183,0.8420545437024187,0.8158730158730159,1.3572605402312106e-05,0.0005285194505395552,5.039367848682855e-05,0.8699721226602947,4.929386988129059e-05,0.0013559716561605262,0.00018394730529969203,0.00024595482160851006,0.0022274524104949067,0.001787443559401885,0.0005322865730440184,0.033093356918455025,0.00020500738211939073,0.0022237565106768276,0.00044622706859037827,0.0015974386494448049,0.0022274524104949067,0.001652586480182794,12,0.0,1.190152120164971e-05,0.0005799496733146954,0.0005799496733146954,0.0002079921209856939,0.0,put,0.00011375201138138363,0.0005406249547377229,0.0,5.041947588324547e-06,5.406244321856982e-05,0.1898083568859524,0.19716942409212188,0.0,1.0,0.0,0.00045350086142971447,0.001013083935811454,0.0005138379260432979,0.009297364850343747,0.0003351958511863385,0.002113403087217719,0.00059770554257735,0.0024625368867098037,0.8343451864700782,0.8084033613445378,1.8017715344902786e-05,0.0008878941221616143,7.156913314351481e-05,0.8620071684587813,2.9138937977960935e-05,0.0007824365074250231,9.738358803931844e-05,0.00022640078266672304,0.002113403087217719,0.001633012980184362,0.00048627986580759163,0.03192650257543928,0.000190587825790234,0.002113403087217719,0.0004109379897753733,0.0013876477105879998,0.002112691608688877,0.0014755385610059942,put_T050_s060_r005_q006,17,validation
P2-S,0.00823645805940032,4.39169816672802e-05,0.00010879093315452337,0.0004652616481758539,6.558530688651847e-05,0.001696641293046636,0.0003809160552918911,0.1587610250711855,nan,nan,0.0,0.0,120.0,0.0003684274742963604,0.0008610981220792402,0.0004120092027135858,nan,0.00037856115985618896,0.0022274524104949067,0.0006562486188156799,0.002679231229850537,0.13412595207133568,1.0,6.977828972225513e-05,0.0005290223799885307,8.178269975446802e-05,0.07188371166865791,0.00010109135187739506,0.0013559716561605262,0.00019412569739472263,0.000272645746031135,0.0022274524104949067,0.001793446509105737,0.0005340742040487636,0.03307705823544779,0.00023004232075752082,0.0022237565106768276,0.00044816631244604105,0.0015974389653416689,0.0022274524104949067,0.0016525864847137808,12,0.18415977961432506,1.1901521201649781e-05,0.0005799496733146989,0.0005799496733146989,0.0002079921209856939,0.0,put,0.00011375201138138363,0.0006211659638211131,0.0,8.754199370741844e-05,5.406244321856982e-05,nan,nan,0.0,0.0,120.0,0.0004587103447581496,0.0010130839370593447,0.0005156669938390213,nan,0.00034653720139627,0.002113403087217719,0.000598307464224642,0.0024838788076770434,0.13412595207133568,1.0,7.370535623414444e-05,0.0008879080503482184,9.616272855610092e-05,0.07188371166865791,8.0788669647656e-05,0.0007824365074250231,0.0001152603481963919,0.00025295332554050914,0.002113403087217719,0.0016395188985725193,0.00048821720320731707,0.03197669829101843,0.00021551530332950583,0.002113403087217719,0.00041304206449551057,0.001387648163667459,0.002112691608688877,0.0014755385675902669,put_T050_s060_r005_q006,17,validation
P0,0.008117667050100863,4.837499000132084e-05,0.00011995795648545027,0.001889075103393346,0.00013184252491736472,0.010955401961303934,0.0,0.4087089381207028,0.7890453352867771,0.7894075501216619,0.0,1.0,0.0,0.00024936418051665617,0.0027455801200853064,0.00045635742824096375,0.004577570901139548,0.0006019260952514337,0.0028022941890017616,0.0007747444664320813,0.004374955524637318,0.2874348738074295,0.9619565217391305,0.0010800759541499361,0.0035636289746857432,0.0015295955999806185,0.16896030546495902,9.869767815194944e-05,0.0028022941890017616,0.0002592200399067389,0.0010124733171770588,0.0035636289746857432,0.004909489092913228,0.0014469744217431566,0.05036972167086915,0.0011531853832750117,0.0035636289746857432,0.0015636716162663418,0.000723090824013581,0.0028022941890017616,0.0008365272507398903,16,0.1427685950413223,1.8914819928087432e-06,0.00019565481504310174,0.00019565481504310174,7.804355826174363e-05,0.0,put,2.92606363664068e-05,0.000173665932379663,0.0,5.332985892891884e-06,0.005198589079763921,0.7989690777828412,0.7993397372373628,0.0,1.0,0.0,0.00018819319635063938,0.001064909672114589,0.0003433701553947045,0.005011257828654654,0.0004887141926593309,0.002157568412502597,0.0006827184618055802,0.0038998203956132588,0.29315607406904975,0.978713768115942,0.0010756989733938566,0.003563628952453485,0.0015280616807226038,0.17239728759473474,8.380641835668408e-05,0.0009725876976275324,0.0001911327893244614,0.0009912655365912535,0.003563628952453485,0.0048771055862072595,0.0014374107292793154,0.04721788731268315,0.0011470310943349112,0.003563628952453485,0.001560976208312785,0.00032918418976724857,0.0011203685005016228,0.0004289228915026166,put_T050_s020_r005_q000,17,validation
P0,0.008144999970681965,4.5208027586340904e-05,0.00010608299635350704,0.0018164175977309106,0.00012733617030594865,0.009082850122741465,0.0,0.35252448086672683,0.17652471335924697,0.22656475923587643,0.0,0.9666666666666667,4.0,0.0001837050554533423,0.002784786494669133,0.0003636590931798363,0.03203968968989999,0.0006631490269972985,0.002828467103810472,0.0008333118426273673,0.003066405380403237,0.462456430554735,0.8717149220489978,0.0007960423335665926,0.002861369988243709,0.0012247824318530726,0.3147061188389483,7.594928287594707e-05,0.002828467103810472,0.00024316292447652515,0.0007760370847667345,0.002861369988243709,0.00398368019639068,0.0011742263491113165,0.028761240165324494,0.0008639397834118808,0.002861369988243709,0.001253879698601023,0.0009886173809632024,0.002828467103810472,0.0011219076969107113,16,0.1415289256198347,1.8622864226248927e-06,0.00022018254085771314,0.00022018254085771314,9.90684501968164e-05,0.0,put,3.603183636929039e-05,0.00015608198009431362,0.0,4.790956154465675e-06,0.003676630492318006,0.17588526860724968,0.2316053350179642,0.0,0.9666666666666667,4.0,0.0001432797618360539,0.0009901828564863324,0.0002697925897990369,0.03241750995912372,0.0005140488792545083,0.0016448481261509514,0.0006622843554377868,0.0024663916314320656,0.4672553784152195,0.8779510022271715,0.0007942333063373508,0.002861369985666123,0.0012255851659638153,0.3183396592102075,5.899719620772797e-05,0.0009018528872710974,0.00016264056686229433,0.0007510220204721054,0.002861369985666123,0.003924418136007292,0.0011567414595916147,0.028672045652460884,0.0008569297717707833,0.002861369985666123,0.0012493729396898443,0.0005292725707183411,0.001586805804247443,0.0007084338736834616,put_T050_s020_r005_q003,17,validation
P0,0.008119250065647066,4.7874986194074154e-05,0.0001044590026140213,0.0018062933301001747,0.00011809109606864268,0.012477181618928255,0.0,0.34384332245294813,0.08854171315318213,0.1236101723103928,0.0,1.0,0.0,0.00018139775811604417,0.0005583996462485419,0.0002532595968426603,0.009484981204671976,0.0006166025847614957,0.002871958763560707,0.0008785937641664,0.0033253984170326266,0.4374474221848335,0.7982456140350878,0.0006914531083393348,0.0023579742741576554,0.0010426669634616109,0.30127462340672073,8.022100636054321e-05,0.002871958763560707,0.0002488695845382455,0.0006783704985561445,0.002871958763560707,0.0034458734768688286,0.0010159025356270975,0.041876095409242746,0.0007439339521205946,0.0024328013788633197,0.0010736325727576943,0.0010715381137162603,0.002871958763560707,0.0011963570027051708,16,0.13911845730027547,1.8755570066537766e-06,0.0002511170184737603,0.0002511170184737603,0.00014037717355749435,0.0,put,2.6501465804077295e-05,0.00015700096264481544,0.0,4.66697383671999e-06,0.0023650604454219445,0.08754325810991317,0.12536857959334913,0.0,1.0,0.0,0.00018979076783275166,0.0005583996462485419,0.000252646732025686,0.009574391636110425,0.000486898366276022,0.00242913344222242,0.0007313961726743818,0.0027769781030337667,0.43943322279167923,0.7991228070175439,0.0006930023728628902,0.002357974273948991,0.0010448203245779384,0.303035343035343,6.15030726088067e-05,0.0008564871754233664,0.00016411319834853155,0.0006561764674444593,0.00242913344222242,0.0033786838390767,0.0009960817077909311,0.04158118262101266,0.0007395443054465741,0.00242913344222242,0.0010695789350982266,0.0006208640652452728,0.001720652781726506,0.0008020150625860644,put_T050_s020_r005_q006,17,validation
P0,0.008098917081952095,4.38750721514225e-05,0.00010312499944120646,0.0018115710001545557,0.00011842068875912091,0.012321385450898507,0.0,0.322661295923328,0.11749391714608234,0.11935604335996905,0.0,1.0,0.0,3.8824173798830226e-05,0.0002965608883255255,8.440348475189361e-05,0.004720050362403054,0.0011268624084537456,0.0037600200748855173,0.0014835352284912453,0.004380204771023021,0.40777692504476853,0.6820710312366282,0.0005997074658131814,0.001972672559876977,0.000886112277928767,0.2908228425469805,8.492907642393848e-05,0.003054761735663376,0.0002604125033013617,0.0007321713025712333,0.0037600200748855173,0.003617766545828685,0.0010681425062197083,0.06763789965165189,0.0007976684780726592,0.0037600200748855173,0.0011178379739202437,0.0013239665177843026,0.003054761735663376,0.0014561097245289966,16,0.13581267217630855,1.633512869989615e-06,0.00031149818838475203,0.00031149818838475203,0.0002061004104129627,0.0,put,3.6746061238606075e-05,0.00015162501949816942,0.0,4.624947905540466e-06,0.003819420852989752,0.1070507316322115,0.10867159849693835,0.0,1.0,0.0,0.00012739541618258612,0.0006116887323541764,0.0002242115536203355,0.004427363615218246,0.0010275185399501328,0.00376797239362181,0.0014026606515462493,0.004274996404899425,0.4070558050032072,0.6788617886178862,0.000601744526315163,0.001972672559867712,0.0008879145215621201,0.2906742396482228,6.368914162644505e-05,0.0007913413280170728,0.00015567458048575578,0.0007100710204610727,0.00376797239362181,0.003533502558457041,0.0010432510733306057,0.06561552535714102,0.0007925115310294793,0.00376797239362181,0.0011118143036045374,0.0008577320139921626,0.0023922594398347596,0.0010508217477993315,put_T050_s020_r005_q010,17,validation
P0,0.008150875102728605,4.51250234618783e-05,0.00010250008199363947,0.0008771181670257843,9.172395697052708e-05,0.003469475244008058,0.0,0.09021459823598861,0.6421438574573289,0.6449760135315551,0.0,1.0,0.0,5.72514811158127e-05,0.0003960874008970827,0.00010556620315677383,0.007222299971181342,0.00026977420620673075,0.0023080520437401934,0.0003791091540898344,0.0028889066560386107,0.7758404677385675,0.7386679920477137,9.84678072928644e-05,0.001362175295132273,0.00028277188371555225,0.816952506596306,3.896941145665384e-05,0.0023080520437401934,0.00013958654035909411,0.00016334684437895066,0.0023080520437401934,0.0010923373274300777,0.00032265967861380956,0.048004204559546376,0.00017298860096898202,0.001362175295132273,0.00033989756693636534,0.0003619731170678361,0.0023080520437401934,0.00039506841474196245,16,0.0,4.873850257185742e-06,0.00033885850167292785,0.00033885850167292785,0.0003265584080334764,0.0,put,3.974641455566502e-05,0.00015229219570755959,0.0,4.667090252041817e-06,0.0020018196712547637,0.6537646940662167,0.6562874082325312,0.0,1.0,0.0,0.00012053346297087354,0.0008212009078926719,0.00022832197615626267,0.007825387893673106,0.00024840808819530673,0.001130947420096885,0.0003672215311811598,0.0027453710718259223,0.774749373433584,0.7374751491053678,9.865785392172452e-05,0.001362175295132273,0.000282892819862701,0.815992080950286,2.454887829669839e-05,0.00036455994786105785,6.410040630179627e-05,0.00015541381662810438,0.001362175295132273,0.0010749029216434918,0.0003175005648874932,0.04716258335796314,0.00017555829145725173,0.001362175295132273,0.00034320752095667656,8.814140557741383e-05,0.00033299009373286004,0.00011226129427801984,put_T050_s040_r005_q000,17,validation
P0,0.008396083023399115,4.512490704655647e-05,0.00010316597763448954,0.0008626232158522614,8.8383383301624e-05,0.0032238602886080184,0.0,0.008333912077227586,0.021623759376736718,0.025944318617072054,0.0,0.275,87.0,6.519649671432182e-05,0.000335945553585848,0.00011387359404831873,0.018080579028098936,0.00030866072935695,0.0023280842836999344,0.0004430432728124853,0.002535664371934528,0.8626550747289244,0.7641917618553132,8.736182517136227e-08,8.690579573755741e-06,5.166002812333671e-07,0.990244449428123,2.4619982090807416e-05,0.0023280842836999344,0.00013677691717167595,0.00012070517361291603,0.0023280842836999344,0.0009373264313922025,0.00027699575232479565,0.04038618138561517,0.0001087201528585442,0.00140026779684152,0.0002566754253507717,0.0006733906487524133,0.0023280842836999344,0.0007137403647636538,16,0.0,5.820883557432371e-06,0.0004011879654782657,0.0004011879654782657,0.00035433637870297465,0.0,put,3.4883922965154436e-05,0.00015320791862905025,0.0,4.917033948004246e-06,0.0027416706853672992,0.015469698878166852,0.022181264524772724,0.0,0.275,87.0,4.75886732712311e-05,0.00025537491736093987,8.262927034057792e-05,0.01838800344789187,0.0002714100913145774,0.0013349047255906315,0.00039025163901868686,0.0022816686647234162,0.8612089201877935,0.7619418483904465,8.882443821056702e-08,8.690579573755741e-06,5.178759738794347e-07,0.9902159244264508,9.987289014672127e-06,0.00035206150781891173,4.119275386599488e-05,0.00010662703653248233,0.0013349047255906315,0.0008275355972486966,0.0002445434929571842,0.03884590685655508,0.00010698174579319868,0.0013349047255906315,0.0002469099560806994,0.0003697128596384559,0.0009616460871481047,0.0004482655418981559,put_T050_s040_r005_q003,17,validation
P0,0.00851045805029571,4.779198206961155e-05,0.00012504099868237972,0.00086096760281794,8.17469011521412e-05,0.003401852173582709,0.0,6.944926731022988e-05,0.049844512439130656,0.05236032694324391,0.0,0.9916666666666667,1.0,4.4743043604490836e-05,0.00041678996154081993,9.207985156542454e-05,0.010739596264904398,0.00034929485641678384,0.002331671667237115,0.0005177070817616798,0.0025954060469846013,0.8570010915947206,0.7498480507076496,4.436624477314394e-08,1.7986342482900763e-06,1.5025710835187981e-07,0.9998842190575431,2.6644681169880458e-05,0.002331671667237115,0.00014180359294530952,0.00014326545380660314,0.002331671667237115,0.0011211673641892158,0.0003315271525645206,0.04172322868074319,0.00012513018594908926,0.0014889935688014945,0.00029401473751927617,0.0008885640934721055,0.002331671667237115,0.0009460809921278453,16,0.0,6.332893181620787e-06,0.0004269002019051534,0.0004269002019051534,0.00037643491365980914,0.0,put,2.872145073974374e-05,0.00017787492834031582,0.0,5.041947588324547e-06,0.0036531681520833225,0.04175807052963402,0.044223707496138805,0.0,0.9916666666666667,1.0,9.105974751535383e-05,0.0007149666283202682,0.00018085687735575341,0.01083754604176739,0.000306562045524731,0.001495675795644965,0.0004542981273590949,0.0023301843312203627,0.8553540372670808,0.7473300338629851,4.64525587292842e-08,1.7986342482900763e-06,1.5437527569870368e-07,0.9998838289962825,1.257723977253344e-05,0.0003521712562706547,4.679306062096801e-05,0.00012634988622882616,0.001495675795644965,0.0009862450924124722,0.0002916233366869271,0.04025022860502598,0.00011777690176788578,0.001495675795644965,0.00027536293746871824,0.0006044438650608281,0.001277006613008308,0.0007057347912545496,put_T050_s040_r005_q006,17,validation
P0,0.00843004195485264,4.862493369728327e-05,0.0001180840190500021,0.000865082462121365,8.061808388512925e-05,0.0034011294675997433,0.0,0.0009028404750329884,0.18360842291309384,0.1860262510651005,0.0,1.0,0.0,2.5935192747429208e-05,0.00020779398519676917,5.221621150100612e-05,0.0071943605983595055,0.0007686933432833797,0.00489717701233644,0.0012319760603652404,0.005151416424375895,0.8213350099549408,0.6968349928876245,4.960133648816317e-08,9.978413758826463e-07,1.586995064977972e-07,1.0,6.563163121537781e-05,0.002402448612581265,0.00021988709267369073,0.000357203031871609,0.00489717701233644,0.002835291388707837,0.0008397831145360911,0.08149600541916867,0.00034711790053532023,0.00489717701233644,0.0008428637854384939,0.0014643779126849296,0.0027911398877541183,0.0015958681393680833,16,0.0,7.511436283259805e-06,0.0004572677132480673,0.0004572677132480673,0.0003856059194738378,0.0,put,2.354481397177169e-05,0.00017175101675093174,0.0,5.042064003646374e-06,0.00491213703790367,0.17202805147863298,0.17542930267645135,0.0,1.0,0.0,8.101166654771476e-05,0.0005217136900024233,0.00015372577997049892,0.0075280289179475695,0.0007253302132047675,0.004906358409282663,0.00118524299913772,0.0051015292434655884,0.8202842309507578,0.6953236130867709,5.090452791079489e-08,9.956765664575803e-07,1.6044092450211959e-07,1.0,4.8801116778053945e-05,0.0011511944186906597,0.00016125013354850596,0.0003378970137537944,0.004906358409282663,0.0027312067164552314,0.0008089361063929916,0.07968760695328209,0.00033696257752101056,0.004906358409282663,0.0008260282681219724,0.0011769868558702214,0.0026129714365196732,0.0013700086262380192,put_T050_s040_r005_q010,17,validation
P0,0.008446292020380497,4.700000863522291e-05,0.00011241703759878874,0.00047705060424048335,7.432094584956313e-05,0.0020647047278580135,0.0,0.07028265851795264,0.5152965146618523,0.5224725658825634,0.0,1.0,0.0,0.000845156933127308,0.002651562865278567,0.0011301004127227854,0.009086047300933731,0.0005185925401786988,0.0029380232229911374,0.0007548419689242504,0.003185366125289998,0.5464750785810507,0.4557483460242167,0.00012584858361249307,0.0019080053185891455,0.0002775696982840978,0.6823023733881517,6.290861691080413e-05,0.0012556712518093033,0.00016548031048324333,0.00037505228257431606,0.0029380232229911374,0.0021005262067366574,0.00062425876258119,0.048772748919280504,0.00041291564580933795,0.0029380232229911374,0.0006576494287035125,0.00023671797690387187,0.0012556712518093033,0.0003028028416907378,16,0.0,8.27654626414563e-06,0.0006708507249409021,0.0006708507249409021,0.0006476431352635669,0.0,put,9.76740652441882e-05,0.00016470812261104584,0.0,5.291076377034187e-06,0.0014273631053631042,0.5262866749041283,0.5330911675128049,0.0,1.0,0.0,0.0010293334899257568,0.002933846607159396,0.0013331387635398242,0.009532172817053543,0.0005090708542643421,0.003000604255631145,0.0007539049697333338,0.003190076473812861,0.5407185628742514,0.45088003994507553,0.0001342636090377484,0.0022874759395211663,0.00030110800059445305,0.6752664049355019,3.874500427744144e-05,0.0005217331392144698,9.601457440667697e-05,0.0003721373145664356,0.003000604255631145,0.002111763456602957,0.0006275710994429222,0.046866122117411056,0.0004125179348323406,0.003000604255631145,0.0006569609066829016,0.00011463784430242433,0.00041564927930173856,0.00014396034530356935,put_T050_s060_r005_q000,17,validation
P0,0.008173417067155242,4.600000102072954e-05,0.00011079199612140656,0.0004677435750927364,7.120822146141186e-05,0.0017914867152148497,0.0,0.009722897423432183,0.397886892337806,0.43065333331608224,0.0,0.475,63.0,5.029881090763197e-05,0.00031235262815876297,9.34095942532618e-05,0.07254513124409634,0.0004822183507520267,0.001441071179419941,0.0006519938802752683,0.00132448461731345,0.696612157593321,0.5436140426448417,2.1441061380701265e-07,1.2619470366126428e-05,1.0868635671930907e-06,0.9694641828308047,4.676314163548565e-05,0.0012495423916181391,0.00015521645754724438,0.00031079600826860955,0.001441071179419941,0.0017594252568931964,0.0005233670995373474,0.019937288718569517,0.00034384712141034043,0.001441071179419941,0.000560254836065982,0.00044562658270291713,0.0012495423916181391,0.00046627856495501797,16,0.0,8.810980376547251e-06,0.0005366055219699627,0.0005366055219699627,0.0005158793925217818,0.0,put,6.394372214309496e-05,0.00016204197891056538,0.0,5.249981768429279e-06,0.0024786765018281294,0.4059310673090357,0.4406038039907339,0.0,0.475,63.0,4.54758017030926e-05,0.00025296585483491896,7.761856362755164e-05,0.07702811929847851,0.0004539152569268481,0.0014436369875879078,0.0006315605606985382,0.0012815371717110177,0.6967919972404278,0.5438294206332113,2.1562202672347163e-07,1.2619470366126428e-05,1.0869693851044128e-06,0.9694759070838933,2.347208097146748e-05,0.0004564402733863113,7.546087879807118e-05,0.00029249722549492754,0.0014436369875879078,0.0017041771760733812,0.0005069111949759311,0.019403311697746124,0.0003339449528336742,0.0014436369875879078,0.0005494816338967874,0.00021915674594490635,0.0003531136415550751,0.00024342693929178594,put_T050_s060_r005_q003,17,validation
P0,0.00812391599174589,4.541699308902025e-05,0.00010462501086294651,0.0004652616481758539,6.558530688651847e-05,0.001696641293046636,0.0,0.00013889853462045976,0.05608758551339343,0.05832494019952028,0.0,1.0,0.0,4.003281467912292e-05,0.00033484566771002644,8.103155512244548e-05,0.012737239040873845,0.0006187065795945571,0.0024538374308433197,0.0008016517696081997,0.0025791848350325153,0.7183229591471704,0.5605806811836963,5.020899588608358e-08,4.549904444400843e-06,1.804008439579539e-07,0.9996017522899243,4.837919872213405e-05,0.0012433689975905634,0.00015879072410590885,0.0004065016555356455,0.0024538374308433197,0.0021819871041128987,0.0006497785241751294,0.03684627982540274,0.0004368976873892109,0.0024538374308433197,0.0006782926530476016,0.0008697068390947008,0.001525951460834618,0.0009118729879726631,16,0.0,7.962259241708076e-06,0.0003723106781781428,0.0003723106781781428,0.00035627798694983024,0.0,put,5.49236985522894e-05,0.00015470897778868675,0.0,4.66697383671999e-06,0.0031823941366226436,0.045611274679525034,0.04840849245562571,0.0,1.0,0.0,0.00010713972848547364,0.0008068393856849321,0.0002085090349273658,0.011836994616383888,0.0005814249321117834,0.0023772325164962416,0.0007602269124690007,0.002551156138398777,0.7183229591471704,0.5605806811836963,5.166162145904834e-08,4.549904444400843e-06,1.8257965297648562e-07,0.9996017522899243,2.689289908819711e-05,0.00041132958184086216,7.843184918134119e-05,0.0003820084602586033,0.0023772325164962416,0.0020693130042598977,0.0006162016237689691,0.037229373622373295,0.0004172875479580225,0.0023772325164962416,0.0006505001041396227,0.0006590878643664595,0.0014111906590285883,0.0007403210976753405,put_T050_s060_r005_q006,17,validation
P1,0.008220207993872464,6.12499425187707e-05,0.0001359580783173442,0.001889075103393346,0.00013184252491736472,0.010955401961303934,0.00038358394522219896,0.20425029515938606,0.335075359651875,0.3357828791442499,0.0,0.26666666666666666,88.0,0.0002699471857594331,0.0028077950975749074,0.0004395980033698505,0.010517084742520518,0.00039311863367581806,0.002838289091841437,0.0005525815082137587,0.002908074267783278,0.7293793627427704,0.9048067860508954,9.195046383595807e-06,0.0007338257276670312,2.7648077614140264e-05,0.6109299180653885,2.652583223813679e-05,0.002838289091841437,0.00020525320146282474,6.347561640578693e-05,0.002838289091841437,0.0007103102744181705,0.0002093498486569753,0.026889760998842157,3.0142931917300826e-05,0.0007100479587581893,9.177688832186229e-05,0.0008224987978599367,0.002838289091841437,0.0009100990095715375,16,0.08491735537190083,8.621897310239609e-07,6.595931616898234e-05,6.595931616898234e-05,5.9532046378662316e-05,0.0,put,2.92606363664068e-05,0.0005879589589312673,0.0,7.166992872953415e-06,0.000563906465989264,0.3449863774811392,0.3458644546010579,0.0,0.26666666666666666,88.0,0.00038799395002794026,0.0013048950602569942,0.0005553055712498862,0.009619820229593273,0.00023511815548820516,0.0013048950602569942,0.00032851754572775255,0.002084867041699528,0.7244446558531134,0.8971489161168709,1.0343150383017687e-05,0.0009419283893404296,3.831684979221267e-05,0.6074990027921819,4.874797259946559e-06,0.0002046171572040465,1.7824780583104455e-05,4.2675379107252705e-05,0.0013048950602569942,0.0004395321419868926,0.0001295416319346895,0.02727437209912958,2.778061419329301e-05,0.0005597071905923916,8.19676090387926e-05,0.0003097809534831014,0.0007288190119677587,0.0003833678926825058,put_T050_s020_r005_q000,17,validation
P1,0.008236457942984998,4.941702354699373e-05,0.0001076249172911048,0.0018164175977309106,0.00012733617030594865,0.009082850122741465,0.0002436659997329116,0.12021668171400791,0.7585448904519125,0.7590052434249998,0.0,1.0,0.0,0.001757902913685223,0.0033800604318270366,0.0019674540144025425,0.0044201912947797704,0.001251175810304993,0.0033800604318270366,0.0013837776912648324,0.003416347096178724,0.730788856005715,1.0,0.00013987334266276946,0.0031340653507593574,0.00039958870378987044,0.5757819409825521,3.798288762891156e-05,0.0026646417714271432,0.0001822685540767272,0.0003071645549217313,0.0033800604318270366,0.0022088082512723662,0.0006510665316780221,0.03653883391043496,0.00029152004215818013,0.002867582300866034,0.0006240524550607422,0.0007737909079283725,0.0026646417714271432,0.0008952202721222854,16,0.005509641873278237,5.560316942510096e-07,2.3216416368414955e-05,2.3216416368414955e-05,2.0424675695931806e-05,0.0,put,3.603183636929039e-05,0.00040591589640825987,0.0,5.207955837249756e-06,8.899310044366195e-05,0.7663214700767067,0.7668005001393694,0.0,1.0,0.0,0.0018568942625740942,0.003525915382899897,0.0020699478332737754,0.004889553121488905,0.0013684193728605775,0.003525915382899897,0.0014850154526825975,0.0026698508036738454,0.7328080229226361,1.0,0.0001402549116733349,0.0031343820260630317,0.00040622884810209687,0.5782928208027134,3.2020669069101075e-05,0.0006598058462502707,0.00010151293450168267,0.00032966788574346627,0.003525915382899897,0.002349708207833926,0.0006925879984617323,0.03298341482537955,0.0002966820105262501,0.003120009743212915,0.000639729035579864,0.0011770499244317507,0.0020563227702889986,0.0012559372482457672,put_T050_s020_r005_q003,17,validation
P1,0.008136000018566847,4.670803900808096e-05,0.00010545901022851467,0.0018062933301001747,0.00011809109606864268,0.012477181618928255,0.00022179191000759602,0.10229877074796861,0.2641870237720598,0.26418973723986017,0.0,0.14166666666666666,103.0,0.0006921997142094455,0.0010252242606053064,0.000736823287090129,0.0014444455031835514,0.0007929306396721241,0.0029190813175897154,0.0009066769288742722,0.003781965216409797,0.4193105252829202,1.0,0.0002000207652862841,0.0012802867869304508,0.0003354310989997463,0.26527065055454396,4.349987047950542e-05,0.0029190813175897154,0.00021112089600528776,0.0003036514167823134,0.0029190813175897154,0.0016496489313640706,0.00048634476672373945,0.02779477152075911,0.00029157399466791097,0.0015795143182115445,0.0004422943253213573,0.0010945085555552267,0.0029190813175897154,0.0012327530020191312,16,0.019146005509641875,1.6124226113360527e-06,6.436895749674897e-05,6.436895749674897e-05,5.808272791486737e-05,0.0,put,2.6501465804077295e-05,0.00037883396726101637,0.0,4.875008016824722e-06,0.00018363345995937863,0.2659778958663687,0.26600702481313837,0.0,0.14166666666666666,103.0,0.0006779802466310226,0.0010793931540293844,0.00072495468499525,0.004802535538263448,0.0006744045484203979,0.0016942104979945014,0.0007716884262296265,0.0027527789233484667,0.4208798424162837,1.0,0.0001975360424911585,0.0012724255494717188,0.0003314903979120554,0.26652806652806654,2.280992017900981e-05,0.00033791319338408177,6.189797390505305e-05,0.00028274115221801395,0.0016942104979945014,0.0015041950926973956,0.0004434570643917378,0.023965016003407034,0.00028838520511049895,0.0013301721075678619,0.00043615300604409605,0.0006604865873465136,0.0016942104979945014,0.0008197435567743336,put_T050_s020_r005_q006,17,validation
P1,0.008409958914853632,4.9584079533815384e-05,0.00011024996638298035,0.0018115710001545557,0.00011842068875912091,0.012321385450898507,0.00036512501537799835,0.32141120911174387,0.047176673058185035,0.07267605837088344,0.0,0.875,15.0,3.828635473859925e-05,0.0002965608883255255,8.393035560780814e-05,0.03065737158201639,0.0006116775960795477,0.0030009119067897763,0.0007565498569321884,0.0027334010440249194,0.425414364640884,0.9515209125475285,0.0002212689856358657,0.0007115675847406313,0.0003236196012435412,0.2739463601532567,4.682707262329987e-05,0.0030009119067897763,0.0002123127212274509,0.00031937111512308006,0.0030009119067897763,0.0015966897475351764,0.0004714212945979014,0.02287575886778859,0.00033256436311928885,0.002011386464013498,0.00045999302181599553,0.0008865326877459574,0.0030009119067897763,0.0010296573385324222,16,0.05296143250688705,1.8238724960423254e-06,6.351509864935571e-05,6.351509864935571e-05,2.986198306014001e-05,0.0,put,3.6746061238606075e-05,0.0005300010088831186,0.0,5.041947588324547e-06,0.0008684132723522234,0.042876336855658344,0.07576332606683775,0.0,0.875,15.0,0.00012682523763896762,0.0006116887323541764,0.00022405595264080627,0.03086705132057447,0.0005365732165085217,0.0018762597619553512,0.0006674256061102842,0.0017459818147558177,0.43376918703808987,0.9670468948035488,0.00021751249158982473,0.0007114872016201277,0.0003199689732257113,0.2795895932576035,2.5015017109048933e-05,0.000291762014569254,5.9693365236369956e-05,0.000298688722743581,0.0018762597619553512,0.0014750678727195184,0.0004355072950964837,0.018697246915992567,0.00032693248348316517,0.0018762597619553512,0.0004518162330364661,0.0004670411043420344,0.0016137458686382722,0.0006380685302645431,put_T050_s020_r005_q010,17,validation
P1,0.008443500031717122,5.1749986596405506e-05,0.00011150003410875797,0.0008771181670257843,9.172395697052708e-05,0.003469475244008058,0.00036570802330970764,0.03771095214945482,0.527002368494054,0.5283953873451644,0.0,0.275,87.0,0.0003482212717022648,0.0009335964886152959,0.00041556395685107014,0.010833319820471065,0.00048698037005844496,0.0024719553543165757,0.0006249100062917473,0.0026844417003528648,0.5890017839137517,1.0,2.8471693591594612e-05,0.0005317947868952455,5.576883859358182e-05,0.41743623570800353,3.7780336893248285e-05,0.0024719553543165757,0.00016650927146237614,0.0002021231252566916,0.0024719553543165757,0.0013104291282887792,0.00038708064877229754,0.027056295007214626,0.00017163187036531164,0.001771735268616445,0.00029976390504667165,0.0012324418918593493,0.0024719553543165757,0.0013132711901925251,16,0.0,3.869496931387945e-06,0.0003064438069031849,0.0003064438069031849,0.00013134850849515507,0.0,put,3.974641455566502e-05,0.0005339171038940549,0.0,4.959059879183769e-06,0.0003623054712542321,0.5353926757076918,0.5365369873192027,0.0,0.275,87.0,0.00047170999125536783,0.0010955976669318468,0.0005426162299980706,0.010482405457049699,0.00042572237534038227,0.0018215420647048064,0.0005324600267120138,0.0022742644918409384,0.5891845759950346,1.0,3.0501691379378886e-05,0.0009999616113193777,6.878853007030692e-05,0.41761988561372637,1.914552277422965e-05,0.0004006365129678932,5.764244282224256e-05,0.00018029197724097357,0.0018215420647048064,0.0011248438255682962,0.00033225191116058143,0.02305665456159724,0.00015910001902812287,0.0015875337674639972,0.00026862497270125203,0.0009094053562394838,0.0018215420647048064,0.0010402169320585253,put_T050_s040_r005_q000,17,validation
P1,0.008511917083524168,4.833308048546314e-05,0.00011158303823322058,0.0008626232158522614,8.8383383301624e-05,0.0032238602886080184,0.00027004105504602194,0.09757622057087298,0.577152722650019,0.5789236804012352,0.0,0.675,39.0,0.000981580628200238,0.00194943191875252,0.0010882049194647035,0.007091163329788766,0.0009051176056001041,0.002266286800989578,0.0009843679186666411,0.0018198051792321951,0.3436106983655275,1.0,0.00016149630368188364,0.0015402402705398943,0.0002732086312239742,0.20744561560888092,4.214779814919064e-05,0.002266286800989578,0.00013110438587032424,0.00045216939369472264,0.002266286800989578,0.0022040326719601237,0.0006513287875721615,0.020874063290735087,0.0004951556123716187,0.00196872394419928,0.0006852761002348366,0.0004109672635245682,0.002266286800989578,0.000475634927108839,16,0.0,2.1331103859832556e-06,0.00012284120016867184,0.00012284120016867184,2.980354365743204e-05,0.0,put,3.4883922965154436e-05,0.00043479015585035086,0.0,4.832982085645199e-06,4.7171354701178327e-07,0.5858843797973496,0.5874976185779709,0.0,0.675,39.0,0.00107426909073585,0.002030002554977428,0.0011875562405045362,0.008004519679474227,0.000958314140308448,0.0020648585309949175,0.0010266195739929034,0.0015049688980972975,0.34444237572146713,1.0,0.00016410542637233853,0.001787520938120013,0.00028228875117935614,0.20805218173639226,3.9516805880936804e-05,0.0005017423235071511,9.985420388481705e-05,0.00047596294269080673,0.0020648585309949175,0.0023007342320425536,0.000679885659711102,0.01988897978436447,0.0005099230923487134,0.0020648585309949175,0.0007061050765157746,0.0006476153510478791,0.0010499454317729473,0.000681830595842398,put_T050_s040_r005_q003,17,validation
P1,0.008392999996431172,5.012494511902332e-05,0.00011024996638298035,0.00086096760281794,8.17469011521412e-05,0.003401852173582709,0.00031462498009204865,0.09979859712480034,0.5478445083390489,0.5514259801348426,0.0,1.0,0.0,0.0012399853000438629,0.0020909269089846028,0.001346957899807676,0.005465667894156173,0.001032839336716318,0.002340600771844149,0.001185319691177461,0.0026467131140609458,0.335517440740027,1.0,0.0002069327521844687,0.0018399660968070886,0.00036025597340202654,0.20157462081741345,5.448543725900925e-05,0.0023140911189638413,0.00015877877642433893,0.0005456215803744301,0.002340600771844149,0.002732213233533604,0.0008079104890531116,0.019194742198505275,0.0006082116715661271,0.002340600771844149,0.0008572188894914915,0.0002480956886551152,0.0023140911189638413,0.0003144036920319405,16,0.0,3.176570467977454e-06,0.00024792677762602335,0.00024792677762602335,6.0260453908979673e-05,0.0,put,2.872145073974374e-05,0.0004799158778041601,0.0,4.915986210107803e-06,8.927941298871235e-17,0.5559056876190577,0.559036196386585,0.0,1.0,0.0,0.0012726339482514414,0.0021571505576837846,0.0013873699292754598,0.006295704531954765,0.0010385419385773398,0.0023355262206134647,0.0011900681497063372,0.0022436829946939135,0.3364576287564016,1.0,0.00021001133040289858,0.0020640490814845536,0.0003708517603431299,0.20225371747211895,4.298227213208433e-05,0.0005987275927894662,0.00010795737656191655,0.0005514173244686321,0.0023355262206134647,0.002756721801331096,0.0008151365377700144,0.016970620172498282,0.0006210719777234469,0.0023355262206134647,0.0008662408427010191,0.00011351479613932066,0.0003343379830643605,0.0001477109814268753,put_T050_s040_r005_q006,17,validation
P1,0.008348125033080578,5.00410096719861e-05,0.00010829209350049496,0.000865082462121365,8.061808388512925e-05,0.0034011294675997433,0.00027354201301932335,0.028821445933745398,0.26627033118887156,0.2665673225798599,0.0,1.0,0.0,0.00041986054554787324,0.0009194867163957454,0.00047848493843282716,0.0021804573804942483,0.0015658693343693726,0.003604863009678931,0.001811895367581408,0.002108953385136904,0.411430887717876,1.0,0.00015400376545071623,0.000819996358392193,0.0002506429745700926,0.2589946414901761,6.710117062282786e-05,0.0018293642863055123,0.0002024882121735723,0.0008100328253068476,0.003604863009678931,0.004215644457768303,0.0012486289933448106,0.017928031746178973,0.0008760831774475389,0.003604863009678931,0.0013135632706229195,0.0014797853310171785,0.0021869473684716367,0.001564978246008192,16,0.0,5.3844354997845615e-06,6.620743843787844e-05,6.620743843787844e-05,2.018250745762923e-05,0.0,put,2.354481397177169e-05,0.00043679203372448683,0.0,4.916917532682419e-06,3.506015814455748e-05,0.27785070262333245,0.27817601213517523,0.0,1.0,0.0,0.00047054713321649717,0.0009706798578590359,0.0005423651204645183,0.0028314083404709567,0.0016095565378781665,0.0036116025145210336,0.0018541900364358495,0.0020708718551790887,0.4121408994010761,1.0,0.00015335396588636572,0.0009028569134206244,0.00024996709283029974,0.25955760132975325,8.259043604724255e-05,0.0013389168928382824,0.000247662936432647,0.0008316752240643645,0.0036116025145210336,0.004316985923867262,0.0012786164311791583,0.01690305863510927,0.0008871273160885194,0.0036116025145210336,0.0013314198455813204,0.0017586009402742184,0.0023680470406503284,0.0018146226396045383,put_T050_s040_r005_q010,17,validation
P1,0.008251209044829011,4.924996756017208e-05,0.00010983296670019627,0.00047705060424048335,7.432094584956313e-05,0.0020647047278580135,0.00025299994740635157,0.023821098687408847,0.2923669730347681,0.2938217236278581,0.0,1.0,0.0,9.247035679242373e-05,0.0006420875863791808,0.00017738699974506874,0.009465781570166214,0.0004443329194087699,0.0018882586290154268,0.0006563602009801992,0.002515415843855577,0.7118644067796609,0.5876627326925417,9.591526023206476e-06,0.0002943899596230537,3.879614075444522e-05,0.90263502149131,1.7714014720277528e-05,0.001010874084535482,7.297647753059391e-05,0.0002854434175983641,0.0018882586290154268,0.0017610217854455085,0.0005233608974432349,0.03750436471139666,0.00027109445208869806,0.001850911135071992,0.00047345289526292355,0.0013359783924894889,0.0018882586290154268,0.0014324090636687408,16,0.0,1.1201631488200161e-05,0.00027237927158413333,0.00027237927158413333,0.00023938860571714457,0.0,put,9.76740652441882e-05,0.0004171249456703663,0.0,5.042064003646374e-06,0.0014729967857828692,0.303357133277044,0.3049465548362844,0.0,1.0,0.0,0.0001712991745487295,0.000878250795083968,0.0003052965301125205,0.009765125427523955,0.00048231189861930594,0.0020289996757355266,0.0007197473413933431,0.0026220265622339937,0.7116745283018869,0.5874193940868719,9.595954789418039e-06,0.0002943899596230537,3.880339698675697e-05,0.9025986165638437,3.440427057664751e-05,0.0010167349313412871,0.00013382391605752057,0.00030960801339657043,0.0020289996757355266,0.0019310550614058057,0.0005738684151305074,0.036151384202410104,0.00028699668796751377,0.00197947650891718,0.0005100491910869885,0.0015511272023747658,0.0020289996757355266,0.0016213769133754008,put_T050_s060_r005_q000,17,validation
P1,0.008248666999861598,4.9625057727098465e-05,0.00010791700333356857,0.0004677435750927364,7.120822146141186e-05,0.0017914867152148497,0.00033770897425711155,0.025904576706715744,0.3000189964988786,0.300784801926198,0.0,1.0,0.0,5.742922009808552e-05,0.0003871987861561177,0.00011517842714837199,0.008993577469907152,0.00021622406189375832,0.0009989600096935703,0.00031411383490295784,0.0014364483480510091,0.7947481243301179,0.7428619135080982,2.1032523670007915e-05,0.0004840484180888005,7.265538785110753e-05,0.8544267332437104,1.87275170778025e-05,0.0009989600096935703,7.104515817305947e-05,0.0001468051465511541,0.0009989600096935703,0.0008600691916387155,0.0002558403185732545,0.02675765339893178,0.00015848244821304726,0.0008056682052660497,0.00027011180659799284,0.0002767767533831324,0.0009989600096935703,0.00029994689920776,16,0.0,8.608185103797425e-06,0.00010406946099111858,0.00010406946099111858,9.623803332236281e-05,0.0,put,6.394372214309496e-05,0.0005001260433346033,0.0,4.875008016824722e-06,0.0005706209754815054,0.3109755686792083,0.3117631587149368,0.0,1.0,0.0,8.387651036190762e-05,0.0003535281337733731,0.00014778114569272198,0.009276526253988063,0.00024984132200611366,0.0008640434676418091,0.00035894604182288566,0.0014212912406274152,0.7951419896410074,0.7433628318584071,2.1024341109208812e-05,0.0004840484180888005,7.264136696370619e-05,0.8546746016509886,2.677839378540563e-05,0.0004233262664477787,8.592770940928164e-05,0.00016843242551735076,0.0008640434676418091,0.0009794569214627326,0.00029134158434753117,0.0268022700005945,0.00017388544176760257,0.0008640434676418091,0.0002982053668360516,0.00046290938428703834,0.0005807594255051035,0.00047458964726663003,put_T050_s060_r005_q003,17,validation
P1,0.008583458024077117,4.850002005696297e-05,0.00010787497740238905,0.0004652616481758539,6.558530688651847e-05,0.001696641293046636,0.00023804197553545237,0.04208625598999931,0.2604685346872322,0.2628995843969182,0.0,1.0,0.0,0.000328607475857216,0.0007405850581339024,0.000364179451783362,0.008877522565184266,0.0006669309149273397,0.002089050662107843,0.0008812785243576984,0.0020186050946717922,0.7089974293059126,1.0,4.225227569956756e-05,0.0006675726808880178,0.00011503234649525215,0.5491835921943449,4.06974527501148e-05,0.0009552629431708697,0.00011776511449733514,0.0004526602963765663,0.002089050662107843,0.002409365312991599,0.0007174899587277421,0.025492480516328544,0.0005145564170023698,0.002089050662107843,0.0007765303407674513,0.0002770563247053639,0.0009552629431708697,0.0003324721794861539,16,0.001446280991735537,8.575426969197677e-06,0.00040986913642578407,0.00040986913642578407,0.00010371922717358306,0.0,put,5.49236985522894e-05,0.0003992089768871665,0.0,4.792003892362118e-06,3.20149178949273e-05,0.2707560234981149,0.2737227689147577,0.0,1.0,0.0,0.0003576321491127347,0.0008152577117210846,0.0003960922043009622,0.01066807338564786,0.0006729840614653111,0.0021021851437561453,0.0008914831410625315,0.0018883184370597132,0.7089974293059126,1.0,4.584106648793332e-05,0.0007803847835979871,0.000123123277875403,0.5491835921943449,4.290194465144606e-05,0.000700808989474045,0.00012246959386494262,0.0004578681458327455,0.0021021851437561453,0.0024386410143496795,0.0007261804037081023,0.025023190961391422,0.0005234469935994801,0.0021021851437561453,0.0007870605267555491,0.00020126980965247043,0.0006065396130914003,0.00024609984055864184,put_T050_s060_r005_q006,17,validation
P2,0.008333625039085746,5.27920201420784e-05,0.00012083293404430151,0.001889075103393346,0.00013184252491736472,0.010955401961303934,0.0003363339928910136,0.3121744565594833,0.21088530650511295,0.21576921630131637,0.0,0.19166666666666668,97.0,0.00011185379807125211,0.0027733372574558534,0.00026247599216912645,0.015429770243827025,0.0002377391409965565,0.002806030580673723,0.00039479651490092793,0.0023286026167886006,0.5461311152457043,0.87497808171138,3.026182046732682e-05,0.0001226461819605652,4.812278107701012e-05,0.39694535040967305,2.6694022743387864e-05,0.002806030580673723,0.00019540086302378767,5.95957493994698e-05,0.002806030580673723,0.0005259055576937126,0.00015500022015199573,0.020577687430052564,3.852475383603294e-05,0.000342419403896177,6.042168122795097e-05,0.0006134435223331859,0.002806030580673723,0.000703038263162306,16,0.17148760330578514,6.919273199749118e-07,4.906323236999373e-05,4.906323236999373e-05,4.320811025332711e-05,0.0,put,2.92606363664068e-05,0.0005155839025974274,0.0,5.624955520033836e-06,0.0009896946553436883,0.21527121795407458,0.22021131309219363,0.0,0.19166666666666668,97.0,0.0002239733899445682,0.0008625467751318117,0.00035250846044588164,0.01436849055669141,0.0001198918028057736,0.0008625467751318117,0.00017922665993864748,0.0014187922945844318,0.5409584384252658,0.8649833421006488,3.079699655247067e-05,0.000569178508709911,4.988466373226508e-05,0.39353809333865175,7.51343227205358e-06,0.00018023692714254358,2.287420187204169e-05,4.361262813292665e-05,0.0008625467751318117,0.00027878386004202035,8.216490385354426e-05,0.021104986667695527,3.971914728408321e-05,0.00038127911535702774,6.274207610428893e-05,0.00015078140420415415,0.0004257951110977279,0.00018525535883667405,put_T050_s020_r005_q000,17,validation
P2-S,0.00856112502515316,6.52919989079237e-05,0.00012099999003112316,0.001889075103393346,0.00013184252491736472,0.010955401961303934,0.0003363339928910136,0.39287450517397043,nan,nan,0.0,0.0,120.0,0.0001149989301591914,0.0027733372574426205,0.0002623075196050854,nan,0.00023432014567275366,0.002806030580673723,0.00039310089665911926,0.002378772081400657,0.1004835297673013,1.0,7.630599020428739e-05,0.0001483681019570791,8.486794144812517e-05,0.05289953066581815,8.2983657549393e-05,0.002806030580673723,0.00020579839457892028,9.86466296291713e-05,0.002806030580673723,0.0005680712264980438,0.00016742771374264885,0.02005100335245381,7.767358323364297e-05,0.000342419403896177,8.875721515875213e-05,0.0006138402493125281,0.002806030580673723,0.0007030172088044334,16,0.23085399449035812,6.919273199749118e-07,8.255070824910048e-05,8.255070824910048e-05,4.154220596695359e-05,0.0,put,2.92606363664068e-05,0.0006221260409802198,0.0,9.950005915015936e-05,0.0009896946553436883,nan,nan,0.0,0.0,120.0,0.0002318317569983277,0.0008625467755575822,0.0003535051908553055,nan,0.00011711347737067472,0.0008625467755575822,0.00017533833551259439,0.001468556645250586,0.10075757575757575,1.0,7.68153974606728e-05,0.0005695149298475255,8.595615452417067e-05,0.05305145592341444,6.364897600237992e-05,0.00018023692714254358,6.845067427895716e-05,8.261197940797586e-05,0.0008625467755575822,0.0003517575250468824,0.00010367215383588361,0.020747149053414977,7.872824003219186e-05,0.00038127911535702774,9.020838300128165e-05,0.00015152904394325007,0.0004257951110977279,0.0001853733848409909,put_T050_s020_r005_q000,17,validation
P2,0.008286291034892201,4.9749971367418766e-05,0.00011666689533740282,0.0018164175977309106,0.00012733617030594865,0.009082850122741465,0.0011469169985502958,0.2991874435724703,0.7158261028772388,0.7252980555676481,0.0,0.6666666666666666,40.0,6.459209438486094e-05,0.0028221291381611106,0.0002024203674753348,0.04027858527911257,0.0005412731554617004,0.0029362843589022993,0.0007841291620584497,0.0032329352278312904,0.4033548882770984,0.9899434318038969,8.529879004415179e-05,0.00047808102493721656,0.00012731963201382214,0.2532765136286886,3.589818813124883e-05,0.0029362843589022993,0.00021482479142529364,0.00015393942260888624,0.0029362843589022993,0.0011062607185366273,0.00032608051365906696,0.024943582456999656,0.00011927820559017717,0.0013837872684768632,0.00018365806200210019,0.0012513226588693827,0.0029362843589022993,0.0013718792492746134,16,0.04276859504132231,1.3028331001832681e-06,7.517459019254664e-05,7.517459019254664e-05,6.578470017004865e-05,0.0,put,3.603183636929039e-05,0.0013187088770791888,0.0,5.375011824071407e-06,0.00038694790393534184,0.726653595722465,0.7364267766942727,0.0,0.6666666666666666,40.0,3.121367554323018e-05,0.00013570712551633224,5.3768120798642306e-05,0.040368317645508314,0.0003613601191813093,0.0017134526782528886,0.0005254856986341638,0.00199690357473582,0.40809508512688725,0.9981143934632307,8.402747284357452e-05,0.00046980974001707953,0.0001255390069849472,0.2564806589679399,1.2697235239286769e-05,0.000313797880728401,3.3173364166676926e-05,0.000126798944425475,0.0017134526782528886,0.0008022468513024801,0.00023646618723267553,0.0212298978643557,0.00011223070290007166,0.0011224128468353377,0.00016434835081196396,0.0007441854870921772,0.0017134526782528886,0.0008944018084055454,put_T050_s020_r005_q003,17,validation
P2-S,0.00828145898412913,4.658394027501345e-05,0.00010562501847743988,0.0018164175977309106,0.00012733617030594865,0.009082850122741465,0.0011469169985502958,0.3005069796513647,nan,nan,0.0,0.0,120.0,6.365557142501088e-05,0.002822129138148657,0.0002000152587870211,nan,0.000543163625289711,0.0029362843589022993,0.0007846007507917364,0.003269459231738174,0.056415064853883416,1.0,0.00012410651876387926,0.0004789092387049205,0.0001465803931687003,0.02902629251427193,9.155507068922261e-05,0.0029362843589022993,0.00022515723489701883,0.00018718976873197796,0.0029362843589022993,0.0011298999515712237,0.00033304839484771134,0.023913234766094433,0.00015175256602253815,0.0013837872684768632,0.00019654696309857005,0.0012519823956907259,0.0029362843589022993,0.0013719040364907282,16,0.04276859504132231,1.3028331001832681e-06,8.166453844683091e-05,8.166453844683091e-05,6.605506383837913e-05,0.0,put,3.603183636929039e-05,0.0013929179403930902,0.0,9.379198309034109e-05,0.00038694790393534184,nan,nan,0.0,0.0,120.0,4.091499664821845e-05,0.00013656542482734513,5.898341201920486e-05,nan,0.0003646521907668965,0.0017134526782528886,0.0005264080186598296,0.0020328341581048906,0.056654111738857496,1.0,0.00012297655490880853,0.0004707109190430106,0.0001450285071378937,0.02915287087135589,6.839721163987265e-05,0.00031379788072840274,7.504579410740673e-05,0.00016024884408082977,0.0017134526782528886,0.0008346596465717573,0.0002460200173317723,0.020036772597145005,0.00014472322885631338,0.0011224128468353377,0.00017861062180497402,0.0007449572679258122,0.0017134526782528886,0.0008944433085061451,put_T050_s020_r005_q003,17,validation
P2,0.008440125035122037,4.624994471669197e-05,0.00010566599667072296,0.0018062933301001747,0.00011809109606864268,0.012477181618928255,0.000270291930064559,0.27793596777553997,0.6667970620832954,0.6672474291309354,0.0,1.0,0.0,0.0013292006164604144,0.002378478665056194,0.0014631341026805612,0.00321309424836681,0.0007833561650095244,0.0028020858180541324,0.0008959737076487546,0.0037651806705927132,0.25882692030551957,1.0,0.00016039735154675823,0.0020517501896157864,0.00029952233645875917,0.14865088561496442,4.595605249678984e-05,0.0028020858180541324,0.0002011730772912287,0.000269280051065317,0.0028020858180541324,0.0015703722525442583,0.0004629726436409371,0.03222312536069741,0.0002684817243615084,0.0022386556371966626,0.0004423243305906878,0.00047227190531420426,0.0028020858180541324,0.0005895657330819361,16,0.008539944903581268,1.3359963169185634e-06,5.704575704576498e-05,5.704575704576498e-05,5.036827261999371e-05,0.0,put,2.6501465804077295e-05,0.00042716588359326124,0.0,4.958012141287327e-06,6.82538876934963e-19,0.6739566122913483,0.6743341210902726,0.0,1.0,0.0,0.0013621877673542597,0.002432647558480272,0.0015037061949003659,0.004397379691893637,0.0007259944611551231,0.002432647558480272,0.000849708802406254,0.0026954002149435735,0.25989436364951884,1.0,0.00016191375310673807,0.0022451703292535874,0.00030951838763723964,0.14935550935550937,3.0027316859820458e-05,0.0004287944978288267,7.492557615100216e-05,0.00026270161816066714,0.002432647558480272,0.0015458227972390563,0.0004557294748942265,0.022894409092512495,0.000272416423086632,0.0022680913029831107,0.0004459140892256129,0.00022137544012464864,0.0006074589683721515,0.0002732703517585968,put_T050_s020_r005_q006,17,validation
P2-S,0.008427000022493303,5.0208065658807755e-05,0.00010912492871284485,0.0018062933301001747,0.00011809109606864268,0.012477181618928255,0.000270291930064559,0.2159872213348149,nan,nan,0.0,0.0,120.0,0.0013309865633174315,0.002378478665057915,0.001463313705614462,nan,0.0007837565826970018,0.0028020858180541324,0.000896060025902009,0.0037860237320725665,0.05802459214015913,1.0,0.0001958624927793517,0.0020517501897386325,0.00030796536873390154,0.029879159079622578,9.871318064953915e-05,0.0028020858180541324,0.00021214962945841485,0.00029861646970027697,0.0028020858180541324,0.0015858993240743628,0.00046755029033753896,0.0322708150619999,0.0002966261908545788,0.0022386556371966904,0.00044736512731633464,0.00047269352269137824,0.0028020858180541324,0.0005896354425106022,16,0.008539944903581268,1.3359963169189547e-06,5.704575704576498e-05,5.704575704576498e-05,5.036827261999371e-05,0.0,put,2.6501465804077295e-05,0.0005215419223532081,0.0,9.191699791699648e-05,6.82538876934963e-19,nan,nan,0.0,0.0,120.0,0.0013639402421159956,0.002432647558481993,0.0015038793574767653,nan,0.0007265809728866706,0.002432647558481993,0.0008498297778222396,0.0027210773129332758,0.0582916195704828,1.0,0.00019750462142545887,0.002245170329271351,0.0003177121705719887,0.03002079002079002,8.278444564060348e-05,0.0004287944982560379,0.00010068446753487578,0.00029203803686310176,0.002432647558481993,0.0015615878652841004,0.0004603772302479914,0.022969027534350882,0.00030056091884759004,0.0022680913029831384,0.0004509143665189883,0.00022179705913471042,0.0006074589683721515,0.0002733828001029665,put_T050_s020_r005_q006,17,validation
P2,0.008461416931822896,4.824995994567871e-05,0.00013449997641146183,0.0018115710001545557,0.00011842068875912091,0.012321385450898507,0.0003333750646561384,0.006458781859851379,0.03593599799845246,0.04205993310417791,0.0,1.0,0.0,3.571069388104651e-05,0.0002965608883255255,8.301555431778943e-05,0.003535661831166742,0.0006747423818799716,0.0026618616159806794,0.0008877854518659666,0.0036717150238331155,0.9597688569802566,0.9226496086188032,1.1235185455278322e-08,9.832310644029249e-07,7.524257823645667e-08,1.0,3.315539288206317e-05,0.0026618616159806794,0.00017095638119659536,0.0001695581164564836,0.0026618616159806794,0.001507297201088432,0.00044502822102904965,0.035592681149957284,0.00014418146961590086,0.0016316659324609462,0.00039964244048777437,0.001105563212073911,0.0026618616159806794,0.0012337213511292376,16,0.0,1.7609415841140858e-06,0.00014916704874948228,0.00014916704874948228,7.939596846107211e-05,0.0,put,3.6746061238606075e-05,0.0005210830131545663,0.0,4.958012141287327e-06,0.0016446602160480606,0.02553230485282539,0.028922527493433617,0.0,1.0,0.0,0.00012475744967281206,0.0006116887323541764,0.00022383274262033971,0.003444996638338483,0.0007510194309729939,0.0020938541898916085,0.0009984960291747303,0.004073877263249761,0.9576698688423915,0.918777880649777,1.2528792758903724e-08,9.84362561990417e-07,7.895813923205659e-08,1.0,3.1399466546030205e-05,0.0008121214903980614,0.00011430280563538134,0.00019108559146753352,0.0020938541898916085,0.0017058493887908016,0.0005036445216480795,0.036767898613058674,0.00014841541800028805,0.001871909359091279,0.0004150262170712163,0.0015037278136647411,0.0020938541898916085,0.0016109810386597354,put_T050_s020_r005_q010,17,validation
P2-S,0.00849495898000896,4.949991125613451e-05,0.00012004200834780931,0.0018115710001545557,0.00011842068875912091,0.012321385450898507,0.0003333750646561384,0.21883464129453434,nan,nan,0.0,0.0,120.0,4.431932762541113e-05,0.00029163132831566685,8.086902056075667e-05,nan,0.0006725971883769781,0.002661861615980074,0.000887027944573668,0.0036923453724181064,0.5187974723942044,0.8637619553666313,2.4543238494201966e-05,6.931471805682321e-05,3.7147509123863384e-05,0.3707352672869914,7.956724304314105e-05,0.002661861615980074,0.00017955662108113348,0.00018738665640409427,0.002661861615980074,0.001509940932878778,0.0004458087805993095,0.03517977151767549,0.00015939160670712098,0.0016316659324609462,0.00040021170121760946,0.001105439461140099,0.002661861615980074,0.0012337075112382003,16,0.4911845730027548,1.7609329887430603e-06,0.0001536328927208147,0.0001536328927208147,7.618154436493245e-05,0.0,put,3.6746061238606075e-05,0.0005982510047033429,0.0,9.533402044326067e-05,0.0016446602160480606,nan,nan,0.0,0.0,120.0,0.00013367749120533738,0.0005975229731023379,0.0002209279579498574,nan,0.0007489137914908769,0.0020938541898916085,0.0009977891691403382,0.004089334532035491,0.5161001216311376,0.8567481402763019,2.4648244585489237e-05,6.931471805682321e-05,3.723024591633596e-05,0.36927445950897764,7.77079720361802e-05,0.0008121214903980614,0.00012669377862577707,0.0002089177044736505,0.0020938541898916085,0.0017081156202751002,0.0005043136165162158,0.03636870648962135,0.0001636441440788227,0.001871909359091279,0.0004155714232582315,0.0015033117228793944,0.0020938541898916085,0.0016109562807474023,put_T050_s020_r005_q010,17,validation
P2,0.008369624963961542,5.120900459587574e-05,0.00011191703379154205,0.0008771181670257843,9.172395697052708e-05,0.003469475244008058,0.00034425000194460154,0.0374331550802139,0.3948715645244804,0.4220091496728395,0.0,0.15,102.0,5.283225343467391e-05,0.00026771432370712583,9.220110344658391e-05,0.09883854122838738,0.0007498298927974966,0.003425514361006743,0.0010654382084060341,0.0032462383745203334,0.6103343465045593,0.9881889763779528,4.0566342328942893e-05,0.0002700356352739805,7.561826108530716e-05,0.4415127528583993,4.120982309126225e-05,0.0025821445872666864,0.00019853303996681814,0.0003091864084001218,0.003425514361006743,0.002228910847460352,0.0006583860494746546,0.024872393780488628,0.0002658894570050783,0.0032156593461333816,0.000531220618520127,0.0020289435158909615,0.003425514361006743,0.0021773941160528783,16,0.0,4.554530713366516e-06,0.00032866997877053356,0.00032866997877053356,0.0001502057588474282,0.0,put,3.974641455566502e-05,0.0005123340524733067,0.0,4.958012141287327e-06,0.00034240497941534845,0.4001594173923811,0.4278669577863005,0.0,0.15,102.0,5.916149655490954e-05,0.0003194807264343402,0.00010720944103203943,0.09903033112252571,0.0006749257483294685,0.0032013750355193715,0.0009550642788149483,0.0027674011497999056,0.6169048342961387,0.9985236220472441,3.97857198462027e-05,0.0002699704395330248,7.465757122739506e-05,0.44632644082710077,1.7367946604444937e-05,0.0007005313497894655,7.114011510130205e-05,0.000280506436877392,0.0032013750355193715,0.002000518783546441,0.0005909053097305642,0.021752348005898602,0.00024809335871644583,0.0029956026867365704,0.0004859751934007153,0.0016986037164818594,0.0032013750355193715,0.0019072409063694033,put_T050_s040_r005_q000,17,validation
P2-S,0.008345625014044344,4.862493369728327e-05,0.00011004193220287561,0.0008771181670257843,9.172395697052708e-05,0.003469475244008058,0.00034425000194460154,0.09292311966108757,nan,nan,0.0,0.0,120.0,4.948398769251483e-05,0.00026764137887034384,8.317468767117371e-05,nan,0.0007510544202376388,0.003425514361006743,0.001065767529634928,0.003289642257535782,0.0763455641323887,1.0,8.874333907726872e-05,0.0002764801422665092,0.00010298587989596297,0.03968777484608619,9.656960552629476e-05,0.0025821445872666864,0.00020849279320966346,0.00033958105132603943,0.003425514361006743,0.0022373855988591486,0.0006608893609463049,0.024922545430993263,0.00029508893441504864,0.0032156593461333816,0.0005344522501193375,0.002029100653189922,0.003425514361006743,0.0021773979399369323,16,0.0,4.554530713366516e-06,0.0003286816818281451,0.0003286816818281451,0.0001502057588474282,0.0,put,3.974641455566502e-05,0.0005959589034318924,0.0,9.304203558713198e-05,0.00034240497941534845,nan,nan,0.0,0.0,120.0,7.081355574369815e-05,0.0003194786254914761,0.00010980104369405067,nan,0.0006768298810700695,0.0032013750355193715,0.0009554977478793958,0.0028145007235575847,0.07637786945943087,1.0,8.80044131519051e-05,0.00027641494652555347,0.00010216803758221497,0.03970523537175539,7.276951180247694e-05,0.0007005313497894655,9.542502091258478e-05,0.00031117171876476587,0.0032013750355193715,0.002010049085076277,0.0005937203324254924,0.02192661590243756,0.00027731487383844645,0.0029956026867365704,0.0004895040024529333,0.0016987614116341448,0.0032013750355193715,0.001907244435444885,put_T050_s040_r005_q000,17,validation
P2,0.008409457979723811,5.491706542670727e-05,0.00011270795948803425,0.0008626232158522614,8.8383383301624e-05,0.0032238602886080184,0.0003374170046299696,0.13570386832418918,0.5827357182908415,0.5832891379562352,0.0,0.14166666666666666,103.0,8.8463980200198e-05,0.0004699238019214014,0.00014723359308164077,0.015451476421084789,0.000489455129764291,0.002582646005889028,0.0007750188047164259,0.002622669520696418,0.5453361549731401,0.9946555819477435,2.2647201340378142e-05,0.00024309259402738315,3.9405781083216856e-05,0.37564476339986547,3.810843678592694e-05,0.002582646005889028,0.0001979316979954777,0.00020511709918684035,0.002582646005889028,0.00164296952950333,0.00048552517632042137,0.020922581408330355,0.0001593292112289379,0.002118069572672854,0.0003591111152427359,0.0016737042065713228,0.002582646005889028,0.0017521067333031435,16,0.0006887052341597796,3.7857612641968313e-06,0.00025581198338759346,0.00025581198338759346,0.00013718095923672866,0.0,put,3.4883922965154436e-05,0.0005114589584991336,0.0,6.416928954422474e-06,0.00018256390644665315,0.588150517670763,0.5886491101578623,0.0,0.14166666666666666,103.0,0.00012284094112075076,0.0005504944381463095,0.0001931658007649454,0.016914571125518384,0.00041730591596263303,0.002258938308594291,0.0006614796187612897,0.0021439406102459935,0.5487765089722676,0.998812351543943,2.2817682323116392e-05,0.0004356296951232297,4.084502471717265e-05,0.37831758884390465,1.3739101428153979e-05,0.0006919135275366625,6.950233569008643e-05,0.00017771918189237948,0.002258938308594291,0.001406807399337693,0.0004157230172283005,0.019104561092901092,0.00014206057810444193,0.0019104396571054116,0.00031254320118924157,0.0013544572585778884,0.002258938308594291,0.0014762474489140543,put_T050_s040_r005_q003,17,validation
P2-S,0.008667625021189451,5.012506153434515e-05,0.00011033297050744295,0.0008626232158522614,8.8383383301624e-05,0.0032238602886080184,0.0003374170046299696,0.09500659768039448,nan,nan,0.0,0.0,120.0,0.00010671612457119421,0.00046994971591074464,0.00015332771586330438,nan,0.0004968176176760867,0.002582646005889027,0.0007761154420522721,0.002657674878549129,0.0778101088479362,1.0,7.787974446094671e-05,0.0002515226052444697,8.252556980428913e-05,0.04047992823503028,9.442954650816798e-05,0.002582646005889027,0.00020780122071311822,0.00024163778342073402,0.002582646005889027,0.0016563917989187674,0.0004894916830678231,0.01989998883231442,0.0001952485110565515,0.002118069572672854,0.00036471115357536015,0.0016738391811370087,0.002582646005889027,0.0017521109929880742,16,0.0006887052341597796,3.7857612641978003e-06,0.0002558194919259089,0.0002558194919259089,0.00013718095923672866,0.0,put,3.4883922965154436e-05,0.0005912079941481352,0.0,9.333295747637749e-05,0.00018256390644665315,nan,nan,0.0,0.0,120.0,0.00014078783183433234,0.0005505203521356528,0.00019827709219966973,nan,0.0004251715941280867,0.002258938308594277,0.0006627885610478285,0.002179229850416096,0.07802874743326488,1.0,7.800904775320306e-05,0.0004369041191683021,8.31355147478193e-05,0.0405982905982906,7.010809792551779e-05,0.0006919135275366625,9.384697939489439e-05,0.00021432743304855215,0.002258938308594277,0.0014224511327609564,0.0004203458675648113,0.01810869772472408,0.0001780872685576123,0.0019104396571054116,0.00031895875591389907,0.0013545827356458936,0.002258938308594277,0.0014762501261537078,put_T050_s040_r005_q003,17,validation
P2,0.008415916934609413,4.900002386420965e-05,0.00011541694402694702,0.00086096760281794,8.17469011521412e-05,0.003401852173582709,0.000335165997967124,0.07278283214112091,0.54613290398954,0.5497112550305103,0.0,1.0,0.0,0.00037370310692222457,0.0010699150844618588,0.0004814286804123695,0.005535008285553763,0.0002265160514636819,0.0021697635649575147,0.0003447887368353935,0.0012137171289141378,0.7677255985267035,0.763245222565511,4.991237957953155e-05,0.0007769481000120537,0.000129945721100626,0.7722588861873335,2.231035508594628e-05,0.0021697635649575147,9.813931531885512e-05,0.00012233423915144868,0.0021697635649575147,0.0008194317940914442,0.00024230449270384332,0.0149912025362643,0.00011538048524121285,0.0011677508076060744,0.00022720768799847676,0.00043899671903817236,0.0021697635649575147,0.0005258568354235518,16,0.0,2.2568211755366563e-06,7.903496359418227e-05,7.903496359418227e-05,7.180586199112535e-05,0.0,put,2.872145073974374e-05,0.0005048329476267099,0.0,5.249981768429279e-06,0.00025315947475392994,0.5541940832695487,0.5573205286802051,0.0,1.0,0.0,0.00040944220984966823,0.0011361387331610406,0.0005296840395655032,0.006391740303731912,0.0002752673060850215,0.0013164930729658852,0.0004147179554976206,0.0012007547028457604,0.7620914279126073,0.7563794484494794,5.207540532145331e-05,0.0010229174503013083,0.0001356109447720236,0.7678903345724907,2.0029038069213608e-05,0.00043906239450599086,6.0604732620339616e-05,0.000144044310266922,0.0013164930729658852,0.0009665610301633856,0.00028580294583601773,0.015303409940331013,0.00012952941739610157,0.0013164930729658852,0.00025801687064471384,0.000659577819060677,0.001264638696320236,0.0007128204918831117,put_T050_s040_r005_q006,17,validation
P2-S,0.008644165936857462,5.495792720466852e-05,0.00012041698209941387,0.00086096760281794,8.17469011521412e-05,0.003401852173582709,0.000335165997967124,0.2711993888464477,nan,nan,0.0,0.0,120.0,0.00038738488956139574,0.0010699158148129162,0.0004835940247013306,nan,0.00022235708707258047,0.0021697635649575147,0.0003431003973989118,0.001267590161272277,0.08024005334518783,1.0,9.17070634983411e-05,0.0007769903115742993,0.00014146856572599058,0.04179692022693065,7.384122876140561e-05,0.0021697635649575147,0.00011635374076967665,0.00014528419221494058,0.0021697635649575147,0.0008289280917794022,0.00024511253067654196,0.014709341637837495,0.000135906069936018,0.0011677508076060744,0.0002296007652352737,0.00043910897926942137,0.0021697635649575147,0.000525866272228226,16,0.44986225895316806,2.256803780330786e-06,8.618414333279312e-05,8.618414333279312e-05,4.304843196859531e-05,0.0,put,2.872145073974374e-05,0.0006103739142417908,0.0,9.983300697058439e-05,0.00025315947475392994,nan,nan,0.0,0.0,120.0,0.00042053416777159184,0.001136139463512098,0.0005312591613365368,nan,0.0002709079165475831,0.0013164930729658852,0.00041323227329271255,0.001251092070916719,0.08049949827182518,1.0,9.38887562117189e-05,0.001022921044679992,0.00014673325682877905,0.041937732342007435,7.073181917361708e-05,0.00043906239450599086,8.664546726372914e-05,0.00016683162857742269,0.0013164930729658852,0.0009744536688610676,0.0002881367243764536,0.01510138414545782,0.00014999796125259068,0.0013164930729658852,0.0002600898064431871,0.0006595057450601733,0.001264638696320236,0.0007128159967871602,put_T050_s040_r005_q006,17,validation
P2,0.008494375040754676,5.8125006034970284e-05,0.00011650007218122482,0.000865082462121365,8.061808388512925e-05,0.0034011294675997433,0.00040091690607368946,0.00562539065212862,0.04279999191406461,0.04643452312616125,0.0,1.0,0.0,2.4235893743421628e-05,0.00020779398519676917,5.0292471274302574e-05,0.0030463393625985587,0.0005740594229686086,0.002603583115275643,0.0008290828320189344,0.0031751196717967403,0.8406578592612564,0.7280283926403287,9.42493929516069e-08,2.462044334283764e-05,7.930608647535885e-07,0.9945139066088288,5.5824378050218015e-05,0.002357413196705377,0.00017851929784469086,0.0002667894939688136,0.002603583115275643,0.001908066809372363,0.0005651490687339653,0.030192027404913186,0.00029957772126543256,0.002603583115275643,0.0006102365396964788,0.0002650762072839516,0.002357413196705377,0.000336988954291044,16,0.0,4.573295361409379e-06,0.00030378941959519095,0.00030378941959519095,0.00027241955100767664,0.0,put,2.354481397177169e-05,0.0005805419059470296,0.0,4.999921657145023e-06,0.001229906403672829,0.038639283066914734,0.040633956184175486,0.0,1.0,0.0,7.306969861110637e-05,0.0005217136900024233,0.00014749927207360398,0.0036443350686233065,0.0005657890118735207,0.0025931433041890273,0.0008191021485634496,0.0033833161019094942,0.837759067357513,0.724852899971981,1.4348157387756912e-07,2.7355320137867345e-05,1.3325363058564598e-06,0.9923283467587265,3.866975823232103e-05,0.0008030916623595619,0.00012235902559084704,0.0002636297541402027,0.0025931433041890273,0.001887495359689685,0.0005590434213210683,0.03150277104580928,0.00029117222932931744,0.0025931433041890273,0.0006015911249754121,0.00034007069597067225,0.0007050093426900633,0.00039194982215495035,put_T050_s040_r005_q010,17,validation
P2-S,0.008285666001029313,5.050003528594971e-05,0.00010908301919698715,0.000865082462121365,8.061808388512925e-05,0.0034011294675997433,0.00040091690607368946,0.2115424682269602,nan,nan,0.0,0.0,120.0,4.273095824040886e-05,0.00017878087025691158,5.595144849137378e-05,nan,0.0005726039788174919,0.002603583115275643,0.00082775039384917,0.003209461734437637,0.12938200216841345,0.221671826625387,3.6651639603011734e-05,8.19576632786756e-05,4.532427094171467e-05,0.09134983414136259,0.00010248846873385745,0.002357413196705377,0.00018649231325658892,0.0002856840666009018,0.002603583115275643,0.001908286747566212,0.0005652142120847233,0.02984062357332786,0.0003158460612494363,0.002603583115275643,0.0006100011202338202,0.0002649698645529317,0.002357413196705377,0.0003369717419015644,16,0.4962809917355372,4.573295361409379e-06,0.00023488907799316318,0.00023488907799316318,0.00017341370070142077,0.0,put,2.354481397177169e-05,0.0006536248838528991,0.0,9.312492329627275e-05,0.001229906403672829,nan,nan,0.0,0.0,120.0,8.49261938007879e-05,0.0004928080321336958,0.0001403348220784217,nan,0.0005642840625133005,0.0025931433041890273,0.000817737938117498,0.0034141217117025086,0.12234186951407111,0.20928792569659443,3.689303262297605e-05,8.39248679905813e-05,4.552181479683289e-05,0.08643395985168137,8.518451016387724e-05,0.000803074378997376,0.00013358554755912527,0.0002825597783269589,0.0025931433041890273,0.0018876941837568419,0.000559102309564779,0.03103798480019178,0.00030763024088198903,0.0025931433041890273,0.0006013918190372874,0.0003399143510546583,0.0007050093426900633,0.0003919073592223048,put_T050_s040_r005_q010,17,validation
P2,0.008277874905616045,4.6749948523938656e-05,0.00010791595559567213,0.00047705060424048335,7.432094584956313e-05,0.0020647047278580135,0.0003349999897181988,0.06236544204458643,0.5092516175580923,0.5155093033177631,0.0,1.0,0.0,0.000842021940523256,0.001819422034614493,0.0009630691246668946,0.00839358132040576,0.0005052049759502232,0.001912879025380787,0.000686111264132714,0.0026351987946738164,0.7547256272196128,0.9751332149200711,0.00010312719896020938,0.001445870093560453,0.00023081044678802712,0.6155858717996636,4.392401314977606e-05,0.0011890050280225564,0.00013033080791973847,0.0003582533889907556,0.001912879025380787,0.001897985158021221,0.0005640652624775055,0.035645614776337264,0.00039371423015194826,0.001912879025380787,0.0005956476089660191,0.00026251692747891785,0.0011890050280225564,0.00031516454730613606,16,0.0006198347107438017,1.1762192598900163e-05,0.0005341765332686939,0.0005341765332686939,0.00023165437638024053,0.0,put,9.76740652441882e-05,0.0004945818800479174,0.0,4.915986210107803e-06,5.919765139943925e-06,0.5202417778003683,0.5261584457261156,0.0,1.0,0.0,0.0009725355055654144,0.0019467122608332055,0.0010960144043631339,0.00891900851964276,0.0005184580545724702,0.002044397015261823,0.0007147196388409887,0.0025505513955758337,0.7480233757304915,0.9662522202486679,0.00011117155866710553,0.0016842586245916502,0.000250979108467493,0.6102075154234436,3.6111458450979755e-05,0.0006933168243705989,9.805216339232573e-05,0.00036965841885101705,0.002044397015261823,0.001982800374093392,0.0005892460194132355,0.03561023864963898,0.000410348296318672,0.002044397015261823,0.000622266072387339,0.00013662515191677086,0.00032707788576388785,0.00015989492383222412,put_T050_s060_r005_q000,17,validation
P2-S,0.008495915913954377,4.570803139358759e-05,0.0001045420067384839,0.00047705060424048335,7.432094584956313e-05,0.0020647047278580135,0.0003349999897181988,0.1562608514480172,nan,nan,0.0,0.0,120.0,0.0008453264485607813,0.0018194220346174905,0.0009635396060666019,nan,0.0005160849489933635,0.001912879025380787,0.0006870466367687766,0.0026585357046938077,0.12640056022408966,1.0,0.00015026708779463047,0.0014458701458117673,0.00023951249960649733,0.06746402541581013,9.492874355937164e-05,0.0011890050280225564,0.00014516828388615,0.0003823856541860129,0.001912879025380787,0.0019048650711112915,0.0005661099149167369,0.03561247449576588,0.0004158776926376111,0.001912879025380787,0.0005975055459989159,0.0002625183512911931,0.0011890050280225564,0.0003151647194397569,16,0.12589531680440771,1.1762192598900163e-05,0.0005341765332687043,0.0005341765332687043,0.0002316543763802504,0.0,put,9.76740652441882e-05,0.0005738340551033616,0.0,8.858402725309134e-05,5.919765139943925e-06,nan,nan,0.0,0.0,120.0,0.0009748161539886786,0.001946712260833261,0.0010963071545350232,nan,0.0005296335867390443,0.002044397015261823,0.0007156195463196505,0.002573671111599105,0.12644483362521888,1.0,0.00015777217472111679,0.0016842586294374406,0.0002589393390569311,0.06748925032716395,8.706506063546054e-05,0.0006933168243705989,0.00011692530589113475,0.0003937762892263133,0.002044397015261823,0.0019893564082022752,0.0005911943330469582,0.035571311991401504,0.0004325099004233718,0.002044397015261823,0.0006240404632044399,0.00013662657572910712,0.00032707788576388785,0.00015989575040133158,put_T050_s060_r005_q000,17,validation
P2,0.0089641670929268,5.783303640782833e-05,0.00011787493713200092,0.0004677435750927364,7.120822146141186e-05,0.0017914867152148497,0.00037608295679092407,0.037988749218695744,0.47142748724593253,0.47855473279140526,0.0,1.0,0.0,0.0008485872413184059,0.0019077632954559443,0.000963838615641669,0.007669027536570504,0.0006657391796001011,0.003653285091512193,0.0010581675165961721,0.0022572456874946395,0.6506293706293705,0.6322943095324393,8.965787138971169e-05,0.0013910631442762833,0.0002080575941464931,0.6700595352410217,3.1671831314525345e-05,0.0010479160313671756,9.445056032554012e-05,0.0004608586815568324,0.003653285091512193,0.0028857991534520914,0.0008584236965294606,0.033607531425274506,0.00045725365506884245,0.003653285091512193,0.0008464412989932001,0.0014565512073721743,0.0030638321681457914,0.0016948234335368354,16,0.0,1.0103488280278098e-05,0.00011794941050778662,0.00011794941050778662,9.655449758735196e-05,0.0,put,6.394372214309496e-05,0.0005569580243900418,0.0,5.167094059288502e-06,0.00012953683849351895,0.48238405942626217,0.4890353939684273,0.0,1.0,0.0,0.0009994455568416512,0.0021584149321003387,0.0011318511510736015,0.008950550784293795,0.0007024849070283245,0.003775036536729559,0.0011165000017771098,0.0023250596114148844,0.6426773562039713,0.6246828561072852,9.831745464872794e-05,0.0017142303953817661,0.00023213352525734243,0.6617392973699366,4.000746137889737e-05,0.000781752741718017,0.00011110859883315339,0.0004875331783591544,0.003775036536729559,0.0030484647852759682,0.0009067724581940686,0.03417038845726907,0.00047625181474863327,0.003775036536729559,0.0008856234229688286,0.0016415951863304689,0.0032040283855209184,0.001846077553746976,put_T050_s060_r005_q003,17,validation
P2-S,0.008531874977052212,5.337502807378769e-05,0.0001176249934360385,0.0004677435750927364,7.120822146141186e-05,0.0017914867152148497,0.00037608295679092407,0.18334606569900688,nan,nan,0.0,0.0,120.0,0.0008514746542546391,0.0019077632954610513,0.0009642921399196705,nan,0.0006641465600906496,0.003653285091512193,0.0010579420863854898,0.0022843403296268962,0.12966954022988506,1.0,0.00013456247952327476,0.0013910632343199225,0.00021689101383651265,0.06932974841559439,8.05047219103951e-05,0.0010479160313671748,0.00011291105501350096,0.00047580257351088586,0.003653285091512193,0.002887810630532175,0.0008590220401766629,0.03356659657168398,0.00046877495566309167,0.003653285091512193,0.0008468701086777226,0.0014565518449665403,0.0030638321681457914,0.0016948234488950616,16,0.2471763085399449,1.0103488280281616e-05,0.00011794941050779009,0.00011794941050779009,9.655449758735196e-05,0.0,put,6.394372214309496e-05,0.0006407499313354492,0.0,9.366695303469896e-05,0.00012953683849351895,nan,nan,0.0,0.0,120.0,0.001001624113361925,0.0021584149321004498,0.0011321320426633864,nan,0.0007008164272220244,0.003775036536729559,0.0011162741465626212,0.0023507044977020956,0.1296229802513465,1.0,0.00014282848246794695,0.0017142303989726715,0.00024005147804419114,0.06930312919946247,8.814471490445608e-05,0.000781752741718017,0.00012699157548367156,0.0005022945226920067,0.003775036536729559,0.00305032781654039,0.000907326620881954,0.03413092093876567,0.0004876492241366065,0.003775036536729559,0.0008860230991006577,0.0016415959962411846,0.0032040283855209184,0.0018460775796067346,put_T050_s060_r005_q003,17,validation
P2,0.008381000021472573,5.100003909319639e-05,0.00011100003030151129,0.0004652616481758539,6.558530688651847e-05,0.001696641293046636,0.0003809160552918911,0.0481283422459893,0.42943295459450365,0.43776888442727235,0.0,1.0,0.0,0.0006140080781264277,0.0012630307410784747,0.0006757288675704008,0.007800243141952474,0.00026875100554225835,0.001299129257207321,0.0003377523654764409,0.0016398055831537519,0.6003989938416168,0.5318887352082373,9.485256172893915e-05,0.0009608257621419591,0.00021367742097266394,0.6891676622859418,4.1704306797469536e-05,0.0011621951674585878,0.0001167040639388654,0.0002091022120971051,0.001299129257207321,0.0010108137409855242,0.0003010123476877942,0.033188656653793,0.00022046822889388955,0.001299129257207321,0.00030497418710207874,0.00027479831690462,0.0011621951674585878,0.00033218896837806575,16,0.0,1.2052201830958683e-05,0.00017926218624043222,0.00017926218624043222,0.00017512591263474397,0.0,put,5.49236985522894e-05,0.0005480410763993859,0.0,5.124951712787151e-06,0.0002901916041617694,0.4397204434053864,0.4470139554197937,0.0,1.0,0.0,0.0006733418702794741,0.001337703394665657,0.0007498027721388773,0.008734161557638467,0.0002675618223276763,0.001344255554331597,0.00034445031046043264,0.0016098708874555492,0.5929395437592159,0.5252804671891809,0.00010180303455614676,0.0012900633658714522,0.00022795764316619067,0.680605336519315,2.2168645101778997e-05,0.00026220778030772163,5.1930251518460335e-05,0.00021070500706993288,0.001344255554331597,0.0010392654114885,0.00030947325647101966,0.03249751347762075,0.00021979312282034697,0.001344255554331597,0.00030899052805738605,0.0003115743496916082,0.0008037015796774349,0.00038207975270249095,put_T050_s060_r005_q006,17,validation
P2-S,0.00816354202106595,5.0915987230837345e-05,0.0001087910495698452,0.0004652616481758539,6.558530688651847e-05,0.001696641293046636,0.0003809160552918911,0.18299881936245574,nan,nan,0.0,0.0,120.0,0.000616826172070995,0.0012630308798116108,0.0006764933846627204,nan,0.0002640271395498348,0.0012991292572288593,0.0003341119652533184,0.0016728417562302512,0.13412595207133568,1.0,0.0001375650437560218,0.0009608324790925105,0.00022161609302324915,0.07188371166865791,8.844767217047786e-05,0.0011621951674585865,0.00013131666973969066,0.00022064945735076857,0.0012991292572288593,0.0010084594430725471,0.0003003112563658156,0.03299902591925578,0.00022821512099005032,0.0012991292572288593,0.00030337342715006625,0.0002747974661914765,0.0011621951674585865,0.00033218884502149714,16,0.2993801652892562,1.2052201830958683e-05,0.00013551174224629703,0.00013551174224629703,0.00013540451048926622,0.0,put,5.49236985522894e-05,0.0006333310157060623,0.0,9.270792361348867e-05,0.0002901916041617694,nan,nan,0.0,0.0,120.0,0.0006760313777494702,0.001337703533398793,0.0007504098734997238,nan,0.0002628428384244376,0.0013442555543531354,0.0003408283335290508,0.001642579172397733,0.13412595207133568,1.0,0.00014419439714679152,0.0012900636155178669,0.00023539343203008234,0.07188371166865791,6.837002855522035e-05,0.0002692211656600274,7.908771827571756e-05,0.00022214531283900365,0.0013442555543531354,0.0010368270145366414,0.00030874714874442856,0.03230548499970622,0.00022748432919072187,0.0013442555543531354,0.00030737452873926853,0.00031157349897846455,0.0008037015796774349,0.00038207966064194665,put_T050_s060_r005_q006,17,validation
P0,0.008311041980050504,6.583402864634991e-05,0.00012304203119128942,0.001889075103393346,0.00013184252491736472,0.010955401961303934,0.0,0.40433363428015834,0.7887264826202222,0.789079800496491,0.0,1.0,0.0,0.00024148147911244824,0.002798999598477664,0.0004454138038824111,0.004685836529182638,0.0006072732712913059,0.0028841292256403016,0.0007785576091701282,0.00440485493792774,0.289037668222087,0.9643501805054152,0.00107773634168312,0.0035809790689774854,0.001529646232938146,0.16999443162835096,9.898357345521534e-05,0.0028841292256403016,0.0002630219094035366,0.0010112204919658155,0.0035809790689774854,0.004910626691868658,0.0014473097064458126,0.05144135766380593,0.0011518551152059904,0.0035809790689774854,0.001563982593040444,0.0007246826108088406,0.0028841292256403016,0.0008420386475880949,24,0.14380165289256197,1.7510238775589335e-06,0.00020357024863572578,0.00020357024863572578,7.144112838050123e-05,0.0,put,2.40606417200355e-05,0.00019458506722003222,0.0,5.709007382392883e-06,0.005250079347146067,0.7986502251162864,0.7990115869845545,0.0,1.0,0.0,0.0001782055339632028,0.001064909672114589,0.000330450423854304,0.004947849594913879,0.0004879687688416048,0.002125794637947449,0.0006836282262498979,0.003922117619584898,0.2947596773100129,0.9810469314079422,0.0010733937874385772,0.0035809790467452272,0.001528167858314032,0.1734343837255684,8.161715881049498e-05,0.0009715521792919104,0.00018827247960793859,0.0009891847109297853,0.0035809790467452272,0.0048776444892982595,0.001437569558132075,0.04855295135777809,0.00114541733688571,0.0035809790467452272,0.0015612214077475347,0.00031731300271860605,0.0012435001637878668,0.00042897220256661806,put_T050_s020_r005_q000,17,validation
P0,0.008203834062442183,6.637501064687967e-05,0.00010629196185618639,0.0018164175977309106,0.00012733617030594865,0.009082850122741465,0.0,0.34995485797624837,0.2762237897627168,0.2790450052924597,0.0,0.13333333333333333,104.0,0.00017313408083405096,0.0028213582772183346,0.00035488994847489226,0.016477442214074916,0.0006630907278448457,0.002882869836447829,0.0008340825387392226,0.0030646950448254494,0.45128632682229636,0.8700344431687715,0.0007954760023128005,0.0028813075982127355,0.0012253714752845637,0.3046554635362226,7.845314706901726e-05,0.002882869836447829,0.0002495253244806492,0.0007755472307174605,0.002882869836447829,0.003985730197523818,0.0011748306057854391,0.028163443910960425,0.000863569541458236,0.0028813075982127355,0.0012549724708132946,0.0009831853124386402,0.002882869836447829,0.0011118215922453637,24,0.14146005509641874,1.8329053853452828e-06,0.00023808879528918996,0.00023808879528918996,9.876001702162334e-05,0.0,put,2.034654506877648e-05,0.00017750088591128588,0.0,4.833913408219814e-06,0.0036211009747242826,0.2795917053797291,0.2826012940421412,0.0,0.13333333333333333,104.0,0.00012877360617716312,0.0009901828564863324,0.00025680583718273235,0.018330898837493902,0.0005104887835194189,0.0016455471755489398,0.0006616412511688432,0.0024542239732602282,0.45608794360138605,0.8764638346727899,0.0007937673248349907,0.0028813075951919288,0.0012262560810247104,0.30824517483646935,6.0149225138529655e-05,0.0009255480663686597,0.0001663750085636542,0.0007500788509404098,0.0028813075951919288,0.003926265409367019,0.001157285952458669,0.02809317311330855,0.0008566515319106204,0.0028813075951919288,0.001250334151235554,0.0005129101914207436,0.0015499983204855516,0.0006945339079350627,put_T050_s020_r005_q003,17,validation
P0,0.008119459031149745,7.087504491209984e-05,0.00010800000745803118,0.0018062933301001747,0.00011809109606864268,0.012477181618928255,0.0,0.32370303493298147,0.08522985140660447,0.12068353711593932,0.0,0.9916666666666667,1.0,0.00018329593840610766,0.0005889610220061459,0.00025345006191819443,0.010535560861818482,0.0006248060395527446,0.002906741542153214,0.000881582354279844,0.0033251859890262407,0.43880489560835134,0.7974269515918011,0.0006897814135782893,0.0023710495024436206,0.0010435352557119882,0.30268167521933453,8.26196540412907e-05,0.002906741542153214,0.0002554822560082403,0.0006784248134736948,0.002906741542153214,0.0034499015369584434,0.0010170900767501735,0.04204186900766108,0.0007443954535219064,0.0024077735716525523,0.0010756686972566915,0.0010583286568895507,0.002906741542153214,0.0011815055026249952,24,0.13705234159779614,1.8820912840154678e-06,0.0002731546421222515,0.0002731546421222515,0.00014023444937647772,0.0,put,1.928110031173616e-05,0.0001840420300140977,0.0,5.166977643966675e-06,0.0023138827653857302,0.08422517051429797,0.12224613880812123,0.0,0.9916666666666667,1.0,0.0002010409565066852,0.0005889610220061459,0.0002594882337431323,0.01094506005476834,0.0004930776719178574,0.0024041056350116528,0.0007344654338701657,0.0027627369750266007,0.4406718439588224,0.7980811164413432,0.0006914741835000065,0.0023710495022349564,0.0010457341014463227,0.3043659043659044,6.302223415441523e-05,0.0008899686238627457,0.00016996717855929268,0.0006560254249248474,0.0024041056350116528,0.0033827215967700518,0.0009972720933879272,0.041250625995758634,0.0007397652501450244,0.0024041056350116528,0.001071348742569824,0.0006038451250841985,0.0017345506292655924,0.0007858374711880464,put_T050_s020_r005_q006,17,validation
P0,0.008129708003252745,6.195902824401855e-05,0.00010525004472583532,0.0018115710001545557,0.00011842068875912091,0.012321385450898507,0.0,0.30647961664004447,0.11573396321909118,0.11698090745248364,0.0,1.0,0.0,3.8824173798830226e-05,0.0002965608883255255,8.440348475189361e-05,0.0042148097660544195,0.0011226158085668638,0.0037795268330069187,0.0014808842999359934,0.0043040177205407445,0.4096169831830679,0.6848407098567457,0.0005985022725746071,0.001971074252502181,0.0008857598433797371,0.2921912059843094,8.58234109632043e-05,0.0029374745833255977,0.0002564598712908032,0.0007302018626924619,0.0037795268330069187,0.0036138924383537344,0.0010669986792714412,0.06535573491538434,0.0007961108096225581,0.0037795268330069187,0.0011181980907000672,0.0012993784012438182,0.0029374745833255977,0.0014268629552165195,24,0.1318181818181818,1.977935334461563e-06,0.00031170145379630907,0.00031170145379630907,0.0002056697335511466,0.0,put,2.175909975150464e-05,0.00017183402087539434,0.0,4.624947905540466e-06,0.0037323453259939937,0.10529077770522033,0.10620101527545178,0.0,1.0,0.0,0.00012739541618258612,0.0006116887323541764,0.0002242115536203355,0.004125157548137508,0.0010237872670789423,0.0037895729341581585,0.0014010113009335359,0.0042411831012055135,0.4085166420829859,0.6809920889459055,0.0006004975103069184,0.0019710742524875493,0.0008875473387814968,0.29177354342249906,6.53839468549549e-05,0.0008712628404021132,0.0001646007927031017,0.0007081919535809973,0.0037895729341581585,0.0035308026895042514,0.0010424539489090857,0.06341527965905243,0.0007909551727429346,0.0037895729341581585,0.0011118730433692027,0.0008353816899781399,0.00222375097917768,0.0010259098178463397,put_T050_s020_r005_q010,17,validation
P0,0.00805625005159527,5.929195322096348e-05,0.00010291696526110172,0.0008771181670257843,9.172395697052708e-05,0.003469475244008058,0.0,0.08403361344537816,0.6398513795282407,0.6425163969207137,0.0,1.0,0.0,7.23099366019547e-05,0.00050667278195482,0.00013797422460893653,0.007211738156487007,0.0002712090003988262,0.0022993074043558825,0.0003831806828814148,0.0029073052387835296,0.7744969950352757,0.738121326825381,9.863302186548909e-05,0.001364089517678857,0.0002833925674949239,0.8146437994722955,3.9676014045078994e-05,0.0022993074043558825,0.00014299005299598313,0.00016399288806092345,0.0022993074043558825,0.0010996249468080287,0.00032481232950955577,0.04567709502959949,0.00017296176456034493,0.001364089517678857,0.00034111871327866444,0.00037011827543300936,0.0022993074043558825,0.0004111214134294153,24,0.0,5.934774966618113e-06,0.00037083026727566075,0.00037083026727566075,0.0003398375498093074,0.0,put,3.7752997943826805e-05,0.0001668339828029275,0.0,4.625064320862293e-06,0.001985493274906861,0.6514722161371286,0.6538342024990327,0.0,1.0,0.0,0.00015107700959223348,0.0009198127926253186,0.00027746873300664004,0.0076978085792351195,0.00024867451233634793,0.00118771742056111,0.0003702276441242792,0.002749549223742881,0.7728817103131043,0.7364279310688315,9.898314823568e-05,0.001364089517678857,0.0002836302892553447,0.8131324241091069,2.609144406390932e-05,0.0003472006457591048,6.917297224413112e-05,0.0001557167989012497,0.001364089517678857,0.0010807497908121742,0.00031922758992994224,0.04432340565883629,0.0001752992513869166,0.001364089517678857,0.00034413034270049754,8.56708678305999e-05,0.00039692940248756137,0.0001238144575418594,put_T050_s040_r005_q000,17,validation
P0,0.00807362503837794,5.974993109703064e-05,0.00010379101149737835,0.0008626232158522614,8.8383383301624e-05,0.0032238602886080184,0.0,0.0034724633655114938,0.022361670851012434,0.02667988873935798,0.0,1.0,0.0,5.915730546650963e-05,0.0002855403353171915,0.00010249129584349222,0.011641050595509548,0.00031072923562623655,0.002309009192424192,0.000444729777665951,0.0025222413173190614,0.867762965846064,0.766414575455483,4.37035832297523e-08,9.967456547823674e-07,1.4744836312593805e-07,1.0,2.435368492032344e-05,0.002309009192424192,0.0001354502667461608,0.00012148713640080556,0.002309009192424192,0.0009408935766048502,0.0002780499038335305,0.038519384128716395,0.00010975065661155237,0.0013428297809675515,0.00025819274934735914,0.000673543068518279,0.002309009192424192,0.0007132434885330413,24,0.0,5.800766522517549e-06,0.0003913366260945237,0.0003913366260945237,0.00036295644424323904,0.0,put,1.6924933022630096e-05,0.00016816600691527128,0.0,4.625064320862293e-06,0.0027692038073611775,0.013112242607361276,0.020428006386382903,0.0,1.0,0.0,4.595593814962073e-05,0.0002408499046086532,7.784474065965609e-05,0.012201756172655273,0.00027295566997195006,0.0013474799346286674,0.00039192926168130895,0.00226641422363624,0.8663289166017147,0.7641801306290822,4.50385405907652e-08,9.980423279181642e-07,1.4947884475282536e-07,1.0,1.0187646642202923e-05,0.0003347748782404335,4.2410704911530814e-05,0.00010720733757063549,0.0013474799346286674,0.000831091987825897,0.0002455944352694667,0.03716301748972322,0.00010764573178020782,0.0013474799346286674,0.00024828294444437807,0.00037083290462512744,0.0009752433814675388,0.0004470390348039388,put_T050_s040_r005_q003,17,validation
P0,0.008105000015348196,6.12499425187707e-05,0.00010804191697388887,0.00086096760281794,8.17469011521412e-05,0.003401852173582709,0.0,0.0,0.049534632252151996,0.052145048573998896,0.0,1.0,0.0,4.4735549295122955e-05,0.00041678996154081993,9.207977837065594e-05,0.010376448219781407,0.00034917885346603386,0.0023259232425318684,0.000518182172115475,0.002580813234143986,0.8571003274784162,0.749934878874707,4.4074280863069496e-08,9.978057523258526e-07,1.4880223663428005e-07,1.0,2.633501832207587e-05,0.0023259232425318684,0.0001400457769301378,0.00014321771093326151,0.0023259232425318684,0.0011221962376136868,0.00033183138856679743,0.041512429120639655,0.00012529989570122973,0.0014963033024390782,0.00029471015127861496,0.0008844393109086053,0.0023259232425318684,0.0009442976604565383,24,0.0,5.9000865124459e-06,0.0004285458788454242,0.0004285458788454242,0.0003721559904068168,0.0,put,2.0928239961867654e-05,0.00017391692381352186,0.0,4.625064320862293e-06,0.0035625342490612855,0.0414734529721433,0.04394344444389836,0.0,1.0,0.0,9.105974751535383e-05,0.0007149666283202682,0.00018085687735575341,0.010369826040810649,0.00030645814534204326,0.001495675795644965,0.00045522039869956067,0.002320421622266506,0.8554534161490683,0.7474168620300425,4.615961120473576e-08,9.99853665059915e-07,1.5295478728591333e-07,1.0,1.1974399162809806e-05,0.0003521712562706547,4.494377703546009e-05,0.00012630690067494006,0.001495675795644965,0.0009882472683057197,0.00029221536114323616,0.039981422688564534,0.00011799103171357,0.001495675795644965,0.00027603810567650535,0.0005995336896740847,0.001298466235187895,0.0007064149690025359,put_T050_s040_r005_q006,17,validation
P0,0.008413999923504889,7.583305705338717e-05,0.0001229170011356473,0.000865082462121365,8.061808388512925e-05,0.0034011294675997433,0.0,0.004166956038613793,0.17922091170433083,0.18050693980268182,0.0,0.875,15.0,2.5935192747429208e-05,0.00020779398519676917,5.221621150100612e-05,0.005945117472332907,0.000765155002899378,0.005008457019788082,0.0012282090073293633,0.005073985867619202,0.8214416968551478,0.6979213132304398,5.377697830352697e-08,1.9283365431110866e-06,1.7416435749995833e-07,0.998086246491452,6.188683738074276e-05,0.00232420159741621,0.00020389100901221758,0.00035556116308178484,0.005008457019788082,0.0028266218322717048,0.0008372152842472618,0.08062467910426264,0.0003457140890640352,0.005008457019788082,0.0008396877685921919,0.001458168302344963,0.0027249569987626843,0.0015996823350366456,24,0.0,5.9220286994600255e-06,0.00043868656964390093,0.00043868656964390093,0.0003945456012615069,0.0,put,1.22281699248071e-05,0.00020474998746067286,0.0,5.999929271638393e-06,0.004791070018974253,0.16858943537017315,0.1704812765443915,0.0,0.875,15.0,8.101166654771476e-05,0.0005217136900024233,0.00015372577997049892,0.006358244091119204,0.0007217955822806318,0.005017638416734305,0.0011817209678159368,0.005038522720629763,0.8203888596952181,0.6964046748148809,5.508924604771105e-08,1.9283365431110866e-06,1.7578444048193405e-07,0.9980820866896817,4.4820777155836064e-05,0.0010473630058936423,0.00014914240470500958,0.0003362527644387164,0.005017638416734305,0.0027230907532565123,0.0008065322987170492,0.07883736808008251,0.00033558602890333396,0.005017638416734305,0.0008226997077077784,0.0011710641312228506,0.0025467885475282392,0.0013793481331054983,put_T050_s040_r005_q010,17,validation
P0,0.008701791055500507,6.241700612008572e-05,0.0001063330564647913,0.00047705060424048335,7.432094584956313e-05,0.0020647047278580135,0.0,0.0669490936870616,0.5134341402992141,0.5203655471542407,0.0,1.0,0.0,0.0008633947040478274,0.0026878750840804155,0.0011588242738579423,0.009112748449337993,0.0005165792893126017,0.0029241919410317174,0.0007543554372225683,0.003175522543415227,0.5521252796420582,0.4593622037473632,0.0001266481164478413,0.001998336404845036,0.00028757604876977825,0.6918333021865072,6.328184935474641e-05,0.001247494296469644,0.00016554563183100246,0.000374067049301719,0.0029241919410317174,0.00210483630748127,0.0006255396883553141,0.047169351986484684,0.0004108559071741128,0.0029241919410317174,0.0006578835690556619,0.0002480082132917676,0.001247494296469644,0.0003150319155583126,24,0.0,7.259796328144521e-06,0.0006571257344178529,0.0006571257344178529,0.0006341753910772345,0.0,put,3.670689027842899e-05,0.00017366698011755943,0.0,4.916917532682419e-06,0.0014319390996149436,0.52442430054149,0.5309894935291192,0.0,1.0,0.0,0.001033508596735418,0.0029613997310660167,0.0013503475111496094,0.009547482089665207,0.0005071813788532672,0.0029867729736717252,0.0007531836069381215,0.0031765513996815436,0.5466885441527447,0.45477106340737067,0.00013516780815761575,0.0023705077322042634,0.0003115595903194012,0.6851747990278557,3.909458412627012e-05,0.0005357628912179073,9.527686128426899e-05,0.0003712684910962124,0.0029867729736717252,0.0021161809462384587,0.0006288838832296957,0.04524189029273434,0.00041043260644683683,0.0029867729736717252,0.000657572990898708,0.0001352005036882924,0.00037754201256789965,0.0001624140587053888,put_T050_s060_r005_q000,17,validation
P0,0.008281750022433698,7.42500415071845e-05,0.0001307500060647726,0.0004677435750927364,7.120822146141186e-05,0.0017914867152148497,0.0,0.0026390721577887353,0.024287506244792055,0.02754279286696543,0.0,1.0,0.0,5.10403585985135e-05,0.0003044807158223417,9.347243702791844e-05,0.011445948908120658,0.000480426365764176,0.0014168105131739028,0.0006507479733709885,0.0012640308242100645,0.7109988393527684,0.5515889830508475,5.065947842428527e-08,9.949761295331167e-07,1.649851840738875e-07,1.0,4.613758587855942e-05,0.0012350391792513996,0.00015184835277105805,0.0003095830966821523,0.0014168105131739028,0.0017560618238019984,0.0005223665965523347,0.019748144834045342,0.00034271168032276394,0.0014168105131739028,0.0005595734952042114,0.00043999573950286687,0.0012350391792513996,0.00045731571277490146,24,0.0,1.2289968903449194e-05,0.0005365208286874783,0.0005365208286874783,0.0005027690979167424,0.0,put,5.0892719634490494e-05,0.00021000008564442396,0.0,5.00003807246685e-06,0.0026242219450677874,0.01333095835206985,0.02058624697491798,0.0,1.0,0.0,4.922316509130894e-05,0.00024119984030224195,8.083777977977263e-05,0.013516527469380646,0.0004527142957615503,0.0014193763213418695,0.0006303213212534764,0.0012205788651407632,0.7111748242200833,0.5518008474576271,5.193376372906553e-08,9.923274411751303e-07,1.6701269650538104e-07,1.0,2.2846525214541252e-05,0.0004727735805563259,7.244141734845584e-05,0.0002916653070554066,0.0014193763213418695,0.001700831904842555,0.0005059161367971541,0.01936402335216688,0.0003332199659703312,0.0014193763213418695,0.0005487511792192721,0.00021352590274485614,0.0003296273304951719,0.0002279412637928178,put_T050_s060_r005_q003,17,validation
P0,0.008086957968771458,6.587500683963299e-05,0.00010562501847743988,0.0004652616481758539,6.558530688651847e-05,0.001696641293046636,0.0,0.0,0.05624787486212028,0.05826362368689069,0.0,1.0,0.0,4.002241677964676e-05,0.00033484566771002644,8.103119987201915e-05,0.012953780498791223,0.0006183827237194543,0.0024005059833434594,0.0008007615512086162,0.0025481943634183104,0.7186605609616485,0.5608666517757427,4.8468800367717005e-08,9.930726598204114e-07,1.6139519582982422e-07,1.0,4.86059686014266e-05,0.0012323741917230962,0.00015710919710575655,0.000406288288352768,0.0024005059833434594,0.002179564044985767,0.0006490569563067173,0.03626903120857979,0.0004366015250791713,0.0024005059833434594,0.000677998359951517,0.0008694813525042715,0.0014622907434307664,0.0009042426499353059,24,0.0,1.4879869499629866e-05,0.0003725016058009356,0.0003725016058009356,0.0003460000165438612,0.0,put,3.6885117739265945e-05,0.00017670798115432262,0.0,5.207955837249756e-06,0.0033246201729585853,0.04596038605123757,0.04866664726624984,0.0,1.0,0.0,0.00010713745505587327,0.0008068393856849321,0.00020851223793231114,0.013116551214864004,0.0005811060391594695,0.002333637465545213,0.0007593677030642062,0.002522252988931302,0.7186605609616485,0.5608666517757427,4.9921425940681764e-08,9.957448726703308e-07,1.6382696486604146e-07,1.0,2.715001757162804e-05,0.0003714158517172573,7.820394668724835e-05,0.00038179835366955884,0.002333637465545213,0.0020669742581131364,0.0006155051901360432,0.036671062292287775,0.00041699138564798297,0.002333637465545213,0.0006502886605924903,0.0006588623777760302,0.0013475299416247366,0.0007299177239670454,put_T050_s060_r005_q006,17,validation
P1,0.008453708025626838,7.504189852625132e-05,0.00013620895333588123,0.001889075103393346,0.00013184252491736472,0.010955401961303934,0.00038295891135931015,0.10695187165775401,0.47160616429988733,0.47551179833254437,0.0,1.0,0.0,0.0014130067155195185,0.002565557827548917,0.0015272992566615832,0.008726285457375648,0.0015747569660767926,0.003396933048675024,0.0017953497454398842,0.004320667599431673,0.7156722517368206,1.0,0.00014876351701199623,0.001908556888457008,0.00034053223182045926,0.5572349057354228,3.567355624763972e-05,0.0027094435112665722,0.00020331924535296994,0.0003503758685975524,0.003396933048675024,0.0025283317764976643,0.000745175585694537,0.04477017978477157,0.00036067261269760113,0.003396933048675024,0.0007689707894805695,0.0005763083308714414,0.0027094435112665722,0.0006973804660909722,24,0.0015840220385674932,8.901182563764915e-07,8.432800266551087e-05,8.432800266551087e-05,6.056682839622298e-05,0.0,put,2.40606417200355e-05,0.0006014597602188587,0.0,7.2499969974160194e-06,0.00016856625393367464,0.48152990679595137,0.48540646936767473,0.0,1.0,0.0,0.0016063930917859755,0.002694874168142375,0.0017263233583671668,0.008945351650475731,0.0016956946040539143,0.003402136782083077,0.00185993638127584,0.003477210082610655,0.7169907881269191,1.0,0.00014946846698366442,0.002434435377110411,0.0003469700269047337,0.5588352612684483,2.7284459129133436e-05,0.0009127033116209521,0.00011435304300052044,0.0003718817068354468,0.003402136782083077,0.0026296691926661077,0.00077503237220932,0.041104831037529335,0.0003648889590041379,0.003402136782083077,0.0007790259697919896,0.0009580018861529041,0.0015217223212562608,0.001016417613086105,put_T050_s020_r005_q000,17,validation
P1,0.008666625013574958,6.845803000032902e-05,0.00011470797471702099,0.0018164175977309106,0.00012733617030594865,0.009082850122741465,0.0003703329712152481,0.02264046114313494,0.2139593157914155,0.2146356013852683,0.0,1.0,0.0,0.0016885530465768316,0.002272924289172973,0.0017278824035581533,0.0077513541755178115,0.0021819397371587554,0.004507764073228755,0.002562507097144626,0.006454329770072054,0.5585303662494204,1.0,0.0004153334448489298,0.0034163465737095727,0.0008086788663562638,0.38747286323068264,8.273956747310102e-05,0.0025941198756707345,0.0002891714829114526,0.0006812715821517681,0.004507764073228755,0.004215574995085004,0.001242579472209764,0.06513180723860303,0.0007427120581811746,0.004507764073228755,0.0013217302984304096,0.0006189900072800469,0.0025941198756707345,0.0007553611921737479,24,0.0,2.3282681110131835e-06,0.0002226403090939055,0.0002226403090939055,9.470796453340205e-05,0.0,put,2.034654506877648e-05,0.0005586239276453853,0.0,5.124951712787151e-06,0.0021489224860889427,0.22173589541620953,0.2225949856237276,0.0,1.0,0.0,0.001700972452802633,0.002139166361283251,0.0017352460783975523,0.008636676117820482,0.00221569243893902,0.004496342295081293,0.0025771507788875467,0.005430093010104466,0.5602836879432624,1.0,0.0004070976289244786,0.0033245889774146413,0.0007934514245132209,0.3891625615763547,7.785536420680747e-05,0.0015841491712740429,0.0002580846516584649,0.0006860271474691705,0.004496342295081293,0.004233047908878715,0.0012477115962009453,0.06022851137228216,0.0007487867747848413,0.004496342295081293,0.0013277120191896269,0.0006099997126248146,0.0016413536518744124,0.0007392540287922719,put_T050_s020_r005_q003,17,validation
P1,0.00851137493737042,7.054198067635298e-05,0.0001105000264942646,0.0018062933301001747,0.00011809109606864268,0.012477181618928255,0.00035258405841886997,0.018959649975692758,0.16722452836131635,0.16928549129292472,0.0,1.0,0.0,0.001247167658476069,0.0022050688173022026,0.0013775871696499367,0.009213310305025275,0.0012124150802804321,0.0029558205783101633,0.0013551046672709392,0.0058628463337706315,0.8213257889859031,1.0,0.0001172333715594378,0.001936450677559154,0.00029371206143027033,0.6968217182585664,4.46080129183562e-05,0.0029558205783101633,0.00023374778290283853,0.0003086526730154193,0.0029558205783101633,0.0021240777048942435,0.0006262144970661642,0.04679152164277969,0.00026610288932272716,0.001996662692792385,0.0005340771976854839,0.0015225900246388828,0.0029558205783101633,0.0017086906757967034,24,0.0,2.240707545911081e-06,0.0001816821181895665,0.0001816821181895665,0.00011810055167001407,0.0,put,1.928110031173616e-05,0.0005386261036619544,0.0,5.00003807246685e-06,0.0008930627191861169,0.17438407856936922,0.17675415374565143,0.0,1.0,0.0,0.0012711517012130417,0.0022592377107262807,0.001405007102765633,0.009712245709148097,0.0010816118392102936,0.0025373261917634934,0.0012146164891478563,0.004775943010873261,0.823615730776756,1.0,0.00011599649913996848,0.002112540778218819,0.00029714482936430976,0.7001247401247401,2.540989483771464e-05,0.0006236256732852514,9.056515239976494e-05,0.0002885290945654156,0.0025373261917634934,0.001966522761633196,0.00057975751627374,0.03580808227599923,0.0002632129654889401,0.0019786380665703174,0.0005273602782360116,0.0010863391567127907,0.0025373261917634934,0.0012961131255673306,put_T050_s020_r005_q006,17,validation
P1,0.008539583999663591,7.145898416638374e-05,0.00011720892507582903,0.0018115710001545557,0.00011842068875912091,0.012321385450898507,0.0003802090650424361,0.05548996458087367,0.3845811808228033,0.3847727571890713,0.0,1.0,0.0,0.0007091224884601462,0.001818009522205788,0.0008526640992668723,0.0010953553856790032,0.0026537573553328682,0.006048173700990931,0.0030823942843626185,0.004250184788067368,0.7335951940850278,1.0,0.00025828519233971276,0.0032257454290424903,0.0005919797066913636,0.5792738551359241,7.883387375911722e-05,0.0022166109494271627,0.0002957873339441703,0.0008602209950616457,0.006048173700990931,0.005513418503209146,0.0016278321398726324,0.040680050684764144,0.0008795888810354419,0.006048173700990931,0.0016690598068261331,0.0025423186446123947,0.0036034893203794674,0.0026585253707307344,24,0.0,3.4642354810487367e-06,2.3487553391848826e-05,2.3487553391848826e-05,1.0826042486165515e-05,0.0,put,2.175909975150464e-05,0.0005739610642194748,0.0,5.084089934825897e-06,0.00014050286043786444,0.39502436633667404,0.3950978748882263,0.0,1.0,0.0,0.0008056129287638554,0.00207363820420714,0.000990270720975313,0.0017055810406702435,0.0027353398916815657,0.006021827645836549,0.003154482303725091,0.0037933675847984186,0.7355496351210471,1.0,0.0002483094795693152,0.0030996785795964084,0.0005665942449219951,0.581714913887871,8.847411995247008e-05,0.002280330307320262,0.00033453752648419927,0.0008810660047464299,0.006021827645836549,0.005638176597656791,0.0016646468170951126,0.031298268378912114,0.0008811297926481702,0.006021827645836549,0.001675436237624651,0.0029786586305582397,0.003942524903504441,0.0030773901316781126,put_T050_s020_r005_q010,17,validation
P1,0.008272583014331758,6.641598884016275e-05,0.00011395791079849005,0.0008771181670257843,9.172395697052708e-05,0.003469475244008058,0.00030858302488923073,0.2255017709563164,0.35184495559830575,0.35388469737854256,0.0,1.0,0.0,0.00030112707830572176,0.0005585633785048505,0.0003243964936143757,0.009307445803867042,0.0018372948772805405,0.007757055145667019,0.0026787243937114956,0.007773762958216966,0.45424420086668366,1.0,0.00017887445097260215,0.0008058579755748733,0.0002767359640875829,0.2938654353562005,0.00010059598692379647,0.0033019649220976943,0.0004226711182005577,0.0008069696127701243,0.007757055145667019,0.005629558338147753,0.001662885116631445,0.05472565517954624,0.0006951303073087151,0.007539017597377851,0.0013429536798726192,0.005192113134046414,0.007757055145667019,0.005490938730976764,24,0.0,1.1610835001793087e-05,0.0011308469681800028,0.0011308469681800028,0.00038180895196153366,0.0,put,3.7752997943826805e-05,0.0004939149366691709,0.0,4.958012141287327e-06,0.00013718150118013244,0.3634657922071935,0.3657959651489915,0.0,1.0,0.0,0.00036755302883680513,0.0007205645568214014,0.0003964734773961417,0.00982786021172257,0.0017643163380076704,0.007546886730861471,0.002566124687344303,0.0073262582983345675,0.45439864003399916,1.0,0.00017856805800905523,0.0008057774020494378,0.0002759554603960946,0.293994720633524,7.64607372031449e-05,0.0026465337998576935,0.00030231486848990465,0.0007795732629617439,0.007546886730861471,0.0053988409564660654,0.0015946882447717724,0.047548785529741684,0.000677734200873246,0.007354816096225403,0.0012987506342205667,0.004861318991206946,0.007546886730861471,0.005209114124071637,put_T050_s040_r005_q000,17,validation
P1,0.008391499985009432,8.108303882181644e-05,0.00011766701936721802,0.0008626232158522614,8.8383383301624e-05,0.0032238602886080184,0.0003713329788297415,0.03673866240711161,0.33970801894843144,0.3410848288342072,0.0,0.15,102.0,0.0014908238920427208,0.0022428863402918497,0.0015739144614847222,0.012627164705480186,0.0016028649878675535,0.0034245974888711533,0.001766758770849496,0.005526442872128091,0.45039096437880105,1.0,0.0002586304869235397,0.0020700322504301205,0.00045234948194079,0.29064812738282125,8.162779175078423e-05,0.0025524649972765425,0.00024903512242623396,0.0007840764297486604,0.0034245974888711533,0.003924115853624894,0.0011596423472983986,0.03477621917367078,0.000794017265469801,0.0030339774407219904,0.001138877493851545,0.002112782272888961,0.0034245974888711533,0.002261844600827614,24,0.0,8.040569717711154e-06,0.0006562080015208999,0.0006562080015208999,0.0002341410876752807,0.0,put,1.6924933022630096e-05,0.0005753330187872052,0.0,5.249981768429279e-06,0.0001473421084305349,0.3448300713654487,0.3460628400193897,0.0,0.15,102.0,0.001543527774827801,0.002323456976516758,0.0016292058763269592,0.013715057876085516,0.0015503213260036218,0.003215583336895478,0.001716109551666277,0.005097292407167137,0.45141065830720994,1.0,0.00026106353036445463,0.002230071567161984,0.00046121829443011,0.291497975708502,6.425789560833105e-05,0.0008715521889365446,0.00017355703534749454,0.0007673092148893895,0.003215583336895478,0.003836931426824736,0.0011338444128234043,0.031017624527493237,0.0007881798454636418,0.0030293272870608743,0.0011305208208030907,0.001803006338317735,0.003215583336895478,0.001999737855585496,put_T050_s040_r005_q003,17,validation
P1,0.00830766698345542,6.64170365780592e-05,0.00010883307550102472,0.00086096760281794,8.17469011521412e-05,0.003401852173582709,0.00026104203425347805,0.011042433502326551,0.19507150516946228,0.19708031834674627,0.0,0.15833333333333333,101.0,0.0015676809304285473,0.002954255669770034,0.0017178356506802705,0.008048893849019955,0.0020266074227692113,0.004805267754244794,0.002294368590068659,0.003988150995235005,0.5663540542783634,1.0,0.00012470720342663553,0.0022617541957711818,0.00026700283265722097,0.3950445756628459,6.538390308409989e-05,0.0019903956798454584,0.00020642478365084712,0.00090464087714652,0.004805267754244794,0.005016943710110904,0.001483501139896584,0.03996749833311782,0.000984393385296984,0.004805267754244794,0.0015760012728734613,0.0011168797959835162,0.0019903956798454584,0.0012094793180267825,24,0.0,3.5836882990008632e-06,0.00022195975265491136,0.00022195975265491136,7.467406123086125e-05,0.0,put,2.0928239961867654e-05,0.0004413330461829901,0.0,5.040899850428104e-06,0.0004756829241876763,0.19696718313736286,0.198694390340754,0.0,0.15833333333333333,101.0,0.001739134739319568,0.003258229551531433,0.0019082201784411462,0.01271845127116268,0.002066432393293799,0.004821778657050508,0.0023274873948881717,0.0037700260186822707,0.5677204658901831,1.0,0.00012923022192235287,0.0026985590006860516,0.000291966075892257,0.39637546468401486,7.64423340969407e-05,0.0012689961073111492,0.00022895943419919536,0.0009274776571989005,0.004821778657050508,0.005109197826999589,0.0015107414268177456,0.03679369690765854,0.0009949593210839115,0.004821778657050508,0.001592608693272138,0.001386922385947726,0.0021514626760973377,0.0014455352309454958,put_T050_s040_r005_q006,17,validation
P1,0.008252708008512855,6.65830448269844e-05,0.00010687496978789568,0.000865082462121365,8.061808388512925e-05,0.0034011294675997433,0.0002475420478731394,0.07750538231821655,0.06674594328451104,0.08008691387840189,0.0,1.0,0.0,0.000280582268086504,0.0011236901232005714,0.0004066538912808952,0.006459326150652719,0.000981059761993854,0.002528639550733347,0.0011297942086137152,0.002934406264296304,0.5080660466881761,0.9914814814814815,0.00019470083622307333,0.001033697868555436,0.0003267613388907331,0.3415412094922174,6.349085117312779e-05,0.002344879281575273,0.00018400498090023737,0.0005600856987337364,0.002528639550733347,0.0027225412329870613,0.000806387719158837,0.02583951848706195,0.0006408481200556966,0.002528639550733347,0.0008726188857336731,0.0002875344944586377,0.002344879281575273,0.0003630021103279271,24,0.0,4.179634666135178e-06,0.00032375544916108875,0.00032375544916108875,6.461479561827888e-05,0.0,put,1.22281699248071e-05,0.0004260001005604863,0.0,5.00003807246685e-06,0.0006721268801154826,0.0749582562557231,0.09138469997700677,0.0,1.0,0.0,0.0003599252773448252,0.001194128891629731,0.000515551012181788,0.006756428136318362,0.0009788316107144398,0.0025520745039147585,0.001132054927123798,0.0025120797072214185,0.5107879479136964,0.9951851851851852,0.00019215275087635988,0.0010208015117210895,0.00032311243510298984,0.343562204321698,4.9216736682708045e-05,0.0006378693203925034,0.00013134782525550619,0.0005585997028670509,0.0025520745039147585,0.002727775462889903,0.0008079198285395209,0.023939948054845922,0.0006447340393734789,0.0025520745039147585,0.0008760195874899161,0.00014124408752050352,0.0005356173131557118,0.00017788207638083623,put_T050_s040_r005_q010,17,validation
P1,0.008243208983913064,6.599992047995329e-05,0.00010745797771960497,0.00047705060424048335,7.432094584956313e-05,0.0020647047278580135,0.00029816594906151295,0.01694562122369609,0.05322423130161016,0.13518567887141536,0.0,0.9,12.0,0.00012122257432386775,0.0004466190521979496,0.00018828533057583264,0.037356880132153866,0.0011088322604657836,0.0028476648504447144,0.0013476860197959117,0.0018066024509393861,0.8019247985675919,0.999442119944212,8.615016652459354e-06,0.00010652228243525275,2.0745299770620845e-05,0.6695944683236779,4.6947865485454195e-05,0.0008612052683756874,0.00014435720971017952,0.0007067243121258414,0.0028476648504447144,0.00361247044052599,0.001073595901746635,0.017441491643741314,0.0007452478057517261,0.0028476648504447144,0.0010885180543786115,0.0018068508275433303,0.0026955066484410928,0.001932012926583806,24,0.0,9.753260467477105e-06,4.181177544471115e-05,4.181177544471115e-05,4.173863994023086e-05,0.0,put,3.670689027842899e-05,0.00047649885527789593,0.0,4.875008016824722e-06,0.0008586546871813495,0.06477824262738842,0.14173422823219275,0.0,0.9,12.0,0.00023097005752128642,0.0005564022060889906,0.0003024172774005011,0.03485297829025633,0.001153201421452033,0.0029637531863907496,0.0014015075279261594,0.001964167486627771,0.8025520483546004,1.0,9.295169149525995e-06,0.00031011087959170736,2.479991909508905e-05,0.6702187324733595,6.6605194518888e-05,0.0011903083095862396,0.00020902415035759355,0.0007352822531188514,0.0029637531863907496,0.003757388803812783,0.0011166158857756287,0.018753080707324107,0.0007655159251734357,0.0029637531863907496,0.0011211985381746024,0.002030293204773452,0.0028295042461334574,0.0021227494016359846,put_T050_s060_r005_q000,17,validation
P1,0.008157208911143243,6.437499541789293e-05,0.00010679091792553663,0.0004677435750927364,7.120822146141186e-05,0.0017914867152148497,0.00024104106705635786,0.010347940829224252,0.05860979623196607,0.06265084050897006,0.0,0.9166666666666666,10.0,0.0004733581365444185,0.0011330825782159826,0.0005480278557278558,0.009497285440980118,0.0012115872408020173,0.0028008502343357944,0.0014412184759832888,0.0017596967970056586,0.7685940640889204,1.0,1.7206256607507484e-05,0.0006531802167807355,5.3932451978051345e-05,0.6241597849049356,5.18035230409013e-05,0.0008668244054048156,0.0001483270488320206,0.000786811488824638,0.0028008502343357944,0.0038906714886524606,0.0011573378546721068,0.02337732357812032,0.0008477315881892721,0.0028008502343357944,0.001207084279725789,0.0015033751069481688,0.002291079154125547,0.0016127487756794794,24,0.0,6.69259615622566e-06,2.6439252403531732e-05,2.6439252403531732e-05,2.5289096478414706e-05,0.0,put,5.0892719634490494e-05,0.00041716499254107475,0.0,4.958012141287327e-06,0.0002705527164262459,0.06834079343847083,0.07162000810211797,0.0,0.9166666666666666,10.0,0.0006300782576882159,0.001291191473185349,0.0007018018424026759,0.009950751718959362,0.001251178657458612,0.0028766944959317114,0.0014876748273100803,0.001841009726796426,0.7684123418843836,1.0,2.1894866148164416e-05,0.0009131944897660116,7.985157873976216e-05,0.6239201382223075,6.97499016991326e-05,0.0009926248372627497,0.00020187635283794306,0.0008138219694635215,0.0028766944959317114,0.0040174699200597455,0.0011950051359387842,0.023519002300926337,0.0008658213853029405,0.0028766944959317114,0.0012359649985847498,0.0017159487704911337,0.0024186110754695345,0.001793976837027066,put_T050_s060_r005_q003,17,validation
P1,0.008366500027477741,6.716698408126831e-05,0.00010941701475530863,0.0004652616481758539,6.558530688651847e-05,0.001696641293046636,0.0002714169677346945,0.049934023196055284,0.40470193567192253,0.4098317067449831,0.0,1.0,0.0,0.0005060656884762182,0.001153041039574254,0.0005774706987871332,0.008113148467307062,0.0007758669219075934,0.0033834528844934597,0.0009927816208491742,0.0033991482974458005,0.5255431591309454,1.0,5.8076652687827936e-05,0.0007885137454660684,0.00011990083497533064,0.35643170051772205,4.898893686192981e-05,0.0010816780842576902,0.00014376598907479124,0.0005296581429975694,0.0033834528844934597,0.002712486035716666,0.000807756915616687,0.04059002443127056,0.0005427284670905579,0.0033834528844934597,0.0007935988169361282,0.0015059207890802742,0.003082000518940281,0.0016805146665367465,24,0.0,6.742471026244793e-06,0.00021272542470256867,0.00021272542470256867,0.0001401692460224667,0.0,put,3.6885117739265945e-05,0.00045304198283702135,0.0,5.041016265749931e-06,1.1456525779160044e-06,0.41498942448280524,0.41932320394177236,0.0,1.0,0.0,0.000603219898336814,0.0012328125928671163,0.0006867018999637287,0.00915887021668069,0.0007370817648561427,0.0032629850271351513,0.0009459231946811777,0.0032752011243755872,0.5255431591309454,1.0,6.368160540004379e-05,0.0011797162326645516,0.00013938347803098028,0.35643170051772205,2.679396006340459e-05,0.0004982160652991646,7.157194267276493e-05,0.000506099208965935,0.0032629850271351513,0.002589324833281442,0.0007710511476266476,0.03701568800737996,0.0005237183331143224,0.0032629850271351513,0.000762692767738763,0.0012962060912404723,0.0029569252380750866,0.0015336725375929938,put_T050_s060_r005_q006,17,validation
P2,0.008286040974780917,7.312500383704901e-05,0.00012466695625334978,0.001889075103393346,0.00013184252491736472,0.010955401961303934,0.0003300420939922333,0.030557677616501147,0.762666174453016,0.7662848365817057,0.0,0.975,3.0,0.0027129023187079516,0.005707384120725911,0.0030762896184472013,0.03227378010782542,0.0020144478065648413,0.005707384120725911,0.0025057511339338597,0.004970872946758238,0.9511572358125361,0.9860814618734524,5.713613955222388e-05,0.0043468092876269016,0.00033692407480557797,0.9186222257576963,2.599047668076351e-05,0.002458099136708642,0.00016337206841828678,0.0003338682719691434,0.005707384120725911,0.0033677110299604207,0.0009925659529846228,0.054047350163302865,0.0002195864296964135,0.005244841127285946,0.0007612824471782291,0.002572677225213856,0.004804072201042411,0.002888534658020162,24,0.0,1.2001097387887297e-06,3.152966756726382e-05,3.152966756726382e-05,2.7550754543936927e-05,0.0,put,2.40606417200355e-05,0.0005336260655894876,0.0,5.792011506855488e-06,0.0011423973043993667,0.7728441847423857,0.7766664101285888,0.0,0.975,3.0,0.003102379571029143,0.005992719512084105,0.0034464140823669154,0.03530489201180727,0.0021005881886309173,0.005992719512084105,0.00266174854552903,0.00517387773581375,0.9465478841870824,0.9798480061480659,6.657768335010347e-05,0.004653197552025146,0.0003827485350364604,0.9154367770243319,2.752785344612687e-05,0.0013159418000683043,0.00014876894015579482,0.0003591551114029273,0.005992719512084105,0.0036299103538736882,0.0010698296349654596,0.052395264801610796,0.00022131055894732848,0.005637202098792621,0.0007714198651673304,0.0030445872352177932,0.005247709548659885,0.00332237448431229,put_T050_s020_r005_q000,17,validation
P2-S,0.008211667067371309,6.483308970928192e-05,0.00011104193981736898,0.001889075103393346,0.00013184252491736472,0.010955401961303934,0.0003300420939922333,0.2572400861170915,nan,nan,0.0,0.0,120.0,0.002713858737654702,0.005707384120725911,0.0030763185262645664,nan,0.0020185342232403344,0.005707384120725911,0.002505863711471939,0.004967689442045568,0.427937222534859,1.0,8.614851711867708e-05,0.0043468092876269016,0.0003395009041626039,0.2722138254713229,8.046316578415846e-05,0.0024580991367080763,0.00017441284942056382,0.0003593565228335757,0.005707384120725911,0.003370404231117086,0.000993359720546288,0.053671495405101056,0.00024291190835713032,0.005244841127285946,0.0007621990798221641,0.0025733709041654744,0.004804072201042411,0.00288854907537557,24,0.5084710743801653,1.1816774348796904e-06,2.6141802809470515e-05,2.6141802809470515e-05,8.89096668489702e-06,0.0,put,2.40606417200355e-05,0.0006026261253282428,0.0,9.67090018093586e-05,0.0011423973043993667,nan,nan,0.0,0.0,120.0,0.0031032391416643177,0.005992719512084105,0.0034464331977814137,nan,0.002104526808824477,0.005992719512084105,0.0026618478963726234,0.005167649226221269,0.42890267594159304,1.0,9.562035972730115e-05,0.004653197552025146,0.0003850242846476288,0.2729956122856003,8.186686802688554e-05,0.0013159418000683043,0.00016077075821836016,0.00038458675422212054,0.005992719512084105,0.003632402320212484,0.0010705640827007143,0.05206278328464734,0.00024456699300490453,0.005637202098792621,0.0007723215827723952,0.0030451974247698295,0.005247709548659885,0.003322384622152109,put_T050_s020_r005_q000,17,validation
P2,0.00850091699976474,6.683298852294683e-05,0.00010862504132091999,0.0018164175977309106,0.00012733617030594865,0.009082850122741465,0.0003154170699417591,0.01097298423501632,0.14229712845158857,0.14733417030405435,0.0,1.0,0.0,0.002391111139282446,0.004069055891310014,0.0025678215223082774,0.008124971960495967,0.0023408492052823084,0.004096160948222127,0.002519175747560874,0.004547146387110763,0.9283529361078798,1.0,8.020436773226506e-05,0.0035799882478928235,0.00033274649985939766,0.8662860818525367,4.485211901638413e-05,0.0024628508922560598,0.0002100351175778329,0.00042051317327562244,0.004096160948222127,0.0034753745033930376,0.0010243985746172957,0.04665580012863884,0.00035225394192346887,0.004096160948222127,0.0009333162093171901,0.002058582891347997,0.003720597862787861,0.0022513257030458192,24,0.001652892561983471,1.264259940627451e-06,1.7828887443487734e-05,1.7828887443487734e-05,1.3948802343591822e-05,0.0,put,2.034654506877648e-05,0.0004957080818712711,0.0,4.832982085645199e-06,0.0006118300734081006,0.15007370807638262,0.15485670498038867,0.0,1.0,0.0,0.002581451990876541,0.004214910842382874,0.002758898860300193,0.009466881709849561,0.0024365334639453247,0.004348588390569008,0.002635200952701598,0.0041737871561975,0.9305177700047502,1.0,8.147512858556532e-05,0.003580304923196498,0.0003499811264707928,0.870063797141242,4.4056299724128505e-05,0.0014154396358770083,0.0001917216927835572,0.00044468267733512723,0.004348588390569008,0.0036768785278555654,0.0010837779481316745,0.04097147781616392,0.00035600054663908554,0.004348588390569008,0.0009485816715332899,0.0025021632069300607,0.004116575168940026,0.0026688463422585122,put_T050_s020_r005_q003,17,validation
P2-S,0.008308375021442771,7.358402945101261e-05,0.00011016696225851774,0.0018164175977309106,0.00012733617030594865,0.009082850122741465,0.0003154170699417591,0.2809917355371901,nan,nan,0.0,0.0,120.0,0.002391293107935849,0.004069055891310014,0.002567837170843498,nan,0.002340859797630921,0.004096160948222127,0.0025191774721801076,0.004543217327492205,0.09306961054891137,1.0,0.00012158027057816987,0.0035799882478928235,0.00033672790525063204,0.04880598215003618,0.00010020691101325782,0.0024628508922560598,0.00021899321824354374,0.00045566210089196434,0.004096160948222127,0.0034791239361611375,0.0010255037543841136,0.046135682138091993,0.00038697113955944566,0.004096160948222127,0.0009344953943685078,0.0020588767602997644,0.003720597862787861,0.002251339958148807,24,0.4103305785123967,1.2622711025459294e-06,1.7828887443487734e-05,1.7828887443487734e-05,1.3948802343649501e-05,0.0,put,2.034654506877648e-05,0.0005945010343566537,0.0,9.533297270536423e-05,0.0006118300734081006,nan,nan,0.0,0.0,120.0,0.002581622442814376,0.004214910842382874,0.0027589118730671027,nan,0.0024366159493921123,0.004348588390569008,0.0026352078050734754,0.004167839610484977,0.09345650500384911,1.0,0.00012301830395653352,0.003580304923196498,0.0003537775463667227,0.04901881611887265,9.941108926595535e-05,0.0014154396365853722,0.00020149085685018087,0.0004798316010942657,0.004348588390569008,0.003680422429799193,0.0010848225305805498,0.04039404731790985,0.0003907064722909638,0.004348588390569008,0.000949741517570826,0.0025024570758818286,0.004116575168940026,0.0026688577802502908,put_T050_s020_r005_q003,17,validation
P2,0.008336415980011225,7.620803080499172e-05,0.0001284580212086439,0.0018062933301001747,0.00011809109606864268,0.012477181618928255,0.000567166949622333,0.00013889853462045976,0.031057140941946376,0.04000401410424625,0.0,0.9833333333333333,2.0,2.7286064268768177e-05,0.00016662214889268112,5.015362192594365e-05,0.007275154113747183,0.0012614319059451036,0.004880651055389464,0.0018599072136327723,0.005316223358199198,0.959911001628988,0.9230534117826851,1.0352624060405297e-08,2.351295042279933e-06,7.546786192845126e-08,0.9998344644926337,4.159162388709167e-05,0.003440525373405003,0.0003013032184632219,0.00022048557664895965,0.004880651055389464,0.0026374749052090456,0.0007775727872311267,0.03464309441877704,0.0001175168932950574,0.004275585837823032,0.00047615576332397914,0.0029285127470065984,0.004880651055389464,0.0031648370863007215,24,0.0,2.259797306496665e-06,0.00034373132014829536,0.00034373132014829536,0.00017097778979001317,0.0,put,1.928110031173616e-05,0.0007772909011691809,0.0,5.457899533212185e-06,0.0013952247195315338,0.023901251493025903,0.03609191501291858,0.0,0.9833333333333333,2.0,4.2778032361975515e-05,0.00022664658453935838,7.673893904474116e-05,0.007133920650831682,0.0011051401667563992,0.004522397959994151,0.001636555433894947,0.004112299192451957,0.9575501752150366,0.9186979445251012,1.1775714688191511e-08,2.351295042279933e-06,8.068968481567785e-08,0.9998336798336799,2.0505491796614416e-05,0.0014024296948385376,0.00011777126052156687,0.00019747204966900252,0.004522397959994151,0.0023464797582948274,0.0006917739795321832,0.023924166218770606,0.00011260311749224707,0.004030123710418096,0.000449713853680338,0.0024640130358173197,0.004522397959994151,0.002731636144355631,put_T050_s020_r005_q006,17,validation
P2-S,0.008285708026960492,6.374996155500412e-05,0.00010958302300423384,0.0018062933301001747,0.00011809109606864268,0.012477181618928255,0.000567166949622333,0.3712063337731787,nan,nan,0.0,0.0,120.0,2.0770411960053502e-05,0.00012482438104535754,3.4039307617807086e-05,nan,0.0012566635799010834,0.004880651055389464,0.0018590912984570635,0.005353179476883901,0.2144291451520367,0.8029001074113856,3.676900547956075e-05,7.04972761534084e-05,4.618930398983175e-05,0.12373779175633173,9.429400921704908e-05,0.003440525373405003,0.00030682129747657065,0.00024998601360364214,0.004880651055389464,0.0026401567261658755,0.0007783634339941116,0.03411989210628211,0.00014605802406428823,0.004275585837823032,0.00047727220985578097,0.0029281279283661942,0.004880651055389464,0.003164823521746161,24,0.6004132231404958,2.259797306496665e-06,0.0003481982339399918,0.0003481982339399918,0.00017097779300480315,0.0,put,1.928110031173616e-05,0.0008337500039488077,0.0,9.325006976723671e-05,0.0013952247195315338,nan,nan,0.0,0.0,120.0,4.247074541008933e-05,0.00021196668857415002,6.55614508190379e-05,nan,0.0011008592987470636,0.004522397959994151,0.001635594225589148,0.00415034110364846,0.2119968315690934,0.790547798066595,3.695479094195926e-05,7.04972761534084e-05,4.63063789027847e-05,0.12241164241164242,7.288934613689169e-05,0.0014024296948385376,0.00013093246669649135,0.0002270493331466005,0.004522397959994151,0.002349417856735552,0.0006926401707036232,0.02328110970205022,0.0001411546086571195,0.004030123710418096,0.00045087143879679495,0.0024631738674709904,0.004522397959994151,0.002731601671447145,put_T050_s020_r005_q006,17,validation
P2,0.008337542065419257,7.562502287328243e-05,0.00012033397797495127,0.0018115710001545557,0.00011842068875912091,0.012321385450898507,0.0003819169942289591,0.054517674838530455,0.07898689425673332,0.08275648099728565,0.0,0.525,57.0,3.88034054449253e-05,0.0002965608883255255,8.440068647999356e-05,0.004834345128248835,0.004296044760621259,0.01771582188011752,0.006562199761004154,0.017364820235416724,0.92540733197556,0.8650642551166111,3.8194321742788395e-08,8.366581337515555e-06,3.867583667446571e-07,0.99480021893815,0.0001391242390526971,0.006920373670212816,0.000730852184934073,0.0010795415176887205,0.01771582188011752,0.011141414017646314,0.0032894930451943154,0.18316584375705935,0.0007312500011121735,0.017237686913278892,0.0024060705876848823,0.011148948882210914,0.01771582188011752,0.011999252646228043,24,0.0,5.207491158932274e-06,0.0019066061356245152,0.0019066061356245152,0.0006346693916331523,0.0,put,2.175909975150464e-05,0.0005833349423483014,0.0,5.458947271108627e-06,0.009350947636079389,0.05920029193008936,0.061836735391912874,0.0,0.525,57.0,0.00012733277777021018,0.0006116887323541764,0.00022420626762556905,0.004967057714317803,0.0041562245556402274,0.01735064356427416,0.0063649511534656835,0.01641558488362098,0.9233058413400221,0.8614151991115342,3.9601534787456815e-08,8.366581337515555e-06,3.8828012756582507e-07,0.9947783070721876,0.00011803655329997088,0.005489948857781826,0.0005748864565255725,0.0010574666184081406,0.01735064356427416,0.01087400217657124,0.003210501267349007,0.17746881437663206,0.0007261037868711763,0.016984131325313793,0.0023810901954877755,0.010682845247979229,0.01735064356427416,0.01157460394758783,put_T050_s020_r005_q010,17,validation
P2-S,0.008398749982006848,8.583394810557365e-05,0.00012258393689990044,0.0018115710001545557,0.00011842068875912091,0.012321385450898507,0.0003819169942289591,0.29321480658379057,nan,nan,0.0,0.0,120.0,4.290045292860885e-05,0.00029646543250538837,8.433504702216593e-05,nan,0.0042943642366515935,0.01771582188011752,0.006561826086770815,0.01736969776292468,0.39092608107237226,0.6658616904500548,3.132789649799792e-05,7.358548282010435e-05,4.2352361452737414e-05,0.2766830870279146,0.0001871636516832322,0.006920373670212816,0.0007322114701636039,0.0011025464400008379,0.01771582188011752,0.011141470943190393,0.0032895098524129544,0.18307216471269433,0.0007524925370309079,0.017237686913278892,0.002406087151856765,0.01114820848860395,0.01771582188011752,0.01199900792366626,24,0.5274793388429752,5.207491158932274e-06,0.001907053591744477,0.001907053591744477,0.0006325633681433313,0.0,put,2.175909975150464e-05,0.0006829188205301762,0.0,9.258394129574299e-05,0.009350947636079389,nan,nan,0.0,0.0,120.0,0.0001322866286868417,0.000611687557746099,0.00022435592087602832,nan,0.004154618210686348,0.01735064356427416,0.006364576669348169,0.016419975428861346,0.3865296360933359,0.6564215148188803,3.146282860190918e-05,7.358548282010435e-05,4.244514506911857e-05,0.27390985709050936,0.0001661353505507662,0.005489948857781826,0.0005766808933028353,0.0010804863787873156,0.01735064356427416,0.010874070897226302,0.003210521556819856,0.17737059980087258,0.0007473463018356108,0.016984131325313793,0.0023811079478975915,0.01068209214010867,0.01735064356427416,0.011574365920084507,put_T050_s020_r005_q010,17,validation
P2,0.008280709036625922,6.883300375193357e-05,0.0001089159632101655,0.0008771181670257843,9.172395697052708e-05,0.003469475244008058,0.0003352910280227661,0.019445794846864366,0.28105411955297105,0.29332842152328503,0.0,0.9666666666666667,4.0,0.001828522951312794,0.0037391205172424002,0.002053024327503995,0.013342057866389295,0.001318106340378888,0.004100055165179084,0.0016435504459141436,0.0030206561195114346,0.6665689364509272,1.0,8.675023677449153e-05,0.0027302330173692435,0.0002994224442390764,0.4998900615655233,3.402224744076833e-05,0.0019921481707031834,0.00012681811933444275,0.0005531029172257159,0.004100055165179084,0.0035161898824284197,0.0010386285160452014,0.04255295558370518,0.0005283599233552884,0.004100055165179084,0.000995152319928524,0.0018625690019952452,0.003170757713230138,0.002064443584250902,24,0.0,4.0685293105604765e-06,4.322133835152342e-05,4.322133835152342e-05,4.269176920137785e-05,0.0,put,3.7752997943826805e-05,0.0005181230371817946,0.0,5.083042196929455e-06,0.00014027178846325814,0.29306536324399657,0.305556703188581,0.0,0.9666666666666667,4.0,0.0020997820218079445,0.004074853813549939,0.00234685966817817,0.014033531230861108,0.00137129643616817,0.004231827207962058,0.0017193227282191637,0.0030793014842077668,0.6667644255443947,1.0,9.77786596203997e-05,0.003671254217454123,0.00034659608277979123,0.5001099868015838,4.8309615171998195e-05,0.0010926968578108195,0.00017243453686554902,0.0005804472028936447,0.004231827207962058,0.0037008535355212706,0.0010931434499194658,0.03860398390870918,0.0005405160256503703,0.004231827207962058,0.0010233670048770069,0.0021688713125692692,0.003389631952688918,0.0023236805805306035,put_T050_s040_r005_q000,17,validation
P2-S,0.008507833001203835,6.729201413691044e-05,0.00010649999603629112,0.0008771181670257843,9.172395697052708e-05,0.003469475244008058,0.0003352910280227661,0.11688311688311688,nan,nan,0.0,0.0,120.0,0.0018293240414687102,0.0037391205172424002,0.0020530921156663717,nan,0.0013209178218641022,0.004100055165179084,0.0016438688923510307,0.003035241405718472,0.0763455641323887,1.0,0.00013843782154295087,0.00273023301736941,0.00030714453145587223,0.03968777484608619,8.931341901014867e-05,0.0019921481707031834,0.00014189415579667937,0.0005862796084277802,0.004100055165179084,0.003521574509356561,0.0010402190521831328,0.04264129617165887,0.0005607476257267341,0.004100055165179084,0.0009968659985473403,0.0018626628167552957,0.003170757713230138,0.0020644484215916166,24,0.0943526170798898,4.0685293105604765e-06,4.322133835152342e-05,4.322133835152342e-05,4.269176920137785e-05,0.0,put,3.7752997943826805e-05,0.0006000411231070757,0.0,9.095808491110802e-05,0.00014027178846325814,nan,nan,0.0,0.0,120.0,0.002100478835107842,0.004074853813549939,0.0023469079086446613,nan,0.001374445976102289,0.004231827207962058,0.0017196418642320438,0.003092473275595505,0.07637786945943087,1.0,0.00014928142827564937,0.003671254217454123,0.00035323901021968283,0.03970523537175539,0.00010360080841308258,0.0010926968578108195,0.000183764477105196,0.0006136238964055601,0.004231827207962058,0.003705964679176814,0.001094653159275707,0.03870423052818158,0.000572904135199946,0.004231827207962058,0.00102503258270872,0.0021689651878538394,0.003389631952688918,0.002323684183219806,put_T050_s040_r005_q000,17,validation
P2,0.008407582994550467,6.920797750353813e-05,0.00010854110587388277,0.0008626232158522614,8.8383383301624e-05,0.0032238602886080184,0.0003541250480338931,0.035349677060907005,0.599972335855499,0.6022093938891738,0.0,1.0,0.0,0.0017296372586594138,0.0032569189598145587,0.0019017452809502562,0.00676510967638857,0.001283250569283322,0.00329313133719239,0.0014834667000471861,0.003457540744593978,0.3428412152745517,1.0,0.0001816812389185846,0.002761028110169761,0.00037025048020039814,0.20688495178291097,5.980212018485557e-05,0.002278961117420493,0.00017927046309707922,0.0006122721328245605,0.00329313133719239,0.0032872972670695785,0.0009714517260061951,0.028657344014607712,0.0006762623271245991,0.00329313133719239,0.0010215594960947848,0.0002740954712636714,0.002278961117420493,0.00035628466399147655,24,0.0,4.966302981999091e-06,0.0003925952464670472,0.0003925952464670472,0.00011098816631561828,0.0,put,1.6924933022630096e-05,0.0005369571736082435,0.0,5.083042196929455e-06,2.590525438964165e-17,0.6092231493616457,0.611337390210818,0.0,1.0,0.0,0.0018483769916106487,0.003337489596039467,0.0020251110163841076,0.00802850788976973,0.001322949600150061,0.0033892659239880274,0.0015073902743155574,0.0031206246014238775,0.3436714165968147,1.0,0.00018733731291382572,0.002969928574286851,0.0003917702109492537,0.2074898785425101,5.4161851177744545e-05,0.0008464283276856943,0.00015384690136603822,0.0006332518706162447,0.0033892659239880274,0.0033592730274255933,0.0009926924746859322,0.025428585662511903,0.0006905450880608986,0.0033892659239880274,0.0010382325062290082,0.0004426493276405083,0.0010265955167924057,0.0004924804475735853,put_T050_s040_r005_q003,17,validation
P2-S,0.00847008393611759,6.462505552917719e-05,0.00010724994353950024,0.0008626232158522614,8.8383383301624e-05,0.0032238602886080184,0.0003541250480338931,0.04382248767275505,nan,nan,0.0,0.0,120.0,0.001730216876809245,0.0032569189598145587,0.0019018019657412782,nan,0.0012833544642838848,0.00329313133719239,0.0014834920839008456,0.003476784669142163,0.0778101088479362,1.0,0.00021800888817639815,0.002761028110169872,0.00037636857255475195,0.04047992823503028,0.00011138742091014111,0.002278961117420493,0.00019082068527201046,0.0006344403294757046,0.00329313133719239,0.0032921908413304614,0.0009728978596460386,0.02874907036204773,0.0006960331528015948,0.00329313133719239,0.0010229277115878176,0.0002741453563471841,0.002278961117420493,0.0003563073129025499,24,0.0,4.966311434894595e-06,0.00039259591468374794,0.00039259591468374794,0.00011098816631561828,0.0,put,1.6924933022630096e-05,0.0006145420484244823,0.0,8.854200132191181e-05,2.590525438964165e-17,nan,nan,0.0,0.0,120.0,0.0018489039573490037,0.003337489596039467,0.0020251563194858663,nan,0.0013231275908863849,0.0033892659239880274,0.001507423058594022,0.0031414101969552918,0.07802874743326488,1.0,0.00022372297501026825,0.002969928574286851,0.0003975532750169675,0.0405982905982906,0.00010574715758344375,0.000846428327796328,0.00016714718692753568,0.0006554200678776813,0.0033892659239880274,0.0033640610462217745,0.000994107373144265,0.025532617279807657,0.0007103160162281567,0.0033892659239880274,0.0010395787773229005,0.0004426992274930966,0.0010265955167924057,0.0004924945475118295,put_T050_s040_r005_q003,17,validation
P2,0.008610417018644512,6.854208186268806e-05,0.00011295895092189312,0.00086096760281794,8.17469011521412e-05,0.003401852173582709,0.0003855830291286111,0.06944926731022988,0.5511002633455334,0.5549206504396669,0.0,1.0,0.0,0.0005857934786923778,0.0012300110455759072,0.0006574356495029524,0.00546460633213129,0.0010121103497080417,0.0048927716022856005,0.0015331268389513746,0.0050056404625640994,0.3722201281568036,1.0,8.154588570629594e-05,0.000957651233268908,0.00013720837964244174,0.2286673613523214,6.398435066510347e-05,0.002756161983243543,0.0002684155181419926,0.00046315295092496143,0.0048927716022856005,0.0033392740710231792,0.0009874172757422634,0.03356469189821105,0.0003793762087148297,0.0045699870876710486,0.0007612018012259186,0.003207692683309435,0.0048927716022856005,0.0034094937100751094,24,0.0,7.861657675244434e-06,0.0006008429177912916,0.0006008429177912916,0.00026889917292409455,0.0,put,2.0928239961867654e-05,0.0005723341600969434,0.0,5.250098183751106e-06,9.058783827726591e-17,0.5591614426255421,0.5625176509659956,0.0,1.0,0.0,0.0006377496188445437,0.001296234694275089,0.0007171085873251158,0.006234580365095976,0.0009447727133060519,0.004711048216507488,0.0014336439953032873,0.004565818400045219,0.37324010205045827,1.0,8.339283548882244e-05,0.0011935565424440742,0.0001455255064810458,0.22943773234200743,4.051233844958753e-05,0.001434681665262047,0.00015034308858203452,0.0004383347658809641,0.004711048216507488,0.00313512141713065,0.0009270257217157491,0.02928524639594382,0.00036370827620954365,0.0044081978734779315,0.0007209986386200601,0.00291088529359996,0.004711048216507488,0.0031637190177257885,put_T050_s040_r005_q006,17,validation
P2-S,0.008532166946679354,7.083406671881676e-05,0.00011737493332475424,0.00086096760281794,8.17469011521412e-05,0.003401852173582709,0.0003855830291286111,0.07479686089311757,nan,nan,0.0,0.0,120.0,0.0005905066827894187,0.0012300111928902346,0.000658432220462565,nan,0.0010134460679377241,0.0048927716022856005,0.0015333528996503644,0.005020295946307534,0.08024005334518783,1.0,0.00012429089017037176,0.0009576581631264292,0.0001557011078191112,0.04179692022693065,0.00011646103487361361,0.002756161983243542,0.00027642305315898614,0.0004889167823440746,0.0048927716022856005,0.0033452275840154554,0.0009891777187172625,0.033498074262279354,0.0004032852893242721,0.0045699870876710486,0.00076354098834884,0.0032077629808225463,0.0048927716022856005,0.003409495711443652,24,0.0,7.861657675244434e-06,0.0006008450156827355,0.0006008450156827355,0.00026889917292409455,0.0,put,2.0928239961867654e-05,0.0006670840084552765,0.0,9.32919792830944e-05,9.058783827726591e-17,nan,nan,0.0,0.0,120.0,0.0006420557365111225,0.0012962348415894165,0.0007178835430363432,nan,0.0009462594064729749,0.004711048216507488,0.0014338996467748743,0.004581413594557126,0.08049949827182518,1.0,0.00012617131695091368,0.0011935571949043267,0.00016302267233430474,0.041937732342007435,9.298783648568455e-05,0.001434681665262047,0.00016414575043626687,0.0004640984697469383,0.004711048216507488,0.0031414558234356474,0.0009288987456900184,0.0292201927159829,0.00038762299010275007,0.0044081978734779315,0.000723469069548378,0.002910955637414576,0.004711048216507488,0.0031637197271392817,put_T050_s040_r005_q006,17,validation
P2,0.008332583936862648,7.424992509186268e-05,0.0001228750916197896,0.000865082462121365,8.061808388512925e-05,0.0034011294675997433,0.00039125001057982445,0.07611639697201195,0.2894416081970192,0.30777622732044774,0.0,0.85,18.0,2.5935192747429208e-05,0.00020779398519676917,5.221621150100612e-05,0.04710836116851688,0.0024697025085525584,0.010907159556222318,0.003758693820286592,0.006891758869645352,0.7090419744602875,0.6432207792207792,9.179806144405358e-07,1.4232111204770526e-05,2.0625969367693675e-06,0.7898698647614187,0.00012467608371888623,0.002908754511701592,0.0004286092263836688,0.0011480487191953448,0.010907159556222318,0.008650325530763005,0.0025621342994611635,0.042557717561457514,0.0010400202986419155,0.010536048872882259,0.0023172324119816144,0.0064549062657455105,0.010907159556222318,0.007032963334074105,24,0.031198347107438018,1.1481337360205095e-05,0.0006109461484188668,0.0006109461484188668,0.00031402828760080325,0.0,put,1.22281699248071e-05,0.0005939170951023698,0.0,5.542067810893059e-06,0.0012538805196683376,0.29785259971235317,0.31768645376545235,0.0,0.85,18.0,8.101166654771476e-05,0.0005217136900024233,0.00015372577997049892,0.04563309994435644,0.0024158407775527,0.010725034301772296,0.003678517153239279,0.006611096041797868,0.7078986587183308,0.6415584415584416,9.207385979125798e-07,1.4232111204770526e-05,2.06473236680941e-06,0.7895409794143972,0.00010350729178954852,0.002262933668342605,0.0003337341722861479,0.0011258271429194513,0.010725034301772296,0.00847656765084706,0.0025106124665483205,0.03898557185383421,0.0010269521607723842,0.010366583934004775,0.00228347219010886,0.006161040785193422,0.010725034301772296,0.006804032304146044,put_T050_s040_r005_q010,17,validation
P2-S,0.00821433390956372,6.925000343471766e-05,0.00010450009722262621,0.000865082462121365,8.061808388512925e-05,0.0034011294675997433,0.00039125001057982445,0.23001597333148135,nan,nan,0.0,0.0,120.0,2.9191975845245985e-05,0.00020774259153621966,5.2796037242416935e-05,nan,0.0024670612399202785,0.010907159556222318,0.003757803844043945,0.00690174227936798,0.08231918472345899,0.18334067871308946,5.2837870883903054e-05,7.668375149716411e-05,5.788359853318234e-05,0.05307476397040061,0.00017089763333675827,0.002908754511701592,0.0004305288684696532,0.001174616545807369,0.010907159556222318,0.008649457823213474,0.0025618772937257553,0.041699544244958024,0.0010656937894453378,0.010536048872882259,0.002316849277042038,0.0064549144844614,0.010907159556222318,0.007032962844515206,24,0.36170798898071627,1.1481337360206621e-05,0.0006109555712067562,0.0006109555712067562,0.00030287852899653193,0.0,put,1.22281699248071e-05,0.0006584171205759048,0.0,9.341700933873653e-05,0.0012538805196683376,nan,nan,0.0,0.0,120.0,8.373218299166906e-05,0.000521712951430997,0.0001535319578974061,nan,0.002413297965269676,0.010725034301772296,0.00367760304520716,0.006620563059829191,0.08919722497522299,0.1983252534156016,5.27346204542029e-05,7.668375149716411e-05,5.786652068517841e-05,0.05753739930955121,0.00014936850675552668,0.002262933668342605,0.000336091394046952,0.0011523208516980748,0.010725034301772296,0.008475662669135069,0.002510344426645649,0.03808580316519887,0.0010525950925587893,0.010366583934004775,0.0022830783463267013,0.0061609216376626265,0.010725034301772296,0.006804030638381662,put_T050_s040_r005_q010,17,validation
P2,0.008639375097118318,6.77499920129776e-05,0.00012099999003112316,0.00047705060424048335,7.432094584956313e-05,0.0020647047278580135,0.00037166604306548834,6.944926731022988e-05,0.021897100024787494,0.026392518513938753,0.0,1.0,0.0,7.250509024465974e-05,0.0004964251271192266,0.0001434890337425384,0.012318772725526233,0.0014723118074707288,0.006111078774085302,0.0023415852143612707,0.0049882448119469135,0.861721832970927,0.7571469006510048,4.8499219304784295e-08,5.885213638492346e-06,1.792566194522885e-07,0.9998131190431695,7.91177954296292e-05,0.0019990433771846366,0.0003026036253984402,0.0009342282774896228,0.006111078774085302,0.006276187530259555,0.0018652302688735361,0.049611384472090944,0.0009009884042635813,0.006111078774085302,0.0017830917949668023,0.004147143923427985,0.00599685285675991,0.0044042295053599205,24,0.0,2.0764999098719467e-05,0.0001426300419605786,0.0001426300419605786,0.00012086840368863982,0.0,put,3.670689027842899e-05,0.0005656239809468389,0.0,5.207955837249756e-06,0.0014747555840626744,0.010914442328197809,0.018674896847715654,0.0,1.0,0.0,9.337282847675989e-05,0.0004749889499222615,0.00016746804230726733,0.01023047076641784,0.0015140125461845213,0.006227167110031337,0.002408567731439792,0.005165954923461742,0.8616995569875152,0.7570053778658364,4.83212112783149e-08,9.956202645182949e-07,1.6123214701954785e-07,1.0,0.00010178514283098443,0.0024003599803558567,0.0003862472627329433,0.0009608949558982105,0.006227167110031337,0.006456697340955125,0.001918792863075499,0.049017370228197986,0.0009202895970164622,0.006227167110031337,0.0018257929289098253,0.004377746211855953,0.006130850454452275,0.004596965874870177,put_T050_s060_r005_q000,17,validation
P2-S,0.008923916961066425,7.166597060859203e-05,0.00011104205623269081,0.00047705060424048335,7.432094584956313e-05,0.0020647047278580135,0.00037166604306548834,0.19244391971664698,nan,nan,0.0,0.0,120.0,6.636185961308999e-05,0.000466217233374977,0.00013017323974290814,nan,0.0014754269416177798,0.006111078774085288,0.0023416057037257895,0.005001543352703747,0.2675261885576148,0.9718969555035128,4.4237900954702096e-05,7.21407815642451e-05,5.1930461857157546e-05,0.15511119416931415,0.00012941724160162095,0.0019990433771846366,0.00030805080885595913,0.0009523552554905937,0.006111078774085288,0.006277131382921174,0.0018655107739644567,0.04984147051476638,0.0009162603464879915,0.006111078774085288,0.0017833416393924135,0.004147145243297051,0.00599685285675991,0.004404229519067376,24,0.2275482093663912,2.0764999098719412e-05,0.00011612097092811302,0.00011612097092811302,0.00011581070848839525,0.0,put,3.670689027842899e-05,0.0006492070388048887,0.0,9.483296889811754e-05,0.0014747555840626744,nan,nan,0.0,0.0,120.0,8.953873073713493e-05,0.00047319694905773035,0.00015830426127659322,nan,0.0015170332152272185,0.006227167110031323,0.002408589672311069,0.005178473951644944,0.2750282121554086,0.9988290398126464,4.3890900739143586e-05,6.93147180562681e-05,5.174987368748354e-05,0.1594690596373154,0.00015181334988124108,0.0024003599803558567,0.0003904968917597366,0.0009788296608117609,0.006227167110031323,0.006457614001020589,0.001919065274913719,0.049269154780146464,0.0009353423616512046,0.006227167110031323,0.0018260344399592962,0.00437774753172502,0.006130850454452275,0.004596965903704759,put_T050_s060_r005_q000,17,validation
P2,0.008759708027355373,7.354200351983309e-05,0.00012208300177007914,0.0004677435750927364,7.120822146141186e-05,0.0017914867152148497,0.00039104092866182327,0.01187582471004931,0.06431662438424599,0.120726336455357,0.0,0.7333333333333333,32.0,9.247145251587436e-05,0.000334280089773098,0.00013841631968802135,0.01837559426632288,0.00017863539701504672,0.0013138011082503946,0.0003034988525595142,0.002210150295922901,0.8722497608487695,0.7970438652256834,1.0453573803405836e-06,9.982769124283752e-05,6.5690255987614056e-06,0.9631265603994623,4.051707637310538e-05,0.0013138011082503946,0.00016906729668886357,0.00011547636850757354,0.0013138011082503946,0.0008191061067527041,0.00024365524231559604,0.028917542622763245,9.39524076893232e-05,0.0010799911827554243,0.00018775573678744242,0.000821139478663929,0.0013138011082503946,0.0008407769397777787,24,0.0,1.0890301687342023e-05,0.0004611106496745943,0.0004611106496745943,0.0002761951293152341,0.0,put,5.0892719634490494e-05,0.0005920829717069864,0.0,5.417037755250931e-06,0.0006784332373648248,0.07258426713126208,0.1254322525460713,0.0,0.7333333333333333,32.0,0.0001697884505462459,0.0004313434417073658,0.00022041042804727984,0.02108013353888538,0.0001680288595824517,0.0012017426279727905,0.00027627895271050155,0.002082807620634656,0.8658377532388488,0.7913223140495868,1.959001564813486e-06,0.00021859177360339377,1.329302091201989e-05,0.9558456517565752,2.07076729216225e-05,0.0006535831044800003,7.672203292061583e-05,0.00010894424170021158,0.0012017426279727905,0.0007459756219029068,0.00022189206570234757,0.029114519988578436,9.60078247162693e-05,0.0012017426279727905,0.000195879679456103,0.0005949883009348069,0.0007831940365980589,0.0006239221379260298,put_T050_s060_r005_q003,17,validation
P2-S,0.008417541976086795,7.099995855242014e-05,0.00011641602031886578,0.0004677435750927364,7.120822146141186e-05,0.0017914867152148497,0.00039104092866182327,0.20820890339606918,nan,nan,0.0,0.0,120.0,0.00011475621165537661,0.00033431535219008435,0.0001477312866592054,nan,0.00018548986010594878,0.0013138011082503946,0.00030423013441717347,0.002244720052082588,0.16072059342988346,1.0,5.1608957547761397e-05,0.00013111504193485946,5.7649118500202757e-05,0.087382369886691,9.212445428888087e-05,0.0013138011082503946,0.0001796584113869257,0.00013787577229634003,0.0013138011082503946,0.0008290689673960328,0.00024661884276271084,0.02890242479268594,0.00011363814954418002,0.0010799911827554243,0.00019096373009389977,0.0008211403882392983,0.0013138011082503946,0.0008407769318764875,24,0.20826446280991737,1.0890301687342023e-05,0.0004611106496746082,0.0004611106496746082,0.0002761951293152341,0.0,put,5.0892719634490494e-05,0.0006684570107609034,0.0,9.000010322779417e-05,0.0006784332373648248,nan,nan,0.0,0.0,120.0,0.00018862561566342084,0.00043134405942157894,0.00022638388527803255,nan,0.00017455817000473382,0.0012017426279727905,0.00027700976025249127,0.002117316825092428,0.1606638418079096,1.0,5.228529172549193e-05,0.00022922588253859733,5.897684947372577e-05,0.08734881935112306,7.154864095688072e-05,0.0006535831044800003,9.764519866480076e-05,0.00013105571641846439,0.0012017426279727905,0.0007567693126875971,0.0002251026724225214,0.029092407486679583,0.00011549948189128373,0.0012017426279727905,0.00019891351977566074,0.0005949892105102618,0.0007831940365980727,0.0006239221781947764,put_T050_s060_r005_q003,17,validation
P2,0.008897542022168636,7.308297790586948e-05,0.00011433404870331287,0.0004652616481758539,6.558530688651847e-05,0.001696641293046636,0.0003922500181943178,0.01111188276963678,0.10516501309599872,0.14047817364877324,0.0,0.30833333333333335,83.0,4.777834152210463e-05,0.00033484566771002644,8.248930341400661e-05,0.014973470815608864,0.0015583264517442577,0.00799726061492173,0.0025094312414326476,0.005297205981505423,0.8070292887029288,0.6960161662817552,1.305166112974461e-06,0.00010814231403993846,9.099910913108264e-06,0.9601752289924332,0.0001242974992977375,0.00320106776454461,0.00047071810148124324,0.0010242535812818366,0.00799726061492173,0.0068303539501087685,0.002034025453647136,0.02457736806297407,0.0009472125135902146,0.007702810854917655,0.0018258770463099705,0.005375309595922428,0.00799726061492173,0.005671244043088298,24,0.0,2.3308918203004665e-05,0.0015284239819259946,0.0015284239819259946,0.000604562982348547,0.0,put,3.6885117739265945e-05,0.0005848340224474669,0.0,5.166977643966675e-06,0.0007337140167815717,0.10695023728684112,0.14189152753328843,0.0,0.30833333333333335,83.0,0.00010312737729422557,0.0006813598713134583,0.00019105113885792456,0.014413668058876884,0.0015209718048499374,0.007878736397749442,0.0024486703635248,0.005068820415819841,0.8063598326359832,0.6954387990762124,1.3838634063982434e-06,0.00011403382072838752,9.487450139603337e-06,0.959378733572282,0.00010245918140052712,0.0028005551323851685,0.0003822534154800814,0.0009997389217183581,0.007878736397749442,0.006665227347066175,0.001984776544484363,0.024418343760895425,0.000927823082102454,0.007592457431458546,0.0017867927405322349,0.005164690621194186,0.007878736397749442,0.005501085668080422,put_T050_s060_r005_q006,17,validation
P2-S,0.008753665955737233,7.1333022788167e-05,0.00010704202577471733,0.0004652616481758539,6.558530688651847e-05,0.001696641293046636,0.0003922500181943178,0.22404333634280157,nan,nan,0.0,0.0,120.0,5.4624162617373144e-05,0.0003235307723506997,8.511906256057445e-05,nan,0.0015556736817277927,0.00799726061492173,0.002509178559760734,0.005322053110245285,0.17932527512177523,0.9539347408829175,5.0770515502991785e-05,0.00013734302792023367,5.796428269324734e-05,0.09896455595380327,0.00017432375668658713,0.00320106776454461,0.0004744933223410271,0.0010394778139058577,0.00799726061492173,0.006830594092665065,0.0020340969662035247,0.02484093437516792,0.0009588586250449371,0.007702810854917641,0.0018258480323641564,0.005375308073842118,0.00799726061492173,0.005671244013422668,24,0.2455922865013774,2.3308918203004665e-05,0.0015284239819261282,0.0015284239819261282,0.000604562982348547,0.0,put,3.6885117739265945e-05,0.000661125173792243,0.0,9.050010703504086e-05,0.0007337140167815717,nan,nan,0.0,0.0,120.0,0.00010481993541274713,0.0006562735522590568,0.00017892303936558538,nan,0.0015182749860313174,0.007878736397749442,0.002448406014855984,0.005094613844065934,0.18726321486559624,0.9961612284069098,5.039240250642992e-05,0.00014165604161120449,5.780661133473324e-05,0.1033452807646356,0.0001517962577071668,0.0028005551323851685,0.0003867977989233523,0.0010147775244875716,0.007878736397749442,0.006665451384098006,0.0019848432584046423,0.02439600885859512,0.0009394356952745631,0.0075924574314585325,0.0017867836638877784,0.005164689099113876,0.007878736397749442,0.00550108564023346,put_T050_s060_r005_q006,17,validation
P0,0.008805917110294104,8.895795326679945e-05,0.00013375002890825272,0.001889075103393346,0.00013184252491736472,0.010955401961303934,0.0,0.4062782137648448,0.7887652525165066,0.7891189669186136,0.0,1.0,0.0,0.00024561883470699614,0.0028435021075405654,0.0004510330500795926,0.004652520099031771,0.0006107921400406755,0.0029213002727184875,0.000780877329930536,0.004441937911729146,0.28924949290060853,0.9639477242000901,0.0010777191789291094,0.003580922949726104,0.0015297562573681196,0.1701535279611805,9.802216546991169e-05,0.0029213002727184875,0.0002641207739221446,0.0010117032667305533,0.003580922949726104,0.004911564871617822,0.0014475862162973154,0.05320380411393731,0.00115242165137809,0.003580922949726104,0.0015642926883000794,0.0007286257258925093,0.0029213002727184875,0.0008433380154993531,32,0.14366391184573002,1.6124479327213e-06,0.00021213628956064828,0.00021213628956064828,7.565592123695841e-05,0.0,put,2.0241460408040175e-05,0.00022970791906118393,0.0,6.9999368861317635e-06,0.0052256747966314965,0.7986889950125707,0.7990509872111838,0.0,1.0,0.0,0.00018109987741162368,0.001064909672114589,0.00033912155378035453,0.004941049175871667,0.0004878634167646527,0.002107503406446155,0.000683489012091883,0.003946407947986337,0.29497085536125794,0.9806219017575485,0.0010734032136452219,0.003580922927493846,0.0015282861353779383,0.17359393697646588,7.904787144573008e-05,0.0009553246638896614,0.00018397745640500718,0.0009891776271258256,0.003580922927493846,0.0048779774242628865,0.0014376676827844634,0.05014272410537823,0.0011460449376095503,0.003580922927493846,0.0015614680578773645,0.00030678062495671825,0.00123050519772476,0.0004196088969505372,put_T050_s020_r005_q000,17,validation
P0,0.008563917013816535,8.729100227355957e-05,0.00011429202277213335,0.0018164175977309106,0.00012733617030594865,0.009082850122741465,0.0,0.34988540870893814,0.25319516163669714,0.2577295403631192,0.0,0.125,105.0,0.00016995087010715276,0.0028330903257607325,0.00035305693768752786,0.019832543868368895,0.0006632160494204898,0.00289484717128579,0.0008343912639982375,0.003082960357202409,0.4526347127121167,0.872189077558513,0.000795410199328005,0.0028836523259495486,0.001225316839087201,0.30562032644528425,7.78124019953835e-05,0.00289484717128579,0.00025042715324394396,0.0007755101988911383,0.00289484717128579,0.003985677930793203,0.001174815199686243,0.0287492031059659,0.0008635925495468358,0.0028836523259495486,0.0012550509007541886,0.000984925850847851,0.00289484717128579,0.0011104619064289576,32,0.1418732782369146,1.6966980956598662e-06,0.00023474485676937582,0.00023474485676937582,9.702415240353483e-05,0.0,put,9.871822403143447e-06,0.00020645803306251764,0.0,4.875008016824722e-06,0.0036431987257966245,0.2552621611245165,0.2597297379998177,0.0,0.125,105.0,0.00012703142158058337,0.0009901828564863324,0.00025398814237403354,0.02162735508931781,0.0005088970394464414,0.001661814442744775,0.0006603381350515335,0.002452196779332348,0.4574398184098919,0.8786140431390546,0.000793718816065543,0.002883652322928742,0.0012262071470178493,0.3092142453363482,5.895018629824263e-05,0.0009154582003824926,0.00016449059467552586,0.0007497923375732316,0.002883652322928742,0.003925727165262153,0.0011571273023735095,0.02850443671101677,0.0008566943286841371,0.002883652322928742,0.001250381415975774,0.0005080485567779245,0.001524353424909447,0.0006877131027742774,put_T050_s020_r005_q003,17,validation
P0,0.00842299999203533,8.608400821685791e-05,0.00011466699652373791,0.0018062933301001747,0.00011809109606864268,0.012477181618928255,0.0,0.32481422320994513,0.08482295519763652,0.12006016497319637,0.0,1.0,0.0,0.00017892708164580576,0.0005821943089682757,0.00024776660724827446,0.01023031681767023,0.0006244204772794551,0.002898419342053673,0.0008808378393299453,0.00333680567179447,0.4386965132329112,0.7978607290984501,0.000690062112829123,0.002369382931513902,0.0010433873327298313,0.3025161397119682,8.197241754811695e-05,0.002898419342053673,0.00025516409410507584,0.0006785890614411303,0.002898419342053673,0.0034490942389564716,0.0010168520714685764,0.04285151017314208,0.0007447552642946506,0.002405847969738638,0.0010755571399819505,0.001057354103813822,0.002898419342053673,0.001179244476763208,32,0.13760330578512397,1.7725757975333594e-06,0.00026079277368078543,0.00026079277368078543,0.00014059555936472002,0.0,put,1.105795503263201e-05,0.00020562601275742054,0.0,4.875008016824722e-06,0.0023320603418510374,0.08382658368054005,0.12151152482203624,0.0,1.0,0.0,0.00019624029196586742,0.0005821943089682757,0.00025353895447552036,0.010333697314151732,0.000493041507549074,0.0024021800330977384,0.0007329378681772246,0.002756570300423387,0.44056365169215944,0.7985156079458634,0.0006917512972864349,0.002369382931305238,0.0010455857414454124,0.3041995841995842,6.227105237582597e-05,0.0008841224464384748,0.00016910502209122768,0.0006562465633233904,0.0024021800330977384,0.0033816069187670595,0.0009969434712315667,0.04175389183626285,0.0007402228635812539,0.0024021800330977384,0.0010711991500223276,0.0006024965382165059,0.0017163200329440506,0.000780891537838605,put_T050_s020_r005_q006,17,validation
P0,0.008602792047895491,8.812500163912773e-05,0.00011408294085413218,0.0018115710001545557,0.00011842068875912091,0.012321385450898507,0.0,0.30661851517466493,0.11577086042294328,0.11700904017793592,0.0,1.0,0.0,3.8824173798830226e-05,0.0002965608883255255,8.440348475189361e-05,0.003982004225013557,0.0011221915636460069,0.003784569162181839,0.0014807117421871364,0.004313814974686854,0.4094921325316617,0.6851455479452054,0.0005987616581573439,0.0019686535049701043,0.0008856582565287062,0.2920087575259989,8.586426607905452e-05,0.002919179217545041,0.0002562192912099715,0.0007302894651577394,0.003784569162181839,0.0036134747558809487,0.0010668753588753807,0.06566991502377736,0.0007962356454059768,0.003784569162181839,0.0011182074193283394,0.0012970396521101567,0.002919179217545041,0.0014240661261392944,32,0.13230027548209367,1.8948735596414144e-06,0.00029816815732184573,0.00029816815732184573,0.00020610520808645398,0.0,put,1.557128142496803e-05,0.00020733301062136889,0.0,5.125068128108978e-06,0.003737789562950268,0.10532767490907242,0.10623277304865877,0.0,1.0,0.0,0.00012739541618258612,0.0006116887323541764,0.0002242115536203355,0.0038762910984328383,0.001023408863269976,0.0037946152633330787,0.001400731349993548,0.004241162309080822,0.4083910700538876,0.681292808219178,0.0006007542195344323,0.0019686535049554727,0.000887444474597263,0.29159032612678637,6.547596794838837e-05,0.0008735676487853837,0.00016532092092924247,0.0007082870757542877,0.0037946152633330787,0.00353025731252431,0.0010422929287569047,0.06357754759006477,0.0007910794927254587,0.0037946152633330787,0.0011118567316139093,0.000833276692953435,0.0022115187589830942,0.0010217253727847076,put_T050_s020_r005_q010,17,validation
P0,0.008431458962149918,8.883292321115732e-05,0.0001169170718640089,0.0008771181670257843,9.172395697052708e-05,0.003469475244008058,0.0,0.08736717827626919,0.6405955024429979,0.6433078707553976,0.0,1.0,0.0,8.180397689691136e-05,0.0005721644539136705,0.000156285748968647,0.007091274781605701,0.0002716970130346581,0.0023214329625084462,0.0003842989991397321,0.0029183798541915756,0.7750261233019853,0.7384508164078056,9.857652708744433e-05,0.0013162806260437199,0.0002833717605460258,0.8154133685136323,3.993131808606151e-05,0.0023214329625084462,0.00014595216548588165,0.00016414261509900777,0.0023214329625084462,0.001101279515815678,0.00032530106379597676,0.04517952946502453,0.00017286695894450213,0.0013162806260437199,0.00034125987910570013,0.0003729387259979434,0.0023214329625084462,0.0004157156838039249,32,0.0,6.4013767895980576e-06,0.0004009554626762373,0.0004009554626762373,0.0003370732470598336,0.0,put,1.9613348789132565e-05,0.00021066702902317047,0.0,4.917033948004246e-06,0.001981830078108815,0.6522163390518857,0.6546250498906662,0.0,1.0,0.0,0.00016372226037231335,0.0009604694407068792,0.0002978624922984164,0.007742706505782141,0.00024874907858587006,0.0011916123474286033,0.00037066653110201124,0.0027565668186941648,0.773306856187291,0.7366587017124652,9.900926422260125e-05,0.0013162806260437199,0.0002836829081337101,0.8137923449186097,2.5824426860521314e-05,0.00033892616233964024,6.878099359107362e-05,0.000155761277739559,0.0013162806260437199,0.0010815013305397255,0.00031944957675612753,0.043696408798541045,0.00017535775420086767,0.0013162806260437199,0.0003441245707420697,8.17875001383289e-05,0.0003875374464933634,0.00012007351321609129,put_T050_s040_r005_q000,17,validation
P0,0.00856637500692159,8.512497879564762e-05,0.00012004200834780931,0.0008626232158522614,8.8383383301624e-05,0.0032238602886080184,0.0,0.008333912077227586,0.02250575221798091,0.026595829060285896,0.0,0.44166666666666665,67.0,5.7103399199493556e-05,0.0002855403353171915,9.928860657306748e-05,0.015279484478532213,0.00031128685731185977,0.0023193722172324665,0.0004455656212032433,0.002533612698199293,0.8638914645454102,0.7647973731962326,6.020660008604224e-08,3.1603105279387478e-06,2.4015071426056574e-07,0.9924871047320027,2.48217226813548e-05,0.0023193722172324665,0.0001375743525598983,0.00012171515653680355,0.0023193722172324665,0.0009426620635326042,0.0002785725215157207,0.03826536861711334,0.00010993408932832465,0.0013463905988223834,0.000258797124203317,0.000675741251753981,0.0023193722172324665,0.000713814583124205,32,0.0,6.247493631885531e-06,0.00039066224584662567,0.00039066224584662567,0.0003646298214050845,0.0,put,1.5755253819191296e-05,0.00021041696891188622,0.0,5.249981768429279e-06,0.0027756935094843064,0.013261054898014567,0.02052759401059441,0.0,0.44166666666666665,67.0,4.6376638234132154e-05,0.0002665430684918313,7.872085385347944e-05,0.015561484260585496,0.0002736504847916544,0.0013491747265196126,0.00039249897155398285,0.0022759803861096706,0.8624480820913755,0.7625507647109652,6.158981188230745e-08,3.1603105279387478e-06,2.4162022517686046e-07,0.9924651372019793,1.061236989122756e-05,0.00034721617690454913,4.3607082017041905e-05,0.00010749021881527757,0.0013491747265196126,0.0008323002166081934,0.00024595147669184957,0.03697958689767532,0.00010784745425201996,0.0013491747265196126,0.0002489511047268078,0.00037340393519415006,0.0009697576992616086,0.00044408562878425,put_T050_s040_r005_q003,17,validation
P0,0.008632625103928149,0.000246083945967257,0.00014350004494190216,0.00086096760281794,8.17469011521412e-05,0.003401852173582709,0.0,0.0,0.04859934620478818,0.05107059502408555,0.0,1.0,0.0,4.4735549295122955e-05,0.00041678996154081993,9.207977837065594e-05,0.01012856714154422,0.0003493498740592281,0.0023257791860157775,0.0005183303558311252,0.002577304997889678,0.8572279291350305,0.7501302761855133,4.4074280863030936e-08,9.978057523258526e-07,1.4880223663428005e-07,1.0,2.634925720825579e-05,0.0023257791860157775,0.0001405078294598292,0.0001432878432767857,0.0023257791860157775,0.0011225171502143186,0.0003319262818397447,0.040822938972222195,0.0001253476487554943,0.001516023732549221,0.00029499064209702585,0.0008851400196333711,0.0023257791860157775,0.0009433032336761755,32,0.0,6.191752125777235e-06,0.0004294823194320315,0.0004294823194320315,0.00037587442458000207,0.0,put,1.335765122174731e-05,0.00039583398029208183,0.0,6.249989382922649e-06,0.0035811032170258708,0.04053816692477948,0.042688844352259656,0.0,1.0,0.0,9.105974751535383e-05,0.0007149666283202682,0.00018085687735575341,0.010228928612478453,0.00030675139796230424,0.001495675795644965,0.00045527681219259417,0.0023146181677213685,0.855580956167379,0.7476116032655897,4.615961120469707e-08,9.99853665059915e-07,1.5295478728591333e-07,1.0,1.2216305098905353e-05,0.0003521712562706547,4.56919314375734e-05,0.00012642773894131764,0.001495675795644965,0.0009883697374911194,0.00029225157412189867,0.039262128776573126,0.00011806325490684689,0.001495675795644965,0.0002763744104595611,0.0006009866159241373,0.001292205239690536,0.0007040802256155922,put_T050_s040_r005_q006,17,validation
P0,0.009297374985180795,8.67500202730298e-05,0.00011358293704688549,0.000865082462121365,8.061808388512925e-05,0.0034011294675997433,0.0,0.0010417390096534483,0.17926298690930434,0.18069307684631133,0.0,1.0,0.0,2.5935192747429208e-05,0.00020779398519676917,5.221621150100612e-05,0.006517607118106089,0.0007655951739540965,0.005008457019788082,0.0012283017420500375,0.0050744226863352,0.8221534588556145,0.6980140707097694,4.960133648802152e-08,9.978413758826463e-07,1.586995064977972e-07,1.0,6.182071387359231e-05,0.0023262176263640043,0.00020358010997298598,0.0003557634549337553,0.005008457019788082,0.002826835248029333,0.0008372784957218727,0.08062320482141637,0.0003459344237316227,0.005008457019788082,0.0008397426748390015,0.0014589518428132816,0.0027302687492402056,0.0016000671524391537,32,0.0,5.929577476203866e-06,0.000434533340674183,0.000434533340674183,0.00039417064642590846,0.0,put,8.554345966673566e-06,0.0002052489435300231,0.0,4.915986210107803e-06,0.004800607398514649,0.16768261547484345,0.16993821320729285,0.0,1.0,0.0,8.101166654771476e-05,0.0005217136900024233,0.00015372577997049892,0.007046387476409015,0.0007223007794227613,0.005017638416734305,0.0011817814624370633,0.005038011861078721,0.8211023622047244,0.6965001335826877,5.090452791065293e-08,9.956765664575803e-07,1.6044092450211959e-07,1.0,4.468174052414185e-05,0.001038808808663777,0.00014835348352299854,0.00033648585752175535,0.005017638416734305,0.0027232301478578944,0.0008065735849827187,0.07882929732014501,0.00033585230681076726,0.005017638416734305,0.0008227522404879151,0.0011716728931739175,0.0025521002980057605,0.0013795266682879565,put_T050_s040_r005_q010,17,validation
P0,0.008831291925162077,0.00010254199150949717,0.00013183301780372858,0.00047705060424048335,7.432094584956313e-05,0.0020647047278580135,0.0,0.07187999166608793,0.5139707922970054,0.5209768747455714,0.0,1.0,0.0,0.0008815860525828283,0.002726835903567759,0.001179859669312682,0.009158780428454225,0.000516745348795591,0.002944033610330188,0.0007546461225473221,0.003185318121631074,0.5518424586006266,0.4592178770949721,0.00012690430739303142,0.0020063194408319607,0.00028624073292858105,0.6912726593160157,6.18173103010499e-05,0.0012377697361223342,0.0001624220425987719,0.00037426605007657613,0.002944033610330188,0.0021048317020703916,0.0006255383196658461,0.046836088850415854,0.00041075916411724406,0.002944033610330188,0.0006572105984594402,0.0002502479551429364,0.0012377697361223342,0.00031464529144547177,32,0.0,7.943473338041248e-06,0.0006538538924591006,0.0006538538924591006,0.000635049176879835,0.0,put,3.3097428791786784e-05,0.00023991602938622236,0.0,5.541020072996616e-06,0.0014321459149032848,0.5249609525392813,0.5315981137386812,0.0,1.0,0.0,0.0010584827498852506,0.0029813563604250692,0.0013767636672638362,0.009459277523521341,0.0005068715963321738,0.0029813563604250692,0.0007533188425813453,0.00318843490498923,0.5462548492987167,0.4545003103662322,0.00013567238899498473,0.002373652020214112,0.00031129959040892,0.6844269957001309,3.763004507257361e-05,0.000535451143082259,9.244610440474363e-05,0.00037125623125829744,0.0029813563604250692,0.002116368574875528,0.0006289396424624281,0.04458835653919666,0.0004100314409144981,0.0029344674796506487,0.0006565866666942698,0.00013587180708813572,0.0003982096875093377,0.00016431008453277114,put_T050_s060_r005_q000,17,validation
P0,0.008525832905434072,8.637504652142525e-05,0.00012058299034833908,0.0004677435750927364,7.120822146141186e-05,0.0017914867152148497,0.0,0.006806028196402528,0.23469654681178143,0.36186190415338576,0.0,0.575,51.0,4.86084272471232e-05,0.0002949648505142788,8.87447639987189e-05,0.11149167675398249,0.0004801484592874202,0.001413342352849986,0.0006505881181883339,0.001257533493977526,0.7021115620056398,0.5469352764680668,2.0851934872728907e-07,1.483523698897482e-05,1.3064542804304565e-06,0.9802189360476282,4.6236175552475276e-05,0.0012348847086802173,0.00015197776088784044,0.0003094601683741784,0.001413342352849986,0.0017556323726823175,0.0005222388499566667,0.01959069504808817,0.00034252433145446747,0.001413342352849986,0.0005593846873883003,0.000441349576726554,0.0012348847086802173,0.000458597007358027,32,0.0,7.792461455816195e-06,0.0005343525347445352,0.0005343525347445352,0.0005001415960974767,0.0,put,1.5974926413674438e-05,0.00021275004837661982,0.0,5.792011506855488e-06,0.002645128679489155,0.22985381667425614,0.36689885099998065,0.0,0.575,51.0,4.4325879821703895e-05,0.00023168397499417903,7.378926698433153e-05,0.11356720390193474,0.0004527920361554335,0.0014159081610179527,0.0006301573017892162,0.0012134428286563526,0.7022900763358777,0.5471495927989712,2.097330236000083e-07,1.483523698897482e-05,1.3064650901585117e-06,0.9802265310040315,2.294511488845711e-05,0.00047282636485185714,7.273615575417143e-05,0.00029177153092944344,0.0014159081610179527,0.0017003913070303,0.0005057850800228647,0.019376937876041746,0.00033335050357346873,0.0014159081610179527,0.0005486146606557919,0.00021487973996854324,0.0003247882705964128,0.00022815296089853679,put_T050_s060_r005_q003,17,validation
P0,0.008296333951875567,9.583297651261091e-05,0.00011962500866502523,0.0004652616481758539,6.558530688651847e-05,0.001696641293046636,0.0,0.0,0.05658919970253563,0.05842501230198242,0.0,1.0,0.0,4.005338503617339e-05,0.00033484566771002644,8.103381207680194e-05,0.012314168091231373,0.0006180918417454418,0.0024555241223227497,0.0008005477045214504,0.00253475093423368,0.7186091435930457,0.5608040201005026,4.8468800367650685e-08,9.930726598204114e-07,1.6139519582982422e-07,1.0,4.888144027890113e-05,0.0012364583435146357,0.00015828548851492418,0.00040609718161770716,0.0024555241223227497,0.0021789819833971506,0.0006488836229633088,0.035387296151101186,0.0004362593518682358,0.0024555241223227497,0.0006777798033776705,0.000871558562312936,0.0014343374969555123,0.0009043920309111545,32,0.0,1.3386337125963998e-05,0.0003714348140576389,0.0003714348140576389,0.0003454855879611907,0.0,put,2.4915084343046786e-05,0.00022091600112617016,0.0,5.458015948534012e-06,0.0033400407120182003,0.04630171089165291,0.04887258273210331,0.0,1.0,0.0,0.0001071684233123999,0.0008068393856849321,0.00020851583540697016,0.012450428265943109,0.0005808148597810738,0.0023886556045245033,0.0007590992158368764,0.0025067737625285584,0.7186091435930457,0.5608040201005026,4.9921425940615444e-08,9.957448726703308e-07,1.6382696486604146e-07,1.0,2.7423670601447112e-05,0.00037121027557288414,7.89463433616633e-05,0.0003816070515426011,0.0023886556045245033,0.0020662434446063267,0.00061528756792585,0.03581833698393559,0.00041664921243704745,0.0023886556045245033,0.0006500910664191062,0.0006609395875846946,0.0013195766951494825,0.0007289620171903309,put_T050_s060_r005_q006,17,validation
P1,0.008207833976484835,9.529199451208115e-05,0.00013033393770456314,0.001889075103393346,0.00013184252491736472,0.010955401961303934,0.00035583297722041607,0.04673935689978471,0.7571665369220246,0.7576895343999723,0.0,0.9916666666666667,1.0,0.004967934995614836,0.008994101764405044,0.0053908976311858045,0.004112476906454394,0.006196264441193623,0.012444333541858602,0.0068060026861380095,0.00822721485966303,0.8242061450685124,1.0,0.00035516155881584825,0.007558341386831369,0.001016354625572544,0.7009784424469016,9.293693215420248e-05,0.0030816379122831803,0.00039217285483740517,0.0011809987944228421,0.012444333541858602,0.009252242436191948,0.002726914735030446,0.05583787613397334,0.0009389102575057557,0.01213794552278076,0.0022351218128434463,0.007518417669966775,0.012444333541858602,0.00817730767546663,32,0.0,5.478915893401721e-06,9.666519482093764e-06,9.666519482093764e-06,8.6306258771345e-06,0.0,put,2.0241460408040175e-05,0.0005884169368073344,0.0,6.958027370274067e-06,0.0005776596829982022,0.7671736021683173,0.7677025829595542,0.0,0.9916666666666667,1.0,0.005473159504035411,0.009279437155763237,0.005891467886602441,0.004575117692536668,0.006253143366903182,0.012846762428553989,0.0069372964887827885,0.00902935599258388,0.8255961024968379,1.0,0.00036064090495280596,0.007558341386831369,0.0010483097326476406,0.7029916234543279,0.00011228455164741648,0.004308457875986967,0.000498248765334577,0.0012082339781627981,0.012846762428553989,0.009514546671188326,0.0028041860541367617,0.06330392577846027,0.0009402514209298578,0.012402288289262126,0.0022418925085041733,0.008038766191120216,0.012846762428553989,0.008648406366053981,put_T050_s020_r005_q000,17,validation
P1,0.009148708079010248,8.412497118115425e-05,0.00010687496978789568,0.0018164175977309106,0.00012733617030594865,0.009082850122741465,0.0002453330671414733,0.10139593027293561,0.7333284590763601,0.7342562778465982,0.0,1.0,0.0,0.004282075810443986,0.007147153390857308,0.004605968192458129,0.004817477170486571,0.00423015395381381,0.007301435141779478,0.004520164487372753,0.006317726135448584,0.8213608794541319,1.0,0.00022733221755057704,0.006518365818622862,0.0007470734253473844,0.6968722360697918,6.948410633359276e-05,0.002077139116379509,0.0002925117342813733,0.000829901653157719,0.007301435141779478,0.006392003566563656,0.001884101795689544,0.06319892628009283,0.0007152603086300862,0.007301435141779478,0.001722231049455629,0.0038156989059768137,0.006371820890104799,0.004140461419422468,32,0.0,2.6014394470541113e-06,1.4744938686221373e-05,1.4744938686221373e-05,1.3340866575400579e-05,0.0,put,9.871822403143447e-06,0.00044141593389213085,0.0,5.082925781607628e-06,0.0002506560669777117,0.7411050387011542,0.7420314369384226,0.0,1.0,0.0,0.004480491108015068,0.007293008341930168,0.004799041588554005,0.005176423476632693,0.004289479143138437,0.0073772009270127266,0.0046082052560663216,0.006025376891877902,0.8234679334916865,1.0,0.00022892446378161967,0.006518682493926536,0.000769205209110025,0.6999111685375111,7.712647301103756e-05,0.002215585950011603,0.00032335698872277505,0.0008551612280728357,0.0073772009270127266,0.006592108227465309,0.0019430561750950852,0.05728602570687803,0.0007191328229518765,0.0073772009270127266,0.0017364038297109949,0.004285657614823329,0.006704311263617899,0.004574255216585627,put_T050_s020_r005_q003,17,validation
P1,0.008576290914788842,8.854095358401537e-05,0.00012049998622387648,0.0018062933301001747,0.00011809109606864268,0.012477181618928255,0.0003866669721901417,0.024098895756649766,0.6493384006515852,0.650246051605034,0.0,1.0,0.0,3.6424313801141615e-05,0.0003347946327028617,7.582318033907197e-05,0.002382983974458916,0.00274036848420199,0.010456765268402467,0.00413103665677028,0.011328355171835554,0.9269339266558067,0.8913425536792237,1.2561685759561987e-06,6.97160993686774e-05,7.95024912208669e-06,0.9654858467141202,6.983842641810646e-05,0.004884245515995089,0.0004766203938283334,0.0004800068287553853,0.010456765268402467,0.005858142092365043,0.0017270806504205325,0.0797068841806499,0.0002523979702892671,0.009078840567599208,0.0010724175580493472,0.006459344499030415,0.010456765268402467,0.006983993512583981,32,0.0,3.972060199753068e-06,0.000849270672615186,0.000849270672615186,0.0003888038941133181,0.0,put,1.105795503263201e-05,0.0006009999196976423,0.0,5.292007699608803e-06,0.0018268972229449273,0.6564979508596381,0.657232553377199,0.0,1.0,0.0,7.817710985137972e-05,0.0006411954229572636,0.0001614192968806463,0.0034789398025884635,0.0025518480039791137,0.01007981315091698,0.0038829576051600686,0.010223206801294512,0.9244982478496335,0.8869870864216398,1.2634353162677215e-06,6.97160993686774e-05,7.969111058946994e-06,0.9653222453222453,4.8751822857946347e-05,0.0034545418094222916,0.0003026695584010465,0.0004569924996986191,0.01007981315091698,0.005567406631875616,0.001641346799516073,0.06956115658299106,0.0002469715246829148,0.008833378440194273,0.0010444795631539701,0.005994844787841136,0.01007981315091698,0.006556108811348169,put_T050_s020_r005_q006,17,validation
P1,0.008490749984048307,8.687505032867193e-05,0.00011374999303370714,0.0018115710001545557,0.00011842068875912091,0.012321385450898507,0.0003464999608695507,0.4087089381207028,0.32288065625817003,0.32317070724568553,0.0,1.0,0.0,0.0016870355554106653,0.0032760974886869576,0.0019332447125417578,0.0019109727680166513,0.0028581373790963734,0.011718411543633935,0.004328080377964808,0.011690740021603982,0.3408120382295126,0.6631495647586388,0.0002061704013547701,0.003092931593916437,0.00041327217821289156,0.22933771209633277,0.00010226157847044352,0.004720657991783811,0.0005042786751855023,0.000872558387907011,0.011718411543633935,0.007447434824351957,0.002198848819408572,0.10316108779435,0.000646400418939325,0.011202380546746361,0.0016413199558689133,0.0072298563597542765,0.011718411543633935,0.007789906420117322,32,0.12396694214876033,4.288804489470235e-06,0.0009795592286147748,0.0009795592286147748,0.00033753920329103476,0.0,put,1.557128142496803e-05,0.0005523749860003591,0.0,5.249981768429279e-06,0.004156678266165226,0.3333238417720408,0.3340872547888399,0.0,1.0,0.0,0.0016953317666921126,0.0032936445695663785,0.0019412533071924594,0.0020993194949359734,0.0027000478573382942,0.011353233227790575,0.004135630161659627,0.010828825223338041,0.32909498878085264,0.638353996307043,0.00021905596100816487,0.0032936445695663785,0.00045260356060266075,0.22169292781238548,8.123977172604673e-05,0.003290233179352821,0.0003434406321356037,0.0008502761518304949,0.011353233227790575,0.007188311567800243,0.002122317342205933,0.09875430416123611,0.0006425704307826732,0.010948824958781262,0.0016171678762718824,0.006763752725522591,0.011353233227790575,0.007366671423992776,put_T050_s020_r005_q010,17,validation
P1,0.008596375002525747,8.612498641014099e-05,0.00011591706424951553,0.0008771181670257843,9.172395697052708e-05,0.003469475244008058,0.00038724998012185097,0.12174456559483297,0.6323395715137726,0.634502043037358,0.0,1.0,0.0,0.0006760551580912116,0.0014014243738317278,0.0007546570950122072,0.006561732127149394,0.0004888030591514836,0.00235815964072467,0.0005476397876008264,0.002762135840409784,0.334370994323384,1.0,0.00017427082136122775,0.0010824272045785177,0.0002974706711084578,0.2007475813544415,4.842472923785462e-05,0.00235815964072467,0.00014511985634997965,0.00029339391804499037,0.00235815964072467,0.0013899197617157821,0.00041056096166676534,0.05082685412731067,0.00031990237647661925,0.0013911679977224867,0.0004283370930547046,0.0002559627728749126,0.00235815964072467,0.0003314347254392083,32,0.0,3.0452115709530966e-06,0.00012265049657245175,0.00012265049657245175,0.00012170041568974471,0.0,put,1.9613348789132565e-05,0.0005947919562458992,0.0,5.499925464391708e-06,0.0,0.6439604081226603,0.6458558549630407,0.0,1.0,0.0,0.0008184032556442638,0.0015634255521482787,0.0009103642231041404,0.007219163040871354,0.0004813616948090252,0.0015634255521482787,0.000540436730193779,0.0025189975307745335,0.33449349697746844,1.0,0.000177668267913176,0.0014533152553666828,0.0003046309345283072,0.20083589969203697,3.0678597584227565e-05,0.0003429998430518888,6.740091942017352e-05,0.0002927693420095538,0.0015634255521482787,0.0013889892461887788,0.00041027413862947587,0.04828649753087215,0.00032194945466104604,0.0015226645589622723,0.0004267836178883723,0.00014238794215376164,0.00033247224251821417,0.0001686220107904458,put_T050_s040_r005_q000,17,validation
P1,0.00871416600421071,8.825003169476986e-05,0.00011974992230534554,0.0008626232158522614,8.8383383301624e-05,0.0032238602886080184,0.0003684168914332986,0.04430863254392666,0.59508160873195,0.5970648344449094,0.0,1.0,0.0,0.001176193806641132,0.0018900862576679,0.001244201918119326,0.009759574453820155,0.0013085191543312923,0.0029999174039472398,0.0014930215052241865,0.0028616440383521617,0.3347960041079264,1.0,0.0001595167560714525,0.0015328073692016941,0.0002782385937464824,0.2010540479928235,6.126040338871362e-05,0.0020519545130056743,0.0001802399403961499,0.000608648695504624,0.0029999174039472398,0.0032430605181013755,0.0009583790213960727,0.02749523271190789,0.0006795611841589591,0.0029999174039472398,0.0010259618487736069,0.00032336434164184505,0.0020519545130056743,0.00037178169011646474,32,0.0,3.0160910156906634e-06,0.00023249032978956037,0.00023249032978956037,5.193271223113901e-05,0.0,put,1.5755253819191296e-05,0.000581541913561523,0.0,5.125068128108978e-06,1.1156057461283778e-17,0.6043324222380968,0.6062130822398689,0.0,1.0,0.0,0.0012837609242953318,0.001970656893892808,0.0013565742588080773,0.01065184081499243,0.0013640568739583235,0.003009059538227516,0.0015254864167780352,0.0025465968410121075,0.33561066916237714,1.0,0.00016243492774011887,0.0018142905689065292,0.00028957764659466795,0.20164192532613584,6.981839564351174e-05,0.001054454077855441,0.00019416450365102516,0.0006342691309235394,0.003009059538227516,0.0033237393942815562,0.0009821919973706456,0.02550896365715452,0.0006940661307851243,0.003009059538227516,0.0010435661244380166,0.0006042230805976699,0.0009506990431548401,0.0006287700695970083,put_T050_s040_r005_q003,17,validation
P1,0.00846354104578495,0.0001378330634906888,0.00011341599747538567,0.00086096760281794,8.17469011521412e-05,0.003401852173582709,0.00035562494304031134,0.026668518647128273,0.5476837649528792,0.5511515425800481,0.0,1.0,0.0,0.001806759054168446,0.0030392085218006737,0.001956127856871732,0.005617132670941158,0.002066485897597533,0.005157609984924671,0.0024004074339895602,0.006228005756561037,0.3407933916050331,1.0,0.00024799021792139747,0.002606031971224443,0.00044513198851378095,0.2053953919184902,9.447367294464103e-05,0.002104813749210753,0.00026450937377918665,0.0009937212513737243,0.005157609984924671,0.005325446304190751,0.001574724796453892,0.04657382336619425,0.0010854790306800016,0.005157609984924671,0.0016710536636036916,0.0010621342435695983,0.0023896932583744035,0.0012377866566678582,32,0.0,8.461172999511124e-06,0.0006286675119765908,0.0006286675119765908,0.00023458511000000354,0.0,put,1.335765122174731e-05,0.0006121660117059946,0.0,5.292007699608803e-06,3.752367255507718e-17,0.5557449442328879,0.5587704583463556,0.0,1.0,0.0,0.0019169077477047196,0.003231604747010175,0.0020796487116228573,0.006366643345080393,0.002046941136478987,0.005157287767757872,0.002393039326889587,0.005868041483225468,0.3417453284530919,1.0,0.0002527040497345445,0.002950934405545169,0.0004636500549681293,0.20608736059479554,9.203432483743117e-05,0.001558432644794592,0.000257754512175047,0.0009920410037902252,0.005157287767757872,0.005332410591642696,0.001576743328086637,0.04357028092701154,0.0010907822050563174,0.005157287767757872,0.0016763703210825403,0.0008701974029451646,0.002200218851858754,0.0010601279420980512,put_T050_s040_r005_q006,17,validation
P1,0.008205291000194848,8.587504271417856e-05,0.00011124997399747372,0.000865082462121365,8.061808388512925e-05,0.0034011294675997433,0.00035483401734381914,0.11618862421001458,0.32674951340467484,0.3272512021073181,0.0,1.0,0.0,0.0025517013794580114,0.004846440416953257,0.0028907083401590455,0.0019510438751964186,0.0020292103686485826,0.011161631363992786,0.003238601943356747,0.010807078093457918,0.41480432804125794,1.0,0.0002446853883338435,0.004561078469986657,0.0006543430127595364,0.2616738964021434,0.00010817484604045678,0.0036328476791859313,0.00043164384198233753,0.0010738721543389778,0.011161631363992786,0.007626638050686275,0.0022589289697535066,0.05460130802169478,0.0008836940355312495,0.010301016931790127,0.0017797195139301093,0.006905811216393452,0.011161631363992786,0.007462418246808123,32,0.0,1.5081924981502763e-05,0.0010426363717043752,0.0010426363717043752,0.0005556796230598576,0.0,put,8.554345966673566e-06,0.0005569590721279383,0.0,5.00003807246685e-06,2.942599579676102e-05,0.3383298848391358,0.3386570407690052,0.0,1.0,0.0,0.0026008469214224748,0.004897633558416548,0.002947282518249143,0.002415741411322182,0.0019497728295009159,0.010979999079208394,0.0031368433850112658,0.010411455553448875,0.41551863857374394,1.0,0.0002633091329354367,0.004622787396760031,0.0007090829493169547,0.262242679964199,8.532797167871078e-05,0.003010020511748049,0.0003194582766130036,0.0010488895175113926,0.010979999079208394,0.007437134516619794,0.00220275038222064,0.05143940295684472,0.0008676752038219381,0.010141154592294865,0.0017413718693771033,0.006611658248777789,0.010979999079208394,0.007227925802203135,put_T050_s040_r005_q010,17,validation
P1,0.008270374964922667,9.02500469237566e-05,0.00011124997399747372,0.00047705060424048335,7.432094584956313e-05,0.0020647047278580135,0.00037112494464963675,0.031877213695395513,0.3977185313549283,0.40176653303125054,0.0,1.0,0.0,0.00035894634277721727,0.0017596946640412447,0.0005773673668101226,0.008789672904597284,0.0014595931944797777,0.007064146307718316,0.0023939500557679386,0.004672175589253159,0.7367748122103244,0.6435850900460701,1.840972654640349e-05,0.0007742394362323379,6.769023526104197e-05,0.8615212109886002,5.876515649532165e-05,0.0015559677205055356,0.0002291354151099061,0.0009328687400769714,0.007064146307718316,0.006418019101877438,0.0019073814218128176,0.03356155070384951,0.000895086542587523,0.007064146307718316,0.0018191057124497623,0.004146037556611916,0.007025553540522367,0.004529747802974508,32,0.0,1.5784042231776964e-05,0.00015119186511336526,0.00015119186511336526,0.0001451296279450287,0.0,put,3.3097428791786784e-05,0.0005777499172836542,0.0,5.124951712787151e-06,0.0006805658598799374,0.40870869159720424,0.4125036081699603,0.0,1.0,0.0,0.0005787905358289694,0.0020615692751481673,0.0008032688488756626,0.009441415948570286,0.001503693713724544,0.007213150324091977,0.0024634151699736277,0.0048878350861717365,0.7304987212276216,0.6380008376378612,2.2338019254400356e-05,0.0011529739703250996,8.742166534948383e-05,0.8543653019255936,8.146558158010007e-05,0.0019793004744771553,0.0003111385055804048,0.0009624894510566392,0.007213150324091977,0.006606121348783448,0.0019631984941052335,0.03807396433732973,0.0009140500681788698,0.007213150324091977,0.0018644658951736835,0.004375111506651653,0.0071737478810822985,0.004711461444742352,put_T050_s060_r005_q000,17,validation
P1,0.00873158301692456,0.00010458298493176699,0.00011250004172325134,0.0004677435750927364,7.120822146141186e-05,0.0017914867152148497,0.0003415420651435852,0.044933675949718734,0.3914974282842131,0.39837780264072714,0.0,1.0,0.0,0.000582104449857606,0.0017855674832735202,0.0007370055360538483,0.008216389136207758,0.0013473601809995295,0.003936188059627935,0.001736104188706184,0.003715733181360901,0.797042855492665,1.0,7.769898717240491e-05,0.0010803107252806976,0.0002026151380848473,0.6625696178221625,6.669537747901025e-05,0.0011715901681020238,0.0002026815140543096,0.0008958113908719538,0.003936188059627935,0.004702503124558961,0.001398829197900469,0.040079333792723125,0.000998951554511385,0.003936188059627935,0.0015022285054651667,0.0009823545164858744,0.0018566727026393948,0.0010597899747728258,32,0.0,1.795221143073161e-05,0.0006174166927366102,0.0006174166927366102,0.0003923467007763442,0.0,put,1.5974926413674438e-05,0.0005654591368511319,0.0,6.834045052528381e-06,6.225720255223412e-05,0.4024540004645428,0.4088474953831287,0.0,1.0,0.0,0.0007752994232137417,0.0021030971870917847,0.0009438552844028216,0.009497966641358565,0.0013859491325045195,0.0039660355673556795,0.0017799721148497013,0.0037238086107699263,0.7968587596720176,1.0,8.400749868716082e-05,0.0014553251174487247,0.00021751953592622015,0.6623152236513726,8.388453566798508e-05,0.0013084546173831781,0.0002523685930209448,0.0009227421131373575,0.0039660355673556795,0.00482276562375124,0.001434542088550606,0.042661957294824006,0.0010163521740452794,0.0039660355673556795,0.0015323587656319829,0.0011929467491371328,0.0019968689200145218,0.0012444997684819558,put_T050_s060_r005_q003,17,validation
P1,0.00860712502617389,8.833396714180708e-05,0.00011520797852426767,0.0004652616481758539,6.558530688651847e-05,0.001696641293046636,0.0003392499638721347,0.035696923397458155,0.2920483841840596,0.2981606786033423,0.0,0.9916666666666667,1.0,0.00041070582825763596,0.001173132460661197,0.0005160057062825417,0.008101288258752802,0.0013607841427658867,0.008736221343837308,0.0022639619161838533,0.006948225186600459,0.8314528323833896,0.9997202797202798,4.0417781035998954e-05,0.0008087646783424551,0.00012101227104552961,0.711668657905217,8.372482910556559e-05,0.002785849209319284,0.00034225624805726465,0.0009078861256490575,0.008736221343837308,0.006166790601297081,0.0018364215298316193,0.03788377230183253,0.0008072187013816072,0.008540721611717733,0.0015453012163068058,0.005314780652499546,0.008736221343837308,0.005734562344325862,32,0.0,3.184601257190462e-05,0.0014498236367299876,0.0014498236367299876,0.0008104001228814632,0.0,put,2.4915084343046786e-05,0.0005481248954311013,0.0,5.332985892891884e-06,8.447113917084886e-05,0.30251752686208544,0.3076534876652685,0.0,0.9916666666666667,1.0,0.0004745061799765412,0.0012478051142483793,0.0005960283181113628,0.008834445511958573,0.0013227155318594399,0.00861769712666502,0.0022072990617185905,0.0067522251667669776,0.8314528323833896,0.9997202797202798,4.576247295107736e-05,0.001195465722876543,0.00013803672542922975,0.711668657905217,6.307239763549729e-05,0.0023853365771598425,0.0002595359772860293,0.0008847086838410124,0.00861769712666502,0.006014327027878168,0.0017909509449884372,0.035818798642285536,0.0007891166394228944,0.008430368188258625,0.0015098888398167808,0.005105226353373778,0.00861769712666502,0.005573843257069822,put_T050_s060_r005_q006,17,validation
P2,0.00814012496266514,9.058404248207808e-05,0.00012516696006059647,0.001889075103393346,0.00013184252491736472,0.010955401961303934,0.00034129200503230095,0.03666921313980138,0.5107740793922436,0.5109816729341009,0.0,1.0,0.0,0.0022752877372222684,0.003850334075752776,0.002472635247679192,0.004488785175162116,0.001921909213957773,0.003850334075752776,0.0021008416258162213,0.004354187887280077,0.839939094726157,1.0,0.000176515449237575,0.0035744078360702425,0.0004888017230412493,0.7240474107071831,4.475528193383093e-05,0.0026427996064048833,0.00020533582674134974,0.00042328582646391274,0.003850334075752776,0.003089525276832532,0.000910576226222534,0.03219303021386997,0.00040150883895804027,0.0036973342174498533,0.0008855639437138136,0.001158096242731323,0.0026427996064048833,0.0013010560422502151,32,0.0,8.076835828178835e-07,4.010472187710324e-05,4.010472187710324e-05,3.483070548038324e-05,0.0,put,2.0241460408040175e-05,0.0005632929969578981,0.0,6.249989382922649e-06,0.00011895560891872579,0.5206978218883076,0.5209007889647602,0.0,1.0,0.0,0.002443693305989257,0.0041356694671109695,0.002643415428684963,0.005154283949188936,0.0020379956935426265,0.0041356694671109695,0.002194114431972011,0.0035486279949238897,0.8413365993437169,1.0,0.00017965653359006234,0.0035744078360702425,0.0005054245796467716,0.7261268448344635,3.983015002359725e-05,0.0011279802781414272,0.00014529352464778868,0.0004469649326652689,0.0041356694671109695,0.003238806975842651,0.0009545612279354655,0.026192476700772835,0.0004064946212361725,0.0037411850887414245,0.000899226444233139,0.0015923873779810729,0.0026993252067142315,0.001696571890403222,put_T050_s020_r005_q000,17,validation
P2-S,0.008090208051726222,8.345895912498236e-05,0.00010654190555214882,0.001889075103393346,0.00013184252491736472,0.010955401961303934,0.00034129200503230095,0.2602264046114314,nan,nan,0.0,0.0,120.0,0.002275551402758269,0.003850334075752776,0.002472654342441707,nan,0.0019219268540294078,0.003850334075752776,0.0021008445978587167,0.004362555645801614,0.05583049798948346,1.0,0.00021778339163300073,0.0035744078360702425,0.000491747575305662,0.028716888075729856,9.979175131203516e-05,0.0026427996064048833,0.00021529770272158438,0.0004587216449736579,0.003850334075752776,0.0030941458200936206,0.0009119380395979836,0.032073538705674594,0.0004365792971603799,0.0036973342174498524,0.0008869255889151438,0.0011584579852668634,0.0026427996064048833,0.0013010868421018855,32,0.3883608815426997,8.043327024253522e-07,4.017452692464587e-05,4.017452692464587e-05,3.4830705480386624e-05,0.0,put,2.0241460408040175e-05,0.0006259599467739463,0.0,9.466707706451416e-05,0.00011895560891872579,nan,nan,0.0,0.0,120.0,0.0024439551459617347,0.0041356694671109695,0.0026434329632713197,nan,0.0020381106935617654,0.0041356694671109695,0.002194124171254878,0.0035566459929326655,0.0559863523573201,1.0,0.0002210265404577369,0.0035744078360702425,0.0005082768809589293,0.02879936178699641,9.486625281027885e-05,0.0011279813614053502,0.00015905308049543793,0.00048240071069454343,0.0041356694671109695,0.0032432144355362064,0.0009558602217219235,0.026046114905139313,0.00044153664657204766,0.0037411850887414237,0.0009005663349654125,0.0015927491205166167,0.002699325206714235,0.0016965942236312813,put_T050_s020_r005_q000,17,validation
P2,0.00818770902696997,8.591706864535809e-05,0.00010474992450326681,0.0018164175977309106,0.00012733617030594865,0.009082850122741465,0.0002478329697623849,0.04889228418640183,0.6467564164634081,0.6469457386399718,0.0,0.3,84.0,0.002927029040393148,0.004711890021275311,0.0031486452628287807,0.009233179074217144,0.0023581506412897,0.004557706911763992,0.0025937597639137406,0.005574664415014761,0.40397818415142767,1.0,0.00039414686147135606,0.004711890021275311,0.0008062796910127608,0.25311570314384496,6.6477191329946e-05,0.0028594808222135986,0.0002563344257936879,0.0006898004596353907,0.004711890021275311,0.0042441016674687835,0.001250987971063625,0.04315901331959012,0.0007090790002250277,0.004413543982129897,0.0012633719232500375,0.0010456962583331197,0.0028594808222135986,0.0012031108065846431,32,0.0,1.270924368300098e-06,0.00019623688341891639,0.00019623688341891639,9.828399837258647e-05,0.0,put,9.871822403143447e-06,0.00044333399273455143,0.0,4.834029823541641e-06,3.750020924363082e-05,0.652413094026965,0.6526217723302393,0.0,0.3,84.0,0.00300577367926002,0.0047122066965789855,0.0032306532189194746,0.009339667498736697,0.0024581580294578457,0.0047035618628368525,0.0026509712751884473,0.004535040767488866,0.40538278282145385,1.0,0.00039242137435292475,0.0047122066965789855,0.0008097264998916224,0.25421949446822256,5.652993243426549e-05,0.0013217056877537076,0.0001856633088784134,0.0007110084494999032,0.0047122066965789855,0.004342556477514361,0.0012799897829617126,0.03452526956052425,0.000714737566559825,0.004413543982129897,0.0012759675684587415,0.0014176080237406938,0.002489520677851964,0.0015380317808054353,put_T050_s020_r005_q003,17,validation
P2-S,0.008202750002965331,8.749996777623892e-05,0.00011533405631780624,0.0018164175977309106,0.00012733617030594865,0.009082850122741465,0.0002478329697623849,0.06861587610250712,nan,nan,0.0,0.0,120.0,0.002927109952503631,0.004711890021275311,0.003148652400360242,nan,0.0023581545146346868,0.004557706911763992,0.0025937603145176776,0.005585517966116229,0.056415064853883416,1.0,0.00042891030064925664,0.004711890021275311,0.0008086425603584953,0.02902629251427193,0.00011990192266158268,0.0028594808222135986,0.00026459317293978286,0.0007193313270561884,0.004711890021275311,0.004248495248128899,0.0012522830193415285,0.04324910324615785,0.0007373635577249368,0.004413543982129897,0.0012646791121590114,0.001045877680948565,0.0028594808222135986,0.00120313305568184,32,0.012327823691460056,1.2709243683000702e-06,0.00019678662710332457,0.00019678662710332457,9.828399837264484e-05,0.0,put,9.871822403143447e-06,0.0005397510249167681,0.0,8.908403106033802e-05,3.750020924363082e-05,nan,nan,0.0,0.0,120.0,0.003005853444403739,0.0047122066965789855,0.0032306599666052918,nan,0.002458189955005671,0.0047035618628368525,0.002650973665232005,0.004547484456874379,0.056654111738857496,1.0,0.00042733127841663407,0.0047122066965789855,0.0008120883980920527,0.02915287087135589,0.0001099546637659036,0.0013217056895622886,0.00019690627859906556,0.0007405393169207011,0.0047122066965789855,0.004346850529467872,0.0012812554757987455,0.03463775416539641,0.0007430129400912019,0.004413543982129897,0.0012772614464424822,0.0014177894463561428,0.002489520677851964,0.0015380485247519528,put_T050_s020_r005_q003,17,validation
P2,0.009601875091902912,9.337498340755701e-05,0.0001246670726686716,0.0018062933301001747,0.00011809109606864268,0.012477181618928255,0.0006473750108852983,0.06465726786582401,0.46787972101784836,0.4701596329553381,0.0,1.0,0.0,0.0009802038235392889,0.0020911756428091954,0.0011570272274053015,0.0026352074932747874,0.0005171986130222097,0.0029430425834656385,0.0006924844175132171,0.0039313629117809345,0.9091227149479577,0.9638353115727003,8.122568260287549e-05,0.0019412671840594586,0.00028510219727132056,0.8602880317828174,3.6129318391986325e-05,0.0029430425834656385,0.00022513817844151208,0.0001574264017438547,0.0029430425834656385,0.0013175854817569024,0.0003884467728741398,0.03780130198245739,0.00013318943386584755,0.0019058975609717033,0.0003444268897141163,0.0006843364409418203,0.0029430425834656385,0.0008385042010786518,32,0.0,1.5308053234514437e-06,0.0001690732378040521,0.0001690732378040521,9.881548370528598e-05,0.0,put,1.105795503263201e-05,0.0008711260743439198,0.0,5.709007382392883e-06,0.0006506593043844548,0.4750392712259013,0.47697613555285673,0.0,1.0,0.0,0.0009885191136188062,0.0021453445362332735,0.0011718883736734948,0.0034843032105945134,0.0004253671699861233,0.0021453445362332735,0.0005843064651568152,0.002764953070534789,0.9038537419439695,0.9558605341246291,8.473617435537132e-05,0.0019412671840594586,0.00029410010648917473,0.8572141372141372,1.6472144140390478e-05,0.00048484072020059735,5.1594369634864615e-05,0.00014559886710655272,0.0021453445362332735,0.0012325657740825098,0.00036337706624490313,0.029253587500445516,0.0001359930388808803,0.0019353332267581513,0.0003504620631585654,0.0003373436735849459,0.0006985466833474702,0.0003845736949131861,put_T050_s020_r005_q006,17,validation
P2-S,0.008926750044338405,0.00011399993672966957,0.00014679203741252422,0.0018062933301001747,0.00011809109606864268,0.012477181618928255,0.0006473750108852983,0.23077991527189387,nan,nan,0.0,0.0,120.0,0.0009859487249180828,0.00209117564283956,0.001157550597270895,nan,0.0005206188560233244,0.0029430425834656385,0.0006927928859693413,0.003943696018918203,0.3724658180103725,1.0,0.00010512030008302794,0.0019412671844302731,0.00028787400212227304,0.22885283893395134,8.627780383708015e-05,0.0029430425834656385,0.00023341627586652414,0.0001777424436969354,0.0029430425834656385,0.0013236198191079727,0.0003902257989054008,0.037442756294624235,0.0001509126239577474,0.0019058975609717588,0.00034609425127822855,0.000684498371362438,0.0029430425834656385,0.0008385107713693985,32,0.4993801652892562,1.5308053234514437e-06,0.00016931120085970312,0.00016931120085970312,9.88154840074939e-05,0.0,put,1.105795503263201e-05,0.0010381249012425542,0.0,0.00012995791621506214,0.0006506593043844548,nan,nan,0.0,0.0,120.0,0.0009943237380277737,0.002145344536263638,0.0011723905634178956,nan,0.00042716274781646465,0.002145344536263638,0.0005845698789967113,0.0027755492827036933,0.3739012846517918,1.0,0.00010870619849995614,0.0019412671844302731,0.00029680186714174775,0.22993762993762995,6.590397886960532e-05,0.00048484072020059735,8.003738603321687e-05,0.00016560684278736727,0.002145344536263638,0.0012389259947874563,0.0003652521453595685,0.028895618969501713,0.00015344179191287895,0.0019353332267582068,0.0003520788417281435,0.00033684507919278097,0.0006985466833474702,0.000384506422705881,put_T050_s020_r005_q006,17,validation
P2,0.008785500074736774,8.749996777623892e-05,0.00011504197027534246,0.0018115710001545557,0.00011842068875912091,0.012321385450898507,0.00038633402436971664,0.23466907424126676,0.06199618903855493,0.06239651534504985,0.0,1.0,0.0,3.8824173798830226e-05,0.0002965608883255255,8.440348475189361e-05,0.0029617118268757928,0.0023500461342355165,0.009476580389243296,0.0035558673588362527,0.008866247239261738,0.6569374628398464,0.8060750762700624,1.051516806962506e-05,9.211350026770982e-05,2.1363266048677116e-05,0.5543696405765371,8.253643715551658e-05,0.00417547605573166,0.00045108771863895414,0.0005983940304782251,0.009476580389243296,0.0060375364987300326,0.0017825775338052563,0.08342811267303936,0.0004203890766884981,0.00896571900272012,0.0013500581386702512,0.005874403532588372,0.009476580389243296,0.006307889990126952,32,0.08553719008264463,3.7761154328946784e-06,0.0008887562011705944,0.0008887562011705944,0.0002783589792562667,0.0,put,1.557128142496803e-05,0.0005939180264249444,0.0,5.042064003646374e-06,0.0034434849938314513,0.051553003524684074,0.05396185569751205,0.0,1.0,0.0,0.00012739541618258612,0.0006116887323541764,0.0002242115536203355,0.002957583668968214,0.002234256949271118,0.009111402073399937,0.0033820279593009947,0.007988840913694966,0.6535898130587916,0.7999734712826635,1.056072478294272e-05,9.211350025280056e-05,2.140824378624677e-05,0.5524917552216929,6.144850416843404e-05,0.0026865490066911857,0.0002899386858549645,0.0005763191044167419,0.009111402073399937,0.005778259311617937,0.0017060056216459275,0.08312823105410239,0.0004152428621876271,0.00871216341475502,0.0013262462852787601,0.005408299898356687,0.009111402073399937,0.005882496964532274,put_T050_s020_r005_q010,17,validation
P2-S,0.009363000048324466,0.00023679202422499657,0.0001510409638285637,0.0018115710001545557,0.00011842068875912091,0.012321385450898507,0.00038633402436971664,0.29439544412806445,nan,nan,0.0,0.0,120.0,4.0317735375697504e-05,0.00029650799239455683,8.465742168617102e-05,nan,0.002348596149784175,0.009476580389243296,0.0035553602599301157,0.008871595126742297,0.21615736372214564,0.5289520426287744,5.820794531025708e-05,0.00012562255548493486,6.678247607250605e-05,0.13583287721218756,0.00013004705367276122,0.00417547605573166,0.0004542448476882661,0.0006337381826068588,0.009476580389243296,0.0060395230096532485,0.0017831640494715597,0.08303217120861864,0.0004563538658825937,0.00896571900272012,0.0013508480208141917,0.005873920531217893,0.009476580389243296,0.006307819780164595,32,0.24579889807162533,3.7761154328946784e-06,0.0008916948277858127,0.0008916948277858127,0.0002539182646490066,0.0,put,1.557128142496803e-05,0.0008742089848965406,0.0,0.00010004197247326374,0.0034434849938314513,nan,nan,0.0,0.0,120.0,0.00012894674857088045,0.0006114692718734993,0.00022427448210000017,nan,0.0022328448485226925,0.009111402073399937,0.003381502825333015,0.007993455681254943,0.21280314616561063,0.5190053285968028,5.843630666226968e-05,0.0001256225554700256,6.692112430900275e-05,0.1338402345181385,0.00010893384132556172,0.002686549006691184,0.000294826231442038,0.0006116547902651709,0.009111402073399937,0.0057803372635422895,0.0017066191278029335,0.08271517211563491,0.00045120116005946257,0.00871216341475502,0.0013270512745074872,0.005407761223253702,0.009111402073399937,0.005882422531720033,put_T050_s020_r005_q010,17,validation
P2,0.008338541956618428,9.112502448260784e-05,0.00011916703078895807,0.0008771181670257843,9.172395697052708e-05,0.003469475244008058,0.000386958010494709,0.037919299951385516,0.6267156468655302,0.6307658583889777,0.0,0.9666666666666667,4.0,0.002136578946988666,0.0038013390664091706,0.002311493470897866,0.06393951681440463,0.0033324066094150614,0.008589762682759107,0.00404381070430417,0.005239623412184143,0.44419738304968787,1.0,0.0001597435799796742,0.0028723219905947284,0.00036701617818634785,0.28551011433597184,0.00012034308575753535,0.0026903613073880027,0.00041744264210801034,0.001361329298046693,0.008589762682759107,0.008481699234463052,0.002505363755653606,0.030214741755199805,0.0012962562167518773,0.008589762682759107,0.0023702798198196088,0.005579106950326985,0.008448755135707392,0.005940596126098112,32,0.0,1.434513873693474e-05,5.857163143940802e-06,1.434513873693474e-05,6.968483671091466e-06,0.0,put,1.9613348789132565e-05,0.0006025000475347042,0.0,5.249981768429279e-06,5.473692367869462e-05,0.6386982086952826,0.6425033484645862,0.0,0.9666666666666667,4.0,0.0024695457145000477,0.0043778452827232806,0.0026662833160205784,0.06401255019615154,0.0033865904483718155,0.008758244623311894,0.004132986384103115,0.005581842158738437,0.44434938831379933,1.0,0.00017064113420658486,0.0037528416806609233,0.00041260097458845405,0.28563572371315443,0.00014231618224068017,0.003267424037080288,0.0005085576690457214,0.0013894993231487929,0.008758244623311894,0.008684163840121764,0.002565093897594483,0.03215292249379563,0.001307295016718308,0.008758244623311894,0.0024034153963084907,0.005905392159834076,0.008647093183079699,0.006220419221750574,put_T050_s040_r005_q000,17,validation
P2-S,0.0083590840222314,8.679099846631289e-05,0.00011654198169708252,0.0008771181670257843,9.172395697052708e-05,0.003469475244008058,0.000386958010494709,0.06382387665810126,nan,nan,0.0,0.0,120.0,0.00213677889854792,0.0038013390664091706,0.0023115138499917977,nan,0.003332465633799776,0.008589762682759107,0.004043816867969294,0.005246788872273341,0.0763455641323887,1.0,0.00020080186971449453,0.0028723219905947284,0.0003730869967265531,0.03968777484608619,0.00017306586805544878,0.0026903613073880027,0.0004222303444158764,0.0013868598966151763,0.008589762682759107,0.008483597729137789,0.0025059245418377076,0.030289309971453335,0.0013198803344012355,0.008589762682759107,0.002370876340952924,0.0055791458201048735,0.008448755135707392,0.005940597307911016,32,0.0,1.4345137827491969e-05,5.857163143940802e-06,1.4345137827491969e-05,6.968483671091275e-06,0.0,put,1.9613348789132565e-05,0.0006806660676375031,0.0,9.037507697939873e-05,5.473692367869462e-05,nan,nan,0.0,0.0,120.0,0.002469734881015659,0.0043778452827232806,0.0026662991902961365,nan,0.00338670792175277,0.008758244623311894,0.0041329948730364045,0.005588323691239539,0.07637786945943087,1.0,0.0002116817890515317,0.0037528416806609233,0.0004179970367186691,0.03970523537175539,0.0001950389645385936,0.003267424037080288,0.0005124918893070586,0.0014150299217172767,0.008758244623311894,0.008686017933737689,0.0025656415524185215,0.0322247210686202,0.0013309191552302022,0.008758244623311894,0.0024040036866504713,0.005905431029611966,0.008647093183079699,0.006220420286908489,put_T050_s040_r005_q000,17,validation
P2,0.00868279195856303,9.237497579306364e-05,0.00012608303222805262,0.0008626232158522614,8.8383383301624e-05,0.0032238602886080184,0.00048683304339647293,0.03208556149732621,0.6019484281907119,0.6046568328405936,0.0,1.0,0.0,0.0019108896728623902,0.0035258391098202946,0.002082860204821705,0.006530135256824958,0.0030727729979105347,0.008896036068351529,0.003910917952480191,0.005401514007525789,0.5556725240910195,1.0,0.00013153772473317924,0.002780319944195919,0.00034781752260385634,0.3847275173805786,0.00012151045814443228,0.002970431658683402,0.00042157055682713,0.0012812330644226815,0.008896036068351529,0.008324975366333432,0.0024601704779175647,0.02592756440273039,0.0011978587524831689,0.008896036068351529,0.002299170407230807,0.005731023757324085,0.008663747877679151,0.0060856860825166705,32,0.0,1.602522814774415e-05,6.476561072887854e-06,1.602522814774415e-05,9.728330746056544e-06,0.0,put,1.5755253819191296e-05,0.0007112500024959445,0.0,5.958951078355312e-06,5.434371480106729e-06,0.6111992416968588,0.6137505873145332,0.0,1.0,0.0,0.0020932927200295244,0.0036373842987794114,0.002272566895717816,0.00754038841351742,0.00311669278241154,0.00905882093536109,0.003993128679039716,0.005751981752346807,0.5568449241256188,1.0,0.00013909565963082175,0.0031745382434256175,0.00037647727125379493,0.38585245164192533,0.00014316605410338463,0.003539793843485628,0.0005152276990653096,0.001308292152962312,0.00905882093536109,0.00852549872446873,0.002519354145265906,0.027300164672161283,0.0012109393143955361,0.00905882093536109,0.002335426469717486,0.0060466978934346025,0.008854470983053656,0.006356900585895175,put_T050_s040_r005_q003,17,validation
P2-S,0.009643833036534488,0.00011108396574854851,0.00013583397958427668,0.0008626232158522614,8.8383383301624e-05,0.0032238602886080184,0.00048683304339647293,0.048336690047919996,nan,nan,0.0,0.0,120.0,0.0019113871771552317,0.0035258391098202946,0.0020829031516387537,nan,0.0030731699687595233,0.008896036068351529,0.003910951487509619,0.005413021322097816,0.0778101088479362,1.0,0.00017700504908299693,0.0027803199441959747,0.00035472836533768036,0.04047992823503028,0.00017308345113026735,0.002970431658683402,0.0004266079045599085,0.001309082901368275,0.008896036068351529,0.008327079494388698,0.0024607922832077353,0.026048700277038702,0.0012243876692663077,0.008896036068351529,0.002299842880219195,0.005731062890199017,0.008663747877679151,0.0060856872509239286,32,0.08264462809917356,1.6025227431146456e-05,6.476561072832343e-06,1.6025227431146456e-05,9.728330746056544e-06,0.0,put,1.5755253819191296e-05,0.0008279179455712438,0.0,9.416695684194565e-05,5.434371480106729e-06,nan,nan,0.0,0.0,120.0,0.0020937476005728787,0.0036373842987794114,0.002272600379665107,nan,0.0031172320187148714,0.00905882093536109,0.003993167333630328,0.005762570854982313,0.07802874743326488,1.0,0.00018460278830274957,0.0031745382434256175,0.0003828476267020793,0.0405982905982906,0.00019473904708921968,0.003539793843485628,0.0005193522457215812,0.0013361419895621778,0.00905882093536109,0.008527552906799818,0.002519961172835579,0.027415974290322533,0.0012374682881463057,0.00905882093536109,0.002336088445135607,0.0060467370263095335,0.008854470983053656,0.00635690158498027,put_T050_s040_r005_q003,17,validation
P2,0.008544749929569662,0.00010199996177107096,0.00012075004633516073,0.00086096760281794,8.17469011521412e-05,0.003401852173582709,0.00039950001519173384,0.046947704701715394,0.5261351219980461,0.5291796963175579,0.0,0.5083333333333333,59.0,0.0016770744357160832,0.0030575608206446225,0.0018468144178543492,0.00847242451544056,0.0016356159659135895,0.005024507835869024,0.0021583708152442824,0.0030225576860410165,0.8060547414984794,1.0,0.00012141218674626157,0.0025576698240379336,0.0003569940549114691,0.6751186754660183,6.943145671312939e-05,0.0016257075885789934,0.00020560246760156862,0.0007423588085699509,0.005024507835869024,0.004765343177211377,0.0014091033194460955,0.02480537138935583,0.000705550126353606,0.005024507835869024,0.001355947756355199,0.002837691277814867,0.004531504570640471,0.0030388937617527455,32,0.0,8.051540182272266e-06,7.2135203083301125e-06,8.051540182272266e-06,7.0235130199408635e-06,0.0,put,1.335765122174731e-05,0.0006275000050663948,0.0,5.249981768429279e-06,1.8771236581971136e-05,0.5328368425862309,0.535375053078329,0.0,0.5083333333333333,59.0,0.0017742806905650353,0.0032387111436625315,0.0019621286189216002,0.010898226508656496,0.0016740079512530084,0.005144602004805425,0.002225926998813023,0.00320937702278127,0.8076736616109149,1.0,0.00012943025582637952,0.0029416477563616317,0.0003814416231799755,0.6773931226765799,8.695707387935673e-05,0.0018831293531867202,0.00027913938312222863,0.0007658920573774246,0.005144602004805425,0.00493250566336221,0.0014584952268388717,0.023824214018955122,0.0007175426661815595,0.005144602004805425,0.0013862913538963972,0.003124546914671518,0.004704502938782634,0.003284899838120235,put_T050_s040_r005_q006,17,validation
P2-S,0.008359000086784363,8.975004311650991e-05,0.0001129580195993185,0.00086096760281794,8.17469011521412e-05,0.003401852173582709,0.00039950001519173384,0.16285853184248905,nan,nan,0.0,0.0,120.0,0.001678304228841438,0.0030575608206446225,0.0018469113362865298,nan,0.0016428814038809373,0.005024507835869031,0.002158717619970039,0.0030382105947171934,0.08024005334518783,1.0,0.0001739033220206371,0.002557669824038711,0.00036258490963730677,0.04179692022693065,0.00012046365570955904,0.0016257075885789934,0.00021545577176213237,0.0007763037320670301,0.005024507835869031,0.004768926504371001,0.0014101629027767223,0.024795092452157427,0.0007393960698946044,0.005024507835869031,0.0013570616466622328,0.0028377445180368588,0.004531504570640471,0.0030388960074006982,32,0.23739669421487603,8.051537297511773e-06,7.2135203083301125e-06,8.051537297511773e-06,7.023513019938088e-06,0.0,put,1.335765122174731e-05,0.0006948331138119102,0.0,9.26250359043479e-05,1.8771236581971136e-05,nan,nan,0.0,0.0,120.0,0.001775494914131412,0.0032387111436625315,0.001962216782495271,nan,0.0016818374293686563,0.005144602004805432,0.00222627193212235,0.0032237174097931556,0.08049949827182518,1.0,0.00018167552559834744,0.002941647756361687,0.00038663967714708453,0.041937732342007435,0.00013798864603033716,0.0018831293531867202,0.0002864340647309291,0.0007998352664252221,0.005144602004805432,0.004935959614553741,0.0014595165275064007,0.023813878022927653,0.0007513866844367952,0.005144602004805432,0.0013873789288955745,0.0031246001622017056,0.004704502938782634,0.0032849008409983047,put_T050_s040_r005_q006,17,validation
P2,0.00825829105451703,0.0001128750154748559,0.00012329104356467724,0.000865082462121365,8.061808388512925e-05,0.0034011294675997433,0.00040904199704527855,0.12091117438711022,0.01370126545808787,0.019452563376042915,0.0,1.0,0.0,4.822602621832132e-05,0.00031895889081601236,9.211394471072461e-05,0.004832400976443975,0.0018929317012275364,0.010395307863335201,0.0031788440392608347,0.008590242737075605,0.5473994835853927,0.9873586161011311,9.858481021364542e-05,0.0005230823887853181,0.00016695028238785859,0.3786680275580505,0.00010392963760812884,0.003734496893089738,0.00047114987948302083,0.0009323353668400711,0.010395307863335201,0.0073274628580874464,0.002170316463810306,0.0478332793747443,0.0007802672958923638,0.010237726698140631,0.001776605399903626,0.006601996704408919,0.010395307863335201,0.007051690293202228,32,0.0,1.2322631432548394e-05,0.0012429357759744962,0.0012429357759744962,0.000442771752889764,0.0,put,8.554345966673566e-06,0.0006506660720333457,0.0,5.458015948534012e-06,0.0003056129733177077,0.017493256971839066,0.023330174914415257,0.0,1.0,0.0,9.334945829269312e-05,0.0003701520322793028,0.00014532101295782553,0.005144379393649492,0.0018383429848752592,0.010225229687044868,0.003088134832807801,0.008138209124698726,0.5513992795788307,0.9930139720558883,9.662478462522294e-05,0.0005171305223461764,0.00016403227162658406,0.3816647487533564,8.066875909469366e-05,0.0031116697256518555,0.0003557268111290439,0.0009079435555906794,0.010225229687044868,0.007127625492284264,0.002111079172007584,0.045202449527615804,0.0007650793355187538,0.01007786435864537,0.0017374844532664308,0.0063077521829652955,0.010225229687044868,0.006810832677671402,put_T050_s040_r005_q010,17,validation
P2-S,0.008568082936108112,8.954200893640518e-05,0.00011033297050744295,0.000865082462121365,8.061808388512925e-05,0.0034011294675997433,0.00040904199704527855,0.09222862698798527,nan,nan,0.0,0.0,120.0,7.40884550323002e-05,0.00032094735956300635,0.00010237362549481022,nan,0.0018932075765816818,0.010395307863335201,0.0031788747903332215,0.008600349543334898,0.0880595194535919,1.0,0.00013347827140242047,0.0005236106530306701,0.0001789145637527784,0.04605766777239092,0.00015100384194143395,0.003734496893089738,0.00047490672438510614,0.000951143626442002,0.010395307863335201,0.00732925637628838,0.0021708476848011204,0.04778762756688132,0.0007961804831560432,0.010237726698140631,0.0017772393486621455,0.0066020409215550285,0.010395307863335201,0.00705169088314083,32,0.0,1.2322631432548331e-05,0.0012429406241783432,0.0012429406241783432,0.000442771752889764,0.0,put,8.554345966673566e-06,0.0006980838952586055,0.0,8.91669187694788e-05,0.0003056129733177077,nan,nan,0.0,0.0,120.0,0.00011412880234436586,0.0003721405010262968,0.00015179100894234166,nan,0.0018386224548880995,0.010225229687044868,0.003088166694087915,0.008148805274462127,0.08824248350036666,1.0,0.00013169798346524865,0.0005176910971116424,0.00017623102854501683,0.04615778033499553,0.00012777226078318512,0.0031116697256518555,0.00036066599749767867,0.0009268093074939244,0.010225229687044868,0.007129471633336624,0.002111625966999611,0.04515211786472644,0.000781158843933166,0.01007786435864537,0.0017381346731227684,0.006307796400111404,0.010225229687044868,0.006810832814536091,put_T050_s040_r005_q010,17,validation
P2,0.008719249977730215,9.354099165648222e-05,0.00012020894791930914,0.00047705060424048335,7.432094584956313e-05,0.0020647047278580135,0.00039133301470428705,0.0002777970692409195,0.01629451296050495,0.02759486009285834,0.0,0.9916666666666667,1.0,9.570886985512794e-05,0.0004158494807707802,0.00015398881880241677,0.012764233937323335,0.0011244002636720447,0.00464137644561341,0.0014575128859780817,0.005013371880143701,0.7775122339820189,0.9941792782305006,1.8941974723053417e-05,0.00024079742293409145,4.410513245024061e-05,0.6383853485329845,8.278561822747024e-05,0.0019383464288608918,0.0002735982643582465,0.000720376815535575,0.00464137644561341,0.0039076247236211606,0.0011613132779662735,0.03812079012146503,0.0007088542182077765,0.00464137644561341,0.0010710009519845555,0.0028749295751252842,0.004604817839147901,0.0030409805469625993,32,0.0,2.3727567543240087e-05,0.0011936697096194791,0.0011936697096194791,0.0005135077280285156,0.0,put,3.3097428791786784e-05,0.0006113748531788588,0.0,6.291898898780346e-06,0.0012345160086661647,0.01772550307042498,0.030381759920266874,0.0,0.9916666666666667,1.0,0.00014800105088522592,0.0004836962887340701,0.00021499942603089985,0.011739076348445319,0.0010983043331704795,0.004512811071768222,0.0014104708008682877,0.004838626963091543,0.782014797951053,0.9997089639115251,1.87400957313562e-05,0.00037109262054751957,4.482463056111442e-05,0.6421761076836792,6.639991937005726e-05,0.0015100960799099283,0.00020164962955120043,0.0007038921273059981,0.004512811071768222,0.0037821772313615166,0.0011239824782230824,0.0382503748825225,0.0006995884269367657,0.004512811071768222,0.0010490349014537844,0.0026434636522287306,0.0044708202414555365,0.0028497820659818345,put_T050_s060_r005_q000,17,validation
P2-S,0.008242624928243458,9.700004011392593e-05,0.0001236660173162818,0.00047705060424048335,7.432094584956313e-05,0.0020647047278580135,0.00039133301470428705,0.058059587471352175,nan,nan,0.0,0.0,120.0,0.0001036661485587499,0.000415876462617204,0.00015782858858099397,nan,0.0011260176735870193,0.00464137644561341,0.0014577106937310358,0.005028934215858443,0.2604031209362809,1.0,5.8025478870757935e-05,0.0002493755638899864,7.428073110988578e-05,0.14969164642122967,0.00013124124156304193,0.0019383464288608918,0.0002800941853342426,0.0007356873523024954,0.00464137644561341,0.0039100455470537955,0.0011620327263766946,0.03822763972423076,0.0007207497973029931,0.00464137644561341,0.0010717070784063741,0.002874930334462426,0.004604817839147901,0.0030409805722195547,32,0.0,2.3727567543240294e-05,0.0011936697096194895,0.0011936697096194895,0.0005135077280285156,0.0,put,3.3097428791786784e-05,0.0007035820744931698,0.0,9.1583002358675e-05,0.0012345160086661647,nan,nan,0.0,0.0,120.0,0.00015868347795486838,0.0004836974065657307,0.00021867215201127826,nan,0.0011000841618583682,0.004512811071768222,0.0014106858464845318,0.004854195168190804,0.2604878048780488,1.0,5.778010438786778e-05,0.0003735086835174317,7.452087592310312e-05,0.14974761637689288,0.00011485554270564289,0.0015100960799099283,0.00021035556394103643,0.000719284735356783,0.004512811071768222,0.003784690966099392,0.001124729506621658,0.038344963690103075,0.000711517377912499,0.004512811071768222,0.0010497566929234866,0.002643464411565909,0.0044708202414555365,0.002849782107509758,put_T050_s060_r005_q000,17,validation
P2,0.008194583933800459,0.00010254199150949717,0.00010970793664455414,0.0004677435750927364,7.120822146141186e-05,0.0017914867152148497,0.000388749991543591,0.003333564830891034,0.030793521361956698,0.04886114436214801,0.0,1.0,0.0,8.988264442287494e-05,0.00040965010896865106,0.00014658695761639808,0.010004278833208362,0.0007881063354605248,0.0028385769136614475,0.0009975761412747842,0.004544030190843016,0.7882908839460644,0.9855907780979827,9.225026152004623e-06,0.00019593068146689374,2.195046035481864e-05,0.6568081428845784,7.012563832874857e-05,0.0017636736139720714,0.00024613877696500597,0.0005111010094876087,0.0028385769136614475,0.0026923470704088284,0.0008008785094263766,0.042472943295989926,0.0005104128145675597,0.0028385769136614475,0.0007571648427133823,0.0018741811755573498,0.002733322393383808,0.0019555606590168366,32,0.0,2.3693410908126605e-05,0.001184722562529477,0.001184722562529477,0.0004822426399330793,0.0,put,1.5974926413674438e-05,0.0006063749315217137,0.0,5.375011824071407e-06,0.00161198278428208,0.026792849130810932,0.04981515874958079,0.0,1.0,0.0,0.000134148090426264,0.0004488807411457407,0.00019475916430933615,0.010000739645057603,0.0007709442069396629,0.0027216735772642303,0.0009651096077453735,0.0043968011395389625,0.7950224680262704,0.9942363112391931,9.293444549139325e-06,0.0003022236222289809,2.3893980005638418e-05,0.6623152236513726,5.478159601124348e-05,0.0013136747295141096,0.00017441353749730597,0.0004999627971116296,0.0027216735772642303,0.0026046508881454908,0.0007747590524872152,0.042546864621936985,0.0005071135381814191,0.0027216735772642303,0.000748066795723181,0.0016514616965798417,0.0026057904720398206,0.0017601342646935694,put_T050_s060_r005_q003,17,validation
P2-S,0.008194625028409064,0.00010158296208828688,0.00010558299254626036,0.0004677435750927364,7.120822146141186e-05,0.0017914867152148497,0.000388749991543591,0.03479408292242517,nan,nan,0.0,0.0,120.0,9.443280360106227e-05,0.0003967779535977156,0.00014614405074841398,nan,0.0007918207349901295,0.0028385769136614475,0.0009980672334584705,0.004560101632837628,0.3925549915397631,0.9860896445131375,5.089015025957643e-05,0.00020911734060719,6.296824193518385e-05,0.24505473401190705,0.00011857370929894243,0.0017636736139720714,0.0002533221399269133,0.0005283123984904376,0.0028385769136614475,0.0026962695092097783,0.0008020452969385616,0.04261742230494081,0.0005246419655779439,0.0028385769136614475,0.0007583381316683599,0.0018741815922960977,0.002733322393383808,0.0019555606801205617,32,0.0,2.3693410908126672e-05,0.0011847225625294805,0.0011847225625294805,0.0004822426399330793,0.0,put,1.5974926413674438e-05,0.00068612489849329,0.0,9.020895231515169e-05,0.00161198278428208,nan,nan,0.0,0.0,120.0,0.0001382440907414335,0.0004488982380316253,0.00019443885717462515,nan,0.0007748594876150976,0.0027216735772642303,0.0009656334016228906,0.004413185837836602,0.39797016761494697,1.0,5.066900778618218e-05,0.0003069780095798502,6.334752060528401e-05,0.24841620272605106,0.0001032296669814408,0.0013136747295141166,0.0001843605618753917,0.0005172057611326975,0.0027216735772642303,0.002608718162450749,0.0007759688720454866,0.04269032824255918,0.000521377855588914,0.0027216735772642303,0.0007492590286574045,0.0016514621133185987,0.0026057904720398206,0.0017601342944392562,put_T050_s060_r005_q003,17,validation
P2,0.008233874919824302,9.425007738173008e-05,0.00010970898438245058,0.0004652616481758539,6.558530688651847e-05,0.001696641293046636,0.00025749998167157173,0.005417042850197931,0.03810841015939966,0.053172878028052796,0.0,1.0,0.0,6.733993496300002e-05,0.00033484566771002644,0.00010840479905290361,0.009838619744922358,0.0008921903165056989,0.00523724356877403,0.0014684889432049768,0.0048390450033387045,0.8013159440723769,0.9773574089997134,5.4246562718411505e-06,0.000191117940661234,1.437391648913949e-05,0.6790123456790124,7.90201452416937e-05,0.002408933021929703,0.00032231816104077375,0.0005880213973270613,0.00523724356877403,0.0039971271249844694,0.0011903128846715682,0.03819310706428795,0.0005254771784677422,0.00523724356877403,0.0010194730721944446,0.003454794182149068,0.005185799051857093,0.003621258674482939,32,0.0,2.6581685643366432e-05,0.0013393348395913732,0.0013393348395913732,0.0005659362588951505,0.0,put,2.4915084343046786e-05,0.0004668760811910033,0.0,5.417037755250931e-06,0.001322790597403263,0.03138609713697806,0.050349578530507706,0.0,1.0,0.0,0.00011630868587364622,0.0006184410520427841,0.00018692018765832636,0.01080165193107717,0.0008547110389856546,0.005126890145314922,0.0014100963448388025,0.004638532552213744,0.8097755845376571,0.9876755517340212,5.360833277894662e-06,0.00021980926792236621,1.5227448234275809e-05,0.6861808044603743,5.770405382113656e-05,0.0020084203897702615,0.00023644644982077917,0.0005633759708165151,0.005126890145314922,0.0038383533102980764,0.0011429878116725994,0.0385045838640722,0.0005060024864780503,0.005126890145314922,0.0009839789262818396,0.003244576733174895,0.005071038250051063,0.0034477355323151567,put_T050_s060_r005_q006,17,validation
P2-S,0.008450332912616432,8.975004311650991e-05,0.00010579207446426153,0.0004652616481758539,6.558530688651847e-05,0.001696641293046636,0.00025749998167157173,0.035766372664768384,nan,nan,0.0,0.0,120.0,7.257372842284573e-05,0.0003237707646465138,0.00011151792044617494,nan,0.0008980907137498214,0.00523724356877403,0.001468877359369645,0.004857768444144815,0.34739941118743867,0.9725274725274725,5.020901508174653e-05,0.00020489070721729785,6.0485173720073755e-05,0.2114695340501792,0.0001283054799953659,0.002408933021929703,0.00032785908024235937,0.0006072593572365318,0.00523724356877403,0.003999853665535103,0.001191124826910711,0.038304371884684656,0.000542000019537116,0.00523724356877403,0.0010203735876678714,0.003454794409782588,0.005185799051857093,0.0036212586780324948,32,0.0,2.65816856433665e-05,0.0013393348395913766,0.0013393348395913766,0.0005659362588951505,0.0,put,2.4915084343046786e-05,0.0005437510553747416,0.0,9.070895612239838e-05,0.001322790597403263,nan,nan,0.0,0.0,120.0,0.00011816007085771058,0.0006042925283780143,0.00018069929096986337,nan,0.0008608584191300134,0.005126890145314922,0.001410508963656191,0.004658061209464847,0.35557736342819757,0.9954212454212454,4.9729529275109184e-05,0.00023033664185967417,6.031769801483984e-05,0.21644763042612505,0.0001069894429951842,0.0020084203897702615,0.00024387436865865646,0.0005826336199461237,0.005126890145314922,0.0038411919590826244,0.0011438331066988944,0.03856373438107691,0.000522612787702425,0.005126890145314922,0.0009849428619218255,0.0032445771023013785,0.005071038250051063,0.0034477355368214085,put_T050_s060_r005_q006,17,validation
