method_name,sample_id,row_index,regime_id,split,option_type,S_over_K,tau_fraction,target_delta,predicted_delta,absolute_error,delta_allowed_mask,strict_interior,boundary_near,payoff_kink_near,maturity_row,downstream_use_status
direct_value_implied_delta,0,7471,put_T025_s020_r001_q003,train,put,1.4666666666666666,0.43333333333333335,-1.2553696963851362e-07,0.062394368815742084,0.06239449435271172,True,True,False,False,False,stage5_delta_diagnostic_only
direct_value_implied_delta,1,21335,put_T025_s020_r005_q000,train,put,0.6333333333333333,0.1,-0.9999999999999998,-1.0506728579496465,0.05067285794964671,True,True,False,False,False,stage5_delta_diagnostic_only
direct_value_implied_delta,2,58228,put_T025_s020_r010_q010,train,put,0.6,0.19166666666666665,-0.9999999999999998,-1.1699644761408738,0.16996447614087407,True,True,False,False,False,stage5_delta_diagnostic_only
direct_value_implied_delta,3,72310,put_T025_s040_r001_q003,train,put,1.3,0.9,-0.0725966945502565,-0.16494723010092466,0.09235053555066816,True,True,False,False,False,stage5_delta_diagnostic_only
direct_value_implied_delta,4,78312,put_T025_s040_r001_q010,train,put,0.7,0.05,-0.998750764647183,-1.0259022024663786,0.0271514378191956,True,True,False,False,False,stage5_delta_diagnostic_only
direct_value_implied_delta,5,93268,put_T025_s040_r005_q003,train,put,0.43333333333333335,0.9333333333333333,-0.9999999999999998,-1.1208193084712168,0.12081930847121702,True,True,False,False,False,stage5_delta_diagnostic_only
direct_value_implied_delta,6,95173,put_T025_s040_r005_q006,train,put,0.8666666666666667,0.2916666666666667,-0.8951068161539308,-0.8920750598380164,0.003031756315914458,True,True,False,False,False,stage5_delta_diagnostic_only
direct_value_implied_delta,7,96538,put_T025_s040_r005_q006,train,put,0.5,0.5583333333333333,-0.9999999999999998,-0.989645554587258,0.010354445412741775,True,True,False,False,False,stage5_delta_diagnostic_only
direct_value_implied_delta,8,99961,put_T025_s040_r005_q010,train,put,1.3666666666666667,0.20833333333333334,-0.00044087742989895134,-0.019418753899816437,0.018977876469917485,True,True,False,False,False,stage5_delta_diagnostic_only
direct_value_implied_delta,9,109473,put_T025_s040_r010_q003,train,put,1.6666666666666667,0.03333333333333333,-6.842343181043068e-17,0.13287884762547789,0.13287884762547794,True,True,False,False,False,stage5_delta_diagnostic_only
direct_value_implied_delta,10,113165,put_T025_s040_r010_q003,train,put,1.4666666666666666,0.75,-0.008977783195919322,-0.03140673195223492,0.0224289487563156,True,True,False,False,False,stage5_delta_diagnostic_only
direct_value_implied_delta,11,116449,put_T025_s040_r010_q006,train,put,0.5666666666666667,0.3833333333333333,-0.9999999999999998,-0.9344867242741479,0.06551327572585186,True,True,False,False,False,stage5_delta_diagnostic_only
direct_value_implied_delta,12,116701,put_T025_s040_r010_q006,train,put,1.8,0.425,-3.4242702444829655e-06,0.20965930305422661,0.2096627273244711,True,True,False,False,False,stage5_delta_diagnostic_only
direct_value_implied_delta,13,117723,put_T025_s040_r010_q006,train,put,1.4666666666666666,0.625,-0.0056760138069156885,0.03210014382631177,0.037776157633227454,True,True,False,False,False,stage5_delta_diagnostic_only
direct_value_implied_delta,14,147880,put_T025_s060_r005_q000,train,put,0.5,0.425,-0.9999999999999998,-1.0375378786822296,0.0375378786822298,True,True,False,False,False,stage5_delta_diagnostic_only
direct_value_implied_delta,15,154026,put_T025_s060_r005_q003,train,put,0.4,0.6083333333333333,-0.9999999999999998,-0.8745490047087143,0.12545099529128545,True,True,False,False,False,stage5_delta_diagnostic_only
direct_value_implied_delta,16,157065,put_T025_s060_r005_q006,train,put,1.3666666666666667,0.18333333333333332,-0.0066775162377100145,0.024864945686991234,0.03154246192470125,True,True,False,False,False,stage5_delta_diagnostic_only
direct_value_implied_delta,17,161667,put_T025_s060_r005_q010,stress_holdout,put,1.4,0.06666666666666667,-2.467635829993003e-05,0.07721727225264002,0.07724194861093996,True,True,False,False,False,stage5_delta_diagnostic_only
direct_value_implied_delta,18,168213,put_T025_s060_r010_q000,train,put,1.7333333333333334,0.325,-0.0004403142177972144,0.15108055567798645,0.15152086989578367,True,True,False,False,False,stage5_delta_diagnostic_only
direct_value_implied_delta,19,192728,put_T050_s020_r001_q003,train,put,0.4666666666666667,0.041666666666666664,-0.9993751951257612,-1.1146492462711732,0.115274051145412,True,True,False,False,False,stage5_delta_diagnostic_only
direct_value_implied_delta,20,205554,put_T050_s020_r001_q010,train,put,0.8666666666666667,0.5083333333333333,-0.9200009078930352,-0.7560217495978995,0.16397915829513576,True,True,False,False,False,stage5_delta_diagnostic_only
direct_value_implied_delta,21,220119,put_T050_s020_r005_q006,validation,put,0.4666666666666667,0.30833333333333335,-0.9999999999999998,-1.078375568496335,0.0783755684963352,True,True,False,False,False,stage5_delta_diagnostic_only
direct_value_implied_delta,22,229412,put_T050_s020_r010_q000,train,put,0.6333333333333333,0.09166666666666666,-0.9999999999999998,-1.1401739227929029,0.14017392279290308,True,True,False,False,False,stage5_delta_diagnostic_only
direct_value_implied_delta,23,238343,put_T050_s020_r010_q003,train,put,1.6333333333333333,0.8083333333333333,-2.3172305887967195e-05,0.08857902563766148,0.08860219794354945,True,True,False,False,False,stage5_delta_diagnostic_only
direct_value_implied_delta,24,238705,put_T050_s020_r010_q003,train,put,0.8,0.8833333333333333,-1.0000000000000016,-0.8007510161958518,0.1992489838041498,True,True,False,False,False,stage5_delta_diagnostic_only
direct_value_implied_delta,25,261065,put_T050_s040_r001_q006,train,put,0.8,0.175,-0.962112457079739,-0.9462980838989079,0.01581437318083112,True,True,False,False,False,stage5_delta_diagnostic_only
direct_value_implied_delta,26,267319,put_T050_s040_r001_q010,train,put,1.4333333333333333,0.375,-0.0192338522955489,-0.033771916793357684,0.014538064497808784,True,True,False,False,False,stage5_delta_diagnostic_only
direct_value_implied_delta,27,285048,put_T050_s040_r005_q006,validation,put,0.43333333333333335,0.7916666666666666,-0.9999999999999998,-1.1341615767318423,0.13416157673184248,True,True,False,False,False,stage5_delta_diagnostic_only
direct_value_implied_delta,28,287486,put_T050_s040_r005_q010,validation,put,1.4333333333333333,0.25,-0.005258437170254287,0.020233521027881295,0.025491958198135583,True,True,False,False,False,stage5_delta_diagnostic_only
direct_value_implied_delta,29,299115,put_T050_s040_r010_q003,train,put,0.6333333333333333,0.49166666666666664,-0.9999999999999998,-1.0808359402653813,0.08083594026538155,True,True,False,False,False,stage5_delta_diagnostic_only
direct_value_implied_delta,30,306405,put_T050_s040_r010_q006,train,put,1.4,0.8916666666666666,-0.07129837532777793,-0.030329179817898306,0.040969195509879625,True,True,False,False,False,stage5_delta_diagnostic_only
direct_value_implied_delta,31,317041,put_T050_s060_r001_q000,train,put,0.4666666666666667,0.9416666666666667,-0.9600343651437349,-0.9201252629927275,0.0399091021510074,True,True,False,False,False,stage5_delta_diagnostic_only
direct_value_implied_delta,32,318728,put_T050_s060_r001_q003,train,put,0.8,0.2583333333333333,-0.822966049143997,-0.7799918394675364,0.042974209676460595,True,True,False,False,False,stage5_delta_diagnostic_only
direct_value_implied_delta,33,319176,put_T050_s060_r001_q003,train,put,1.4,0.3416666666666667,-0.0708627888359729,-0.04391052161387593,0.026952267222096968,True,True,False,False,False,stage5_delta_diagnostic_only
direct_value_implied_delta,34,319418,put_T050_s060_r001_q003,train,put,0.8666666666666667,0.39166666666666666,-0.6595800120575002,-0.6769997587140909,0.01741974665659074,True,True,False,False,False,stage5_delta_diagnostic_only
direct_value_implied_delta,35,323412,put_T050_s060_r001_q006,train,put,0.7,0.15833333333333333,-0.9742632862150391,-0.838232752194688,0.13603053402035115,True,True,False,False,False,stage5_delta_diagnostic_only
direct_value_implied_delta,36,328346,put_T050_s060_r001_q010,stress_holdout,put,1.7666666666666666,0.1,-1.6005071799824668e-05,0.28469999197272994,0.28471599704452977,True,True,False,False,False,stage5_delta_diagnostic_only
direct_value_implied_delta,37,330104,put_T050_s060_r001_q010,stress_holdout,put,1.6,0.44166666666666665,-0.0403002995472018,0.08590401581197982,0.1262043153591816,True,True,False,False,False,stage5_delta_diagnostic_only
direct_value_implied_delta,38,343996,put_T050_s060_r005_q006,validation,put,1.7,0.10833333333333334,-7.397882883892367e-05,0.11263303772820932,0.11270701655704825,True,True,False,False,False,stage5_delta_diagnostic_only
direct_value_implied_delta,39,351590,put_T050_s060_r005_q010,stress_holdout,put,1.1333333333333333,0.575,-0.2981345136045211,-0.31039332728285934,0.012258813678338254,True,True,False,False,False,stage5_delta_diagnostic_only
direct_value_implied_delta,40,352517,put_T050_s060_r005_q010,stress_holdout,put,0.5,0.7583333333333333,-0.9365254465229289,-0.8348225155870229,0.10170293093590599,True,True,False,False,False,stage5_delta_diagnostic_only
direct_value_implied_delta,41,368521,put_T050_s060_r010_q006,train,put,0.7666666666666666,0.8333333333333334,-0.6887514062448958,-0.6591819099919816,0.029569496252914274,True,True,False,False,False,stage5_delta_diagnostic_only
direct_value_implied_delta,42,372178,put_T050_s060_r010_q010,stress_holdout,put,0.8333333333333334,0.5333333333333333,-0.6606870650337459,-0.7564185789167812,0.09573151388303536,True,True,False,False,False,stage5_delta_diagnostic_only
direct_value_implied_delta,43,385853,put_T100_s020_r001_q006,train,put,0.8666666666666667,0.15833333333333333,-0.956588338984286,-0.6895167320307604,0.2670716069535256,True,True,False,False,False,stage5_delta_diagnostic_only
direct_value_implied_delta,44,401231,put_T100_s020_r005_q003,train,put,1.7666666666666666,0.10833333333333334,-3.813790928839542e-13,0.16357254954863243,0.16357254954901382,True,True,False,False,False,stage5_delta_diagnostic_only
direct_value_implied_delta,45,414100,put_T100_s020_r005_q010,train,put,0.7333333333333333,0.5916666666666667,-0.9263379682004723,-0.942166398983833,0.015828430783360714,True,True,False,False,False,stage5_delta_diagnostic_only
direct_value_implied_delta,46,423249,put_T100_s020_r010_q003,train,put,0.4,0.35,-0.9999999999999998,-1.1111048992350534,0.11110489923505362,True,True,False,False,False,stage5_delta_diagnostic_only
direct_value_implied_delta,47,427677,put_T100_s020_r010_q006,train,put,1.8,0.19166666666666665,-2.2031636665013995e-10,0.40000090952482226,0.40000090974513863,True,True,False,False,False,stage5_delta_diagnostic_only
direct_value_implied_delta,48,436842,put_T100_s020_r010_q010,train,put,0.5666666666666667,0.9666666666666667,-0.9999999999999998,-0.9714854248131277,0.02851457518687206,True,True,False,False,False,stage5_delta_diagnostic_only
direct_value_implied_delta,49,441093,put_T100_s040_r001_q000,train,put,1.8,0.775,-0.0310083422664382,0.1006676751151054,0.1316760173815436,True,True,False,False,False,stage5_delta_diagnostic_only
direct_value_implied_delta,50,444072,put_T100_s040_r001_q003,train,put,0.7666666666666666,0.35,-0.8405137239371208,-0.9093464496796357,0.06883272574251498,True,True,False,False,False,stage5_delta_diagnostic_only
direct_value_implied_delta,51,446428,put_T100_s040_r001_q003,train,put,0.4666666666666667,0.8083333333333333,-0.9539595230198539,-0.9895433752132364,0.03558385219338256,True,True,False,False,False,stage5_delta_diagnostic_only
direct_value_implied_delta,52,452574,put_T100_s040_r001_q006,train,put,1.8,0.9833333333333333,-0.05640382214733441,0.05367728504318113,0.11008110719051553,True,True,False,False,False,stage5_delta_diagnostic_only
direct_value_implied_delta,53,461920,put_T100_s040_r005_q000,train,put,0.8666666666666667,0.7833333333333333,-0.5821028865171081,-0.4122520181508002,0.16985086836630786,True,True,False,False,False,stage5_delta_diagnostic_only
direct_value_implied_delta,54,464339,put_T100_s040_r005_q003,train,put,1.2333333333333334,0.24166666666666667,-0.11679458674563077,-0.22691544894180155,0.11012086219617077,True,True,False,False,False,stage5_delta_diagnostic_only
direct_value_implied_delta,55,469814,put_T100_s040_r005_q006,train,put,1.7,0.2916666666666667,-0.0053577582387783155,0.0696059419521555,0.07496370019093382,True,True,False,False,False,stage5_delta_diagnostic_only
direct_value_implied_delta,56,487364,put_T100_s040_r010_q003,train,put,0.4666666666666667,0.675,-0.9999999999999998,-0.8725479919676314,0.12745200803236834,True,True,False,False,False,stage5_delta_diagnostic_only
direct_value_implied_delta,57,497125,put_T100_s040_r010_q010,train,put,0.4666666666666667,0.55,-0.9999999999999998,-0.9656589465375507,0.03434105346244909,True,True,False,False,False,stage5_delta_diagnostic_only
direct_value_implied_delta,58,499900,put_T100_s060_r001_q000,train,put,1.2333333333333334,0.075,-0.08661049745571574,-0.17439490549820694,0.0877844080424912,True,True,False,False,False,stage5_delta_diagnostic_only
direct_value_implied_delta,59,509205,put_T100_s060_r001_q003,train,put,1.8,0.8666666666666667,-0.09426387143300113,0.07664369590546448,0.17090756733846563,True,True,False,False,False,stage5_delta_diagnostic_only
direct_value_implied_delta,60,514581,put_T100_s060_r001_q006,train,put,0.4,0.9083333333333333,-0.8703574609562459,-0.9093432102973129,0.03898574934106702,True,True,False,False,False,stage5_delta_diagnostic_only
direct_value_implied_delta,61,523123,put_T100_s060_r005_q000,train,put,1.3333333333333333,0.5416666666666666,-0.17791451093121552,-0.1465086581010897,0.03140585283012581,True,True,False,False,False,stage5_delta_diagnostic_only
direct_value_implied_delta,62,538524,put_T100_s060_r005_q010,stress_holdout,put,1.5666666666666667,0.5,-0.10738971681347864,0.05483547143915453,0.16222518825263316,True,True,False,False,False,stage5_delta_diagnostic_only
direct_value_implied_delta,63,557394,put_T100_s060_r010_q010,stress_holdout,put,1.3333333333333333,0.125,-0.07108454704802122,-0.12047307420569033,0.0493885271576691,True,True,False,False,False,stage5_delta_diagnostic_only
direct_value_implied_delta,64,566186,put_T200_s020_r001_q000,train,put,0.5666666666666667,0.825,-0.9999999999999998,-0.9236790015154267,0.07632099848457308,True,True,False,False,False,stage5_delta_diagnostic_only
direct_value_implied_delta,65,572268,put_T200_s020_r001_q003,train,put,1.2,0.9916666666666667,-0.24378457146267313,-0.2562875121852671,0.012502940722593947,True,True,False,False,False,stage5_delta_diagnostic_only
direct_value_implied_delta,66,576842,put_T200_s020_r001_q006,train,put,1.7333333333333334,0.8666666666666667,-0.02648885776391931,0.1309339025408884,0.15742276030480773,True,True,False,False,False,stage5_delta_diagnostic_only
direct_value_implied_delta,67,585568,put_T200_s020_r005_q000,train,put,1.6333333333333333,0.5416666666666666,-0.0034112432433159004,0.0758681852051181,0.079279428448434,True,True,False,False,False,stage5_delta_diagnostic_only
direct_value_implied_delta,68,594145,put_T200_s020_r005_q006,train,put,0.8666666666666667,0.19166666666666665,-0.8540951926161034,-0.836659943080289,0.017435249535814434,True,True,False,False,False,stage5_delta_diagnostic_only
direct_value_implied_delta,69,595877,put_T200_s020_r005_q006,train,put,1.2666666666666666,0.525,-0.10742434421280907,-0.258541965999797,0.15111762178698795,True,True,False,False,False,stage5_delta_diagnostic_only
direct_value_implied_delta,70,596306,put_T200_s020_r005_q006,train,put,1.2333333333333334,0.6083333333333333,-0.1466594359761751,-0.2939555606125275,0.1472961246363524,True,True,False,False,False,stage5_delta_diagnostic_only
direct_value_implied_delta,71,605551,put_T200_s020_r010_q000,train,put,1.2333333333333334,0.3833333333333333,-0.048382234594663676,-0.15696961132256296,0.10858737672789928,True,True,False,False,False,stage5_delta_diagnostic_only
direct_value_implied_delta,72,607842,put_T200_s020_r010_q000,train,put,1.6333333333333333,0.825,-0.004327595588337603,0.06282663028078954,0.06715422586912714,True,True,False,False,False,stage5_delta_diagnostic_only
direct_value_implied_delta,73,612736,put_T200_s020_r010_q003,train,put,1.3666666666666667,0.7666666666666666,-0.03799254027399573,-0.09416623697684709,0.05617369670285136,True,True,False,False,False,stage5_delta_diagnostic_only
direct_value_implied_delta,74,622031,put_T200_s020_r010_q010,train,put,1.6,0.55,-0.008672699133191087,-0.014160757386902501,0.0054880582537114135,True,True,False,False,False,stage5_delta_diagnostic_only
direct_value_implied_delta,75,633266,put_T200_s040_r001_q003,train,put,0.5666666666666667,0.7166666666666667,-0.8089683294832084,-0.692772399217785,0.11619593026542341,True,True,False,False,False,stage5_delta_diagnostic_only
direct_value_implied_delta,76,634733,put_T200_s040_r001_q003,train,put,0.7333333333333333,1.0,-0.5959773042981564,-0.6214595972679179,0.025482292969761455,True,True,False,False,False,stage5_delta_diagnostic_only
direct_value_implied_delta,77,637053,put_T200_s040_r001_q006,train,put,0.6666666666666666,0.44166666666666665,-0.7997494874423031,-0.7835625296235404,0.01618695781876267,True,True,False,False,False,stage5_delta_diagnostic_only
direct_value_implied_delta,78,642687,put_T200_s040_r001_q010,train,put,0.7,0.525,-0.7336634881446896,-0.7510396863697282,0.017376198225038553,True,True,False,False,False,stage5_delta_diagnostic_only
direct_value_implied_delta,79,658120,put_T200_s040_r005_q006,train,put,0.5666666666666667,0.49166666666666664,-0.9037763691684908,-0.8625667200281565,0.041209649140334315,True,True,False,False,False,stage5_delta_diagnostic_only
direct_value_implied_delta,80,663563,put_T200_s040_r005_q010,train,put,1.4,0.5333333333333333,-0.16747343719200306,-0.08351833365014688,0.08395510354185617,True,True,False,False,False,stage5_delta_diagnostic_only
direct_value_implied_delta,81,674786,put_T200_s040_r010_q003,test,put,1.4,0.6916666666666667,-0.12976270491387487,-0.059128329946790514,0.07063437496708436,True,True,False,False,False,stage5_delta_diagnostic_only
direct_value_implied_delta,82,685949,put_T200_s040_r010_q010,test,put,0.8333333333333334,0.8416666666666667,-0.5145218239806181,-0.6099878725022022,0.09546604852158413,True,True,False,False,False,stage5_delta_diagnostic_only
direct_value_implied_delta,83,702830,put_T200_s060_r001_q010,stress_holdout,put,1.6666666666666667,0.075,-0.011849907843646779,0.17695871026441293,0.1888086181080597,True,True,False,False,False,stage5_delta_diagnostic_only
direct_value_implied_delta,84,704841,put_T200_s060_r001_q010,stress_holdout,put,1.3333333333333333,0.4666666666666667,-0.2375154816358442,-0.18021088815294942,0.057304593482894794,True,True,False,False,False,stage5_delta_diagnostic_only
direct_value_implied_delta,85,706901,put_T200_s060_r001_q010,stress_holdout,put,1.2,0.8666666666666667,-0.2816252710125572,-0.22942817360991302,0.052197097402644166,True,True,False,False,False,stage5_delta_diagnostic_only
direct_value_implied_delta,86,708545,put_T200_s060_r005_q000,train,put,1.5333333333333332,0.175,-0.07678647194841798,-0.1033646408691171,0.026578168920699127,True,True,False,False,False,stage5_delta_diagnostic_only
direct_value_implied_delta,87,722142,put_T200_s060_r005_q006,train,put,0.4,0.8,-0.834000110424799,-0.9077785886327293,0.07377847820793026,True,True,False,False,False,stage5_delta_diagnostic_only
direct_value_implied_delta,88,726141,put_T200_s060_r005_q010,stress_holdout,put,0.4,0.5666666666666667,-0.8517600824262583,-0.7227061974505478,0.12905388497571058,True,True,False,False,False,stage5_delta_diagnostic_only
direct_value_implied_delta,89,731869,put_T200_s060_r010_q000,train,put,0.7,0.6666666666666666,-0.6035569107448794,-0.5436794192308284,0.05987749151405097,True,True,False,False,False,stage5_delta_diagnostic_only
direct_value_implied_delta,90,791942,call_T025_s020_r010_q000,test,call,0.7666666666666666,0.20833333333333334,7.551850120344197e-06,-0.04704554955434443,0.047053101404464774,True,True,False,False,False,stage5_delta_diagnostic_only
direct_value_implied_delta,91,798309,call_T025_s020_r010_q003,train,call,0.8666666666666667,0.43333333333333335,0.026545740918022087,0.23975677804161627,0.21321103712359418,True,True,False,False,False,stage5_delta_diagnostic_only
direct_value_implied_delta,92,802298,call_T025_s020_r010_q006,train,call,0.5333333333333333,0.2,7.531370450236741e-16,-0.25228825849597847,0.25228825849597925,True,True,False,False,False,stage5_delta_diagnostic_only
direct_value_implied_delta,93,811923,call_T025_s040_r001_q000,test,call,1.7333333333333334,0.041666666666666664,0.9999999999999931,0.7651343812707495,0.2348656187292436,True,True,False,False,False,stage5_delta_diagnostic_only
direct_value_implied_delta,94,815523,call_T025_s040_r001_q000,test,call,1.3333333333333333,0.7416666666666667,0.9611988749626105,0.9696072214115807,0.00840834644897026,True,True,False,False,False,stage5_delta_diagnostic_only
direct_value_implied_delta,95,824161,call_T025_s040_r001_q006,train,call,1.1666666666666667,0.4,0.9064856970938232,1.011971747809252,0.10548605071542883,True,True,False,False,False,stage5_delta_diagnostic_only
direct_value_implied_delta,96,834034,call_T025_s040_r005_q000,test,call,0.6,0.3,1.5886763354059627e-05,-0.054525823247517216,0.054541710010871276,True,True,False,False,False,stage5_delta_diagnostic_only
direct_value_implied_delta,97,834919,call_T025_s040_r005_q000,test,call,1.4333333333333333,0.4666666666666667,0.9967814121894314,0.9841418289445627,0.01263958324486869,True,True,False,False,False,stage5_delta_diagnostic_only
direct_value_implied_delta,98,836095,call_T025_s040_r005_q000,test,call,0.5,0.7,7.167146961690767e-05,-0.2758129971486863,0.2758846686183032,True,True,False,False,False,stage5_delta_diagnostic_only
direct_value_implied_delta,99,839569,call_T025_s040_r005_q003,train,call,1.6333333333333333,0.35833333333333334,0.9981570334688067,0.9695910278053802,0.028566005663426486,True,True,False,False,False,stage5_delta_diagnostic_only
direct_value_implied_delta,100,862716,call_T025_s040_r010_q003,train,call,0.6333333333333333,0.8166666666666667,0.01006432607188818,0.20070096171902932,0.19063663564714114,True,True,False,False,False,stage5_delta_diagnostic_only
direct_value_implied_delta,101,865075,call_T025_s040_r010_q006,train,call,0.43333333333333335,0.26666666666666666,8.372068804966508e-11,-0.2609479450921589,0.2609479451758796,True,True,False,False,False,stage5_delta_diagnostic_only
direct_value_implied_delta,102,870507,call_T025_s040_r010_q010,train,call,0.9,0.30833333333333335,0.18435743347821199,0.24058955540502636,0.05623212192681437,True,True,False,False,False,stage5_delta_diagnostic_only
direct_value_implied_delta,103,875920,call_T025_s060_r001_q000,test,call,0.7333333333333333,0.35,0.05001475233330065,0.15764579258775255,0.1076310402544519,True,True,False,False,False,stage5_delta_diagnostic_only
direct_value_implied_delta,104,878461,call_T025_s060_r001_q000,test,call,0.8666666666666667,0.8416666666666667,0.3535597523650395,0.30292193013243257,0.05063782223260693,True,True,False,False,False,stage5_delta_diagnostic_only
direct_value_implied_delta,105,879554,call_T025_s060_r001_q003,train,call,1.4666666666666666,0.041666666666666664,0.9999999999999998,0.975246971320673,0.024753028679326827,True,True,False,False,False,stage5_delta_diagnostic_only
direct_value_implied_delta,106,888690,call_T025_s060_r001_q006,train,call,0.7,0.8083333333333333,0.10972453876474238,0.0843192709308266,0.02540526783391578,True,True,False,False,False,stage5_delta_diagnostic_only
direct_value_implied_delta,107,889703,call_T025_s060_r001_q006,train,call,1.5,1.0,0.9427967601196791,0.8321403070191343,0.11065645310054473,True,True,False,False,False,stage5_delta_diagnostic_only
direct_value_implied_delta,108,892765,call_T025_s060_r001_q010,stress_holdout,call,1.8,0.5833333333333334,0.9999999999999998,0.8506243665572097,0.14937563344279003,True,True,False,False,False,stage5_delta_diagnostic_only
direct_value_implied_delta,109,913220,call_T025_s060_r005_q010,stress_holdout,call,1.3666666666666667,0.5166666666666666,0.9492831779463698,0.9979669431197635,0.04868376517339368,True,True,False,False,False,stage5_delta_diagnostic_only
direct_value_implied_delta,110,918224,call_T025_s060_r010_q000,test,call,0.4666666666666667,0.48333333333333334,0.0003642087522709095,-0.15552020035418096,0.15588440910645188,True,True,False,False,False,stage5_delta_diagnostic_only
direct_value_implied_delta,111,921863,call_T025_s060_r010_q003,train,call,1.3666666666666667,0.175,0.9933780183593754,1.0968597549509456,0.10348173659157012,True,True,False,False,False,stage5_delta_diagnostic_only
direct_value_implied_delta,112,924893,call_T025_s060_r010_q003,train,call,0.6,0.7666666666666666,0.03948858231976087,0.09850286789135283,0.05901428557159196,True,True,False,False,False,stage5_delta_diagnostic_only
direct_value_implied_delta,113,934718,call_T025_s060_r010_q010,stress_holdout,call,1.3,0.65,0.8821370937711798,0.7056730268017113,0.17646406696946848,True,True,False,False,False,stage5_delta_diagnostic_only
direct_value_implied_delta,114,938010,call_T050_s020_r001_q000,test,call,0.6666666666666666,0.2833333333333333,2.9049620737814604e-06,-0.08212028565258123,0.082123190614655,True,True,False,False,False,stage5_delta_diagnostic_only
direct_value_implied_delta,115,942867,call_T050_s020_r001_q003,train,call,0.6,0.21666666666666667,1.6211085768102183e-09,-0.1640741750328957,0.16407417665400428,True,True,False,False,False,stage5_delta_diagnostic_only
direct_value_implied_delta,116,949567,call_T050_s020_r001_q006,train,call,1.7666666666666666,0.5,0.9999999999999998,0.9438675081055105,0.05613249189448932,True,True,False,False,False,stage5_delta_diagnostic_only
direct_value_implied_delta,117,968645,call_T050_s020_r005_q006,validation,call,1.3,0.16666666666666666,0.9999999999999998,1.048422601998657,0.04842260199865733,True,True,False,False,False,stage5_delta_diagnostic_only
direct_value_implied_delta,118,972057,call_T050_s020_r005_q006,validation,call,1.8,0.825,0.9999999999999998,0.8761550184808943,0.1238449815191055,True,True,False,False,False,stage5_delta_diagnostic_only
direct_value_implied_delta,119,973790,call_T050_s020_r005_q010,validation,call,0.8,0.15833333333333333,0.00023351308008909418,0.094552508629081,0.09431899554899191,True,True,False,False,False,stage5_delta_diagnostic_only
direct_value_implied_delta,120,982688,call_T050_s020_r010_q000,test,call,0.7,0.875,0.01274103526433854,0.04635856911628569,0.03361753385194715,True,True,False,False,False,stage5_delta_diagnostic_only
direct_value_implied_delta,121,988746,call_T050_s020_r010_q006,train,call,0.5333333333333333,0.03333333333333333,2.5451990447905726e-20,-0.18827148369281,0.18827148369281,True,True,False,False,False,stage5_delta_diagnostic_only
direct_value_implied_delta,122,993586,call_T050_s020_r010_q006,train,call,1.3333333333333333,0.9666666666666667,0.9607408025288627,1.0846069137584862,0.12386611122962343,True,True,False,False,False,stage5_delta_diagnostic_only
direct_value_implied_delta,123,1005417,call_T050_s040_r001_q003,train,call,1.5333333333333332,0.23333333333333334,0.9999999999999998,0.9686465825820546,0.03135341741794517,True,True,False,False,False,stage5_delta_diagnostic_only
direct_value_implied_delta,124,1005812,call_T050_s040_r001_q003,train,call,1.8,0.30833333333333335,0.9999999999999998,0.8278752642594519,0.17212473574054787,True,True,False,False,False,stage5_delta_diagnostic_only
direct_value_implied_delta,125,1008418,call_T050_s040_r001_q003,train,call,1.2333333333333334,0.8166666666666667,0.8237469048100008,0.9355591812770429,0.11181227646704206,True,True,False,False,False,stage5_delta_diagnostic_only
direct_value_implied_delta,126,1034068,call_T050_s040_r005_q006,validation,call,0.5333333333333333,0.75,0.0073537800920924785,0.06534390925080646,0.05799012915871399,True,True,False,False,False,stage5_delta_diagnostic_only
direct_value_implied_delta,127,1035471,call_T050_s040_r005_q010,validation,call,1.4333333333333333,0.008333333333333333,0.9999999999999998,1.1131893287616934,0.11318932876169363,True,True,False,False,False,stage5_delta_diagnostic_only
direct_value_implied_delta,128,1046089,call_T050_s040_r010_q003,train,call,1.3333333333333333,0.05,0.999232691241197,1.0669266889486897,0.06769399770749274,True,True,False,False,False,stage5_delta_diagnostic_only
direct_value_implied_delta,129,1047102,call_T050_s040_r010_q003,train,call,0.7,0.25,0.00959689536933839,-0.016875562239437713,0.026472457608776104,True,True,False,False,False,stage5_delta_diagnostic_only
direct_value_implied_delta,130,1049774,call_T050_s040_r010_q003,train,call,0.9,0.7666666666666666,0.41796756093766513,0.29874753608818616,0.11922002484947897,True,True,False,False,False,stage5_delta_diagnostic_only
direct_value_implied_delta,131,1050511,call_T050_s040_r010_q003,train,call,1.1,0.9083333333333333,0.7177975869012704,0.628544420909264,0.08925316599200639,True,True,False,False,False,stage5_delta_diagnostic_only
direct_value_implied_delta,132,1062691,call_T050_s060_r001_q000,test,call,1.4666666666666666,0.24166666666666667,0.9740848348709308,0.8663940069417826,0.10769082792914819,True,True,False,False,False,stage5_delta_diagnostic_only
direct_value_implied_delta,133,1073757,call_T050_s060_r001_q006,train,call,0.5333333333333333,0.375,0.010481591521572799,0.11026391784427908,0.09978232632270628,True,True,False,False,False,stage5_delta_diagnostic_only
direct_value_implied_delta,134,1073844,call_T050_s060_r001_q006,train,call,0.5666666666666667,0.39166666666666666,0.02094484363015109,0.13530690378345464,0.11436206015330355,True,True,False,False,False,stage5_delta_diagnostic_only
direct_value_implied_delta,135,1074411,call_T050_s060_r001_q006,train,call,0.8333333333333334,0.5,0.30647366522438413,0.27666087307929743,0.029812792145086697,True,True,False,False,False,stage5_delta_diagnostic_only
direct_value_implied_delta,136,1087822,call_T050_s060_r005_q003,validation,call,0.6666666666666666,0.075,0.0005883069871636486,0.07894075091276641,0.07835244392560275,True,True,False,False,False,stage5_delta_diagnostic_only
direct_value_implied_delta,137,1092684,call_T050_s060_r005_q006,validation,call,0.7666666666666666,0.008333333333333333,6.531550406902023e-06,0.15592280930069802,0.15591627775029113,True,True,False,False,False,stage5_delta_diagnostic_only
direct_value_implied_delta,138,1113155,call_T050_s060_r010_q003,train,call,0.8666666666666667,0.95,0.46947826089323685,0.2650228388779428,0.20445542201529404,True,True,False,False,False,stage5_delta_diagnostic_only
direct_value_implied_delta,139,1114114,call_T050_s060_r010_q006,train,call,1.3,0.125,0.9633396701640112,1.0822367698413093,0.11889709967729811,True,True,False,False,False,stage5_delta_diagnostic_only
direct_value_implied_delta,140,1114345,call_T050_s060_r010_q006,train,call,0.4,0.175,1.6418578823078884e-06,-0.23528929603596183,0.23529093789384414,True,True,False,False,False,stage5_delta_diagnostic_only
direct_value_implied_delta,141,1130520,call_T100_s020_r001_q003,train,call,0.6333333333333333,0.2833333333333333,3.7955860451065086e-05,-0.0642494828655947,0.06428743872604577,True,True,False,False,False,stage5_delta_diagnostic_only
direct_value_implied_delta,142,1137306,call_T100_s020_r001_q006,train,call,1.8,0.5833333333333334,0.9999999999999998,0.8195471722246832,0.18045282777531657,True,True,False,False,False,stage5_delta_diagnostic_only
direct_value_implied_delta,143,1147022,call_T100_s020_r005_q000,test,call,1.7333333333333334,0.45,0.9999897357112758,0.8002609973228862,0.19972873838838956,True,True,False,False,False,stage5_delta_diagnostic_only
direct_value_implied_delta,144,1149555,call_T100_s020_r005_q000,test,call,1.6,0.9416666666666667,0.9970762402118888,0.8136963978254992,0.1833798423863896,True,True,False,False,False,stage5_delta_diagnostic_only
direct_value_implied_delta,145,1157135,call_T100_s020_r005_q006,train,call,0.5666666666666667,0.4,1.7477464520820368e-05,-0.07863209970624337,0.07864957717076419,True,True,False,False,False,stage5_delta_diagnostic_only
direct_value_implied_delta,146,1166089,call_T100_s020_r010_q000,test,call,0.9,0.11666666666666667,0.09447718203938633,0.25851026835956464,0.16403308632017832,True,True,False,False,False,stage5_delta_diagnostic_only
direct_value_implied_delta,147,1168239,call_T100_s020_r010_q000,test,call,0.9,0.5333333333333333,0.3865059187980103,0.42734453575826264,0.04083861696025237,True,True,False,False,False,stage5_delta_diagnostic_only
direct_value_implied_delta,148,1168450,call_T100_s020_r010_q000,test,call,0.7666666666666666,0.575,0.09867232884286302,0.12936311359071592,0.030690784747852903,True,True,False,False,False,stage5_delta_diagnostic_only
direct_value_implied_delta,149,1174986,call_T100_s020_r010_q003,train,call,0.7666666666666666,0.8333333333333334,0.14477498790194337,0.16321141953944174,0.018436431637498363,True,True,False,False,False,stage5_delta_diagnostic_only
direct_value_implied_delta,150,1201381,call_T100_s040_r001_q006,train,call,0.5333333333333333,0.9083333333333333,0.05573576644832846,0.1319031942589235,0.07616742781059505,True,True,False,False,False,stage5_delta_diagnostic_only
direct_value_implied_delta,151,1209971,call_T100_s040_r005_q000,test,call,1.6333333333333333,0.55,0.9709291820533894,0.9713974131674068,0.00046823111401739226,True,True,False,False,False,stage5_delta_diagnostic_only
direct_value_implied_delta,152,1214668,call_T100_s040_r005_q003,train,call,0.5333333333333333,0.4583333333333333,0.016135228637643786,0.11423135135090208,0.0980961227132583,True,True,False,False,False,stage5_delta_diagnostic_only
direct_value_implied_delta,153,1216749,call_T100_s040_r005_q003,train,call,1.1,0.8583333333333333,0.6714067811623124,0.7216902093566896,0.050283428194377144,True,True,False,False,False,stage5_delta_diagnostic_only
direct_value_implied_delta,154,1217815,call_T100_s040_r005_q006,train,call,0.8,0.058333333333333334,0.013587036907553019,0.09106936278054358,0.07748232587299056,True,True,False,False,False,stage5_delta_diagnostic_only
direct_value_implied_delta,155,1218118,call_T100_s040_r005_q006,train,call,0.8666666666666667,0.11666666666666667,0.1608297951871606,0.17292937963699423,0.012099584449833639,True,True,False,False,False,stage5_delta_diagnostic_only
direct_value_implied_delta,156,1234968,call_T100_s040_r010_q003,train,call,0.6666666666666666,0.35833333333333334,0.07081810726577414,0.16566549460683694,0.0948473873410628,True,True,False,False,False,stage5_delta_diagnostic_only
direct_value_implied_delta,157,1235259,call_T100_s040_r010_q003,train,call,1.7666666666666666,0.4083333333333333,0.9810666730617484,0.8304556326230729,0.15061104043867557,True,True,False,False,False,stage5_delta_diagnostic_only
direct_value_implied_delta,158,1238809,call_T100_s040_r010_q006,train,call,1.1333333333333333,0.09166666666666666,0.8645873714013124,0.7992850051404131,0.06530236626089925,True,True,False,False,False,stage5_delta_diagnostic_only
direct_value_implied_delta,159,1241229,call_T100_s040_r010_q006,train,call,1.5333333333333332,0.5583333333333333,0.9290948684953737,1.0077135334617209,0.07861866496634717,True,True,False,False,False,stage5_delta_diagnostic_only
direct_value_implied_delta,160,1253129,call_T100_s060_r001_q000,test,call,1.1666666666666667,0.85,0.7157795843528836,0.924148575844536,0.20836899149165244,True,True,False,False,False,stage5_delta_diagnostic_only
direct_value_implied_delta,161,1257919,call_T100_s060_r001_q003,train,call,1.7333333333333334,0.7666666666666666,0.9013903193105083,0.7240587641642615,0.17733155514624677,True,True,False,False,False,stage5_delta_diagnostic_only
direct_value_implied_delta,162,1259981,call_T100_s060_r001_q006,train,call,1.6666666666666667,0.15833333333333333,0.9999999999999998,0.8954285082936205,0.10457149170637925,True,True,False,False,False,stage5_delta_diagnostic_only
direct_value_implied_delta,163,1263303,call_T100_s060_r001_q006,train,call,0.6,0.8083333333333333,0.21911766042495948,0.20053234334414838,0.018585317080811098,True,True,False,False,False,stage5_delta_diagnostic_only
direct_value_implied_delta,164,1277299,call_T100_s060_r005_q003,train,call,1.3,0.49166666666666664,0.7946908425798016,0.9217742153907026,0.12708337281090099,True,True,False,False,False,stage5_delta_diagnostic_only
direct_value_implied_delta,165,1279538,call_T100_s060_r005_q003,train,call,1.4,0.9249999999999999,0.8007939106446821,0.7811400269645751,0.01965388368010701,True,True,False,False,False,stage5_delta_diagnostic_only
direct_value_implied_delta,166,1284408,call_T100_s060_r005_q006,train,call,1.7666666666666666,0.8583333333333333,0.897652684410794,0.9670795772210592,0.06942689281026515,True,True,False,False,False,stage5_delta_diagnostic_only
direct_value_implied_delta,167,1288516,call_T100_s060_r005_q010,stress_holdout,call,1.1,0.65,0.6329613283650763,0.5388665384889677,0.09409478987610864,True,True,False,False,False,stage5_delta_diagnostic_only
direct_value_implied_delta,168,1291327,call_T100_s060_r010_q000,test,call,1.6333333333333333,0.18333333333333332,0.9825172429142198,0.7090883630209955,0.2734288798932243,True,True,False,False,False,stage5_delta_diagnostic_only
direct_value_implied_delta,169,1297230,call_T100_s060_r010_q003,train,call,0.6,0.325,0.10382976457891434,0.08090087416478585,0.02292889041412849,True,True,False,False,False,stage5_delta_diagnostic_only
direct_value_implied_delta,170,1300302,call_T100_s060_r010_q003,train,call,1.2333333333333334,0.9166666666666666,0.7569795788295186,0.7886538930942347,0.03167431426471612,True,True,False,False,False,stage5_delta_diagnostic_only
direct_value_implied_delta,171,1302846,call_T100_s060_r010_q006,train,call,1.4666666666666666,0.4,0.8772245630226272,0.9119102735478521,0.034685710525224955,True,True,False,False,False,stage5_delta_diagnostic_only
direct_value_implied_delta,172,1312426,call_T200_s020_r001_q000,test,call,1.1666666666666667,0.24166666666666667,0.8873005668923727,1.182406943663989,0.29510637677161633,True,True,False,False,False,stage5_delta_diagnostic_only
direct_value_implied_delta,173,1322717,call_T200_s020_r001_q006,train,call,1.6333333333333333,0.21666666666666667,0.9999999999999998,0.8288389401016089,0.17116105989839092,True,True,False,False,False,stage5_delta_diagnostic_only
direct_value_implied_delta,174,1332726,call_T200_s020_r005_q000,test,call,1.3,0.14166666666666666,0.9956284307500294,0.8470964853924382,0.14853194535759118,True,True,False,False,False,stage5_delta_diagnostic_only
direct_value_implied_delta,175,1352256,call_T200_s020_r005_q010,train,call,1.5666666666666667,0.9,1.000000000000003,0.8871832850194835,0.1128167149805196,True,True,False,False,False,stage5_delta_diagnostic_only
direct_value_implied_delta,176,1363965,call_T200_s020_r010_q006,train,call,0.5666666666666667,0.15,4.061569715092187e-06,0.019025273518089483,0.019021211948374393,True,True,False,False,False,stage5_delta_diagnostic_only
direct_value_implied_delta,177,1373145,call_T200_s020_r010_q010,train,call,1.2666666666666666,0.9166666666666666,0.8494754914744249,0.8296259325546956,0.019849558919729282,True,True,False,False,False,stage5_delta_diagnostic_only
direct_value_implied_delta,178,1379312,call_T200_s040_r001_q003,train,call,0.43333333333333335,0.1,8.752439483372458e-06,-0.16835157174473706,0.16836032418422042,True,True,False,False,False,stage5_delta_diagnostic_only
direct_value_implied_delta,179,1385034,call_T200_s040_r001_q006,train,call,0.5333333333333333,0.2,0.00774326377595591,-0.0022840682335664043,0.010027332009522313,True,True,False,False,False,stage5_delta_diagnostic_only
direct_value_implied_delta,180,1395697,call_T200_s040_r005_q000,test,call,0.5,0.25,0.013849574007307925,-0.07452814528967042,0.08837771929697834,True,True,False,False,False,stage5_delta_diagnostic_only
direct_value_implied_delta,181,1407556,call_T200_s040_r005_q006,train,call,1.6333333333333333,0.525,0.9294091988776149,0.9846989781059664,0.05528977922835154,True,True,False,False,False,stage5_delta_diagnostic_only
direct_value_implied_delta,182,1414027,call_T200_s040_r005_q010,train,call,0.9,0.775,0.43085254629563313,0.39433019079339426,0.03652235550223887,True,True,False,False,False,stage5_delta_diagnostic_only
direct_value_implied_delta,183,1420874,call_T200_s040_r010_q003,test,call,1.2333333333333334,0.08333333333333333,0.9199355071203673,1.085654122891898,0.1657186157715308,True,True,False,False,False,stage5_delta_diagnostic_only
direct_value_implied_delta,184,1425078,call_T200_s040_r010_q003,test,call,0.9,0.9,0.5878749028602869,0.49629136926877065,0.09158353359151622,True,True,False,False,False,stage5_delta_diagnostic_only
direct_value_implied_delta,185,1429031,call_T200_s040_r010_q006,test,call,0.8,0.6583333333333333,0.41150314611169125,0.27931290680076515,0.1321902393109261,True,True,False,False,False,stage5_delta_diagnostic_only
direct_value_implied_delta,186,1431595,call_T200_s040_r010_q010,test,call,1.7,0.14166666666666666,0.9999999999999998,0.8179859593218929,0.1820140406781069,True,True,False,False,False,stage5_delta_diagnostic_only
direct_value_implied_delta,187,1435920,call_T200_s040_r010_q010,test,call,1.1,0.9833333333333333,0.615446352764838,0.7279148297452283,0.11246847698039031,True,True,False,False,False,stage5_delta_diagnostic_only
direct_value_implied_delta,188,1439212,call_T200_s060_r001_q000,test,call,0.4666666666666667,0.6166666666666667,0.2140411390842355,0.12656671679578788,0.08747442228844762,True,True,False,False,False,stage5_delta_diagnostic_only
direct_value_implied_delta,189,1443123,call_T200_s060_r001_q003,train,call,0.4,0.36666666666666664,0.059215071506623244,-0.12242233202947746,0.1816374035361007,True,True,False,False,False,stage5_delta_diagnostic_only
direct_value_implied_delta,190,1443901,call_T200_s060_r001_q003,train,call,0.5333333333333333,0.5166666666666666,0.21849682676737342,0.22929390796111424,0.010797081193740815,True,True,False,False,False,stage5_delta_diagnostic_only
direct_value_implied_delta,191,1445128,call_T200_s060_r001_q003,train,call,1.3,0.75,0.7404492684099621,0.6672051124695279,0.07324415594043421,True,True,False,False,False,stage5_delta_diagnostic_only
direct_value_implied_delta,192,1450077,call_T200_s060_r001_q006,train,call,1.4333333333333333,0.7,0.7734248881357214,0.7316607542197713,0.04176413391595013,True,True,False,False,False,stage5_delta_diagnostic_only
direct_value_implied_delta,193,1450186,call_T200_s060_r001_q006,train,call,0.7666666666666666,0.725,0.43796765611914373,0.37680171304908006,0.06116594307006368,True,True,False,False,False,stage5_delta_diagnostic_only
direct_value_implied_delta,194,1452528,call_T200_s060_r001_q010,stress_holdout,call,1.4333333333333333,0.16666666666666666,0.8989286841136979,0.849095746400091,0.04983293771360686,True,True,False,False,False,stage5_delta_diagnostic_only
direct_value_implied_delta,195,1453213,call_T200_s060_r001_q010,stress_holdout,call,1.3333333333333333,0.3,0.7855197879034109,0.6931944526247963,0.09232533527861464,True,True,False,False,False,stage5_delta_diagnostic_only
direct_value_implied_delta,196,1456066,call_T200_s060_r001_q010,stress_holdout,call,0.4,0.8583333333333333,0.1491765679693251,-0.026854681963255855,0.17603124993258096,True,True,False,False,False,stage5_delta_diagnostic_only
direct_value_implied_delta,197,1467317,call_T200_s060_r005_q006,train,call,1.3333333333333333,0.008333333333333333,0.9999999999999998,0.8449739299584526,0.15502607004154723,True,True,False,False,False,stage5_delta_diagnostic_only
direct_value_implied_delta,198,1476756,call_T200_s060_r005_q010,stress_holdout,call,0.6333333333333333,0.8333333333333334,0.34216641352716404,0.3564514017811077,0.014284988253943642,True,True,False,False,False,stage5_delta_diagnostic_only
direct_value_implied_delta,199,1485750,call_T200_s060_r010_q003,train,call,0.8666666666666667,0.5583333333333333,0.565783299706634,0.41988599638239527,0.14589730332423873,True,True,False,False,False,stage5_delta_diagnostic_only
positive_premium_implied_delta,0,1320,put_T025_s020_r001_q000,train,put,1.4,0.25,-1.3475064828672746e-08,-0.002852154120950379,0.0028521406458855503,True,True,False,False,False,stage5_delta_diagnostic_only
positive_premium_implied_delta,1,20544,put_T025_s020_r001_q010,train,put,1.5,0.95,-6.509725909687902e-05,-0.014973258587621933,0.014908161328525054,True,True,False,False,False,stage5_delta_diagnostic_only
positive_premium_implied_delta,2,28145,put_T025_s020_r005_q003,train,put,1.1666666666666667,0.4083333333333333,-0.008414037651059464,-0.01897223509761693,0.010558197446557465,True,True,False,False,False,stage5_delta_diagnostic_only
positive_premium_implied_delta,3,40159,put_T025_s020_r005_q010,train,put,1.7333333333333334,0.7166666666666667,-2.2640397058705706e-09,-0.0027801485379117816,0.002780146273872076,True,True,False,False,False,stage5_delta_diagnostic_only
positive_premium_implied_delta,4,48999,put_T025_s020_r010_q003,train,put,1.1333333333333333,0.4166666666666667,-0.020790680761656223,-0.01784749305550302,0.0029431877061532018,True,True,False,False,False,stage5_delta_diagnostic_only
positive_premium_implied_delta,5,65159,put_T025_s040_r001_q000,train,put,0.8666666666666667,0.525,-0.8200238398314071,-0.8964684686451582,0.07644462881375103,True,True,False,False,False,stage5_delta_diagnostic_only
positive_premium_implied_delta,6,85034,put_T025_s040_r005_q000,train,put,1.1666666666666667,0.3416666666666667,-0.0793771163622876,-0.035175249504192554,0.044201866858095046,True,True,False,False,False,stage5_delta_diagnostic_only
positive_premium_implied_delta,7,87839,put_T025_s040_r005_q000,train,put,1.5,0.8833333333333333,-0.010636303452900018,-0.021154057434138646,0.010517753981238628,True,True,False,False,False,stage5_delta_diagnostic_only
positive_premium_implied_delta,8,91297,put_T025_s040_r005_q003,train,put,0.6666666666666666,0.55,-0.9999999999999998,-0.9772803313712056,0.022719668628794154,True,True,False,False,False,stage5_delta_diagnostic_only
positive_premium_implied_delta,9,109607,put_T025_s040_r010_q003,train,put,0.4,0.06666666666666667,-0.9999999999999998,-0.9997335522027011,0.0002664477972986745,True,True,False,False,False,stage5_delta_diagnostic_only
positive_premium_implied_delta,10,119978,put_T025_s040_r010_q010,train,put,0.6666666666666666,0.058333333333333334,-0.9999999999999998,-0.9974506794998595,0.0025493205001402286,True,True,False,False,False,stage5_delta_diagnostic_only
positive_premium_implied_delta,11,120773,put_T025_s040_r010_q010,train,put,1.3666666666666667,0.20833333333333334,-0.0003964855206378655,-0.01248877809830234,0.012092292577664473,True,True,False,False,False,stage5_delta_diagnostic_only
positive_premium_implied_delta,12,140123,put_T025_s060_r001_q006,train,put,1.3666666666666667,0.9333333333333333,-0.11687553729937503,-0.12412846927145438,0.007252931972079352,True,True,False,False,False,stage5_delta_diagnostic_only
positive_premium_implied_delta,13,159479,put_T025_s060_r005_q006,train,put,1.5666666666666667,0.65,-0.024237771322808216,-0.03853653648491643,0.014298765162108214,True,True,False,False,False,stage5_delta_diagnostic_only
positive_premium_implied_delta,14,159990,put_T025_s060_r005_q006,train,put,1.4,0.75,-0.07730783564209263,-0.09158159011120903,0.014273754469116398,True,True,False,False,False,stage5_delta_diagnostic_only
positive_premium_implied_delta,15,161033,put_T025_s060_r005_q006,train,put,1.7666666666666666,0.95,-0.018344760495746484,-0.031401292582016106,0.013056532086269623,True,True,False,False,False,stage5_delta_diagnostic_only
positive_premium_implied_delta,16,171292,put_T025_s060_r010_q000,train,put,1.1666666666666667,0.9249999999999999,-0.2286309392953567,-0.16868697062747243,0.05994396866788426,True,True,False,False,False,stage5_delta_diagnostic_only
positive_premium_implied_delta,17,173887,put_T025_s060_r010_q003,train,put,1.6666666666666667,0.4166666666666667,-0.002855264767967755,-0.014614264839026012,0.011759000071058257,True,True,False,False,False,stage5_delta_diagnostic_only
positive_premium_implied_delta,18,174981,put_T025_s060_r010_q003,train,put,0.8666666666666667,0.6333333333333333,-0.6809913199941692,-0.642024019647821,0.03896730034634821,True,True,False,False,False,stage5_delta_diagnostic_only
positive_premium_implied_delta,19,175333,put_T025_s060_r010_q003,train,put,1.1333333333333333,0.7,-0.2522534768904923,-0.2107012884905069,0.041552188399985424,True,True,False,False,False,stage5_delta_diagnostic_only
positive_premium_implied_delta,20,179168,put_T025_s060_r010_q006,train,put,1.4,0.43333333333333335,-0.03402528424201539,-0.05037556228022627,0.01635027803821088,True,True,False,False,False,stage5_delta_diagnostic_only
positive_premium_implied_delta,21,179215,put_T025_s060_r010_q006,train,put,1.5333333333333332,0.44166666666666665,-0.011798380326780728,-0.029547266677633816,0.017748886350853088,True,True,False,False,False,stage5_delta_diagnostic_only
positive_premium_implied_delta,22,183691,put_T025_s060_r010_q010,stress_holdout,put,1.6666666666666667,0.3,-0.0007615944027094071,-0.010918055703991458,0.010156461301282052,True,True,False,False,False,stage5_delta_diagnostic_only
positive_premium_implied_delta,23,195043,put_T050_s020_r001_q003,train,put,1.6666666666666667,0.48333333333333334,-4.268705585220787e-07,-0.0023256983457132963,0.0023252714751547743,True,True,False,False,False,stage5_delta_diagnostic_only
positive_premium_implied_delta,24,199285,put_T050_s020_r001_q006,train,put,1.1666666666666667,0.3,-0.028534225244484856,-0.023218666191878734,0.005315559052606122,True,True,False,False,False,stage5_delta_diagnostic_only
positive_premium_implied_delta,25,215129,put_T050_s020_r005_q003,validation,put,0.4,0.35,-0.9999999999999998,-0.9993263555764261,0.0006736444235736494,True,True,False,False,False,stage5_delta_diagnostic_only
positive_premium_implied_delta,26,221059,put_T050_s020_r005_q006,validation,put,1.7,0.48333333333333334,-1.4734321306118212e-07,-0.0025473208961223483,0.002547173552909287,True,True,False,False,False,stage5_delta_diagnostic_only
positive_premium_implied_delta,27,230097,put_T050_s020_r010_q000,train,put,0.5333333333333333,0.225,-0.9999999999999998,-0.9987877483564693,0.0012122516435304487,True,True,False,False,False,stage5_delta_diagnostic_only
positive_premium_implied_delta,28,230769,put_T050_s020_r010_q000,train,put,1.4333333333333333,0.35,-7.440957028163745e-06,-0.00706938692303624,0.0070619459660080765,True,True,False,False,False,stage5_delta_diagnostic_only
positive_premium_implied_delta,29,239205,put_T050_s020_r010_q003,train,put,1.7,0.975,-2.4604028075221395e-05,-0.004442990017026769,0.004418385988951548,True,True,False,False,False,stage5_delta_diagnostic_only
positive_premium_implied_delta,30,269505,put_T050_s040_r001_q010,train,put,1.2,0.8,-0.2310067860762997,-0.21406290589392654,0.016943880182373167,True,True,False,False,False,stage5_delta_diagnostic_only
positive_premium_implied_delta,31,276224,put_T050_s040_r005_q003,validation,put,1.5666666666666667,0.08333333333333333,-2.267228679968535e-07,-0.003171951645168425,0.003171724922300428,True,True,False,False,False,stage5_delta_diagnostic_only
positive_premium_implied_delta,32,277565,put_T050_s040_r005_q003,validation,put,0.4,0.35,-0.9999999999999998,-0.9984005628838962,0.0015994371161035525,True,True,False,False,False,stage5_delta_diagnostic_only
positive_premium_implied_delta,33,289790,put_T050_s040_r005_q010,validation,put,0.8333333333333334,0.7,-0.7400779942266031,-0.6774755955841422,0.06260239864246098,True,True,False,False,False,stage5_delta_diagnostic_only
positive_premium_implied_delta,34,294029,put_T050_s040_r010_q000,train,put,1.6666666666666667,0.5083333333333333,-0.002983416757217366,-0.008723953216138683,0.005740536458921317,True,True,False,False,False,stage5_delta_diagnostic_only
positive_premium_implied_delta,35,295037,put_T050_s040_r010_q000,train,put,0.8666666666666667,0.7083333333333334,-0.6947889690785384,-0.7867601204441439,0.09197115136560552,True,True,False,False,False,stage5_delta_diagnostic_only
positive_premium_implied_delta,36,299380,put_T050_s040_r010_q003,train,put,0.8666666666666667,0.5416666666666666,-0.7249866704871495,-0.8071550068261037,0.08216833633895426,True,True,False,False,False,stage5_delta_diagnostic_only
positive_premium_implied_delta,37,305335,put_T050_s040_r010_q006,train,put,1.5666666666666667,0.6833333333333333,-0.017910332229269143,-0.019692713481254846,0.0017823812519857027,True,True,False,False,False,stage5_delta_diagnostic_only
positive_premium_implied_delta,38,305887,put_T050_s040_r010_q006,train,put,1.3333333333333333,0.7916666666666666,-0.09061841637647138,-0.07052043208841056,0.02009798428806081,True,True,False,False,False,stage5_delta_diagnostic_only
positive_premium_implied_delta,39,314191,put_T050_s060_r001_q000,train,put,1.5,0.3833333333333333,-0.046326811548150396,-0.04668967641072443,0.00036286486257403744,True,True,False,False,False,stage5_delta_diagnostic_only
positive_premium_implied_delta,40,319051,put_T050_s060_r001_q003,train,put,1.5333333333333332,0.31666666666666665,-0.028885603885411365,-0.033438321622796474,0.004552717737385109,True,True,False,False,False,stage5_delta_diagnostic_only
positive_premium_implied_delta,41,321859,put_T050_s060_r001_q003,train,put,0.5333333333333333,0.8666666666666667,-0.9098092887498536,-0.928780901474091,0.01897161272423742,True,True,False,False,False,stage5_delta_diagnostic_only
positive_premium_implied_delta,42,327487,put_T050_s060_r001_q006,train,put,1.8,0.9416666666666667,-0.05587310925185959,-0.052082395399967014,0.0037907138518925784,True,True,False,False,False,stage5_delta_diagnostic_only
positive_premium_implied_delta,43,331154,put_T050_s060_r001_q010,stress_holdout,put,0.7666666666666666,0.65,-0.7313176675740385,-0.7198379701064229,0.011479697467615568,True,True,False,False,False,stage5_delta_diagnostic_only
positive_premium_implied_delta,44,332045,put_T050_s060_r001_q010,stress_holdout,put,1.8,0.8166666666666667,-0.049606396292055766,-0.050864432635935854,0.0012580363438800882,True,True,False,False,False,stage5_delta_diagnostic_only
positive_premium_implied_delta,45,332441,put_T050_s060_r001_q010,stress_holdout,put,0.6666666666666666,0.9,-0.7818017928615267,-0.7145305863458081,0.0672712065157186,True,True,False,False,False,stage5_delta_diagnostic_only
positive_premium_implied_delta,46,345428,put_T050_s060_r005_q006,validation,put,0.7,0.39166666666666666,-0.8842207927259732,-0.895382556938459,0.011161764212485825,True,True,False,False,False,stage5_delta_diagnostic_only
positive_premium_implied_delta,47,346434,put_T050_s060_r005_q006,validation,put,1.2666666666666666,0.5833333333333334,-0.18574321279012956,-0.21421935172139614,0.028476138931266576,True,True,False,False,False,stage5_delta_diagnostic_only
positive_premium_implied_delta,48,356851,put_T050_s060_r010_q000,train,put,1.6333333333333333,0.5833333333333334,-0.0392281299025828,-0.03400913880220859,0.005218991100374208,True,True,False,False,False,stage5_delta_diagnostic_only
positive_premium_implied_delta,49,357227,put_T050_s060_r010_q000,train,put,1.2666666666666666,0.6583333333333333,-0.17409730214290947,-0.19438071367919763,0.020283411536288154,True,True,False,False,False,stage5_delta_diagnostic_only
positive_premium_implied_delta,50,372146,put_T050_s060_r010_q010,stress_holdout,put,1.2,0.525,-0.2228605488786796,-0.2289873476647327,0.0061267987860531,True,True,False,False,False,stage5_delta_diagnostic_only
positive_premium_implied_delta,51,376295,put_T100_s020_r001_q000,train,put,0.4666666666666667,0.325,-0.9999999999999998,-0.9968764630994961,0.0031235369005037095,True,True,False,False,False,stage5_delta_diagnostic_only
positive_premium_implied_delta,52,377312,put_T100_s020_r001_q000,train,put,1.4,0.5166666666666666,-0.007453821278758158,-0.019012780884374386,0.011558959605616228,True,True,False,False,False,stage5_delta_diagnostic_only
positive_premium_implied_delta,53,379212,put_T100_s020_r001_q000,train,put,1.6666666666666667,0.8833333333333333,-0.0022049027286854144,-0.009345331534359054,0.00714042880567364,True,True,False,False,False,stage5_delta_diagnostic_only
positive_premium_implied_delta,54,390876,put_T100_s020_r001_q010,train,put,0.6,0.125,-0.9875777925828425,-0.9915891884253423,0.004011395842499765,True,True,False,False,False,stage5_delta_diagnostic_only
positive_premium_implied_delta,55,399495,put_T100_s020_r005_q000,train,put,1.2333333333333334,0.7833333333333333,-0.07102033211578503,-0.06497333102595484,0.006047001089830181,True,True,False,False,False,stage5_delta_diagnostic_only
positive_premium_implied_delta,56,423316,put_T100_s020_r010_q003,train,put,1.2,0.35833333333333334,-0.037926494927843946,-0.029996925001195288,0.007929569926648658,True,True,False,False,False,stage5_delta_diagnostic_only
positive_premium_implied_delta,57,428369,put_T100_s020_r010_q006,train,put,0.5,0.3333333333333333,-0.9999999999999998,-0.997047242269308,0.002952757730691813,True,True,False,False,False,stage5_delta_diagnostic_only
positive_premium_implied_delta,58,450039,put_T100_s040_r001_q006,train,put,0.43333333333333335,0.5,-0.9684103505743469,-0.9877467745061244,0.01933642393177748,True,True,False,False,False,stage5_delta_diagnostic_only
positive_premium_implied_delta,59,484169,put_T100_s040_r010_q003,train,put,1.4666666666666666,0.05,-2.1452710894698652e-05,-0.009714116162662552,0.009692663451767853,True,True,False,False,False,stage5_delta_diagnostic_only
positive_premium_implied_delta,60,492233,put_T100_s040_r010_q006,train,put,0.8,0.6083333333333333,-0.7209055107585527,-0.6511685312034924,0.06973697955506031,True,True,False,False,False,stage5_delta_diagnostic_only
positive_premium_implied_delta,61,492983,put_T100_s040_r010_q006,train,put,1.4333333333333333,0.75,-0.09528475294536395,-0.08911780913869811,0.006166943806665839,True,True,False,False,False,stage5_delta_diagnostic_only
positive_premium_implied_delta,62,494463,put_T100_s040_r010_q010,train,put,0.6,0.03333333333333333,-0.9999999999999998,-0.9957861298500573,0.004213870149942456,True,True,False,False,False,stage5_delta_diagnostic_only
positive_premium_implied_delta,63,496493,put_T100_s040_r010_q010,train,put,0.9,0.425,-0.5962312102733539,-0.5118007877530846,0.08443042252026933,True,True,False,False,False,stage5_delta_diagnostic_only
positive_premium_implied_delta,64,510075,put_T100_s060_r001_q006,train,put,0.7,0.03333333333333333,-0.9968410751041477,-0.9649902597943422,0.03185081530980549,True,True,False,False,False,stage5_delta_diagnostic_only
positive_premium_implied_delta,65,524664,put_T100_s060_r005_q000,train,put,1.1,0.8416666666666667,-0.309151387273921,-0.34572720184132805,0.03657581456740705,True,True,False,False,False,stage5_delta_diagnostic_only
positive_premium_implied_delta,66,528353,put_T100_s060_r005_q003,train,put,0.8,0.55,-0.6041774135026894,-0.5553261410235493,0.04885127247914012,True,True,False,False,False,stage5_delta_diagnostic_only
positive_premium_implied_delta,67,533726,put_T100_s060_r005_q006,train,put,0.7333333333333333,0.5833333333333334,-0.6652524179247954,-0.6399795389911832,0.025272878933612186,True,True,False,False,False,stage5_delta_diagnostic_only
positive_premium_implied_delta,68,536389,put_T100_s060_r005_q010,stress_holdout,put,0.6333333333333333,0.09166666666666666,-0.9833568814832697,-0.9745024753781639,0.008854406105105794,True,True,False,False,False,stage5_delta_diagnostic_only
positive_premium_implied_delta,69,549357,put_T100_s060_r010_q003,train,put,1.4666666666666666,0.5833333333333334,-0.12539100310089824,-0.16382681015391642,0.03843580705301819,True,True,False,False,False,stage5_delta_diagnostic_only
positive_premium_implied_delta,70,549506,put_T100_s060_r010_q003,train,put,0.7,0.6166666666666667,-0.7213668352653372,-0.7928925203749361,0.07152568510959889,True,True,False,False,False,stage5_delta_diagnostic_only
positive_premium_implied_delta,71,549707,put_T100_s060_r010_q003,train,put,1.6666666666666667,0.65,-0.08245374302089672,-0.08302608983768074,0.0005723468167840168,True,True,False,False,False,stage5_delta_diagnostic_only
positive_premium_implied_delta,72,560313,put_T100_s060_r010_q010,stress_holdout,put,1.1666666666666667,0.6916666666666667,-0.2749546903479438,-0.32822569417528696,0.05327100382734318,True,True,False,False,False,stage5_delta_diagnostic_only
positive_premium_implied_delta,73,564467,put_T200_s020_r001_q000,train,put,0.6,0.49166666666666664,-0.9999999999999998,-0.9736748136372698,0.026325186362729958,True,True,False,False,False,stage5_delta_diagnostic_only
positive_premium_implied_delta,74,567783,put_T200_s020_r001_q003,train,put,0.7666666666666666,0.125,-0.987414810555694,-0.961656443686529,0.025758366869164995,True,True,False,False,False,stage5_delta_diagnostic_only
positive_premium_implied_delta,75,571958,put_T200_s020_r001_q003,train,put,0.9,0.9333333333333333,-0.6149475977378731,-0.737449861945637,0.12250226420776389,True,True,False,False,False,stage5_delta_diagnostic_only
positive_premium_implied_delta,76,572388,put_T200_s020_r001_q006,train,put,0.9,0.008333333333333333,-0.9978203376540422,-0.9588828912857221,0.03893744636832008,True,True,False,False,False,stage5_delta_diagnostic_only
positive_premium_implied_delta,77,581168,put_T200_s020_r001_q010,train,put,1.1666666666666667,0.7,-0.35284489726875967,-0.27628664112198303,0.07655825614677664,True,True,False,False,False,stage5_delta_diagnostic_only
positive_premium_implied_delta,78,586261,put_T200_s020_r005_q000,train,put,1.8,0.675,-0.001748299105702977,-0.010992514931422878,0.0092442158257199,True,True,False,False,False,stage5_delta_diagnostic_only
positive_premium_implied_delta,79,592847,put_T200_s020_r005_q003,train,put,0.6,0.95,-0.9999999999999998,-0.9472588233386486,0.05274117666135114,True,True,False,False,False,stage5_delta_diagnostic_only
positive_premium_implied_delta,80,604015,put_T200_s020_r010_q000,train,put,1.6333333333333333,0.08333333333333333,-7.834136540388374e-09,-0.0031687294990916798,0.0031687216649551393,True,True,False,False,False,stage5_delta_diagnostic_only
positive_premium_implied_delta,81,608062,put_T200_s020_r010_q000,train,put,1.8,0.8666666666666667,-0.0014525401336871761,-0.021768626750672423,0.020316086616985248,True,True,False,False,False,stage5_delta_diagnostic_only
positive_premium_implied_delta,82,619830,put_T200_s020_r010_q010,train,put,1.3333333333333333,0.125,-0.0020106049191636944,-0.016650124006294162,0.014639519087130468,True,True,False,False,False,stage5_delta_diagnostic_only
positive_premium_implied_delta,83,639682,put_T200_s040_r001_q006,train,put,0.8666666666666667,0.95,-0.5016431257680937,-0.5213719166170538,0.019728790848960176,True,True,False,False,False,stage5_delta_diagnostic_only
positive_premium_implied_delta,84,659211,put_T200_s040_r005_q006,train,put,1.1,0.7,-0.31979141996210536,-0.2539834769634645,0.06580794299864084,True,True,False,False,False,stage5_delta_diagnostic_only
positive_premium_implied_delta,85,659427,put_T200_s040_r005_q006,train,put,1.1333333333333333,0.7416666666666667,-0.29753243078253294,-0.2518909399167646,0.04564149086576835,True,True,False,False,False,stage5_delta_diagnostic_only
positive_premium_implied_delta,86,678979,put_T200_s040_r010_q006,test,put,0.7,0.5,-0.8106108630043457,-0.8438052561220634,0.03319439311771766,True,True,False,False,False,stage5_delta_diagnostic_only
positive_premium_implied_delta,87,687475,put_T200_s060_r001_q000,train,put,1.5333333333333332,0.125,-0.056737709011479495,-0.06831006992587921,0.011572360914399712,True,True,False,False,False,stage5_delta_diagnostic_only
positive_premium_implied_delta,88,692894,put_T200_s060_r001_q003,train,put,1.5666666666666667,0.16666666666666666,-0.07281652919572222,-0.0782417835293205,0.005425254333598278,True,True,False,False,False,stage5_delta_diagnostic_only
positive_premium_implied_delta,89,693427,put_T200_s060_r001_q003,train,put,0.7,0.275,-0.715410200779355,-0.6439155252473108,0.07149467553204425,True,True,False,False,False,stage5_delta_diagnostic_only
positive_premium_implied_delta,90,694306,put_T200_s060_r001_q003,train,put,1.3333333333333333,0.44166666666666665,-0.21762280519784974,-0.18002089837939284,0.037601906818456904,True,True,False,False,False,stage5_delta_diagnostic_only
positive_premium_implied_delta,91,705097,put_T200_s060_r001_q010,stress_holdout,put,1.2666666666666666,0.5166666666666666,-0.2657289287817076,-0.2950076502463643,0.029278721464656654,True,True,False,False,False,stage5_delta_diagnostic_only
positive_premium_implied_delta,92,716548,put_T200_s060_r005_q003,train,put,1.7,0.7166666666666667,-0.12559392431071556,-0.20316634228089012,0.07757241797017456,True,True,False,False,False,stage5_delta_diagnostic_only
positive_premium_implied_delta,93,722968,put_T200_s060_r005_q006,train,put,0.7,0.9583333333333334,-0.49230337992202583,-0.5208372761424619,0.02853389622043606,True,True,False,False,False,stage5_delta_diagnostic_only
positive_premium_implied_delta,94,724881,put_T200_s060_r005_q010,stress_holdout,put,1.4,0.31666666666666665,-0.17869773258512725,-0.13619392969112906,0.04250380289399819,True,True,False,False,False,stage5_delta_diagnostic_only
positive_premium_implied_delta,95,735555,put_T200_s060_r010_q003,train,put,1.7333333333333334,0.36666666666666664,-0.07720267633204818,-0.09921431463955002,0.022011638307501843,True,True,False,False,False,stage5_delta_diagnostic_only
positive_premium_implied_delta,96,741438,put_T200_s060_r010_q006,train,put,1.4666666666666666,0.5,-0.15415802242992105,-0.21248628992544416,0.05832826749552311,True,True,False,False,False,stage5_delta_diagnostic_only
positive_premium_implied_delta,97,742035,put_T200_s060_r010_q006,train,put,1.3,0.6166666666666667,-0.20855414750660134,-0.17356411168591243,0.03499003582068891,True,True,False,False,False,stage5_delta_diagnostic_only
positive_premium_implied_delta,98,742700,put_T200_s060_r010_q006,train,put,0.5333333333333333,0.75,-0.7663302482918821,-0.7819203781214266,0.015590129829544441,True,True,False,False,False,stage5_delta_diagnostic_only
positive_premium_implied_delta,99,746476,put_T200_s060_r010_q010,stress_holdout,put,1.7,0.4666666666666667,-0.10584531183822334,-0.13754646028374565,0.03170114844552231,True,True,False,False,False,stage5_delta_diagnostic_only
positive_premium_implied_delta,100,748659,put_T200_s060_r010_q010,stress_holdout,put,1.3666666666666667,0.8916666666666666,-0.1931750678054324,-0.20129103038824323,0.008115962582810832,True,True,False,False,False,stage5_delta_diagnostic_only
positive_premium_implied_delta,101,749846,call_T025_s020_r001_q000,test,call,0.8,0.11666666666666667,2.619255597400175e-06,0.004247703347209546,0.0042450840916121455,True,True,False,False,False,stage5_delta_diagnostic_only
positive_premium_implied_delta,102,753707,call_T025_s020_r001_q000,test,call,0.5,0.8666666666666667,1.221353508945233e-09,0.004542670619727443,0.004542669398373935,True,True,False,False,False,stage5_delta_diagnostic_only
positive_premium_implied_delta,103,754286,call_T025_s020_r001_q000,test,call,1.1666666666666667,0.975,0.9482003524594901,0.9637267213633407,0.015526368903850618,True,True,False,False,False,stage5_delta_diagnostic_only
positive_premium_implied_delta,104,767714,call_T025_s020_r001_q010,train,call,1.5666666666666667,0.55,1.000000000000003,0.9993086184977414,0.0006913815022616676,True,True,False,False,False,stage5_delta_diagnostic_only
positive_premium_implied_delta,105,770712,call_T025_s020_r005_q000,test,call,1.1666666666666667,0.125,0.9998678989746929,0.9899402709946317,0.009927627980061193,True,True,False,False,False,stage5_delta_diagnostic_only
positive_premium_implied_delta,106,781622,call_T025_s020_r005_q006,train,call,0.7666666666666666,0.225,5.7880161640536384e-06,0.013624082842725047,0.013618294826560993,True,True,False,False,False,stage5_delta_diagnostic_only
positive_premium_implied_delta,107,788452,call_T025_s020_r005_q010,train,call,0.5333333333333333,0.5416666666666666,3.306446341764543e-11,0.006340668585890071,0.006340668552825607,True,True,False,False,False,stage5_delta_diagnostic_only
positive_premium_implied_delta,108,812865,call_T025_s040_r001_q000,test,call,1.6,0.225,0.9999989298293227,0.9980364831206482,0.0019624467086745145,True,True,False,False,False,stage5_delta_diagnostic_only
positive_premium_implied_delta,109,813162,call_T025_s040_r001_q000,test,call,1.4666666666666666,0.2833333333333333,0.9998166517450113,0.9940429363718631,0.005773715373148192,True,True,False,False,False,stage5_delta_diagnostic_only
positive_premium_implied_delta,110,821174,call_T025_s040_r001_q003,train,call,0.5,0.8333333333333334,0.00016691123322280492,0.011515918131122361,0.011349006897899557,True,True,False,False,False,stage5_delta_diagnostic_only
positive_premium_implied_delta,111,831914,call_T025_s040_r001_q010,train,call,1.6,0.8916666666666666,0.9999999999999998,0.9969691639811631,0.003030836018836691,True,True,False,False,False,stage5_delta_diagnostic_only
positive_premium_implied_delta,112,832269,call_T025_s040_r001_q010,train,call,0.5333333333333333,0.9666666666666667,0.0008436864586509087,0.02427935719493738,0.02343567073628647,True,True,False,False,False,stage5_delta_diagnostic_only
positive_premium_implied_delta,113,860144,call_T025_s040_r010_q003,train,call,0.9,0.31666666666666665,0.20216232137819545,0.1311695191529834,0.07099280222521206,True,True,False,False,False,stage5_delta_diagnostic_only
positive_premium_implied_delta,114,890929,call_T025_s060_r001_q010,stress_holdout,call,0.8,0.23333333333333334,0.067137995899672,0.07697321588648759,0.009835219986815594,True,True,False,False,False,stage5_delta_diagnostic_only
positive_premium_implied_delta,115,903479,call_T025_s060_r005_q003,train,call,0.6,0.65,0.024604912730269116,0.04915907780575307,0.024554165075483955,True,True,False,False,False,stage5_delta_diagnostic_only
positive_premium_implied_delta,116,908728,call_T025_s060_r005_q006,train,call,0.7,0.6583333333333333,0.0880924029920346,0.11422137289640233,0.026128969904367735,True,True,False,False,False,stage5_delta_diagnostic_only
positive_premium_implied_delta,117,910575,call_T025_s060_r005_q010,stress_holdout,call,0.6333333333333333,0.008333333333333333,0.0,0.010624152406067117,0.010624152406067117,True,True,False,False,False,stage5_delta_diagnostic_only
positive_premium_implied_delta,118,914925,call_T025_s060_r005_q010,stress_holdout,call,0.8666666666666667,0.85,0.33410882777172757,0.21908786794779592,0.11502095982393165,True,True,False,False,False,stage5_delta_diagnostic_only
positive_premium_implied_delta,119,916245,call_T025_s060_r010_q000,test,call,0.43333333333333335,0.1,1.8648760204064106e-11,0.003647000386699787,0.003647000368051027,True,True,False,False,False,stage5_delta_diagnostic_only
positive_premium_implied_delta,120,922171,call_T025_s060_r010_q003,train,call,1.6,0.23333333333333334,0.9977837856574634,0.9873684303700059,0.010415355287457517,True,True,False,False,False,stage5_delta_diagnostic_only
positive_premium_implied_delta,121,923166,call_T025_s060_r010_q003,train,call,1.8,0.425,0.9959421736871171,0.9880453125940396,0.007896861093077523,True,True,False,False,False,stage5_delta_diagnostic_only
positive_premium_implied_delta,122,929668,call_T025_s060_r010_q006,train,call,0.6666666666666666,0.6833333333333333,0.06882272249227438,0.09869200395269256,0.029869281460418187,True,True,False,False,False,stage5_delta_diagnostic_only
positive_premium_implied_delta,123,934368,call_T025_s060_r010_q010,stress_holdout,call,1.1,0.5833333333333334,0.6957573424614039,0.7412396856817837,0.045482343220379806,True,True,False,False,False,stage5_delta_diagnostic_only
positive_premium_implied_delta,124,956201,call_T050_s020_r001_q010,train,call,0.7333333333333333,0.7833333333333333,0.00406426625703994,0.036816233559619216,0.032751967302579274,True,True,False,False,False,stage5_delta_diagnostic_only
positive_premium_implied_delta,125,969012,call_T050_s020_r005_q006,validation,call,0.6333333333333333,0.24166666666666667,6.74403050402314e-08,0.013453044254979682,0.013452976814674642,True,True,False,False,False,stage5_delta_diagnostic_only
positive_premium_implied_delta,126,981656,call_T050_s020_r010_q000,test,call,0.7,0.675,0.00463477243645976,0.051247013972660176,0.046612241536200416,True,True,False,False,False,stage5_delta_diagnostic_only
positive_premium_implied_delta,127,991998,call_T050_s020_r010_q006,train,call,1.4333333333333333,0.6583333333333333,0.9806859785184916,0.9783287229138514,0.002357255604640174,True,True,False,False,False,stage5_delta_diagnostic_only
positive_premium_implied_delta,128,1004136,call_T050_s040_r001_q000,test,call,0.4,1.0,0.0012562909134045798,0.00757121471229755,0.00631492379889297,True,True,False,False,False,stage5_delta_diagnostic_only
positive_premium_implied_delta,129,1005784,call_T050_s040_r001_q003,train,call,0.8666666666666667,0.30833333333333335,0.19639238680993296,0.1394017725387726,0.05699061427116037,True,True,False,False,False,stage5_delta_diagnostic_only
positive_premium_implied_delta,130,1013252,call_T050_s040_r001_q006,train,call,0.4,0.75,0.00016470025781556143,0.0061016897978818044,0.005936989540066243,True,True,False,False,False,stage5_delta_diagnostic_only
positive_premium_implied_delta,131,1022249,call_T050_s040_r005_q000,test,call,0.7333333333333333,0.475,0.07669754817311829,0.0814860550849738,0.004788506911855506,True,True,False,False,False,stage5_delta_diagnostic_only
positive_premium_implied_delta,132,1025627,call_T050_s040_r005_q003,validation,call,1.5333333333333332,0.11666666666666667,0.9983992041993589,0.9974743636869845,0.000924840512374403,True,True,False,False,False,stage5_delta_diagnostic_only
positive_premium_implied_delta,133,1028817,call_T050_s040_r005_q003,validation,call,1.8,0.7333333333333333,0.9910658415388418,0.9855628856201755,0.005502955918666341,True,True,False,False,False,stage5_delta_diagnostic_only
positive_premium_implied_delta,134,1044739,call_T050_s040_r010_q000,test,call,0.7666666666666666,0.8,0.22169297237708716,0.2652908354697937,0.04359786309270655,True,True,False,False,False,stage5_delta_diagnostic_only
positive_premium_implied_delta,135,1048705,call_T050_s040_r010_q003,train,call,1.1,0.5583333333333333,0.7354926927739059,0.7994778165367922,0.06398512376288623,True,True,False,False,False,stage5_delta_diagnostic_only
positive_premium_implied_delta,136,1049127,call_T050_s040_r010_q003,train,call,0.8333333333333334,0.6416666666666666,0.27372550627978026,0.26893611240386717,0.004789393875913095,True,True,False,False,False,stage5_delta_diagnostic_only
positive_premium_implied_delta,137,1056885,call_T050_s040_r010_q010,train,call,1.4333333333333333,0.125,0.9999999999999998,0.9966569044676115,0.0033430955323883182,True,True,False,False,False,stage5_delta_diagnostic_only
positive_premium_implied_delta,138,1059891,call_T050_s040_r010_q010,train,call,1.3,0.7083333333333334,0.8850591889226905,0.90292145840877,0.017862269486079496,True,True,False,False,False,stage5_delta_diagnostic_only
positive_premium_implied_delta,139,1066122,call_T050_s060_r001_q000,test,call,1.1666666666666667,0.9083333333333333,0.7238566456633684,0.8916100359096027,0.16775339024623437,True,True,False,False,False,stage5_delta_diagnostic_only
positive_premium_implied_delta,140,1067226,call_T050_s060_r001_q003,train,call,0.7,0.11666666666666667,0.009271897742341512,0.04415898513076453,0.03488708738842301,True,True,False,False,False,stage5_delta_diagnostic_only
positive_premium_implied_delta,141,1099302,call_T050_s060_r005_q010,stress_holdout,call,0.6333333333333333,0.2833333333333333,0.026555087446877935,0.04197531415425443,0.015420226707376493,True,True,False,False,False,stage5_delta_diagnostic_only
positive_premium_implied_delta,142,1115386,call_T050_s060_r010_q006,train,call,0.7,0.375,0.11137395817842402,0.11223898660369008,0.0008650284252660623,True,True,False,False,False,stage5_delta_diagnostic_only
positive_premium_implied_delta,143,1116654,call_T050_s060_r010_q006,train,call,1.4,0.6166666666666667,0.874531651511368,0.8507289730799658,0.02380267843140227,True,True,False,False,False,stage5_delta_diagnostic_only
positive_premium_implied_delta,144,1119154,call_T050_s060_r010_q010,stress_holdout,call,1.6,0.09166666666666666,0.9999999999999998,0.9978104009653618,0.002189599034638001,True,True,False,False,False,stage5_delta_diagnostic_only
positive_premium_implied_delta,145,1125647,call_T100_s020_r001_q000,test,call,1.6,0.3416666666666667,0.9999689954707275,0.9964221211991144,0.003546874271613043,True,True,False,False,False,stage5_delta_diagnostic_only
positive_premium_implied_delta,146,1127211,call_T100_s020_r001_q000,test,call,0.7,0.65,0.01946023366245325,0.04476334685792194,0.02530311319546869,True,True,False,False,False,stage5_delta_diagnostic_only
positive_premium_implied_delta,147,1129263,call_T100_s020_r001_q003,train,call,1.7333333333333334,0.03333333333333333,0.9999999999999998,0.9998226065860413,0.00017739341395850428,True,True,False,False,False,stage5_delta_diagnostic_only
positive_premium_implied_delta,148,1131450,call_T100_s020_r001_q003,train,call,1.5333333333333332,0.4583333333333333,0.9999999999999998,0.9948682869307612,0.0051317130692385415,True,True,False,False,False,stage5_delta_diagnostic_only
positive_premium_implied_delta,149,1140015,call_T100_s020_r001_q010,train,call,1.8,0.1,0.9999999999999998,0.9999220434325425,7.7956567457238e-05,True,True,False,False,False,stage5_delta_diagnostic_only
positive_premium_implied_delta,150,1146081,call_T100_s020_r005_q000,test,call,0.4666666666666667,0.275,3.367250764007029e-09,0.003762126805418789,0.0037621234381680253,True,True,False,False,False,stage5_delta_diagnostic_only
positive_premium_implied_delta,151,1149530,call_T100_s020_r005_q000,test,call,0.7666666666666666,0.9416666666666667,0.15185585012822356,0.11504463877670391,0.03681121135151964,True,True,False,False,False,stage5_delta_diagnostic_only
positive_premium_implied_delta,152,1153476,call_T100_s020_r005_q003,train,call,0.43333333333333335,0.7,3.914101081073277e-06,0.004617198800837128,0.004613284699756055,True,True,False,False,False,stage5_delta_diagnostic_only
positive_premium_implied_delta,153,1154584,call_T100_s020_r005_q003,train,call,1.5333333333333332,0.9083333333333333,0.9718572535733572,0.9679374035597664,0.003919850013590742,True,True,False,False,False,stage5_delta_diagnostic_only
positive_premium_implied_delta,154,1162513,call_T100_s020_r005_q010,train,call,0.6666666666666666,0.43333333333333335,0.0010091514306471276,0.031066121943761932,0.030056970513114803,True,True,False,False,False,stage5_delta_diagnostic_only
positive_premium_implied_delta,155,1175579,call_T100_s020_r010_q003,train,call,0.4666666666666667,0.95,0.00043695644868467975,0.01182253524926123,0.01138557880057655,True,True,False,False,False,stage5_delta_diagnostic_only
positive_premium_implied_delta,156,1181968,call_T100_s020_r010_q010,train,call,1.3,0.16666666666666666,0.9999999999999998,0.9952169653621034,0.004783034637896422,True,True,False,False,False,stage5_delta_diagnostic_only
positive_premium_implied_delta,157,1192790,call_T100_s040_r001_q003,train,call,0.8333333333333334,0.25,0.20044975178433086,0.16086992920487972,0.03957982257945114,True,True,False,False,False,stage5_delta_diagnostic_only
positive_premium_implied_delta,158,1215166,call_T100_s040_r005_q003,train,call,1.3666666666666667,0.55,0.8799097446058838,0.8446281622277461,0.03528158237813772,True,True,False,False,False,stage5_delta_diagnostic_only
positive_premium_implied_delta,159,1230855,call_T100_s040_r010_q000,test,call,1.1666666666666667,0.5666666666666667,0.8024182634385649,0.8628593145465172,0.06044105110795228,True,True,False,False,False,stage5_delta_diagnostic_only
positive_premium_implied_delta,160,1235900,call_T100_s040_r010_q003,train,call,1.6333333333333333,0.5333333333333333,0.9591659020032328,0.8875730383202295,0.07159286368300333,True,True,False,False,False,stage5_delta_diagnostic_only
positive_premium_implied_delta,161,1236572,call_T100_s040_r010_q003,train,call,1.1,0.6666666666666666,0.7105499958667628,0.7877939534571086,0.07724395759034575,True,True,False,False,False,stage5_delta_diagnostic_only
positive_premium_implied_delta,162,1237442,call_T100_s040_r010_q003,train,call,1.4333333333333333,0.8333333333333334,0.8856325147341174,0.8732214615004468,0.012411053233670644,True,True,False,False,False,stage5_delta_diagnostic_only
positive_premium_implied_delta,163,1238384,call_T100_s040_r010_q006,train,call,1.3,0.008333333333333333,0.9994986305194292,0.9898517198867358,0.009646910632693406,True,True,False,False,False,stage5_delta_diagnostic_only
positive_premium_implied_delta,164,1240766,call_T100_s040_r010_q006,train,call,0.43333333333333335,0.475,0.0026390347564069615,0.007967978211762263,0.005328943455355301,True,True,False,False,False,stage5_delta_diagnostic_only
positive_premium_implied_delta,165,1242743,call_T100_s040_r010_q006,train,call,0.4,0.8583333333333333,0.01395545539177866,0.009565045045007093,0.004390410346771567,True,True,False,False,False,stage5_delta_diagnostic_only
positive_premium_implied_delta,166,1248984,call_T100_s060_r001_q000,test,call,0.6,0.05,0.0002248502617999599,0.031255762471410965,0.031030912209611006,True,True,False,False,False,stage5_delta_diagnostic_only
positive_premium_implied_delta,167,1265330,call_T100_s060_r001_q010,stress_holdout,call,0.8,0.19166666666666665,0.21497904020564748,0.15051683696355295,0.06446220324209453,True,True,False,False,False,stage5_delta_diagnostic_only
positive_premium_implied_delta,168,1267386,call_T100_s060_r001_q010,stress_holdout,call,0.5333333333333333,0.5916666666666667,0.10261194594317392,0.07241264641401503,0.030199299529158896,True,True,False,False,False,stage5_delta_diagnostic_only
positive_premium_implied_delta,169,1272545,call_T100_s060_r005_q000,test,call,0.5,0.5833333333333334,0.11146548422788298,0.07120006462396215,0.04026541960392083,True,True,False,False,False,stage5_delta_diagnostic_only
positive_premium_implied_delta,170,1274095,call_T100_s060_r005_q000,test,call,0.5666666666666667,0.8833333333333333,0.25866069280430404,0.2747916103729721,0.01613091756866808,True,True,False,False,False,stage5_delta_diagnostic_only
positive_premium_implied_delta,171,1276400,call_T100_s060_r005_q003,train,call,1.4333333333333333,0.31666666666666665,0.8883621567181232,0.8873225492765251,0.0010396074415981449,True,True,False,False,False,stage5_delta_diagnostic_only
positive_premium_implied_delta,172,1292433,call_T100_s060_r010_q000,test,call,1.2333333333333334,0.4,0.8016509668381422,0.7800709794562336,0.021579987381908583,True,True,False,False,False,stage5_delta_diagnostic_only
positive_premium_implied_delta,173,1294107,call_T100_s060_r010_q000,test,call,1.1333333333333333,0.725,0.7395627851918782,0.5212389187185955,0.21832386647328272,True,True,False,False,False,stage5_delta_diagnostic_only
positive_premium_implied_delta,174,1296908,call_T100_s060_r010_q003,train,call,1.3333333333333333,0.2583333333333333,0.8691891521175441,0.8386288330689938,0.030560319048550277,True,True,False,False,False,stage5_delta_diagnostic_only
positive_premium_implied_delta,175,1304949,call_T100_s060_r010_q006,train,call,1.3333333333333333,0.8083333333333333,0.7778845916080562,0.851858268036501,0.07397367642844477,True,True,False,False,False,stage5_delta_diagnostic_only
positive_premium_implied_delta,176,1319627,call_T200_s020_r001_q003,train,call,0.4,0.6333333333333333,4.334643837799838e-05,0.01225285609929397,0.012209509660915972,True,True,False,False,False,stage5_delta_diagnostic_only
positive_premium_implied_delta,177,1345483,call_T200_s020_r005_q006,train,call,0.8333333333333334,0.6,0.20798902272323214,0.1518275335704894,0.056161489152742744,True,True,False,False,False,stage5_delta_diagnostic_only
positive_premium_implied_delta,178,1354935,call_T200_s020_r010_q000,test,call,0.5666666666666667,0.4166666666666667,0.006342332861649675,0.045378342487076666,0.03903600962542699,True,True,False,False,False,stage5_delta_diagnostic_only
positive_premium_implied_delta,179,1359268,call_T200_s020_r010_q003,train,call,1.6666666666666667,0.24166666666666667,0.9855638490865476,0.9798376146780329,0.005726234408514719,True,True,False,False,False,stage5_delta_diagnostic_only
positive_premium_implied_delta,180,1369502,call_T200_s020_r010_q010,train,call,1.6666666666666667,0.20833333333333334,0.9999999999999998,0.9971287271602399,0.002871272839759853,True,True,False,False,False,stage5_delta_diagnostic_only
positive_premium_implied_delta,181,1375207,call_T200_s040_r001_q000,test,call,1.2,0.30833333333333335,0.7754266349589118,0.7687836873448485,0.006642947614063366,True,True,False,False,False,stage5_delta_diagnostic_only
positive_premium_implied_delta,182,1393400,call_T200_s040_r001_q010,train,call,1.3333333333333333,0.8083333333333333,0.7936365743765156,0.8033200718436776,0.009683497467162017,True,True,False,False,False,stage5_delta_diagnostic_only
positive_premium_implied_delta,183,1403757,call_T200_s040_r005_q003,train,call,1.1333333333333333,0.8,0.685696159605888,0.817254819192864,0.131558659586976,True,True,False,False,False,stage5_delta_diagnostic_only
positive_premium_implied_delta,184,1410855,call_T200_s040_r005_q010,train,call,1.2333333333333334,0.15833333333333333,0.8560060196792166,0.8904013484136819,0.03439532873446527,True,True,False,False,False,stage5_delta_diagnostic_only
positive_premium_implied_delta,185,1412188,call_T200_s040_r005_q010,train,call,1.2333333333333334,0.4166666666666667,0.7558030298676571,0.7558465282014815,4.3498333824332214e-05,True,True,False,False,False,stage5_delta_diagnostic_only
positive_premium_implied_delta,186,1414532,call_T200_s040_r005_q010,train,call,0.5333333333333333,0.875,0.12332689910654866,0.09912646586133832,0.024200433245210345,True,True,False,False,False,stage5_delta_diagnostic_only
positive_premium_implied_delta,187,1421750,call_T200_s040_r010_q003,test,call,1.7666666666666666,0.25,0.9739383615749769,0.9535104934783337,0.02042786809664321,True,True,False,False,False,stage5_delta_diagnostic_only
positive_premium_implied_delta,188,1443512,call_T200_s060_r001_q003,train,call,0.4666666666666667,0.44166666666666665,0.13272250883855657,0.1039615259861712,0.028760982852385375,True,True,False,False,False,stage5_delta_diagnostic_only
positive_premium_implied_delta,189,1451265,call_T200_s060_r001_q006,train,call,0.9,0.9333333333333333,0.54075052160244,0.5121279896092403,0.02862253199319964,True,True,False,False,False,stage5_delta_diagnostic_only
positive_premium_implied_delta,190,1451437,call_T200_s060_r001_q006,train,call,0.9,0.9666666666666667,0.5426737074407072,0.5224925733344197,0.020181134106287524,True,True,False,False,False,stage5_delta_diagnostic_only
positive_premium_implied_delta,191,1456008,call_T200_s060_r001_q010,stress_holdout,call,1.3333333333333333,0.8416666666666667,0.7181472646918419,0.6310929451309925,0.08705431956084941,True,True,False,False,False,stage5_delta_diagnostic_only
positive_premium_implied_delta,192,1474280,call_T200_s060_r005_q010,stress_holdout,call,1.2333333333333334,0.35,0.7174282905299256,0.7446495156327326,0.027221225102807,True,True,False,False,False,stage5_delta_diagnostic_only
positive_premium_implied_delta,193,1475471,call_T200_s060_r005_q010,stress_holdout,call,0.8,0.5833333333333334,0.4288178476285812,0.5333031570181793,0.1044853093895981,True,True,False,False,False,stage5_delta_diagnostic_only
positive_premium_implied_delta,194,1475932,call_T200_s060_r005_q010,stress_holdout,call,0.4,0.675,0.13008173774052348,0.07820372563311327,0.05187801210741021,True,True,False,False,False,stage5_delta_diagnostic_only
positive_premium_implied_delta,195,1476183,call_T200_s060_r005_q010,stress_holdout,call,1.6,0.7166666666666667,0.8220800518449439,0.8009833838934125,0.021096667951531423,True,True,False,False,False,stage5_delta_diagnostic_only
positive_premium_implied_delta,196,1479269,call_T200_s060_r010_q000,test,call,1.2666666666666666,0.30833333333333335,0.807276505878927,0.7042276850303429,0.10304882084858402,True,True,False,False,False,stage5_delta_diagnostic_only
positive_premium_implied_delta,197,1479570,call_T200_s060_r010_q000,test,call,1.2666666666666666,0.36666666666666664,0.8049529782751491,0.8455436079311863,0.040590629656037214,True,True,False,False,False,stage5_delta_diagnostic_only
positive_premium_implied_delta,198,1481937,call_T200_s060_r010_q000,test,call,1.3333333333333333,0.825,0.834209616099541,0.7717552267443295,0.062454389355211526,True,True,False,False,False,stage5_delta_diagnostic_only
positive_premium_implied_delta,199,1483054,call_T200_s060_r010_q003,train,call,1.3,0.03333333333333333,0.9624226691385829,0.8826340323059703,0.07978863683261261,True,True,False,False,False,stage5_delta_diagnostic_only
supervised_delta_head,0,3834,put_T025_s020_r001_q000,train,put,0.6333333333333333,0.7416666666666667,-0.9999999999999998,-1.0,2.220446049250313e-16,True,True,False,False,False,stage5_delta_diagnostic_only
supervised_delta_head,1,9487,put_T025_s020_r001_q003,train,put,1.3,0.825,-0.0024201307069371143,-0.05534770339727402,0.052927572690336905,True,True,False,False,False,stage5_delta_diagnostic_only
supervised_delta_head,2,22816,put_T025_s020_r005_q000,train,put,1.2666666666666666,0.3833333333333333,-0.00013705705281167032,-0.014330096542835236,0.014193039490023564,True,True,False,False,False,stage5_delta_diagnostic_only
supervised_delta_head,3,27613,put_T025_s020_r005_q003,train,put,0.6333333333333333,0.30833333333333335,-0.9999999999999998,-1.0,2.220446049250313e-16,True,True,False,False,False,stage5_delta_diagnostic_only
supervised_delta_head,4,29887,put_T025_s020_r005_q003,train,put,0.4666666666666667,0.75,-0.9999999999999998,-1.0,2.220446049250313e-16,True,True,False,False,False,stage5_delta_diagnostic_only
supervised_delta_head,5,32377,put_T025_s020_r005_q006,train,put,1.7666666666666666,0.21666666666666667,-7.7733596540185795e-19,0.0,7.7733596540185795e-19,True,True,False,False,False,stage5_delta_diagnostic_only
supervised_delta_head,6,32690,put_T025_s020_r005_q006,train,put,0.7333333333333333,0.2833333333333333,-0.9999999999999998,-1.0,2.220446049250313e-16,True,True,False,False,False,stage5_delta_diagnostic_only
supervised_delta_head,7,35570,put_T025_s020_r005_q006,train,put,0.7,0.8416666666666667,-0.9999999999999998,-0.9724363684654236,0.027563631534576194,True,True,False,False,False,stage5_delta_diagnostic_only
supervised_delta_head,8,41475,put_T025_s020_r005_q010,train,put,1.1666666666666667,0.975,-0.06778743903370761,-0.10049497336149216,0.032707534327784546,True,True,False,False,False,stage5_delta_diagnostic_only
supervised_delta_head,9,50786,put_T025_s020_r010_q003,train,put,0.5,0.7666666666666666,-0.9999999999999998,-1.0,2.220446049250313e-16,True,True,False,False,False,stage5_delta_diagnostic_only
supervised_delta_head,10,66344,put_T025_s040_r001_q000,train,put,1.6666666666666667,0.75,-0.0012238764446207608,0.0,0.0012238764446207608,True,True,False,False,False,stage5_delta_diagnostic_only
supervised_delta_head,11,66531,put_T025_s040_r001_q000,train,put,0.7333333333333333,0.7916666666666666,-0.9552349261830193,-0.9435626864433289,0.011672239739690449,True,True,False,False,False,stage5_delta_diagnostic_only
supervised_delta_head,12,69209,put_T025_s040_r001_q003,train,put,1.1333333333333333,0.3,-0.11823270729010683,-0.1936626136302948,0.07542990634018797,True,True,False,False,False,stage5_delta_diagnostic_only
supervised_delta_head,13,86539,put_T025_s040_r005_q000,train,put,1.1666666666666667,0.6333333333333333,-0.13718656615775518,-0.12528499960899353,0.01190156654876165,True,True,False,False,False,stage5_delta_diagnostic_only
supervised_delta_head,14,98843,put_T025_s040_r005_q006,train,put,1.3666666666666667,1.0,-0.04892543948138805,-0.026794947683811188,0.02213049179757686,True,True,False,False,False,stage5_delta_diagnostic_only
supervised_delta_head,15,140637,put_T025_s060_r001_q010,stress_holdout,put,1.3,0.025,-4.3163194276839324e-06,0.0,4.3163194276839324e-06,True,True,False,False,False,stage5_delta_diagnostic_only
supervised_delta_head,16,165003,put_T025_s060_r005_q010,stress_holdout,put,0.8,0.7166666666666667,-0.7706939959697826,-0.7679585218429565,0.002735474126826065,True,True,False,False,False,stage5_delta_diagnostic_only
supervised_delta_head,17,172009,put_T025_s060_r010_q003,train,put,0.7,0.058333333333333334,-0.9999999999999998,-0.9492546319961548,0.05074536800384499,True,True,False,False,False,stage5_delta_diagnostic_only
supervised_delta_head,18,173850,put_T025_s060_r010_q003,train,put,0.43333333333333335,0.4166666666666667,-0.9999999999999998,-1.0,2.220446049250313e-16,True,True,False,False,False,stage5_delta_diagnostic_only
supervised_delta_head,19,188686,put_T050_s020_r001_q000,train,put,0.4666666666666667,0.26666666666666666,-0.9999999999999998,-0.9678181409835815,0.032181859016418235,True,True,False,False,False,stage5_delta_diagnostic_only
supervised_delta_head,20,189117,put_T050_s020_r001_q000,train,put,0.5,0.35,-0.9999999999999998,-0.9657899737358093,0.03421002626419045,True,True,False,False,False,stage5_delta_diagnostic_only
supervised_delta_head,21,190353,put_T050_s020_r001_q000,train,put,1.5666666666666667,0.5833333333333334,-2.0114136389508483e-05,0.0,2.0114136389508483e-05,True,True,False,False,False,stage5_delta_diagnostic_only
supervised_delta_head,22,196767,put_T050_s020_r001_q003,train,put,1.8,0.8166666666666667,-3.7032542067126875e-06,0.0,3.7032542067126875e-06,True,True,False,False,False,stage5_delta_diagnostic_only
supervised_delta_head,23,205874,put_T050_s020_r001_q010,train,put,1.5,0.5666666666666667,-0.00021923629778432767,-0.024570859968662262,0.024351623670877936,True,True,False,False,False,stage5_delta_diagnostic_only
supervised_delta_head,24,210660,put_T050_s020_r005_q000,validation,put,0.5,0.49166666666666664,-0.9999999999999998,-0.9809155464172363,0.01908445358276345,True,True,False,False,False,stage5_delta_diagnostic_only
supervised_delta_head,25,214650,put_T050_s020_r005_q003,validation,put,1.6333333333333333,0.25,-3.6632960786552835e-10,0.0,3.6632960786552835e-10,True,True,False,False,False,stage5_delta_diagnostic_only
supervised_delta_head,26,214827,put_T050_s020_r005_q003,validation,put,1.8,0.2833333333333333,-2.5071059885887485e-12,0.0,2.5071059885887485e-12,True,True,False,False,False,stage5_delta_diagnostic_only
supervised_delta_head,27,227204,put_T050_s020_r005_q010,validation,put,1.5666666666666667,0.6666666666666666,-0.0001036668034377661,-0.00612301379442215,0.006019346990984383,True,True,False,False,False,stage5_delta_diagnostic_only
supervised_delta_head,28,244181,put_T050_s020_r010_q006,train,put,1.3,0.9333333333333333,-0.016957379235172265,-0.015062905848026276,0.0018944733871459896,True,True,False,False,False,stage5_delta_diagnostic_only
supervised_delta_head,29,258127,put_T050_s040_r001_q003,train,put,1.7666666666666666,0.6083333333333333,-0.003910770956636562,-0.0027930811047554016,0.00111768985188116,True,True,False,False,False,stage5_delta_diagnostic_only
supervised_delta_head,30,267529,put_T050_s040_r001_q010,train,put,1.2666666666666666,0.4166666666666667,-0.09771974305826289,-0.11346480995416641,0.01574506689590352,True,True,False,False,False,stage5_delta_diagnostic_only
supervised_delta_head,31,287322,put_T050_s040_r005_q010,validation,put,1.7,0.21666666666666667,-3.549649123314692e-05,0.0,3.549649123314692e-05,True,True,False,False,False,stage5_delta_diagnostic_only
supervised_delta_head,32,288731,put_T050_s040_r005_q010,validation,put,1.3666666666666667,0.49166666666666664,-0.0522880047664691,-0.07839100807905197,0.02610300331258287,True,True,False,False,False,stage5_delta_diagnostic_only
supervised_delta_head,33,292568,put_T050_s040_r010_q000,train,put,1.7,0.225,-2.7742084233450753e-05,-0.010212339460849762,0.010184597376616311,True,True,False,False,False,stage5_delta_diagnostic_only
supervised_delta_head,34,299242,put_T050_s040_r010_q003,train,put,0.5666666666666667,0.5166666666666666,-0.9999999999999998,-1.0,2.220446049250313e-16,True,True,False,False,False,stage5_delta_diagnostic_only
supervised_delta_head,35,301400,put_T050_s040_r010_q003,train,put,0.8333333333333334,0.9333333333333333,-0.7146678069367965,-0.7779949903488159,0.06332718341201937,True,True,False,False,False,stage5_delta_diagnostic_only
supervised_delta_head,36,302728,put_T050_s040_r010_q006,train,put,0.6666666666666666,0.18333333333333332,-0.9999999999999998,-0.9672662615776062,0.03273373842239358,True,True,False,False,False,stage5_delta_diagnostic_only
supervised_delta_head,37,307064,put_T050_s040_r010_q010,train,put,0.43333333333333335,0.016666666666666666,-0.9999999999999998,-1.0,2.220446049250313e-16,True,True,False,False,False,stage5_delta_diagnostic_only
supervised_delta_head,38,312064,put_T050_s040_r010_q010,train,put,0.8333333333333334,0.9833333333333333,-0.6853665567113033,-0.728436291217804,0.043069734506500645,True,True,False,False,False,stage5_delta_diagnostic_only
supervised_delta_head,39,312121,put_T050_s040_r010_q010,train,put,1.3,0.9916666666666667,-0.1360232603286584,-0.1358056664466858,0.00021759388197262197,True,True,False,False,False,stage5_delta_diagnostic_only
supervised_delta_head,40,312298,put_T050_s060_r001_q000,train,put,1.4666666666666666,0.016666666666666666,-1.2696637312925022e-07,-0.0010320916771888733,0.001031964710815744,True,True,False,False,False,stage5_delta_diagnostic_only
supervised_delta_head,41,317140,put_T050_s060_r001_q000,train,put,0.9,0.9583333333333334,-0.5157290927690809,-0.5778108835220337,0.06208179075295284,True,True,False,False,False,stage5_delta_diagnostic_only
supervised_delta_head,42,326154,put_T050_s060_r001_q006,train,put,1.8,0.6833333333333333,-0.035015161521093074,-0.052666790783405304,0.01765162926231223,True,True,False,False,False,stage5_delta_diagnostic_only
supervised_delta_head,43,328171,put_T050_s060_r001_q010,stress_holdout,put,1.6666666666666667,0.06666666666666667,-4.617683444230315e-06,0.0,4.617683444230315e-06,True,True,False,False,False,stage5_delta_diagnostic_only
supervised_delta_head,44,335765,put_T050_s060_r005_q000,validation,put,1.1,0.5333333333333333,-0.30996493263985014,-0.34786781668663025,0.037902884046780105,True,True,False,False,False,stage5_delta_diagnostic_only
supervised_delta_head,45,346010,put_T050_s060_r005_q006,validation,put,1.4666666666666666,0.5,-0.07694539138293595,-0.07105030864477158,0.005895082738164373,True,True,False,False,False,stage5_delta_diagnostic_only
supervised_delta_head,46,353593,put_T050_s060_r005_q010,stress_holdout,put,0.5333333333333333,0.9666666666666667,-0.8818276456823008,-0.9028699398040771,0.021042294121776384,True,True,False,False,False,stage5_delta_diagnostic_only
supervised_delta_head,47,355944,put_T050_s060_r010_q000,train,put,1.5,0.4083333333333333,-0.044448559991463944,-0.06019223481416702,0.01574367482270308,True,True,False,False,False,stage5_delta_diagnostic_only
supervised_delta_head,48,359676,put_T050_s060_r010_q003,train,put,1.2,0.125,-0.0937459686952887,-0.11308198422193527,0.01933601552664657,True,True,False,False,False,stage5_delta_diagnostic_only
supervised_delta_head,49,359826,put_T050_s060_r010_q003,train,put,0.4666666666666667,0.15833333333333333,-0.9999999999999998,-0.9914810657501221,0.008518934249877708,True,True,False,False,False,stage5_delta_diagnostic_only
supervised_delta_head,50,369888,put_T050_s060_r010_q010,stress_holdout,put,0.4666666666666667,0.09166666666666666,-0.9999999999999998,-1.0,2.220446049250313e-16,True,True,False,False,False,stage5_delta_diagnostic_only
supervised_delta_head,51,377412,put_T100_s020_r001_q000,train,put,0.43333333333333335,0.5416666666666666,-0.9999999999999998,-0.9274095296859741,0.07259047031402566,True,True,False,False,False,stage5_delta_diagnostic_only
supervised_delta_head,52,381308,put_T100_s020_r001_q003,train,put,1.3,0.2833333333333333,-0.007441540540893907,-0.034817054867744446,0.02737551432685054,True,True,False,False,False,stage5_delta_diagnostic_only
supervised_delta_head,53,387969,put_T100_s020_r001_q006,train,put,1.1666666666666667,0.5666666666666667,-0.1749860910175026,-0.1004430279135704,0.07454306310393219,True,True,False,False,False,stage5_delta_diagnostic_only
supervised_delta_head,54,390281,put_T100_s020_r001_q010,train,put,0.8333333333333334,0.008333333333333333,-0.9991666008540011,-0.8581583499908447,0.14100825086315638,True,True,False,False,False,stage5_delta_diagnostic_only
supervised_delta_head,55,395569,put_T100_s020_r005_q000,train,put,0.8,0.025,-1.0000000000000016,-0.9444215893745422,0.05557841062545932,True,True,False,False,False,stage5_delta_diagnostic_only
supervised_delta_head,56,414010,put_T100_s020_r005_q010,train,put,0.6,0.575,-0.9467981109863804,-0.940913736820221,0.005884374166159501,True,True,False,False,False,stage5_delta_diagnostic_only
supervised_delta_head,57,430471,put_T100_s020_r010_q006,train,put,1.7666666666666666,0.7333333333333333,-0.00018254600197731725,0.0,0.00018254600197731725,True,True,False,False,False,stage5_delta_diagnostic_only
supervised_delta_head,58,438644,put_T100_s040_r001_q000,train,put,0.43333333333333335,0.30833333333333335,-0.9999999999999998,-0.9645850658416748,0.03541493415832497,True,True,False,False,False,stage5_delta_diagnostic_only
supervised_delta_head,59,444365,put_T100_s040_r001_q003,train,put,0.5,0.4083333333333333,-0.9831758491499115,-0.9008035659790039,0.08237228317090761,True,True,False,False,False,stage5_delta_diagnostic_only
supervised_delta_head,60,450077,put_T100_s040_r001_q006,train,put,1.7,0.5,-0.026117141324246335,-0.066121406853199,0.04000426552895267,True,True,False,False,False,stage5_delta_diagnostic_only
supervised_delta_head,61,451568,put_T100_s040_r001_q006,train,put,1.2333333333333334,0.7916666666666666,-0.24408325186856686,-0.20344120264053345,0.04064204922803341,True,True,False,False,False,stage5_delta_diagnostic_only
supervised_delta_head,62,468983,put_T100_s040_r005_q006,train,put,1.2333333333333334,0.13333333333333333,-0.06654822015857947,-0.08400426059961319,0.017456040441033716,True,True,False,False,False,stage5_delta_diagnostic_only
supervised_delta_head,63,477314,put_T100_s040_r005_q010,train,put,0.8666666666666667,0.7416666666666667,-0.5927453578858345,-0.5857567191123962,0.006988638773438249,True,True,False,False,False,stage5_delta_diagnostic_only
supervised_delta_head,64,519047,put_T100_s060_r001_q010,stress_holdout,put,1.6333333333333333,0.7583333333333333,-0.13200764661445438,-0.1208377256989479,0.011169920915506476,True,True,False,False,False,stage5_delta_diagnostic_only
supervised_delta_head,65,525111,put_T100_s060_r005_q000,train,put,1.6666666666666667,0.9249999999999999,-0.10710816697761597,-0.06421033293008804,0.04289783404752792,True,True,False,False,False,stage5_delta_diagnostic_only
supervised_delta_head,66,549445,put_T100_s060_r010_q003,train,put,1.5333333333333332,0.6,-0.10787255322154796,-0.08822765201330185,0.019644901208246107,True,True,False,False,False,stage5_delta_diagnostic_only
supervised_delta_head,67,564422,put_T200_s020_r001_q000,train,put,0.5333333333333333,0.48333333333333334,-0.9999999999999998,-1.0,2.220446049250313e-16,True,True,False,False,False,stage5_delta_diagnostic_only
supervised_delta_head,68,578923,put_T200_s020_r001_q010,train,put,0.8666666666666667,0.26666666666666666,-0.8452938961549894,-0.7699733972549438,0.07532049890004555,True,True,False,False,False,stage5_delta_diagnostic_only
supervised_delta_head,69,603763,put_T200_s020_r010_q000,train,put,0.4,0.041666666666666664,-0.9999999999999998,-1.0,2.220446049250313e-16,True,True,False,False,False,stage5_delta_diagnostic_only
supervised_delta_head,70,607274,put_T200_s020_r010_q000,train,put,1.3333333333333333,0.7166666666666667,-0.033969319766924404,-0.03546477109193802,0.001495451325013615,True,True,False,False,False,stage5_delta_diagnostic_only
supervised_delta_head,71,608565,put_T200_s020_r010_q000,train,put,1.3666666666666667,0.9666666666666667,-0.03343756134828064,-0.05202510207891464,0.018587540730634004,True,True,False,False,False,stage5_delta_diagnostic_only
supervised_delta_head,72,628580,put_T200_s040_r001_q000,train,put,0.6,0.8166666666666667,-0.7809136334984301,-0.7618537545204163,0.019059878978013867,True,True,False,False,False,stage5_delta_diagnostic_only
supervised_delta_head,73,642473,put_T200_s040_r001_q010,train,put,0.7333333333333333,0.48333333333333334,-0.7190671327916973,-0.7613763809204102,0.04230924812871284,True,True,False,False,False,stage5_delta_diagnostic_only
supervised_delta_head,74,646612,put_T200_s040_r005_q000,train,put,1.1,0.275,-0.295239974815545,-0.26366299390792847,0.031576980907616514,True,True,False,False,False,stage5_delta_diagnostic_only
supervised_delta_head,75,663031,put_T200_s040_r005_q010,train,put,0.8666666666666667,0.43333333333333335,-0.5733068118420218,-0.634044349193573,0.060737537351551185,True,True,False,False,False,stage5_delta_diagnostic_only
supervised_delta_head,76,663527,put_T200_s040_r005_q010,train,put,1.6333333333333333,0.525,-0.09127757053581297,-0.08778677135705948,0.003490799178753487,True,True,False,False,False,stage5_delta_diagnostic_only
supervised_delta_head,77,663866,put_T200_s040_r005_q010,train,put,1.4666666666666666,0.5916666666666667,-0.14942844227764263,-0.15449535846710205,0.005066916189459425,True,True,False,False,False,stage5_delta_diagnostic_only
supervised_delta_head,78,667347,put_T200_s040_r010_q000,test,put,1.4,0.2583333333333333,-0.07041497350282201,-0.04049292951822281,0.029922043984599203,True,True,False,False,False,stage5_delta_diagnostic_only
supervised_delta_head,79,682349,put_T200_s040_r010_q010,test,put,1.2333333333333334,0.14166666666666666,-0.13425832968279247,-0.11590408533811569,0.01835424434467678,True,True,False,False,False,stage5_delta_diagnostic_only
supervised_delta_head,80,691300,put_T200_s060_r001_q000,train,put,1.4666666666666666,0.8666666666666667,-0.18578968491995057,-0.1904551386833191,0.004665453763368521,True,True,False,False,False,stage5_delta_diagnostic_only
supervised_delta_head,81,696406,put_T200_s060_r001_q003,train,put,1.1,0.85,-0.30425654877023756,-0.21531808376312256,0.088938465007115,True,True,False,False,False,stage5_delta_diagnostic_only
supervised_delta_head,82,698146,put_T200_s060_r001_q006,train,put,1.7666666666666666,0.175,-0.04082436500878298,-0.03953791409730911,0.00128645091147387,True,True,False,False,False,stage5_delta_diagnostic_only
supervised_delta_head,83,699216,put_T200_s060_r001_q006,train,put,1.6,0.3833333333333333,-0.13287276112456262,-0.12877953052520752,0.004093230599355097,True,True,False,False,False,stage5_delta_diagnostic_only
supervised_delta_head,84,699552,put_T200_s060_r001_q006,train,put,1.3333333333333333,0.45,-0.2260711727275129,-0.21655374765396118,0.009517425073551716,True,True,False,False,False,stage5_delta_diagnostic_only
supervised_delta_head,85,701602,put_T200_s060_r001_q006,train,put,0.8666666666666667,0.85,-0.41608738667914036,-0.356120765209198,0.05996662146994236,True,True,False,False,False,stage5_delta_diagnostic_only
supervised_delta_head,86,702300,put_T200_s060_r001_q006,train,put,1.2,0.9833333333333333,-0.26896823034039147,-0.24371597170829773,0.025252258632093738,True,True,False,False,False,stage5_delta_diagnostic_only
supervised_delta_head,87,702995,put_T200_s060_r001_q010,stress_holdout,put,1.4333333333333333,0.10833333333333334,-0.08527185217778431,-0.044284604489803314,0.040987247687980996,True,True,False,False,False,stage5_delta_diagnostic_only
supervised_delta_head,88,709720,put_T200_s060_r005_q000,train,put,0.5666666666666667,0.4083333333333333,-0.8229281277791054,-0.7985026836395264,0.024425444139579033,True,True,False,False,False,stage5_delta_diagnostic_only
supervised_delta_head,89,712232,put_T200_s060_r005_q000,train,put,1.1666666666666667,0.8916666666666666,-0.2562297501492493,-0.2620985209941864,0.005868770844937088,True,True,False,False,False,stage5_delta_diagnostic_only
supervised_delta_head,90,728935,put_T200_s060_r010_q000,train,put,1.8,0.09166666666666666,-0.006467673430728645,0.0,0.006467673430728645,True,True,False,False,False,stage5_delta_diagnostic_only
supervised_delta_head,91,735641,put_T200_s060_r010_q003,train,put,1.7333333333333334,0.3833333333333333,-0.07952608713577239,-0.03919027000665665,0.04033581712911574,True,True,False,False,False,stage5_delta_diagnostic_only
supervised_delta_head,92,750569,call_T025_s020_r001_q000,test,call,0.5333333333333333,0.2583333333333333,1.1733261079520085e-14,0.0,1.1733261079520085e-14,True,True,False,False,False,stage5_delta_diagnostic_only
supervised_delta_head,93,763969,call_T025_s020_r001_q006,train,call,1.4333333333333333,0.8333333333333334,0.9999999999999998,1.0,2.220446049250313e-16,True,True,False,False,False,stage5_delta_diagnostic_only
supervised_delta_head,94,767668,call_T025_s020_r001_q010,train,call,1.4666666666666666,0.5416666666666666,0.9999999999999998,1.0,2.220446049250313e-16,True,True,False,False,False,stage5_delta_diagnostic_only
supervised_delta_head,95,771119,call_T025_s020_r005_q000,test,call,0.4,0.20833333333333334,9.475505780256493e-23,0.0,9.475505780256493e-23,True,True,False,False,False,stage5_delta_diagnostic_only
supervised_delta_head,96,775348,call_T025_s020_r005_q003,train,call,0.9,0.016666666666666666,2.959423304249753e-05,0.2992839813232422,0.2992543870901997,True,True,False,False,False,stage5_delta_diagnostic_only
supervised_delta_head,97,777283,call_T025_s020_r005_q003,train,call,0.9,0.39166666666666666,0.05727256241771492,0.23679205775260925,0.17951949533489434,True,True,False,False,False,stage5_delta_diagnostic_only
supervised_delta_head,98,784235,call_T025_s020_r005_q006,train,call,0.43333333333333335,0.7333333333333333,3.1981410215225087e-13,0.0,3.1981410215225087e-13,True,True,False,False,False,stage5_delta_diagnostic_only
supervised_delta_head,99,795846,call_T025_s020_r010_q000,test,call,0.4666666666666667,0.9666666666666667,1.577083716348918e-09,0.0,1.577083716348918e-09,True,True,False,False,False,stage5_delta_diagnostic_only
supervised_delta_head,100,815897,call_T025_s040_r001_q000,test,call,0.9,0.8166666666666667,0.31456353258857545,0.3162998557090759,0.0017363231205004825,True,True,False,False,False,stage5_delta_diagnostic_only
supervised_delta_head,101,817221,call_T025_s040_r001_q003,train,call,0.6,0.06666666666666667,2.9414618575523805e-11,0.0,2.9414618575523805e-11,True,True,False,False,False,stage5_delta_diagnostic_only
supervised_delta_head,102,842700,call_T025_s040_r005_q003,train,call,1.3666666666666667,0.9666666666666667,0.9499870817117421,0.904655396938324,0.04533168477341809,True,True,False,False,False,stage5_delta_diagnostic_only
supervised_delta_head,103,863356,call_T025_s040_r010_q003,train,call,0.4666666666666667,0.9416666666666667,0.00016290776278731124,0.0,0.00016290776278731124,True,True,False,False,False,stage5_delta_diagnostic_only
supervised_delta_head,104,864734,call_T025_s040_r010_q006,train,call,0.5333333333333333,0.2,7.006866740175308e-09,0.0,7.006866740175308e-09,True,True,False,False,False,stage5_delta_diagnostic_only
supervised_delta_head,105,865446,call_T025_s040_r010_q006,train,call,1.3333333333333333,0.3333333333333333,0.989706894866943,0.9572713971138,0.03243549775314292,True,True,False,False,False,stage5_delta_diagnostic_only
supervised_delta_head,106,885403,call_T025_s060_r001_q006,train,call,1.5,0.16666666666666666,0.9999999999999998,0.9973682761192322,0.0026317238807676002,True,True,False,False,False,stage5_delta_diagnostic_only
supervised_delta_head,107,892615,call_T025_s060_r001_q010,stress_holdout,call,1.1,0.5583333333333333,0.6899754589887677,0.632453978061676,0.05752148092709164,True,True,False,False,False,stage5_delta_diagnostic_only
supervised_delta_head,108,899996,call_T025_s060_r005_q000,test,call,0.6,0.9833333333333333,0.06388126678688194,0.14653566479682922,0.08265439800994728,True,True,False,False,False,stage5_delta_diagnostic_only
supervised_delta_head,109,912509,call_T025_s060_r005_q010,stress_holdout,call,0.6,0.3833333333333333,0.0041573252839340585,0.004722036421298981,0.0005647111373649222,True,True,False,False,False,stage5_delta_diagnostic_only
supervised_delta_head,110,924049,call_T025_s060_r010_q003,train,call,1.1333333333333333,0.6,0.7545168722116039,0.7612541317939758,0.006737259582371924,True,True,False,False,False,stage5_delta_diagnostic_only
supervised_delta_head,111,924126,call_T025_s060_r010_q003,train,call,0.8333333333333334,0.6166666666666667,0.2692026726608068,0.29288357496261597,0.023680902301809192,True,True,False,False,False,stage5_delta_diagnostic_only
supervised_delta_head,112,933039,call_T025_s060_r010_q010,stress_holdout,call,1.2333333333333334,0.325,0.903186954125994,0.8980517387390137,0.005135215386980363,True,True,False,False,False,stage5_delta_diagnostic_only
supervised_delta_head,113,948285,call_T050_s020_r001_q006,train,call,0.6,0.2583333333333333,5.8231533153285355e-09,0.0061833858489990234,0.006183380025845708,True,True,False,False,False,stage5_delta_diagnostic_only
supervised_delta_head,114,953983,call_T050_s020_r001_q010,train,call,1.3333333333333333,0.35,0.9999999999999998,1.0,2.220446049250313e-16,True,True,False,False,False,stage5_delta_diagnostic_only
supervised_delta_head,115,958856,call_T050_s020_r005_q000,test,call,1.8,0.2833333333333333,0.999999999996744,0.9398688673973083,0.0601311325994357,True,True,False,False,False,stage5_delta_diagnostic_only
supervised_delta_head,116,959482,call_T050_s020_r005_q000,test,call,1.1666666666666667,0.4083333333333333,0.9679536980731878,0.9634950160980225,0.004458681975165302,True,True,False,False,False,stage5_delta_diagnostic_only
supervised_delta_head,117,964046,call_T050_s020_r005_q003,validation,call,1.3666666666666667,0.2833333333333333,0.9957273801577926,0.9962500333786011,0.0005226532208084667,True,True,False,False,False,stage5_delta_diagnostic_only
supervised_delta_head,118,964074,call_T050_s020_r005_q003,validation,call,0.8666666666666667,0.2916666666666667,0.039758815436731855,0.16239795088768005,0.1226391354509482,True,True,False,False,False,stage5_delta_diagnostic_only
supervised_delta_head,119,967610,call_T050_s020_r005_q003,validation,call,1.2,0.975,0.9122169950360888,0.8822422027587891,0.02997479227729971,True,True,False,False,False,stage5_delta_diagnostic_only
supervised_delta_head,120,987112,call_T050_s020_r010_q003,train,call,0.5333333333333333,0.725,4.7477200252002585e-06,5.375593900680542e-05,4.900821898160516e-05,True,True,False,False,False,stage5_delta_diagnostic_only
supervised_delta_head,121,990513,call_T050_s020_r010_q006,train,call,0.6666666666666666,0.375,2.6955863118071933e-05,0.01916670799255371,0.01913975212943564,True,True,False,False,False,stage5_delta_diagnostic_only
supervised_delta_head,122,1000674,call_T050_s040_r001_q000,test,call,1.1,0.325,0.7522304742398581,0.7713418006896973,0.01911132644983915,True,True,False,False,False,stage5_delta_diagnostic_only
supervised_delta_head,123,1005921,call_T050_s040_r001_q003,train,call,1.1333333333333333,0.3333333333333333,0.7982702951846128,0.7893881797790527,0.008882115405560054,True,True,False,False,False,stage5_delta_diagnostic_only
supervised_delta_head,124,1008599,call_T050_s040_r001_q003,train,call,1.5333333333333332,0.85,0.9755230557682537,0.9797567129135132,0.004233657145259473,True,True,False,False,False,stage5_delta_diagnostic_only
supervised_delta_head,125,1012289,call_T050_s040_r001_q006,train,call,1.2666666666666666,0.5583333333333333,0.9005802017266852,0.9317941665649414,0.031213964838256225,True,True,False,False,False,stage5_delta_diagnostic_only
supervised_delta_head,126,1017164,call_T050_s040_r001_q010,train,call,1.8,0.49166666666666664,0.9999999999999998,1.0,2.220446049250313e-16,True,True,False,False,False,stage5_delta_diagnostic_only
supervised_delta_head,127,1020292,call_T050_s040_r005_q000,test,call,1.4333333333333333,0.09166666666666666,0.9999734657849463,0.990257978439331,0.009715487345615226,True,True,False,False,False,stage5_delta_diagnostic_only
supervised_delta_head,128,1027271,call_T050_s040_r005_q003,validation,call,0.43333333333333335,0.44166666666666665,2.0885180829600043e-05,0.06287501007318497,0.06285412489235537,True,True,False,False,False,stage5_delta_diagnostic_only
supervised_delta_head,129,1035209,call_T050_s040_r005_q006,validation,call,1.3,0.9666666666666667,0.8551669871936627,0.8392236828804016,0.015943304313261075,True,True,False,False,False,stage5_delta_diagnostic_only
supervised_delta_head,130,1038274,call_T050_s040_r005_q010,validation,call,1.7,0.55,0.9999999999999998,1.0,2.220446049250313e-16,True,True,False,False,False,stage5_delta_diagnostic_only
supervised_delta_head,131,1043840,call_T050_s040_r010_q000,test,call,0.9,0.625,0.4123760906448208,0.4062066674232483,0.00616942322157249,True,True,False,False,False,stage5_delta_diagnostic_only
supervised_delta_head,132,1047486,call_T050_s040_r010_q003,train,call,0.6,0.325,0.001702008635678337,0.0,0.001702008635678337,True,True,False,False,False,stage5_delta_diagnostic_only
supervised_delta_head,133,1054818,call_T050_s040_r010_q006,train,call,1.3333333333333333,0.7333333333333333,0.8966166660107833,0.9340476989746094,0.037431032963826105,True,True,False,False,False,stage5_delta_diagnostic_only
supervised_delta_head,134,1064300,call_T050_s060_r001_q000,test,call,0.6333333333333333,0.5583333333333333,0.1016870485188421,0.16195186972618103,0.060264821207338934,True,True,False,False,False,stage5_delta_diagnostic_only
supervised_delta_head,135,1069494,call_T050_s060_r001_q003,train,call,1.7666666666666666,0.55,0.9824298462846398,0.9970442652702332,0.014614418985593347,True,True,False,False,False,stage5_delta_diagnostic_only
supervised_delta_head,136,1070366,call_T050_s060_r001_q003,train,call,0.7333333333333333,0.725,0.24063201630621847,0.2495042085647583,0.00887219225853983,True,True,False,False,False,stage5_delta_diagnostic_only
supervised_delta_head,137,1085989,call_T050_s060_r005_q000,test,call,1.2,0.725,0.7688968214272072,0.8054355382919312,0.036538716864723986,True,True,False,False,False,stage5_delta_diagnostic_only
supervised_delta_head,138,1088674,call_T050_s060_r005_q003,validation,call,0.4,0.24166666666666667,2.4253458326390837e-05,0.0,2.4253458326390837e-05,True,True,False,False,False,stage5_delta_diagnostic_only
supervised_delta_head,139,1096614,call_T050_s060_r005_q006,validation,call,1.3333333333333333,0.7666666666666666,0.8232266077530581,0.7877601981163025,0.035466409636755625,True,True,False,False,False,stage5_delta_diagnostic_only
supervised_delta_head,140,1104324,call_T050_s060_r010_q000,test,call,1.7666666666666666,0.24166666666666667,0.9980315519430449,0.9398888349533081,0.05814271698973683,True,True,False,False,False,stage5_delta_diagnostic_only
supervised_delta_head,141,1112542,call_T050_s060_r010_q003,train,call,0.5,0.8333333333333334,0.06380472549037648,0.1124873235821724,0.04868259809179591,True,True,False,False,False,stage5_delta_diagnostic_only
supervised_delta_head,142,1123969,call_T100_s020_r001_q000,test,call,1.5666666666666667,0.016666666666666666,0.9999999999999948,0.9621245265007019,0.03787547349929288,True,True,False,False,False,stage5_delta_diagnostic_only
supervised_delta_head,143,1127579,call_T100_s020_r001_q000,test,call,1.5,0.7166666666666667,0.9940090850444364,0.9838231205940247,0.010185964450411755,True,True,False,False,False,stage5_delta_diagnostic_only
supervised_delta_head,144,1130680,call_T100_s020_r001_q003,train,call,1.6666666666666667,0.30833333333333335,0.9999999999999998,0.945552408695221,0.05444759130477883,True,True,False,False,False,stage5_delta_diagnostic_only
supervised_delta_head,145,1141020,call_T100_s020_r001_q010,train,call,0.9,0.3,0.1289845861511738,0.21872538328170776,0.08974079713053396,True,True,False,False,False,stage5_delta_diagnostic_only
supervised_delta_head,146,1159086,call_T100_s020_r005_q006,train,call,1.1,0.775,0.7188489459782418,0.738923192024231,0.020074246045989175,True,True,False,False,False,stage5_delta_diagnostic_only
supervised_delta_head,147,1162015,call_T100_s020_r005_q010,train,call,1.2666666666666666,0.3333333333333333,0.9999999999999998,1.0,2.220446049250313e-16,True,True,False,False,False,stage5_delta_diagnostic_only
supervised_delta_head,148,1163146,call_T100_s020_r005_q010,train,call,1.7,0.55,0.9999999999999998,0.9969263076782227,0.0030736923217771217,True,True,False,False,False,stage5_delta_diagnostic_only
supervised_delta_head,149,1164627,call_T100_s020_r005_q010,train,call,0.9,0.8416666666666667,0.2396978940549446,0.28350502252578735,0.043807128470842754,True,True,False,False,False,stage5_delta_diagnostic_only
supervised_delta_head,150,1168694,call_T100_s020_r010_q000,test,call,1.7333333333333334,0.6166666666666667,0.999960233363153,0.9580482244491577,0.04191200891399527,True,True,False,False,False,stage5_delta_diagnostic_only
supervised_delta_head,151,1172610,call_T100_s020_r010_q003,train,call,0.4,0.375,1.5953269398881384e-09,0.018335171043872833,0.018335169448545893,True,True,False,False,False,stage5_delta_diagnostic_only
supervised_delta_head,152,1176872,call_T100_s020_r010_q006,train,call,0.5666666666666667,0.19166666666666665,7.42415167381619e-08,0.0,7.42415167381619e-08,True,True,False,False,False,stage5_delta_diagnostic_only
supervised_delta_head,153,1180557,call_T100_s020_r010_q006,train,call,1.5666666666666667,0.9,0.9592948201426432,0.9659509658813477,0.006656145738704433,True,True,False,False,False,stage5_delta_diagnostic_only
supervised_delta_head,154,1199796,call_T100_s040_r001_q006,train,call,0.7333333333333333,0.6,0.17017953644960845,0.16235435009002686,0.007825186359581598,True,True,False,False,False,stage5_delta_diagnostic_only
supervised_delta_head,155,1215748,call_T100_s040_r005_q003,train,call,0.7,0.6666666666666666,0.18353060521386527,0.18157750368118286,0.0019531015326824108,True,True,False,False,False,stage5_delta_diagnostic_only
supervised_delta_head,156,1217172,call_T100_s040_r005_q003,train,call,0.8666666666666667,0.9416666666666667,0.43748400186105696,0.3775908350944519,0.059893166766605055,True,True,False,False,False,stage5_delta_diagnostic_only
supervised_delta_head,157,1217832,call_T100_s040_r005_q006,train,call,1.3666666666666667,0.058333333333333334,0.9999999999999998,0.9741041660308838,0.02589583396911599,True,True,False,False,False,stage5_delta_diagnostic_only
supervised_delta_head,158,1221659,call_T100_s040_r005_q006,train,call,1.3666666666666667,0.8,0.8452166822340799,0.8864457011222839,0.04122901888820407,True,True,False,False,False,stage5_delta_diagnostic_only
supervised_delta_head,159,1229151,call_T100_s040_r010_q000,test,call,1.7,0.23333333333333334,0.9984336492928181,0.9635432958602905,0.034890353432527554,True,True,False,False,False,stage5_delta_diagnostic_only
supervised_delta_head,160,1231890,call_T100_s040_r010_q000,test,call,1.2666666666666666,0.7666666666666666,0.8574109947442116,0.8056954145431519,0.05171558020105971,True,True,False,False,False,stage5_delta_diagnostic_only
supervised_delta_head,161,1238929,call_T100_s040_r010_q006,train,call,0.8333333333333334,0.11666666666666667,0.10888448952249258,0.13382568955421448,0.0249412000317219,True,True,False,False,False,stage5_delta_diagnostic_only
supervised_delta_head,162,1239260,call_T100_s040_r010_q006,train,call,0.4,0.18333333333333332,9.337452654449413e-07,0.0,9.337452654449413e-07,True,True,False,False,False,stage5_delta_diagnostic_only
supervised_delta_head,163,1240614,call_T100_s040_r010_q006,train,call,1.1,0.44166666666666665,0.693353100124528,0.777829110622406,0.084476010497878,True,True,False,False,False,stage5_delta_diagnostic_only
supervised_delta_head,164,1262637,call_T100_s060_r001_q006,train,call,1.3333333333333333,0.675,0.7784387631913195,0.7745815515518188,0.0038572116395007017,True,True,False,False,False,stage5_delta_diagnostic_only
supervised_delta_head,165,1263555,call_T100_s060_r001_q006,train,call,0.4,0.8583333333333333,0.07131309354615775,0.0550922229886055,0.016220870557552253,True,True,False,False,False,stage5_delta_diagnostic_only
supervised_delta_head,166,1269579,call_T100_s060_r005_q000,test,call,0.5333333333333333,0.008333333333333333,1.532964797735793e-09,0.0,1.532964797735793e-09,True,True,False,False,False,stage5_delta_diagnostic_only
supervised_delta_head,167,1289519,call_T100_s060_r005_q010,stress_holdout,call,1.5666666666666667,0.8416666666666667,0.8551288184778322,0.8247914910316467,0.030337327446185447,True,True,False,False,False,stage5_delta_diagnostic_only
supervised_delta_head,168,1290815,call_T100_s060_r010_q000,test,call,1.7666666666666666,0.08333333333333333,0.999652112066351,0.9480596780776978,0.05159243398865321,True,True,False,False,False,stage5_delta_diagnostic_only
supervised_delta_head,169,1294195,call_T100_s060_r010_q000,test,call,1.2,0.7416666666666667,0.7747111550742611,0.760229766368866,0.01448138870539517,True,True,False,False,False,stage5_delta_diagnostic_only
supervised_delta_head,170,1305818,call_T100_s060_r010_q006,train,call,1.6333333333333333,0.975,0.8539809259598269,0.8750126361846924,0.021031710224865496,True,True,False,False,False,stage5_delta_diagnostic_only
supervised_delta_head,171,1309077,call_T100_s060_r010_q010,stress_holdout,call,1.3333333333333333,0.6,0.7841254449592089,0.8262988328933716,0.0421733879341627,True,True,False,False,False,stage5_delta_diagnostic_only
supervised_delta_head,172,1314136,call_T200_s020_r001_q000,test,call,0.8333333333333334,0.575,0.2449900513432983,0.24203726649284363,0.002952784850454665,True,True,False,False,False,stage5_delta_diagnostic_only
supervised_delta_head,173,1315264,call_T200_s020_r001_q000,test,call,1.1666666666666667,0.7916666666666666,0.7884299575218585,0.8357997536659241,0.04736979614406556,True,True,False,False,False,stage5_delta_diagnostic_only
supervised_delta_head,174,1317089,call_T200_s020_r001_q003,train,call,1.8,0.13333333333333333,0.9999999999999998,0.9622026681900024,0.03779733180999734,True,True,False,False,False,stage5_delta_diagnostic_only
supervised_delta_head,175,1318817,call_T200_s020_r001_q003,train,call,0.6333333333333333,0.475,0.01003564823679708,0.019805893301963806,0.009770245065166727,True,True,False,False,False,stage5_delta_diagnostic_only
supervised_delta_head,176,1319415,call_T200_s020_r001_q003,train,call,0.5,0.5916666666666667,0.0008810088700709795,0.0,0.0008810088700709795,True,True,False,False,False,stage5_delta_diagnostic_only
supervised_delta_head,177,1320037,call_T200_s020_r001_q003,train,call,1.1666666666666667,0.7083333333333334,0.7702621191649655,0.8474664688110352,0.0772043496460697,True,True,False,False,False,stage5_delta_diagnostic_only
supervised_delta_head,178,1323039,call_T200_s020_r001_q006,train,call,0.9,0.2833333333333333,0.2119343886058482,0.22607356309890747,0.014139174493059264,True,True,False,False,False,stage5_delta_diagnostic_only
supervised_delta_head,179,1328877,call_T200_s020_r001_q010,train,call,0.5666666666666667,0.4083333333333333,0.0003375870395813441,0.0,0.0003375870395813441,True,True,False,False,False,stage5_delta_diagnostic_only
supervised_delta_head,180,1360792,call_T200_s020_r010_q003,train,call,0.8666666666666667,0.5416666666666666,0.3989269699136034,0.3133430778980255,0.08558389201557787,True,True,False,False,False,stage5_delta_diagnostic_only
supervised_delta_head,181,1361975,call_T200_s020_r010_q003,train,call,1.6,0.7666666666666666,0.9483672919714742,0.9657902717590332,0.017422979787559023,True,True,False,False,False,stage5_delta_diagnostic_only
supervised_delta_head,182,1363689,call_T200_s020_r010_q006,train,call,1.4,0.09166666666666666,0.9890776383657666,0.9617414474487305,0.027336190917036096,True,True,False,False,False,stage5_delta_diagnostic_only
supervised_delta_head,183,1377582,call_T200_s040_r001_q000,test,call,1.5333333333333332,0.7666666666666666,0.8731739881004924,0.9236451983451843,0.05047121024469192,True,True,False,False,False,stage5_delta_diagnostic_only
supervised_delta_head,184,1383082,call_T200_s040_r001_q003,train,call,1.4,0.825,0.8022750766404524,0.8634042739868164,0.06112919734636402,True,True,False,False,False,stage5_delta_diagnostic_only
supervised_delta_head,185,1384461,call_T200_s040_r001_q006,train,call,1.5,0.08333333333333333,0.9999999999999998,1.0,2.220446049250313e-16,True,True,False,False,False,stage5_delta_diagnostic_only
supervised_delta_head,186,1416434,call_T200_s040_r010_q000,test,call,0.8666666666666667,0.23333333333333334,0.41383032252373214,0.4878106415271759,0.07398031900344376,True,True,False,False,False,stage5_delta_diagnostic_only
supervised_delta_head,187,1417937,call_T200_s040_r010_q000,test,call,0.8,0.525,0.46637540056516463,0.42169511318206787,0.04468028738309676,True,True,False,False,False,stage5_delta_diagnostic_only
supervised_delta_head,188,1418080,call_T200_s040_r010_q000,test,call,1.2666666666666666,0.55,0.8497127560718407,0.7905105948448181,0.0592021612270226,True,True,False,False,False,stage5_delta_diagnostic_only
supervised_delta_head,189,1427326,call_T200_s040_r010_q006,test,call,1.3,0.325,0.8265051983651531,0.8780660033226013,0.05156080495744819,True,True,False,False,False,stage5_delta_diagnostic_only
supervised_delta_head,190,1439526,call_T200_s060_r001_q000,test,call,0.9,0.675,0.5856503064679008,0.6167701482772827,0.031119841809381876,True,True,False,False,False,stage5_delta_diagnostic_only
supervised_delta_head,191,1442837,call_T200_s060_r001_q003,train,call,0.9,0.30833333333333335,0.4890478845918222,0.4447539448738098,0.044293939718012376,True,True,False,False,False,stage5_delta_diagnostic_only
supervised_delta_head,192,1447925,call_T200_s060_r001_q006,train,call,1.3666666666666667,0.2833333333333333,0.807984146141246,0.7740892171859741,0.03389492895527191,True,True,False,False,False,stage5_delta_diagnostic_only
supervised_delta_head,193,1448418,call_T200_s060_r001_q006,train,call,0.6,0.3833333333333333,0.2106307938823831,0.1993747353553772,0.011256058527005897,True,True,False,False,False,stage5_delta_diagnostic_only
supervised_delta_head,194,1448593,call_T200_s060_r001_q006,train,call,0.7,0.4166666666666667,0.316040740631576,0.2906707227230072,0.025370017908568798,True,True,False,False,False,stage5_delta_diagnostic_only
supervised_delta_head,195,1449732,call_T200_s060_r001_q006,train,call,1.4,0.6333333333333333,0.7673379531257929,0.7325320243835449,0.03480592874224797,True,True,False,False,False,stage5_delta_diagnostic_only
supervised_delta_head,196,1450979,call_T200_s060_r001_q006,train,call,1.4,0.875,0.7514802672812199,0.7107930183410645,0.04068724894015541,True,True,False,False,False,stage5_delta_diagnostic_only
supervised_delta_head,197,1479335,call_T200_s060_r010_q000,test,call,0.6,0.325,0.24815539232519235,0.244524747133255,0.003630645191937343,True,True,False,False,False,stage5_delta_diagnostic_only
supervised_delta_head,198,1492250,call_T200_s060_r010_q006,train,call,1.1,0.8083333333333333,0.6734008273250978,0.6850175857543945,0.01161675842929677,True,True,False,False,False,stage5_delta_diagnostic_only
supervised_delta_head,199,1494626,call_T200_s060_r010_q010,stress_holdout,call,1.4666666666666666,0.2583333333333333,0.8541823900599186,0.9003483057022095,0.04616591564229089,True,True,False,False,False,stage5_delta_diagnostic_only
