arm,audit_seconds,cn_generation_seconds,cn_high_delta_rmse,cn_high_price_rmse,cn_high_stable_gamma_rmse,convexity_violation_rate,high_boundary_conditional_mae,high_boundary_conditional_rmse,high_boundary_false_count,high_boundary_found_rate,high_boundary_missed_count,high_boundary_near_price_mae,high_boundary_near_price_max_abs_error,high_boundary_near_price_rmse,high_boundary_shape_error,high_continuation_price_mae,high_continuation_price_max_abs_error,high_continuation_price_rmse,high_delta_rmse,high_exercise_f1,high_exercise_precision,high_exercise_price_mae,high_exercise_price_max_abs_error,high_exercise_price_rmse,high_exercise_recall,high_maturity_near_price_mae,high_maturity_near_price_max_abs_error,high_maturity_near_price_rmse,high_price_mae,high_price_max_abs_error,high_price_relative_l2,high_price_rmse,high_reference_generation_seconds,high_stable_gamma_rmse,high_strict_interior_price_mae,high_strict_interior_price_max_abs_error,high_strict_interior_price_rmse,high_strike_near_price_mae,high_strike_near_price_max_abs_error,high_strike_near_price_rmse,modes,monotonicity_violation_rate,normalized_complementarity_max,normalized_equation_violation_max,normalized_full_lcp_residual_max,normalized_full_lcp_residual_p95,normalized_obstacle_violation_max,option_type,projected_obstacle_violation,projection,raw_negative_premium_max,reduction_boundary_conditional_mae,reduction_boundary_conditional_rmse,reduction_boundary_false_count,reduction_boundary_found_rate,reduction_boundary_missed_count,reduction_boundary_near_price_mae,reduction_boundary_near_price_max_abs_error,reduction_boundary_near_price_rmse,reduction_boundary_shape_error,reduction_continuation_price_mae,reduction_continuation_price_max_abs_error,reduction_continuation_price_rmse,reduction_delta_rmse,reduction_exercise_f1,reduction_exercise_precision,reduction_exercise_price_mae,reduction_exercise_price_max_abs_error,reduction_exercise_price_rmse,reduction_exercise_recall,reduction_maturity_near_price_mae,reduction_maturity_near_price_max_abs_error,reduction_maturity_near_price_rmse,reduction_price_mae,reduction_price_max_abs_error,reduction_price_relative_l2,reduction_price_rmse,reduction_stable_gamma_rmse,reduction_strict_interior_price_mae,reduction_strict_interior_price_max_abs_error,reduction_strict_interior_price_rmse,reduction_strike_near_price_mae,reduction_strike_near_price_max_abs_error,reduction_strike_near_price_rmse,regime_id,split
O,0.008788957959041,0.01414737501181662,0.001815701238613858,0.00011849405764805578,0.012585086154813432,0.3484964233627335,0.6703773036126144,0.7943513563844516,0.0,1.0,0.0,0.0005963050248753626,0.0015692292050843992,0.000747836141873571,0.030359522018676328,0.0007365772168487646,0.0026021088731499054,0.000919778599016475,0.0050721489802474816,0.854276500998106,0.9553520320549513,0.00022536915023028633,0.0014269936417830031,0.0003461029646021855,0.7725421218292908,5.1871677911211574e-05,0.0023748296877371304,0.0001522589196886735,0.0003594124374202555,0.0026021088731499054,0.0003697452887676711,0.0005569602845425653,0.596157707972452,0.06184589042473986,0.000373920227569977,0.0026021088731499054,0.0005596940980937297,0.0007581631069216969,0.0023748296877371304,0.0009425335516119687,4,0.16081267217630854,2.2842820574639422e-07,4.460520349840538e-05,0.0004385632993321683,0.00043334218892650896,0.0004385632993321683,call,0.0013010711213520994,raw,0.0013010711213520994,0.6782057477887669,0.8004184304736485,0.0,1.0,0.0,0.0006200993549213251,0.0015761202819989384,0.0007806339548647513,0.03076675009820125,0.0007649095477095334,0.002361391966532289,0.0009483189346160969,0.0053233794999553346,0.8482330614966406,0.9466514024041214,0.0002227386773166949,0.0014694540123072475,0.0003422873731705006,0.7683516075078982,5.761187276033873e-05,0.0013099039586795943,0.0001604736480457216,0.000366381926155833,0.002361391966532289,0.0003781012647763388,0.0005695469228415722,0.061564660676784594,0.00037343055420263323,0.002361391966532289,0.0005595309839127045,0.0009258729941865662,0.0019702746573104085,0.0011018212337820363,call_T050_s020_r005_q003,validation
O,0.008459041942842305,0.01414737501181662,0.001815701238613858,0.00011849405764805578,0.012585086154813432,0.11424404472532815,0.6814075706333623,0.8011617528827274,0.0,1.0,0.0,0.0005963050248753626,0.0015692292050843992,0.000747836141873571,0.030592770553435993,0.0006554041158986089,0.0026021088731499054,0.0008726288656108256,0.004640361664642753,0.854276500998106,0.9553520320549513,4.1014996344867996e-05,0.0014269936417830031,0.00014920355218378154,0.7725421218292908,4.205118475322597e-05,0.0023748296877371304,0.00014254338847566022,0.00020211327036759942,0.0026021088731499054,0.00030860101750096594,0.00046485652620570036,0.596157707972452,0.06460506139138575,0.00018812023820347076,0.0026021088731499054,0.0004491183840934,0.0007566200741722003,0.0023748296877371304,0.0009423165052292663,4,0.0,2.2782273496189432e-07,4.0025850508356685e-05,4.0025850508356685e-05,2.0335602565151642e-05,0.0,call,0.0,hard,0.0013010711213520994,0.6892360148095148,0.8072871497027191,0.0,1.0,0.0,0.0006200993549213251,0.0015761202819989384,0.0007806339548647513,0.030988958654592152,0.0006673331496808222,0.002361391966532289,0.0008926269725123399,0.004911256068576053,0.8482330614966406,0.9466514024041214,4.391334216852865e-05,0.0014694540123072475,0.00015935925171850854,0.7683516075078982,4.7791379602353136e-05,0.0013099039586795943,0.00015070497605149428,0.000209082759103177,0.002361391966532289,0.0003182166617034786,0.0004793406882078106,0.06640657853961164,0.00018763056483612697,0.002361391966532289,0.0004482733674083894,0.0009243299614370697,0.0019702746573104085,0.0011015871706130703,call_T050_s020_r005_q003,validation
O,0.008454291033558547,0.01414737501181662,0.001815701238613858,0.00011849405764805578,0.012585086154813432,0.24439197166469895,nan,nan,0.0,0.0,120.0,0.0006066146228012701,0.0015692292186746393,0.0007494431029476283,nan,0.0006552272044415212,0.0026021088731499054,0.0008724029494348904,0.00464767212403955,0.31908616385505706,0.8725693007860985,7.007913111632284e-05,0.0014269937052642234,0.0001568963115585939,0.1952416219218663,8.530327783350577e-05,0.0023748296877370663,0.0001533918812366575,0.0002235101435810067,0.0026021088731499054,0.0003097655408873813,0.0004666106885881774,0.596157707972452,0.06416981392577133,0.00020792633863088642,0.0026021088731499054,0.0004507840290758776,0.0007561417801862308,0.0023748296877370663,0.0009422279289278744,4,0.1553030303030303,2.258690485327554e-07,3.829294805242777e-05,3.829294805242777e-05,1.8537348812492317e-05,0.0,call,0.0,softplus,0.0013010711213520994,nan,nan,0.0,0.0,120.0,0.0006300979235844477,0.0015761202955891784,0.0007821150715363838,nan,0.0006670776885508604,0.002361391966532289,0.0008923694576302146,0.004913587706717237,0.3100386979285227,0.8452627223831196,7.309390215828716e-05,0.001469454053607433,0.00016662552820604327,0.1898346032335997,9.092225161530008e-05,0.0013099039586795935,0.0001608420871555925,0.0002304645125958796,0.002361391966532289,0.0003193360511860394,0.0004810268630362149,0.06597373518993054,0.00020743957776524257,0.002361391966532289,0.00044993192700963495,0.0009236087082958262,0.0019702746573104085,0.0011014770162252622,call_T050_s020_r005_q003,validation
O,0.008379374979995191,0.01414737501181662,0.001815701238613858,0.00011849405764805578,0.012585086154813432,0.3674560733384263,1.5433697072003834,1.668820282745287,0.0,0.8666666666666667,16.0,9.407144606133021e-05,0.00029271613390979834,0.00011545957164305294,0.22900656241445602,0.0002783314783846122,0.002930277551525342,0.00041118643704268824,0.003436745078468587,0.7521282476506357,0.9334522502744237,6.507980770159554e-05,0.00045093518281811115,0.00011028775654299918,0.6297907794852805,5.5924428133529424e-05,0.002930277551525342,0.00021423447410294196,0.00012099628634049322,0.002930277551525342,0.00015327446139114077,0.00023088269201222716,0.596157707972452,0.047931960192589766,0.00010658648179578183,0.0010391023146452405,0.00018203959690296593,0.0006454649783931042,0.002930277551525342,0.0007756402504987359,8,0.05440771349862259,8.616468366034595e-08,4.9241481181394065e-05,0.00021874880744160522,0.00021304700053900516,0.00021874880744160522,call,0.0006489548855337438,raw,0.0006489548855337438,1.5506021440656603,1.6761854187284326,0.0,0.8666666666666667,16.0,8.943549852480497e-05,0.00029271613390979834,0.00010555376426624634,0.22974687906265864,0.00023574794480924106,0.0011560750778778339,0.000328623992303165,0.0028246513420774545,0.7478116343490305,0.9260428100987925,6.43378130479916e-05,0.00045093517394773476,0.0001092993465677528,0.6271139193458465,3.592641952681052e-05,0.0003913130494686188,6.86680591602215e-05,0.00010975137094034094,0.0011560750778778339,0.0001283734174372869,0.00019337328828908707,0.04440530240825561,0.00010875743323698653,0.0011560750778778339,0.00018940376377516813,0.00032956219284936597,0.0009502535926696476,0.0004012674986356693,call_T050_s020_r005_q003,validation
O,0.008454374969005585,0.01414737501181662,0.001815701238613858,0.00011849405764805578,0.012585086154813432,0.20584762830752135,1.5460688001430967,1.6717048892824158,0.0,0.8666666666666667,16.0,4.570459854441184e-05,0.00015757204342514708,6.953583008732928e-05,0.2283740274662096,0.0002334130383497955,0.002930277551525342,0.00037883770322835514,0.0032398629238121605,0.7521282476506357,0.9334522502744237,3.7116040279255424e-05,0.00045093518281811115,9.457390475632112e-05,0.6297907794852805,4.1414437812102266e-05,0.002930277551525342,0.0002112500743667472,8.85868534472633e-05,0.002930277551525342,0.00013961759143676228,0.0002103108702559508,0.596157707972452,0.04737502717726483,7.075414044833156e-05,0.0010391023146452405,0.0001505586591222191,0.0006445523503623353,0.002930277551525342,0.0007754896091119968,8,0.034366391184573006,8.616468366034595e-08,4.9241481181394065e-05,4.9241481181394065e-05,1.897592451378751e-05,0.0,call,0.0,hard,0.0006489548855337438,1.5533012370083734,1.6790798168010428,0.0,0.8666666666666667,16.0,5.524486145712197e-05,0.0001585815695916981,7.810838140006887e-05,0.22911224096778895,0.00018818393469856507,0.0011560750778778339,0.00028400324896085113,0.0025617991439829293,0.7478116343490305,0.9260428100987925,3.7390618124142216e-05,0.00045093517394773476,9.482433604093847e-05,0.6271139193458465,2.1416429205383365e-05,0.00030068854839261394,5.739259734182022e-05,7.734193804711103e-05,0.0011560750778778339,0.00011104382499917455,0.00016726912793124231,0.04544692249914705,7.265860359276928e-05,0.0011560750778778339,0.0001579684359695048,0.00032864956481859703,0.0009502535926696476,0.0004008470424936339,call_T050_s020_r005_q003,validation
O,0.008317457977682352,0.01414737501181662,0.001815701238613858,0.00011849405764805578,0.012585086154813432,0.31509132578651294,nan,nan,0.0,0.0,120.0,7.782062139677035e-05,0.0001734354295522822,9.31903256438241e-05,nan,0.00023365440333367448,0.002930277551508814,0.0003785772697331591,0.0032493015491557435,0.0636459802538787,0.6660516605166051,8.331363686542039e-05,0.0004520297298743535,0.00011308615917690725,0.03341973708572486,8.463186598000057e-05,0.002930277551508814,0.00021811120755836684,0.00012273431868166433,0.002930277551508814,0.0001439453217574149,0.000216829882083925,0.596157707972452,0.04649350577813515,0.00010529816134206743,0.0010391023146452405,0.00015978758534996852,0.0006445540610774415,0.002930277551508814,0.0007754378686249643,8,0.05440771349862259,8.61606764817858e-08,5.1942140122973234e-05,5.1942140122973234e-05,1.546617256089875e-05,0.0,call,0.0,softplus,0.0006489548855337438,nan,nan,0.0,0.0,120.0,8.206528728213202e-05,0.00017453993474436658,9.80451791806519e-05,nan,0.00018838955260878625,0.0011560750778778321,0.0002835224679413977,0.002565705380327844,0.06387119603680112,0.6660516605166051,8.373389898066738e-05,0.0004520297210039771,0.00011339145377850342,0.03354395093848727,6.443606250777094e-05,0.00026702773743526864,7.877418605049458e-05,0.0001114614640666228,0.0011560750778778321,0.00011640986182217647,0.000175352173520109,0.044499251659718776,0.00010729294414875255,0.0011560750778778321,0.00016676647607448514,0.0003283052510323991,0.0009502535926696476,0.0004006552070817003,call_T050_s020_r005_q003,validation
O,0.00846783397719264,0.01414737501181662,0.001815701238613858,0.00011849405764805578,0.012585086154813432,0.45246197652614767,1.359252242631208,1.3732082560336998,0.0,0.8416666666666667,19.0,8.412892217008749e-05,0.0001844843263566487,0.00010185559439019694,0.10890851842958926,0.00017473832775386405,0.0029141517270930076,0.0002844930378645512,0.002530325931359766,0.7334457560427207,0.9336004579278764,3.622758470552409e-05,0.0001952799454518761,5.648683400504373e-05,0.6039622292168118,3.385330341532999e-05,0.0029141517270930076,0.00019864537139937036,7.25463295018206e-05,0.0029141517270930076,0.0001019333997829484,0.00015354585189366712,0.596157707972452,0.032045338921298634,5.806452891287813e-05,0.0005426399844161711,9.11199946265458e-05,0.0005106876133213279,0.0029141517270930076,0.0006284299225710057,12,0.11480716253443526,6.864302621099884e-08,1.2337179512709682e-05,0.00014783465790451118,0.00014231738361602798,0.00014783465790451118,call,0.0004385766978103542,raw,0.0004385766978103542,1.3647936086862207,1.3787150904210794,0.0,0.8416666666666667,19.0,8.528782926606425e-05,0.0001844843263566487,0.0001004063380467651,0.10906069824143395,0.0001327679493000182,0.0005494171624524221,0.00017531764028427742,0.0015297427184602867,0.7341971830985916,0.9324556382369776,3.611228876224172e-05,0.0001952799454518761,5.639472937878337e-05,0.605463668463111,1.457017849006232e-05,0.00021126971076197015,3.6440488519014985e-05,6.172032832415928e-05,0.0005494171624524221,6.796433770259729e-05,0.0001023770164439347,0.02794246249655924,6.180461696323417e-05,0.0005494171624524221,9.99771776253071e-05,0.00017317081888014715,0.0005175117732758167,0.00020957226403703894,call_T050_s020_r005_q003,validation
O,0.008203458040952682,0.01414737501181662,0.001815701238613858,0.00011849405764805578,0.012585086154813432,0.2516841447322731,1.3645431130564838,1.3783330844225128,0.0,0.8416666666666667,19.0,1.4882806144064786e-05,0.00012008889657977306,2.834903927100712e-05,0.10845103417518027,0.00015638605531466474,0.0029141517270930076,0.00027280205633883035,0.0024911048165365828,0.7334457560427207,0.9336004579278764,1.8287129321970077e-05,0.00018576412381676732,3.904224214372371e-05,0.6039622292168118,3.333468933149331e-05,0.0029141517270930076,0.00019861739177645687,5.449789203530625e-05,0.0029141517270930076,9.537113363628283e-05,0.00014366088045164433,0.596157707972452,0.03275151623301251,3.799874333363039e-05,0.0005426399844161711,7.068638618839832e-05,0.0005106876133213279,0.0029141517270930076,0.0006284299225710057,12,0.023347107438016528,6.864302621099884e-08,1.2337179512709682e-05,1.2337179512709682e-05,1.0577892032154171e-05,0.0,call,0.0,hard,0.0004385766978103542,1.3700844791114961,1.3838430457363236,0.0,0.8416666666666667,19.0,2.3505087610304712e-05,0.00013247421452711183,4.0823732489977255e-05,0.10859684200820927,0.00011469362541707472,0.0005175117732758167,0.0001545657360821275,0.0014654182759179638,0.7341971830985916,0.9324556382369776,1.8073181662697134e-05,0.00018576412381676732,3.8709567809266746e-05,0.605463668463111,1.4051564406225637e-05,0.00021126971076197015,3.629156167045126e-05,4.367189085764492e-05,0.0005175117732758167,5.7227259070608824e-05,8.620338608389227e-05,0.02938925261643673,4.159573225100899e-05,0.0004448123808284467,8.082791370788185e-05,0.00017317081888014715,0.0005175117732758167,0.00020957226403703894,call_T050_s020_r005_q003,validation
O,0.00836412503849715,0.01414737501181662,0.001815701238613858,0.00011849405764805578,0.012585086154813432,0.40669490936870617,nan,nan,0.0,0.0,120.0,4.6160839945921334e-05,0.0001437663135803735,5.638374383064468e-05,nan,0.00015558788706212422,0.0029141517270930076,0.0002719518509930071,0.0025168143770357672,0.06467795395503001,1.0,7.09192393798669e-05,0.00020026418334428975,7.74809956071682e-05,0.03341973708572486,8.291590893126709e-05,0.0029141517270930076,0.00020774041000585038,9.312010943329125e-05,0.0029141517270930076,0.00010246220240558084,0.00015434240581366386,0.596157707972452,0.031909399543486455,7.710016634570744e-05,0.0005426399844161711,9.09372888072352e-05,0.0005111001034562819,0.0029141517270930076,0.0006284901177713368,12,0.10950413223140495,6.863989527290083e-08,1.3437667173091062e-05,1.3437667173091062e-05,1.057764591075701e-05,0.0,call,0.0,softplus,0.0004385766978103542,nan,nan,0.0,0.0,120.0,4.9872531091434136e-05,0.00015065739049491267,6.253082503137602e-05,nan,0.00011396269212168542,0.0005175117732758167,0.0001529532187224445,0.001499036670396346,0.0649105457160838,1.0,7.074376023854357e-05,0.00020026418334428975,7.726765529623994e-05,0.03354395093848727,6.350822804477721e-05,0.00021126971076197015,7.069666194693978e-05,8.219422378438795e-05,0.0005175117732758167,6.830609549152434e-05,0.00010289181794071276,0.028653771607188776,8.068223959589492e-05,0.0004268321779160459,9.888933804042266e-05,0.00017352523259560372,0.0005175117732758167,0.00020968721201341728,call_T050_s020_r005_q003,validation
O,0.008223833050578833,0.01414737501181662,0.001815701238613858,0.00011849405764805578,0.012585086154813432,0.39204111396624763,1.74950571430049,1.909212767648126,0.0,0.2,96.0,2.9362566419597706e-05,8.380525106521652e-05,3.824035970482487e-05,0.3934766668632613,0.00012816995612534516,0.0030214303299073344,0.00025174913584250186,0.0021222106417220863,0.7629189552740725,0.9667613636363637,2.5191224827003572e-05,0.00019041647186718376,3.761928705028129e-05,0.6300685058322533,3.8676659597434594e-05,0.0030214303299073344,0.00021391853823881328,5.219316113287977e-05,0.0030214303299073344,8.822712353812128e-05,0.00013289960771086526,0.596157707972452,0.020852527558877784,3.5454369420512955e-05,0.0002975339649373687,5.2108865047306786e-05,0.000494401360911011,0.0030214303299073344,0.0006084426173083361,16,0.1190771349862259,4.982060983205529e-08,2.3275356776973724e-05,3.493761238369665e-05,3.026315389485561e-05,3.493761238369665e-05,call,0.00010364845808830125,raw,0.00010364845808847364,1.752708550338802,1.9130685621633046,0.0,0.2,96.0,3.54452019700302e-05,9.335095135387661e-05,4.637871095493401e-05,0.39345651526363196,6.803315966105462e-05,0.00025454924449509324,8.68652785165636e-05,0.0009104351288836292,0.7639591057184586,0.9659090909090909,2.488644895031873e-05,0.00019036106498022395,3.700611081663561e-05,0.63185281546181,1.7299692869323664e-05,0.00021508800845174147,3.0703198089758166e-05,3.631777815235033e-05,0.00025454924449509324,3.639617904942648e-05,5.482481470421407e-05,0.017699859547296817,3.677692539386933e-05,0.00025454924449509324,5.483727123104847e-05,8.014404462351441e-05,0.00022270195487721772,9.588893760914866e-05,call_T050_s020_r005_q003,validation
O,0.008440999896265566,0.01414737501181662,0.001815701238613858,0.00011849405764805578,0.012585086154813432,0.2068893673171748,1.7483834796718198,1.9091806943007645,0.0,0.2,96.0,2.5944157350684302e-05,8.380525106521652e-05,3.7350338633953994e-05,0.3929550582671304,0.0001260416705958952,0.0030214303299073344,0.0002511135458071864,0.0021123945103650116,0.7629189552740725,0.9667613636363637,1.1537539796158711e-05,0.00019041647186718376,2.7784863922595612e-05,0.6300685058322533,2.793937052472856e-05,0.0030214303299073344,0.00021294668034852233,4.1561538029898775e-05,0.0030214303299073344,8.682135340249659e-05,0.00013078204689663962,0.596157707972452,0.02052538309776976,2.4220621843093598e-05,0.0002975339649373687,4.587977033939898e-05,0.0004942968139049424,0.0030214303299073344,0.000608439867829598,16,0.023966942148760332,4.982060983205529e-08,2.3275356776973724e-05,2.3275356776973724e-05,8.724827453209683e-06,0.0,call,0.0,hard,0.00010364845808847364,1.7515863157101321,1.9130381324021453,0.0,0.2,96.0,3.2912272806899974e-05,9.335095135387661e-05,4.581962373642934e-05,0.3929363604451502,6.586756355348429e-05,0.00025454924449509324,8.459440347130276e-05,0.0008823663413849054,0.7639591057184586,0.9659090909090909,1.1203374563636022e-05,0.00019036106498022395,2.6914652454710556e-05,0.63185281546181,6.5624037966176275e-06,0.00021508800845174147,2.275577059557339e-05,2.5686155049369337e-05,0.00025454924449509324,3.271471554012383e-05,4.927929976255637e-05,0.017601432972278515,2.5530840294252902e-05,0.00025454924449509324,4.8737059323110136e-05,8.003949761744586e-05,0.00022270195487721772,9.586270652700714e-05,call_T050_s020_r005_q003,validation
O,0.008345416048541665,0.01414737501181662,0.001815701238613858,0.00011849405764805578,0.012585086154813432,0.3732898117924856,nan,nan,0.0,0.0,120.0,7.93215195154633e-05,0.00011266691935796214,8.121870175160185e-05,nan,0.00012903318560806914,0.0030214303299073344,0.00025136749876856243,0.0021633667172768333,0.06467795395503001,1.0,6.764505753596691e-05,0.00020429921997780788,7.177915878716405e-05,0.03341973708572486,7.585076778702185e-05,0.0030214303299073344,0.00021997188553481937,8.374156895382092e-05,0.0030214303299073344,9.474678269131037e-05,0.0001427203987456427,0.596157707972452,0.020204505548179767,6.732839525143312e-05,0.0002975339649373687,7.419353650140985e-05,0.0004947009384690957,0.0030214303299073344,0.0006084574835442641,16,0.11804407713498623,4.981828661243862e-08,2.3902513540596735e-05,2.3902513540596735e-05,9.939849058649344e-06,0.0,call,0.0,softplus,0.00010364845808847364,nan,nan,0.0,0.0,120.0,8.25209639081087e-05,0.00012014011091554533,8.490483296437289e-05,nan,6.837640248542004e-05,0.0002268690368294468,8.47268707377517e-05,0.0009743281903099051,0.0649105457160838,1.0,6.740175583854151e-05,0.00020424381309084807,7.140505070582171e-05,0.03354395093848727,5.398108244365005e-05,0.00021508800845174147,5.9212030695939404e-05,6.765997961719336e-05,0.0002268690368294468,4.989915189831055e-05,7.516480653112448e-05,0.01772372845260655,6.853004844526406e-05,0.0002268690368294468,7.570738595212921e-05,7.975699961714302e-05,0.00022270195487721772,9.562328225638472e-05,call_T050_s020_r005_q003,validation
O,0.008527250029146671,0.01414737501181662,0.001815701238613858,0.00011849405764805578,0.012585086154813432,0.33363428015834434,1.7354208110430598,1.8320064378749996,0.0,0.8,24.0,1.564127469912367e-05,4.338856343522046e-05,1.992186550074378e-05,0.1480463363835821,0.00010487674975415719,0.002900477323870689,0.00023337000915525755,0.0018274212650241646,0.7436508397745104,0.9989071038251366,9.562046941527702e-06,5.646765265544906e-05,1.3343607138746109e-05,0.5922977226439549,2.52417910924875e-05,0.002900477323870689,0.00020009928403349643,3.455440703289336e-05,0.002900477323870689,7.96958238275451e-05,0.00012004861201553927,0.596157707972452,0.01450973594959388,1.7322632300879598e-05,0.0002633347708275238,3.5560227333332136e-05,0.0004716362255618853,0.002900477323870689,0.0005681437356137573,24,0.0446969696969697,2.2626215472206577e-08,9.405635063912708e-06,1.3099265434049883e-05,1.275855625713992e-05,1.3099265434049883e-05,call,3.886120931009601e-05,raw,3.886120931009601e-05,1.7408679517737833,1.8376383971213759,0.0,0.8,24.0,1.7278865372317986e-05,4.592075442622079e-05,2.2086253037208054e-05,0.14860809066049316,2.7722832002463063e-05,0.00011272119694601124,3.350592372594299e-05,0.0004226469323172294,0.7442185588629346,0.9973458235753317,9.435485181819063e-06,4.7923056660268574e-05,1.3083654281530059e-05,0.5935699684073592,3.9921901950415256e-06,0.00011272119694601124,1.150122237140759e-05,1.4280551660698792e-05,0.00011272119694601124,1.3657911227969272e-05,2.057338082943131e-05,0.010120991489262416,1.4545362766126024e-05,9.040962939108055e-05,2.016652973651725e-05,3.619553164850726e-05,0.00011272119694601124,4.0658958340593964e-05,call_T050_s020_r005_q003,validation
O,0.008197291055694222,0.01414737501181662,0.001815701238613858,0.00011849405764805578,0.012585086154813432,0.2238349885408709,1.7364984321602155,1.8332609249545289,0.0,0.8,24.0,1.1667448328173587e-05,4.338856343522046e-05,1.794875242851085e-05,0.14777377260379207,0.00010487132099032073,0.002900477323870689,0.0002333699238431435,0.0018245678971467074,0.7436508397745104,0.9989071038251366,4.900568213646188e-06,5.646765265544906e-05,9.510782426831032e-06,0.5922977226439549,2.4730558178228067e-05,0.002900477323870689,0.00020008993793664648,3.111378588386363e-05,0.002900477323870689,7.951689873733059e-05,0.0001197790908825187,0.596157707972452,0.01440723220303811,1.3373397299255563e-05,0.0002633347708275238,3.449054302465102e-05,0.00047162736181212314,0.002900477323870689,0.0005681436880050238,24,0.029545454545454545,2.2626215667958876e-08,9.405635063912708e-06,9.405635063912708e-06,4.656811454130346e-06,0.0,call,0.0,hard,3.886120931009601e-05,1.7419615871249594,1.8388941538710204,0.0,0.8,24.0,1.5264811924660393e-05,4.592075442622079e-05,2.144032002711486e-05,0.1483319307693135,2.7690342512136164e-05,0.00011272119694601124,3.349630123397214e-05,0.0004096593081264556,0.7442185588629346,0.9973458235753317,4.7664545639073184e-06,4.7923056660268574e-05,9.131399201081379e-06,0.5935699684073592,3.48095728078209e-06,0.00011272119694601124,1.130956580238864e-05,1.0839930511669062e-05,0.00011272119694601124,1.257062024082574e-05,1.893555706725137e-05,0.009959363843716262,1.0558151734467135e-05,9.040962939108055e-05,1.8189171810432765e-05,3.6186667898745095e-05,0.00011272119694601124,4.065534385966239e-05,call_T050_s020_r005_q003,validation
O,0.008418167009949684,0.01414737501181662,0.001815701238613858,0.00011849405764805578,0.012585086154813432,0.3330092367525523,nan,nan,0.0,0.0,120.0,7.049490586208499e-05,9.03854608025334e-05,7.115078645078841e-05,nan,0.00011273271235824591,0.002900477323870689,0.000234782810070881,0.0018872553499160451,0.06467795395503001,1.0,6.733630661140237e-05,0.00010113278227059764,6.881594647430443e-05,0.03341973708572486,7.817781350192637e-05,0.002900477323870689,0.00020907966888361872,7.923964666072497e-05,0.002900477323870689,8.893692227137725e-05,0.00013396880241449435,0.596157707972452,0.014338373085068907,6.275889560942607e-05,0.0002633347708275238,7.012811922556036e-05,0.00047230169705839663,0.002900477323870689,0.0005681921063917923,24,0.0446969696969697,2.2625160488387224e-08,1.3611004246786109e-05,1.3611004246786109e-05,5.0456627699398785e-06,0.0,call,0.0,softplus,3.886120931009601e-05,nan,nan,0.0,0.0,120.0,7.138812423318162e-05,9.394005506790926e-05,7.216012188699788e-05,nan,3.4693699205035445e-05,0.00011272118387799235,4.171574505139128e-05,0.0006059415594585585,0.0649105457160838,1.0,6.724775887339269e-05,9.574705149123713e-05,6.871525651474154e-05,0.03354395093848727,5.63480787827516e-05,0.00011272118387799235,6.136655993643838e-05,5.862285637673551e-05,0.00011272118387799235,4.1627153119000457e-05,6.27044106282115e-05,0.010667618353796616,5.9660384150367415e-05,0.00010006048858300432,6.349462664016376e-05,3.628241233185048e-05,0.00011272118387799235,4.0752039854288115e-05,call_T050_s020_r005_q003,validation
O,0.008291458012536168,0.01414737501181662,0.001815701238613858,0.00011849405764805578,0.012585086154813432,0.36669213139801377,1.6851175355643813,1.7812842966876223,0.0,0.825,21.0,1.3428042492831527e-05,2.9106209964102625e-05,1.6076067806100016e-05,0.1417315848682914,0.00010090426418401609,0.002912526492359152,0.00023261768734396876,0.0018300670631176766,0.750706092570177,0.994654040018329,7.144369507077432e-06,4.3906896492656955e-05,1.0126829786025838e-05,0.6028513238289206,2.5214341628282673e-05,0.002912526492359152,0.0002008429454750746,3.172904512109065e-05,0.002912526492359152,7.928659117160357e-05,0.00011943217052616433,0.596157707972452,0.013831337364445221,1.4032064449294462e-05,0.00028296776412532754,3.367690664877515e-05,0.00047130437936103626,0.002912526492359152,0.0005673709979687601,32,0.0412534435261708,2.3652296993614934e-08,5.0882253161124485e-06,1.1340302996308214e-05,1.1212452583598631e-05,1.1340302996308214e-05,call,3.3642934904362654e-05,raw,3.3642934904362654e-05,1.690176473065714,1.786682186994362,0.0,0.825,21.0,1.328895503872792e-05,3.412814216063875e-05,1.6033172920195473e-05,0.14298469373633585,1.6893782853113426e-05,8.186926992062582e-05,2.0865426554668216e-05,0.00026402982344968815,0.7541741290658039,0.9969451657247594,7.034913711878378e-06,3.926740798743111e-05,9.895410042002513e-06,0.6064857833116521,2.787059638766814e-06,4.992941502861975e-05,7.131971365238374e-06,9.646931565771609e-06,8.186926992062582e-05,9.086021104951034e-06,1.3686585693543245e-05,0.006269996957805212,1.0014823398607546e-05,8.186926992062582e-05,1.3811342733951143e-05,1.8913045527398207e-05,5.015982423420273e-05,2.149971795494966e-05,call_T050_s020_r005_q003,validation
O,0.008232874912209809,0.01414737501181662,0.001815701238613858,0.00011849405764805578,0.012585086154813432,0.25362872421695953,1.685120956194836,1.781724303411604,0.0,0.825,21.0,6.1336078404541914e-06,2.5326565018857217e-05,9.620891690103885e-06,0.14096389178285812,0.000100824376866768,0.002912526492359152,0.00023261369944571343,0.0018279735768440299,0.750706092570177,0.994654040018329,3.723456644476343e-06,4.3906896492656955e-05,7.339658430506866e-06,0.6028513238289206,2.498836492716436e-05,0.002912526492359152,0.00020084016470705115,2.918417877639204e-05,0.002912526492359152,7.918535169087684e-05,0.00011927966994886034,0.596157707972452,0.013762102611185453,1.1173110285400549e-05,0.00028296776412532754,3.3078653142146207e-05,0.00047130437936103626,0.002912526492359152,0.0005673709979687601,32,0.025757575757575757,2.3652296993614934e-08,5.0882253161124485e-06,5.0882253161124485e-06,3.3702015058570633e-06,0.0,call,0.0,hard,3.3642934904362654e-05,1.6901798936961685,1.7871230827247095,0.0,0.825,21.0,8.437519783453806e-06,3.412814216063875e-05,1.246322202634438e-05,0.1422219431750434,1.6860933725289488e-05,8.186926992062582e-05,2.0849164305912676e-05,0.0002491473673662202,0.7541741290658039,0.9969451657247594,3.5846287847362717e-06,3.926740798743111e-05,6.988953042818233e-06,0.6064857833116521,2.561082937648499e-06,4.992941502861975e-05,7.0496688753573e-06,7.1020652210729915e-06,8.186926992062582e-05,8.159601603152773e-06,1.2291088175644857e-05,0.0060786910741188445,7.109711434566211e-06,8.186926992062582e-05,1.2237937736974041e-05,1.8913045527398207e-05,5.015982423420273e-05,2.149971795494966e-05,call_T050_s020_r005_q003,validation
O,0.00831454189028591,0.01414737501181662,0.001815701238613858,0.00011849405764805578,0.012585086154813432,0.36808111674421834,nan,nan,0.0,0.0,120.0,6.38606272048467e-05,8.097057671174746e-05,6.443245879801069e-05,nan,0.00010848224096899933,0.002912526492359152,0.0002339681477954247,0.0018889974413456108,0.06467795395503001,1.0,6.727397955374735e-05,9.328066438821353e-05,6.861486632284951e-05,0.03341973708572486,7.841930958216375e-05,0.002912526492359152,0.0002098551234467145,7.807915102927174e-05,0.002912526492359152,8.863781148726051e-05,0.00013351824135937813,0.596157707972452,0.013649077972891424,6.149321097313095e-05,0.00028296776412532754,6.950557548920423e-05,0.0004719240945750429,0.002912526492359152,0.0005674252465297598,32,0.0412534435261708,2.365121341092369e-08,8.780109095024798e-06,8.780109095024798e-06,3.441500639440376e-06,0.0,call,0.0,softplus,3.3642934904362654e-05,nan,nan,0.0,0.0,120.0,6.36472667620828e-05,8.463990443163816e-05,6.448327635563903e-05,nan,2.4320530131756447e-05,9.22083707006202e-05,3.230644291179201e-05,0.0005102765449247664,0.0649105457160838,1.0,6.717499599828564e-05,9.08635764806931e-05,6.850900909311416e-05,0.03354395093848727,5.580992852891495e-05,7.74263673170893e-05,6.0971685698665785e-05,5.58210944139494e-05,9.22083707006202e-05,4.0525622449244744e-05,6.104513714298236e-05,0.007017180416991166,5.7290706782958835e-05,9.22083707006202e-05,6.215554772039998e-05,1.926646464470333e-05,6.848090659899842e-05,2.1977381193660912e-05,call_T050_s020_r005_q003,validation
O,0.008366041933186352,0.013823042041622102,0.0017976927601054055,0.0001235832026886244,0.01071621845956862,0.3802347385235086,0.8750869668113,0.9093867979322064,0.0,1.0,0.0,0.00023926491517694615,0.0007461710477928152,0.0002901666843539637,0.00963353913403268,0.0003985139490433369,0.0024671948993109207,0.0004948211583693705,0.0032373003715430826,0.7958248241434083,0.9550157934865483,0.00016264979736142584,0.0009073265633187111,0.0002218820848653673,0.6821222965613817,4.2663461145154677e-05,0.0024671948993109207,0.00015182015311054827,0.00019143807951808013,0.0024671948993109207,0.00017950703609672766,0.0002703840093078766,0.5977808749303222,0.05093321685829982,0.00019759327374503885,0.000981782954043967,0.00026171442834170284,0.0004463480762241691,0.0024671948993109207,0.0005764556170790505,4,0.053236914600550966,1.3246710084221466e-07,2.2132320136904735e-05,0.00030720376870338657,0.0002929162509459378,0.00030720376870338657,call,0.0009113711804867135,raw,0.0009113711804867135,0.8841150095978385,0.9188374962018705,0.0,1.0,0.0,0.00028670824474854353,0.0009118797075531315,0.0003592866603688313,0.010246626058229328,0.0004191839415548664,0.000998978020273835,0.0004883710192006899,0.0030592318005244683,0.7928181818181819,0.9498965254329593,0.00016263790078696567,0.0009073265633187111,0.0002219178232309631,0.6803182775567517,4.258271852484809e-05,0.0008716284513713935,0.00011100350481728522,0.00019456378605976912,0.000998978020273835,0.00017912901098145087,0.00026981444169425924,0.04838569362775083,0.00020149270890060695,0.000998978020273835,0.0002673964660316049,0.00042366313762252965,0.0009162871835762584,0.0004958718088335782,call_T050_s020_r005_q006,validation
O,0.008444124949164689,0.013823042041622102,0.0017976927601054055,0.0001235832026886244,0.01071621845956862,0.16542815473296757,0.8873619957853035,0.9215815302712175,0.0,1.0,0.0,0.00011586943224142674,0.0007461710477928152,0.0002154265415936291,0.014419130487396034,0.00029810788797130953,0.0024671948993109207,0.00041715054144491573,0.0026867420741147055,0.7958248241434083,0.9550157934865483,6.531580218437346e-05,0.0005313561258525334,0.00014018423358025275,0.6821222965613817,3.0894509390615103e-05,0.0024671948993109207,0.00014989205479014884,9.372912486050588e-05,0.0024671948993109207,0.00013025292318724795,0.00019619458023061305,0.5977808749303222,0.045201032317138866,8.516684971298432e-05,0.0008555552291533153,0.0001676903395005295,0.0004459999329128017,0.0024671948993109207,0.0005764279500452433,4,0.032988980716253447,1.3246710084221466e-07,1.8435453284026544e-05,1.8435453284026544e-05,1.0315719144574181e-05,0.0,call,0.0,hard,0.0009113711804867135,0.8963900385718422,0.9310330609872947,0.0,1.0,0.0,0.00021837885659913332,0.0009118797075531315,0.0003351065146592948,0.014796894919897694,0.000314975095222723,0.0009539615232757592,0.0004065073065156676,0.0024168457769518452,0.7928181818181819,0.9498965254329593,6.58527937486336e-05,0.0005313561258525334,0.0001407595826617611,0.6803182775567517,3.081376677030853e-05,0.0008716284513713935,0.0001083265785443164,9.685483140219488e-05,0.0009539615232757592,0.00012926728039547707,0.00019470982895591717,0.04445276221632776,8.802012113701093e-05,0.0009539615232757592,0.0001743518669133122,0.00042331499431116215,0.0009162871835762584,0.0004958380322377575,call_T050_s020_r005_q006,validation
O,0.00844858295749873,0.013823042041622102,0.0017976927601054055,0.0001235832026886244,0.01071621845956862,0.2734912146676853,nan,nan,0.0,0.0,120.0,0.0001259628427695971,0.0007461714923846785,0.00021778201600303011,nan,0.00029723888373451484,0.002467194899310623,0.0004162948695325059,0.002683729745319124,0.0981407218374043,0.7816492450638792,9.388209058244566e-05,0.0005318473532068824,0.00014891445105134205,0.052357242881593276,8.101683965967105e-05,0.002467194899310623,0.00016185078232569642,0.00011870270320198991,0.002467194899310623,0.00013380624153483224,0.0002015467964002866,0.5977808749303222,0.04397736339331694,0.00010829588803046331,0.0008555552506762931,0.0001736595190376074,0.0004467200035800479,0.002467194899310623,0.0005765073435184047,4,0.053236914600550966,1.3215304822321472e-07,2.5708347726259643e-05,2.5708347726259643e-05,7.569010360758267e-06,0.0,call,0.0,softplus,0.0009113711804867135,nan,nan,0.0,0.0,120.0,0.00023082929192543724,0.0009118797290761094,0.00033713431843722163,nan,0.0003143593957479558,0.0009539615232757592,0.00040555067067960557,0.0023974931359623188,0.09839181286549707,0.7816492450638792,9.442310380403607e-05,0.0005318473532068824,0.00014948082650984452,0.052500195023012716,8.059389331531393e-05,0.0008716284513713935,0.0001242153299851006,0.00012179308699656539,0.0009539615232757592,0.00013283167770843606,0.00020007872964767693,0.04326096413257193,0.00011110618045830859,0.0009539615232757592,0.00018006274942131787,0.00042371910733363544,0.0009162871835762584,0.0004958918155131909,call_T050_s020_r005_q006,validation
O,0.008527750032953918,0.013823042041622102,0.0017976927601054055,0.0001235832026886244,0.01071621845956862,0.43239113827349124,2.3391238691220715,2.48950382439669,0.0,0.23333333333333334,92.0,0.00027475976547993694,0.0009832616023189023,0.00035240159351020535,0.40847207535611196,0.00041533667087432916,0.0025441227512783193,0.0005297812074283501,0.0032629201140821945,0.6400123177992199,0.9404223227752639,6.486545376798451e-05,0.0005448083191756381,9.794409680731052e-05,0.48506301540376534,3.5402717319780036e-05,0.0025441227512783193,0.00015646604203796828,0.00010764204450420731,0.0025441227512783193,0.00013715368885614118,0.0002065889175748277,0.5977808749303222,0.049685795514869104,9.16808773227217e-05,0.0011085670425265148,0.00014882986490234208,0.0005839306808515006,0.0025441227512783193,0.0007276520293706233,8,0.05254820936639119,1.0784911909516706e-07,1.9637399521793587e-05,0.00018331651211609323,0.0001805573717522711,0.00018331651211609323,call,0.0005438410323205141,raw,0.0005438410323205141,2.343480188965539,2.4947273367288982,0.0,0.23333333333333334,92.0,0.0003431472350636505,0.001164891520926331,0.0004463963683542096,0.4103993921912695,0.00037482607392485753,0.001164891520926331,0.0004432715167851111,0.002874189502511521,0.6351997532006788,0.9316742081447964,6.502071991172669e-05,0.0007594130945776656,9.934126031661411e-05,0.48186285981745847,3.099522485135742e-05,0.0007248203828421331,8.235886941463082e-05,0.00010357446316778327,0.001164891520926331,0.00012077223403657761,0.0001819141004587021,0.045946422383685064,9.434227546040524e-05,0.0010869824548065954,0.00015389400868509985,0.00040300725911318673,0.0011247257560934726,0.00048601340158123965,call_T050_s020_r005_q006,validation
O,0.008908124989829957,0.013823042041622102,0.0017976927601054055,0.0001235832026886244,0.01071621845956862,0.29647892214737137,2.3396231398408602,2.4895625855798493,0.0,0.23333333333333334,92.0,0.00018290255975667835,0.0009832616023189023,0.00031401352167956514,0.40655890738002687,0.0003477446133738229,0.0025441227512783193,0.0004995492426955699,0.002988578823688088,0.6400123177992199,0.9404223227752639,3.577960344335136e-05,0.0005448083191756381,6.877169604178013e-05,0.48506301540376534,2.2599942310010168e-05,0.0025441227512783193,0.00015347665559035375,7.385633814355987e-05,0.0025441227512783193,0.00012351139590921346,0.00018604009707536134,0.5977808749303222,0.04603853573252792,5.4691710297384104e-05,0.0011085670425265148,0.00011454885697909717,0.0005830358645078331,0.0025441227512783193,0.0007275659442620309,8,0.030647382920110194,1.0784911909516706e-07,2.1412268161193613e-05,2.1412268161193613e-05,1.0886239317729032e-05,0.0,call,0.0,hard,0.0005438410323205141,2.343979459684327,2.4947845756209657,0.0,0.23333333333333334,92.0,0.00028215883798279466,0.001164891520926331,0.000428309828710078,0.40848102652134927,0.0003030747573305654,0.001164891520926331,0.00040447956104909224,0.0025142507371586713,0.6351997532006788,0.9316742081447964,3.663117096161835e-05,0.0007594130945776656,7.168535109685661e-05,0.48186285981745847,1.819244984158754e-05,0.0007248203828421331,7.637983355273177e-05,6.978875680713584e-05,0.001164891520926331,0.00010467482940661234,0.00015766726171849142,0.04365823121586055,5.67898246773258e-05,0.0010869824548065954,0.0001194988115961405,0.0004021124427695192,0.0011247257560934726,0.0004858722667307182,call_T050_s020_r005_q006,validation
O,0.008324959082528949,0.013823042041622102,0.0017976927601054055,0.0001235832026886244,0.01071621845956862,0.3632891172998125,nan,nan,0.0,0.0,120.0,0.0001910833906638511,0.0009832616438421315,0.0003155289378103543,nan,0.0003456498660202631,0.0025441227512776774,0.0004987098849781945,0.0029959425893594373,0.05440024110910187,0.8636363636363636,8.079515376804067e-05,0.0005452359687500574,9.58564191985653e-05,0.028084642912711996,7.470471575784576e-05,0.0025441227512776774,0.00016520921615815077,0.00011312186442952018,0.0025441227512776774,0.0001301361487259793,0.00019601868769899346,0.5977808749303222,0.04480885715137554,9.458060576776554e-05,0.0011085670442408102,0.00013099025336005604,0.0005835365600911116,0.0025441227512776774,0.0007275843946744589,8,0.05254820936639119,1.0784441534980222e-07,2.9786221616497508e-05,2.9786221616497508e-05,8.056672210922746e-06,0.0,call,0.0,softplus,0.0005438410323205141,nan,nan,0.0,0.0,120.0,0.000290496940911534,0.0011648915226406265,0.00042954716755380683,nan,0.00030129589546886115,0.0011648915226406265,0.000403331488739424,0.002507075304718289,0.054544080985117475,0.8636363636363636,8.16979136514503e-05,0.0007594634216360752,9.804016988975747e-05,0.028161323036118263,6.996369219360141e-05,0.0007248203828421331,9.765740839320505e-05,0.00010902579582284041,0.0011648915226406265,0.00011239285618186228,0.00016929259852985277,0.042388030546068704,9.668076099045334e-05,0.0010869824548065954,0.00013529818231575833,0.00040206919839565154,0.0011247257560934726,0.0004858484048065478,call_T050_s020_r005_q006,validation
O,0.008392457966692746,0.013823042041622102,0.0017976927601054055,0.0001235832026886244,0.01071621845956862,0.5230918813806514,0.8407288250826185,1.1564531840630734,0.0,0.7583333333333333,29.0,0.00018093787862060085,0.0006293240696249591,0.00022497695011822812,0.14069092992286772,0.0003376211619125825,0.002459077511612032,0.00044515681910630393,0.0026344252494266804,0.8081901411626753,0.9614765532782488,5.5050289901920364e-05,0.000444867102418145,8.971689567611149e-05,0.6970592811576163,2.6289007597960874e-05,0.002459077511612032,0.00014682334364217093,8.95393376638938e-05,0.002459077511612032,0.00011736816017333108,0.00017678679567554182,0.5977808749303222,0.04004780102468655,7.668725866523166e-05,0.0007964200011991579,0.0001264954460790625,0.0005071637895869128,0.002459077511612032,0.0006397876206349883,12,0.12479338842975207,9.824562711126052e-08,6.185053180429297e-06,0.00016235283281689227,0.00015201692388006055,0.00016235283281689227,call,0.00048164782590489827,raw,0.00048164782590489827,0.8501824948919907,1.16564500567536,0.0,0.7583333333333333,29.0,0.00023805561534989106,0.0007747693062444272,0.0003025579352553083,0.14078471525616656,0.0003124310057466112,0.0009339387142586891,0.0003761040585803994,0.0022299152407056597,0.8060348721655073,0.957398862538899,5.532542175512295e-05,0.000444867102418145,9.028065869471087e-05,0.6959981277790779,2.4091231608816724e-05,0.0007707124147990447,8.664509750830421e-05,8.732093941323997e-05,0.0009339387142586891,0.00010442317357887823,0.0001572882032048137,0.03749948439064255,7.846566715292485e-05,0.0007596689489426933,0.00013095921179876065,0.00039587816019496364,0.0009339387142586891,0.0004607767932129223,call_T050_s020_r005_q006,validation
O,0.008205499965697527,0.013823042041622102,0.0017976927601054055,0.0001235832026886244,0.01071621845956862,0.1892492534203764,0.8506228231589347,1.1605891492146034,0.0,0.7583333333333333,29.0,0.00010444012849274217,0.0006293240696249591,0.00018677516600813478,0.1398576530024939,0.00029615113051947644,0.002459077511612032,0.0004258192002030114,0.002391503065225192,0.8081901411626753,0.9614765532782488,2.3486721890603455e-05,0.00030235624201452316,5.7487088452779234e-05,0.6970592811576163,1.8832098523640064e-05,0.002459077511612032,0.00014610436088177773,5.676664117342539e-05,0.002459077511612032,0.00010503963140931186,0.00015821684371952622,0.5977808749303222,0.03573539436963282,4.0104962061787976e-05,0.0007964200011991579,9.45130676124095e-05,0.000507114144315371,0.002459077511612032,0.0006397869428364605,12,0.018112947658402205,9.824562711126052e-08,7.018145488199798e-06,7.018145488199798e-06,6.192699816131895e-06,0.0,call,0.0,hard,0.00048164782590489827,0.8600764929683069,1.1698200223797548,0.0,0.7583333333333333,29.0,0.00019653755335317556,0.0007747693062444272,0.0002907253401735697,0.1399426142245277,0.0002701846337301525,0.0009339387142586891,0.0003520537420034562,0.001903491079051289,0.8060348721655073,0.957398862538899,2.3899245025037894e-05,0.00038412116650132777,5.8434287570887835e-05,0.6959981277790779,1.6634322534495917e-05,0.0007707124147990447,8.542430481569263e-05,5.454824292277158e-05,0.0009339387142586891,9.008862384918208e-05,0.0001356966781298661,0.03368277164926447,4.1211900468188786e-05,0.0007596689489426933,9.893440399627313e-05,0.0003958285149234217,0.0009339387142586891,0.0004607756955198857,call_T050_s020_r005_q006,validation
O,0.008335291058756411,0.013823042041622102,0.0017976927601054055,0.0001235832026886244,0.01071621845956862,0.4407250503507188,nan,nan,0.0,0.0,120.0,0.00012197666613746596,0.0006293254998993025,0.0001907149395956691,nan,0.0002961948649776621,0.002459077511611758,0.0004251109477434704,0.0024072275807820176,0.054614220877458396,0.9863387978142076,7.184454770043828e-05,0.0003071044755398322,8.542101311928527e-05,0.028084642912711996,7.44459612604532e-05,0.002459077511611758,0.00015884587311948545,9.922751450423577e-05,0.002459077511611758,0.0001120073622861754,0.00016871204798132167,0.5977808749303222,0.034466428176593615,8.322108859447847e-05,0.0007964200011991579,0.00011176860019323713,0.0005081202065931202,0.002459077511611758,0.0006398745017522845,12,0.11983471074380166,9.824122412037747e-08,6.184909238418793e-06,6.184909238418793e-06,6.10833883245729e-06,0.0,call,0.0,softplus,0.00048164782590489827,nan,nan,0.0,0.0,120.0,0.00021359658713028905,0.0007747693910384601,0.00029378381273188276,nan,0.00027068170967163634,0.0009339387142586891,0.0003510963750001096,0.0019024856116199773,0.054759196056124386,0.9863387978142076,7.220933751309775e-05,0.0003862452056340726,8.608826213649893e-05,0.028161323036118263,7.227058984262025e-05,0.0007707124147990447,0.00010564482833635757,9.690824210109429e-05,0.0009339387142586891,9.80885776720348e-05,0.0001477466697111649,0.03257294503569971,8.421215682959408e-05,0.0007596689489426933,0.0001154361476034686,0.0003968068476164116,0.0009339387142586891,0.00046086785044135563,call_T050_s020_r005_q006,validation
O,0.008288374985568225,0.013823042041622102,0.0017976927601054055,0.0001235832026886244,0.01071621845956862,0.49989582609903466,2.274045571743735,2.442309436613519,0.0,0.23333333333333334,92.0,0.00021458479623901895,0.00040662445756384225,0.00023988445953210637,0.38340330922473925,0.00024494370393757996,0.0027397969277911756,0.000349295197086165,0.001925738062029002,0.7147016730000495,0.9773248751518424,4.318202693245959e-05,0.0003805231316459934,6.603597965799625e-05,0.5633265909444531,4.229645580126141e-05,0.0027397969277911756,0.0001835946322832907,6.780794844110996e-05,0.0027397969277911756,9.083508916138778e-05,0.00013682113039881116,0.5977808749303222,0.024136962526712533,5.0788702965413035e-05,0.00048768738718749094,7.523515673870908e-05,0.0004740808187763973,0.0027397969277911756,0.0005588821987027788,16,0.12100550964187327,7.609807479531919e-08,2.5340179662184735e-05,0.000128266182061561,0.00012683808346393864,0.000128266182061561,call,0.0003805231316459934,raw,0.0003805231316460003,2.278394252306472,2.447623432703176,0.0,0.23333333333333334,92.0,0.000206868484329432,0.0005440118655873072,0.00024027947000829247,0.3835056622568175,0.00012706254053559908,0.0005440118655873072,0.0001570191599099494,0.0013212959977743322,0.7148507019972316,0.975840194358213,4.318081238795496e-05,0.0003805231316459934,6.623415023483677e-05,0.5640065527732272,2.7030495458663368e-05,0.00032365009491975693,5.1930745808201966e-05,5.361947837286088e-05,0.0005440118655873072,5.518426975894414e-05,8.312172804245954e-05,0.02365445165562933,4.997064890505481e-05,0.00048137914317181174,7.370314830564914e-05,0.0001495983073805555,0.0003744664081650473,0.00017566410503321684,call_T050_s020_r005_q006,validation
O,0.008233165950514376,0.013823042041622102,0.0017976927601054055,0.0001235832026886244,0.01071621845956862,0.2844641989027016,2.274687305468819,2.442408498665159,0.0,0.23333333333333334,92.0,6.898542730090339e-05,0.00040662445756384225,0.00012186614958444924,0.38341284256547264,0.00023816613121982824,0.0027397969277911756,0.00034718248376998335,0.0018083961970907295,0.7147016730000495,0.9773248751518424,1.7188008864319976e-05,0.00027942826156735867,3.7800558038318656e-05,0.5633265909444531,2.190929112665654e-05,0.0027397969277911756,0.00017913182286104616,4.415938408795861e-05,0.0027397969277911756,8.388880661265896e-05,0.00012635823286481933,0.5977808749303222,0.018513448797854225,2.7853329759033928e-05,0.00048768738718749094,5.805477264712068e-05,0.0004724354302000505,0.0027397969277911756,0.0005586716170741134,16,0.020454545454545454,7.609807479531919e-08,2.6670607513511702e-05,2.6670607513511702e-05,1.4991780570051542e-05,0.0,call,0.0,hard,0.0003805231316460003,2.279035986031556,2.4477217058025404,0.0,0.23333333333333334,92.0,0.0001001751046257055,0.0005440118655873072,0.00016672864356177583,0.3835169675918386,0.00012145553938967334,0.0005440118655873072,0.00015408469271419416,0.0010043116069426668,0.7148507019972316,0.975840194358213,1.6967950650954243e-05,0.0002908083939087147,3.721979083054921e-05,0.5640065527732272,6.6433307840585065e-06,0.00032365009491975693,3.2467955594449354e-05,2.997091401970953e-05,0.0005440118655873072,4.2858672957511265e-05,6.45562036681217e-05,0.01791148903323509,2.6305373694989683e-05,0.00048137914317181174,5.400560049083461e-05,0.00014795291880420866,0.0003744664081650473,0.00017491070077119267,call_T050_s020_r005_q006,validation
O,0.008382915984839201,0.013823042041622102,0.0017976927601054055,0.0001235832026886244,0.01071621845956862,0.4375303840544482,nan,nan,0.0,0.0,120.0,7.208497191023832e-05,0.0004066377182435077,0.00011839939348665277,nan,0.00023762834717400375,0.0027397969277866362,0.00034698038396210917,0.0018587294845386262,0.05463488460083239,1.0,6.78459460892911e-05,0.0002853598250350994,7.527447830060245e-05,0.028084642912711996,7.313972780590889e-05,0.0027397969277866362,0.00018806702000572674,8.856865292204715e-05,0.0027397969277866362,9.311006723243783e-05,0.00014024783558716129,0.5977808749303222,0.017528702814102064,7.406603564925447e-05,0.0004876882393655968,8.583518748506843e-05,0.00047247538086640485,0.0027397969277866362,0.0005586091485672104,16,0.11983471074380166,7.605910228372404e-08,2.3675784332073047e-05,2.3675784332073047e-05,1.114851295057767e-05,0.0,call,0.0,softplus,0.0003805231316460003,nan,nan,0.0,0.0,120.0,0.00010612506254090682,0.000544012717765413,0.00016680628990908058,nan,0.00012089493136953678,0.000544012717765413,0.0001534798254081136,0.001056437193226791,0.05477996965098635,1.0,6.764250434228285e-05,0.0002961226720429311,7.496097694858044e-05,0.028161323036118263,5.7485722543096605e-05,0.00032365009491975693,6.554374907402813e-05,7.426950536978484e-05,0.000544012717765413,5.882632702441367e-05,8.860760463116543e-05,0.017420838524162773,7.237354884744524e-05,0.00048137914317186725,8.294097139729886e-05,0.00014741986958012905,0.0003744664081650542,0.00017455695312573475,call_T050_s020_r005_q006,validation
O,0.008200500044040382,0.013823042041622102,0.0017976927601054055,0.0001235832026886244,0.01071621845956862,0.36967844989235366,2.184170582727773,2.230137929406519,0.0,0.8666666666666667,16.0,6.229145564026654e-05,0.00014014637327730561,7.507947847383776e-05,0.12385664333823067,0.00022215309443498273,0.002930363779260363,0.0003549585277022359,0.0018700654465830732,0.721689440993789,0.9987622060239307,9.67771755078571e-06,0.00015189430553586014,1.8711171880975728e-05,0.5649603236346663,2.5776159779700845e-05,0.002930363779260363,0.00020218530213261113,3.561129438925713e-05,0.002930363779260363,8.314812061876195e-05,0.00012524256824786168,0.5977808749303222,0.01642620565268373,1.680962368792407e-05,0.0003421653776992384,4.274174911564999e-05,0.0004901578137754181,0.002930363779260363,0.0005832560293905661,24,0.04538567493112948,2.1789697996213837e-08,8.3045925645475e-06,5.120031840378926e-05,5.0354573202014654e-05,5.120031840378926e-05,call,0.00015189430553586014,raw,0.0001518943055358532,2.1922527714283846,2.2384904575744025,0.0,0.8666666666666667,16.0,6.98587717301637e-05,0.00020251942034579806,9.042612614488453e-05,0.124568340987432,3.869507030707972e-05,0.00020251942034579806,4.8955304090092464e-05,0.0006141871228141037,0.7235440517670483,0.9995874020079769,9.710978372014665e-06,0.00015189430553586014,1.893162872977445e-05,0.5669709025665028,3.6603587489848067e-06,8.150260664109565e-05,9.824852209144727e-06,1.3317905187511457e-05,0.00020251942034579806,1.6424608531159064e-05,2.4739692116875196e-05,0.01442820812979281,1.2311830724227385e-05,0.00015189430553586014,2.171345356930172e-05,3.8790066991176955e-05,8.79103812292531e-05,4.394868930597618e-05,call_T050_s020_r005_q006,validation
O,0.008336584083735943,0.013823042041622102,0.0017976927601054055,0.0001235832026886244,0.01071621845956862,0.2671018820751441,2.184170582727773,2.230137929406519,0.0,0.8666666666666667,16.0,2.6701331852892053e-05,0.00013904298774242152,4.67804915670585e-05,0.12385664333823067,0.00022206592195990558,0.002930363779260363,0.0003549540072346598,0.0018395489582615741,0.721689440993789,0.9987622060239307,4.81765519256827e-06,9.531038195786934e-05,1.1677300760647936e-05,0.5649603236346663,2.5057288819433e-05,0.002930363779260363,0.00020215150377563752,3.1333784740634094e-05,0.002930363779260363,8.264819841668248e-05,0.00012448955615274005,0.5977808749303222,0.013416063087493112,1.2507721852457342e-05,0.0003421653776992384,4.0892507114237166e-05,0.0004901578137754181,0.002930363779260363,0.0005832560293905661,24,0.03174931129476584,2.1789697998674706e-08,8.3045925645475e-06,8.3045925645475e-06,5.141824144684282e-06,0.0,call,0.0,hard,0.0001518943055358532,2.1922527714283846,2.2384904575744025,0.0,0.8666666666666667,16.0,5.0030057255128455e-05,0.00020251942034579806,8.14119317630796e-05,0.124568340987432,3.8694933447002534e-05,0.00020251942034579806,4.89552985322211e-05,0.00046992000768334504,0.7235440517670483,0.9995874020079769,4.825513873502364e-06,0.0001457447610783702,1.1991002419519017e-05,0.5669709025665028,2.941487788716962e-06,8.150260664109565e-05,9.102637020186804e-06,9.040395538888424e-06,0.00020251942034579806,1.3672710571138735e-05,2.059462478459733e-05,0.010520516096158476,7.702688941151705e-06,0.00012308539769553817,1.673171193099023e-05,3.8790066991176955e-05,8.79103812292531e-05,4.394868930597618e-05,call_T050_s020_r005_q006,validation
O,0.008083708002232015,0.013823042041622102,0.0017976927601054055,0.0001235832026886244,0.01071621845956862,0.3707896381693173,nan,nan,0.0,0.0,120.0,5.469540746998313e-05,0.00013826661025068826,6.35122332912184e-05,nan,0.0002302165383035984,0.002930363779260363,0.0003560928489197791,0.0019202348204746561,0.05463488460083239,1.0,6.777028661282013e-05,0.00012791955865226745,6.93035877214034e-05,0.028084642912711996,8.451662059039395e-05,0.002930363779260363,0.00021242175234135351,8.759758336655421e-05,0.002930363779260363,9.316703269992556e-05,0.00014033364031006436,0.5977808749303222,0.012902740231078274,7.135719880660135e-05,0.0003421653776992384,7.803201091245211e-05,0.0004912025676413028,0.002930363779260363,0.0005833385875190995,24,0.04538567493112948,2.178868194150501e-08,1.6399573518394725e-05,1.6399573518394725e-05,6.225674220878079e-06,0.0,call,0.0,softplus,0.0001518943055358532,nan,nan,0.0,0.0,120.0,7.765056734456753e-05,0.0002062944487510876,9.512683473420818e-05,nan,4.621479484603903e-05,0.0002062944487510876,5.645639519687947e-05,0.0006464067447773197,0.05477996965098635,1.0,6.776538419285562e-05,0.00016667597793790234,6.932619761810734e-05,0.028161323036118263,6.201386175315259e-05,9.924225827481759e-05,6.561797254733958e-05,6.508351999028068e-05,0.0002062944487510876,4.505054098475602e-05,6.785772163440902e-05,0.010994032360406056,6.633688010915952e-05,0.00012791955865226745,6.834308327757852e-05,3.949358004080052e-05,8.79103812292531e-05,4.45412957409692e-05,call_T050_s020_r005_q006,validation
O,0.008129584020934999,0.013823042041622102,0.0017976927601054055,0.0001235832026886244,0.01071621845956862,0.3487742204319744,1.7855582969602395,1.9067229009545807,0.0,0.975,3.0,5.325370242510495e-05,0.00016614277771032082,6.408812274943067e-05,0.060534799577549335,0.00022211916381380714,0.0029622488994448942,0.00035562916236832006,0.0018341221616104627,0.7746726969769103,0.9981597350018403,5.395302003000412e-06,0.0001178194654398168,1.0643353689909245e-05,0.6329547222654427,2.5725252297474913e-05,0.0029622488994448942,0.00020468238167652437,3.184742556395333e-05,0.0029622488994448942,8.275024692768046e-05,0.00012464326759574254,0.5977808749303222,0.012331244506418588,1.2428823776350672e-05,0.00033822218293673434,3.946260844169917e-05,0.0004928541607317732,0.0029622488994448942,0.0005853566837606902,32,0.03980716253443526,1.2046124017393816e-08,8.526972998261152e-06,3.8659891270317413e-05,3.712251299106933e-05,3.8659891270317413e-05,call,0.00011469101076860833,raw,0.00011469101076860486,1.7940338447414204,1.9153795276402596,0.0,0.975,3.0,5.887716728654775e-05,0.00018312942768172746,7.074201951462651e-05,0.06067348595526706,2.306076929180009e-05,0.0001268318400845514,3.1450525662576285e-05,0.0003354298763135728,0.7773962804005722,1.0,5.459209190753481e-06,0.00018312942768172746,1.136251980185242e-05,0.6358530306576176,2.8512612482574986e-06,8.095666187064865e-05,8.382104047636042e-06,7.649636245196955e-06,0.00018312942768172746,1.0201857155189088e-05,1.536662530257014e-05,0.007051001479791895,6.936594464472152e-06,0.0001268318400845514,1.2677124269975916e-05,1.6787879703627903e-05,7.113161721113842e-05,2.056037092653358e-05,call_T050_s020_r005_q006,validation
O,0.00838558399118483,0.013823042041622102,0.0017976927601054055,0.0001235832026886244,0.01071621845956862,0.22098756858115146,1.7857046268810353,1.9068361534253757,0.0,0.975,3.0,2.5697904349729493e-05,0.00016614277771032082,4.240790323675031e-05,0.060406247022517005,0.0002218049665782368,0.0029622488994448942,0.0003555931070815411,0.0018311939129618926,0.7746726969769103,0.9981597350018403,2.6467583225968482e-06,0.0001178194654398168,6.041057184156346e-06,0.6329547222654427,2.5465994277778238e-05,0.0029622488994448942,0.00020467800893434398,2.93960048325913e-05,0.0029622488994448942,8.256216041420097e-05,0.00012435996067520534,0.5977808749303222,0.011279007845970445,1.0080728775595732e-05,0.00033822218293673434,3.8969295715727525e-05,0.0004928541607317732,0.0029622488994448942,0.0005853566837606902,32,0.026239669421487602,1.2046124017393816e-08,8.526972998261152e-06,8.526972998261152e-06,6.401577706481378e-06,0.0,call,0.0,hard,0.00011469101076860486,1.794180174662216,1.9154933850145806,0.0,0.975,3.0,3.8904553636098906e-05,0.00018312942768172746,5.780925650232567e-05,0.060566262529974615,2.306076929180009e-05,0.0001268318400845514,3.1450525662576285e-05,0.0002644302373405614,0.7773962804005722,1.0,2.659361236320875e-06,0.00018312942768172746,7.044890623243717e-06,0.6358530306576176,2.5920032285608203e-06,8.095666187064865e-05,8.274638410130052e-06,5.198215513834919e-06,0.00018312942768172746,8.567802748194826e-06,1.2905318364595389e-05,0.005355516363353003,4.4409641088487196e-06,0.0001268318400845514,1.0514733623919636e-05,1.6787879703627903e-05,7.113161721113842e-05,2.056037092653358e-05,call_T050_s020_r005_q006,validation
O,0.008579125045798719,0.013823042041622102,0.0017976927601054055,0.0001235832026886244,0.01071621845956862,0.3559969442322384,nan,nan,0.0,0.0,120.0,5.227580314727034e-05,0.00018100254237818358,6.216114543089093e-05,nan,0.0002311063568215649,0.0029622488994448942,0.00035683446275043676,0.0019115289047318886,0.05463488460083239,1.0,6.745424449770714e-05,0.00014455332563806378,6.859981370948217e-05,0.028084642912711996,8.517390335314707e-05,0.0029622488994448942,0.00021490315573493549,8.742872197347614e-05,0.0029622488994448942,9.311811514566426e-05,0.0001402599578253311,0.5977808749303222,0.01088130513819681,7.103231509631003e-05,0.00033822218293673434,7.708029755898289e-05,0.000493963440857093,0.0029622488994448942,0.0005854540058023156,32,0.03980716253443526,1.2044814769083122e-08,1.230979018297518e-05,1.230979018297518e-05,6.473137740110583e-06,0.0,call,0.0,softplus,0.00011469101076860486,nan,nan,0.0,0.0,120.0,6.65395900823827e-05,0.00019798919234959023,7.681967881842031e-05,nan,3.2960564870388904e-05,0.00014225132853185052,4.388508458835665e-05,0.0005218228737000155,0.05477996965098635,1.0,6.744725406758647e-05,0.00019798919234959023,6.864457328046808e-05,0.028161323036118263,6.21104309822559e-05,0.00011336771519247779,6.57812067883939e-05,6.315555625204833e-05,0.00019798919234959023,4.386421357974376e-05,6.607080691469829e-05,0.00636830724388458,6.529401012582049e-05,0.00012683184006440085,6.720544403599487e-05,1.7689670236025543e-05,9.69078121615119e-05,2.228421048642121e-05,call_T050_s020_r005_q006,validation
O,0.008348000003024936,0.01447429193649441,0.0018570622461789616,0.0001280017351247677,0.010645710119044414,0.39669421487603307,0.8505388732452261,0.8920583107775761,0.0,1.0,0.0,0.0006214127742336269,0.0028002433724535116,0.0007614770667695867,0.011918025843342842,0.0007800316328171516,0.002914070502023162,0.0009522944069628386,0.005911142152604343,0.7961607142857143,0.9573759931286235,0.0003316455669353365,0.002325136861675625,0.0004693216611931598,0.6814152529420755,8.365995349280382e-05,0.002914070502023162,0.00023111118867240215,0.000379268019803735,0.002914070502023162,0.00035948053505132645,0.0005414663738454976,0.6006482089869678,0.0834371246378738,0.00039884613994904314,0.0025244535601237766,0.0005500548764078272,0.0006634189076151404,0.002914070502023162,0.0008251194672655722,4,0.05137741046831956,7.80384956742619e-08,2.8031020595176277e-05,0.0007837539983176265,0.0007586260708690341,0.0007837539983176265,call,0.002325136861675625,raw,0.002325136861675639,0.8644041371469787,0.9068497885242889,0.0,1.0,0.0,0.0009251917456564831,0.0026535336375555774,0.001162960606901004,0.012275084200661649,0.0007610847399707605,0.0028242364802379405,0.0009945890072404178,0.006014003614534518,0.7966949531040644,0.9575907236418295,0.00033357134633801963,0.002325136861675625,0.0004724675275257948,0.682089323952279,6.685795101645532e-05,0.0006523407984347362,0.0001269318052751219,0.0003792689394693112,0.0028242364802379405,0.0003667136274143746,0.0005523609160137587,0.08160765688325713,0.0003947566378622414,0.0028242364802379405,0.0005438567109335663,0.000633798279426209,0.0024347610473969133,0.000893254533288097,call_T050_s020_r005_q010,validation
O,0.008215167094022036,0.01447429193649441,0.0018570622461789616,0.0001280017351247677,0.010645710119044414,0.17091464685047572,0.8648009698016698,0.9056758404310394,0.0,1.0,0.0,0.0003945432610299682,0.0028002433724535116,0.0006586134217907638,0.01718580200235574,0.0006631928542967304,0.002914070502023162,0.0008823061549835875,0.00455332778449496,0.7961607142857143,0.9573759931286235,0.00013677440685534156,0.0009394478583467647,0.00029033900983808274,0.6814152529420755,5.3405201280674136e-05,0.002914070502023162,0.00022390932853114554,0.00019268456912372212,0.002914070502023162,0.000263915215819925,0.00039752142599950045,0.6006482089869678,0.06514323883614155,0.00018522603651669674,0.0025244535601237766,0.0003809917071333406,0.000662470400312029,0.002914070502023162,0.0008250464372411462,4,0.038223140495867766,7.80384956742619e-08,2.8031020595176277e-05,2.8031020595176277e-05,1.5649729267999442e-05,0.0,call,0.0,hard,0.002325136861675639,0.8786662337034225,0.9204444704043914,0.0,1.0,0.0,0.0008513986466199844,0.0026535336375555774,0.001149831342098586,0.016690457781689906,0.0006450392055259712,0.0028242364802379405,0.000927162602388968,0.004527007479685758,0.7966949531040644,0.9575907236418295,0.00013854557087151828,0.0017478583093084032,0.0002952207677404137,0.682089323952279,3.6603198804325644e-05,0.0006523407984347362,0.00011329391468794148,0.0001926854887892984,0.0028242364802379405,0.00027351353784764643,0.0004119786585868442,0.06788988355689131,0.00017831638397641865,0.0028242364802379405,0.0003687366711505197,0.0006328497721230974,0.0024347610473969133,0.0008931882706857459,call_T050_s020_r005_q010,validation
O,0.00848712504375726,0.01447429193649441,0.0018570622461789616,0.0001280017351247677,0.010645710119044414,0.24203069657615112,nan,nan,0.0,0.0,120.0,0.0003999970328308967,0.00280024337243605,0.0006590722395552919,nan,0.0006638224160182061,0.002914070502023162,0.0008812949043383242,0.004545180472064039,0.28932765518131376,0.9295190713101161,0.0001563327358757636,0.0009394561762090525,0.0002930399922056581,0.1713281369402415,9.601776684597372e-05,0.002914070502023162,0.0002304257289734324,0.00021023250041517336,0.002914070502023162,0.00026493112750153634,0.00039905163962931727,0.6006482089869678,0.06416312353540929,0.00020055947386526216,0.0025244535601237766,0.0003823812740759333,0.0006632250218079342,0.002914070502023162,0.0008251085552697871,4,0.05130853994490358,7.725159442451255e-08,2.9360950050781725e-05,2.9360950050781725e-05,1.314935477750992e-05,0.0,call,0.0,softplus,0.002325136861675639,nan,nan,0.0,0.0,120.0,0.00085700176651613,0.0026535336375555774,0.0011501478558886555,nan,0.000645254803081953,0.0028242364802379405,0.0009262214134726759,0.004510098163064708,0.2895144628099174,0.9295190713101161,0.00015810739461473495,0.0017478583118737678,0.0002978602483017222,0.17145916182318752,7.910962881455323e-05,0.0006524875562337051,0.00012563435644991785,0.00021017936334987572,0.0028242364802379405,0.0002744880744263145,0.0004134465503613535,0.0669360565151258,0.0001935906930787139,0.0028242364802379405,0.0003701605369332942,0.0006335331121660918,0.0024347610473969133,0.0008932487394339071,call_T050_s020_r005_q010,validation
O,0.008458791999146342,0.01447429193649441,0.0018570622461789616,0.0001280017351247677,0.010645710119044414,0.45017015070491007,2.6217776723219806,2.6295188355780548,0.0,0.35,78.0,0.0004656440572464319,0.0025752985221503197,0.0005996643454182147,0.025422036740833973,0.0005248582284227747,0.002717893016148755,0.0006992829753938596,0.004666743259570978,0.6530108080288214,1.0,7.915395589164887e-05,0.0008593039264546687,0.00013717695304670105,0.4847929084517805,4.252168613503737e-05,0.002717893016148755,0.00020411175060575787,0.00012649157926340632,0.002717893016148755,0.00017408234007258009,0.0002622109523014378,0.6006482089869678,0.0661072750639229,0.00010163472053625013,0.0015083636821407176,0.0001840305588906367,0.0007708231643564369,0.002717893016148755,0.0009180880406882559,8,0.10991735537190082,1.3903886298458303e-07,3.252648184864728e-05,0.00028965264905099367,0.0002883580977645796,0.00028965264905099367,call,0.0008593039264546687,raw,0.0008593039264546826,2.629012540072578,2.636830535251414,0.0,0.35,78.0,0.0007714137797267188,0.001719831640325964,0.000925547240879863,0.02564772313864779,0.00041013198257240624,0.0017667174786020479,0.0005632774110643373,0.004079142403214647,0.6532440782698249,0.9998423707440101,8.20244764003755e-05,0.0014712590699232364,0.0001470694276978914,0.48508718262465583,3.083564173141328e-05,0.0006590403826697566,7.762853063888496e-05,0.00011709641459853329,0.0017667174786020479,0.0001531761168600644,0.00023072090562004346,0.05799511219946759,9.892492225786004e-05,0.0017667174786020479,0.0001771350682484081,0.0004928803711782985,0.0010692345844176693,0.0005720805366151158,call_T050_s020_r005_q010,validation
O,0.008968166075646877,0.01447429193649441,0.0018570622461789616,0.0001280017351247677,0.010645710119044414,0.2745329536773387,2.6217776723219806,2.6295188355780548,0.0,0.35,78.0,0.0003946008479644228,0.0025752985221503197,0.0005827912940921958,0.025422036740833973,0.0005248582284227747,0.002717893016148755,0.0006992829753938596,0.004244123938274792,0.6530108080288214,1.0,3.408184504476413e-05,0.00047541317345467515,7.004234955334989e-05,0.4847929084517805,3.452660749265708e-05,0.002717893016148755,0.00020253593620698785,8.620651386197652e-05,0.002717893016148755,0.00015755683421070108,0.00023731946343760665,0.6006482089869678,0.05632352577083683,5.61181965471631e-05,0.0015083636821407176,0.00013984540829200195,0.0007706736403135802,0.002717893016148755,0.0009180862555976639,8,0.0,1.3903886298458303e-07,3.252648184864728e-05,3.252648184864728e-05,2.7814348131968533e-05,0.0,call,0.0,hard,0.0008593039264546826,2.629012540072578,2.636830535251414,0.0,0.35,78.0,0.0007573318202599985,0.001719831640325964,0.0009243843700845423,0.02564772313864779,0.00041012927756801264,0.0017667174786020479,0.0005632773910482306,0.0035214058086968183,0.6532440782698249,0.9998423707440101,3.6918219960297665e-05,0.0014712590699232364,8.7790510827806e-05,0.48508718262465583,2.2840563089032993e-05,0.0006590403826697566,7.338485924776132e-05,7.681134919710348e-05,0.0017667174786020479,0.00013409848601554257,0.00020198530142951499,0.04895807422262514,5.2341972882176654e-05,0.0017667174786020479,0.00012934294825530737,0.0004927308471354418,0.0010692345844176693,0.0005720776467669553,call_T050_s020_r005_q010,validation
O,0.008323707967065275,0.01447429193649441,0.0018570622461789616,0.0001280017351247677,0.010645710119044414,0.37884575317730396,nan,nan,0.0,0.0,120.0,0.00040602558908336717,0.0025752985221484783,0.0005838164269686832,nan,0.0005304544472598463,0.002717893016148755,0.0007000662256825883,0.004258388735364028,0.09228077848239669,1.0,7.729339636440742e-05,0.0004762626109846013,9.570769075664219e-05,0.04837230628152224,8.692207307188435e-05,0.002717893016148755,0.0002130982367178983,0.00012542299366940076,0.002717893016148755,0.00016294585512623448,0.0002454366584709755,0.6006482089869678,0.05594306480212352,9.585437784465875e-05,0.0015083636821407176,0.00015373260619674234,0.0007716978806370288,0.002717893016148755,0.0009181558662806095,8,0.10488980716253443,1.39032379727495e-07,3.252572511952082e-05,3.252572511952082e-05,2.7813702156168857e-05,0.0,call,0.0,softplus,0.0008593039264546826,nan,nan,0.0,0.0,120.0,0.0007660745582506159,0.001719831640325964,0.0009249924126357757,nan,0.00041745422262960273,0.0017667174786020479,0.000564416780129759,0.0035275888032815753,0.09234809249398207,1.0,7.995033105864686e-05,0.0014712591106990636,0.00010924012197425821,0.048409299479963294,7.52313404142375e-05,0.0006590828141640331,9.883336480293651e-05,0.00011602666398047911,0.0017667174786020479,0.00014038021207615284,0.00021144712586579492,0.048562922944751334,9.210207170826866e-05,0.0017667174786020479,0.00014421688021556175,0.0004937483065211426,0.0010692345844176693,0.0005721828153127953,call_T050_s020_r005_q010,validation
O,0.008342541987076402,0.01447429193649441,0.0018570622461789616,0.0001280017351247677,0.010645710119044414,0.4381554274602403,2.319212385523384,2.4948708996217164,0.0,0.30833333333333335,83.0,0.0003087844846281697,0.002494973391761952,0.0003787429220371565,0.34681088896283857,0.00035339181731737046,0.002494973391761952,0.0004785379895266681,0.0031976696630935573,0.6230199547418226,0.9526580685750236,4.5295016933133036e-05,0.0005829347758347092,8.585402203068878e-05,0.46286107290233836,2.8692316136812738e-05,0.002494973391761952,0.00016836401183416267,7.80175443969326e-05,0.002494973391761952,0.00011672157316944279,0.000175811485772314,0.6006482089869678,0.0499335583598741,5.745149386572286e-05,0.0006187874944963145,0.00010184694340804513,0.0005787388101541474,0.002494973391761952,0.0006998949568561948,12,0.05633608815426997,9.301663324851388e-08,1.7606802243316602e-05,0.00019649475639029566,0.00019527761646674218,0.00019649475639029566,call,0.0005829347758347092,raw,0.0005829347758347092,2.327423231029417,2.503807270937141,0.0,0.30833333333333335,83.0,0.0004449156214278149,0.0009313458479903725,0.00050051005740449,0.34683143325302956,0.0002868559781627592,0.0009313458479903725,0.0003518035875893364,0.0027617355190842794,0.6178861788617886,0.9443221138722869,4.594267883806927e-05,0.000850034558181112,8.871019393036593e-05,0.45916182318751914,2.294603233712503e-05,0.0006589898529436597,7.860713386209216e-05,7.169428825294118e-05,0.0009313458479903725,9.449321776317712e-05,0.00014233002653533282,0.048063372802362864,5.987019684812701e-05,0.0008771412909576448,0.00010912252164194705,0.00033462412369606966,0.0008062082073001936,0.0003974666449427922,call_T050_s020_r005_q010,validation
O,0.008449291926808655,0.01447429193649441,0.0018570622461789616,0.0001280017351247677,0.010645710119044414,0.3107160219459685,2.320701757209247,2.4950337366441895,0.0,0.30833333333333335,83.0,0.00013309094090059308,0.002494973391761952,0.00026613831018238273,0.34491434642271934,0.00032104750734737703,0.002494973391761952,0.00047010681065988766,0.0028213311539280416,0.6230199547418226,0.9526580685750236,2.193271892605906e-05,0.0003741670727313573,4.517811915860436e-05,0.46286107290233836,2.105918579826725e-05,0.002494973391761952,0.00016644558911579885,5.3701279543171935e-05,0.002494973391761952,0.00010559259887560885,0.00015904850483750032,0.6006482089869678,0.03787461515865208,3.27495321902228e-05,0.0006187874944963145,7.174323329201553e-05,0.0005771915478041122,0.002494973391761952,0.0006997193427172824,12,0.032506887052341595,9.301663324851388e-08,1.7606802243316602e-05,1.7606802243316602e-05,1.6150032023108892e-05,0.0,call,0.0,hard,0.0005829347758347092,2.32891260271528,2.5039695795386443,0.0,0.30833333333333335,83.0,0.00036260845189545085,0.0009313458479903725,0.0004704281271426047,0.34493539354765307,0.0002502490336907121,0.0009313458479903725,0.0003388387777328355,0.0021269318029123207,0.6178861788617886,0.9443221138722869,2.3097422978084845e-05,0.000850034558181112,5.115320592870908e-05,0.45916182318751914,1.5312901998579542e-05,0.0006589898529436597,7.43914324492528e-05,4.7378023399180515e-05,0.0009313458479903725,8.024532182039351e-05,0.00012086919097894961,0.0332892620011054,3.3408515720581795e-05,0.0008771412909576448,7.622735210956045e-05,0.0003330768613460345,0.0008062082073001936,0.00039715869121243375,call_T050_s020_r005_q010,validation
O,0.008242499898187816,0.01447429193649441,0.0018570622461789616,0.0001280017351247677,0.010645710119044414,0.3964858670741024,nan,nan,0.0,0.0,120.0,0.00014043731363502207,0.0024949733917611276,0.00026727906486080617,nan,0.0003198847116325136,0.0024949733917611276,0.00046976939005817346,0.0028422149075269707,0.07176011198703308,1.0,7.347334232915308e-05,0.0003765108357266511,8.19773579081541e-05,0.03721534464313006,7.697907359887734e-05,0.0024949733917611276,0.0001781104481577611,9.96443469918623e-05,0.0024949733917611276,0.00011392253336060499,0.00017159544126430133,0.6006482089869678,0.0369536853526217,8.008824952441924e-05,0.0006187874944963145,9.774076666182992e-05,0.0005781699098699419,0.0024949733917611276,0.0006997823381536159,12,0.05633608815426997,9.301229917602994e-08,1.76063926110926e-05,1.76063926110926e-05,1.6149656226883476e-05,0.0,call,0.0,softplus,0.0005829347758347092,nan,nan,0.0,0.0,120.0,0.00037041445539202515,0.0009313530353006472,0.0004714209672803367,nan,0.0002484689081582149,0.0009313530353006472,0.0003381416240059459,0.002136360158446268,0.0718130207181302,1.0,7.46094536812031e-05,0.0008500548959194665,8.548275018606502e-05,0.03724380544509024,7.113566577771123e-05,0.0006589898529436597,9.768378038371536e-05,9.31935699476141e-05,0.0009313530353006472,9.0904120690694e-05,0.00013692396360661887,0.032499238123722414,8.057769535199794e-05,0.0008771412909576448,0.00010099037761736847,0.00033415101053320526,0.0008062082073001901,0.0003972756089794921,call_T050_s020_r005_q010,validation
O,0.008280165959149599,0.01447429193649441,0.0018570622461789616,0.0001280017351247677,0.010645710119044414,0.44239183276616434,2.198761360428071,2.3606387451191218,0.0,0.35833333333333334,77.0,0.00027288770113961103,0.002679135997492376,0.0003525871606461987,0.3441029149055198,0.00027099015033678965,0.002679135997492376,0.00039963950782248933,0.002122519364119013,0.7479391398558576,0.9749478079331941,2.936953748802565e-05,0.0005472486394547948,5.7017006722683784e-05,0.6066788934739417,3.010168873953385e-05,0.002679135997492376,0.00018113488237689836,5.503172265159563e-05,0.002679135997492376,9.358054173701764e-05,0.00014095538327160175,0.6006482089869678,0.025628478920265024,3.361574487111997e-05,0.0004311767566199387,5.694868488397888e-05,0.0005339337790054334,0.002679135997492376,0.0006165056597577892,16,0.12513774104683195,5.8440453053676446e-08,7.779624988208836e-06,0.00018446580823409532,0.0001781766729417526,0.00018446580823409532,call,0.0005472486394547948,raw,0.0005472486394547948,2.2061542121135354,2.368398520030927,0.0,0.35833333333333334,77.0,0.00027774249089286535,0.0009266055327012135,0.0003442348426096744,0.34429219633527086,0.00012386156909152988,0.0009266055327012135,0.0001591347014304482,0.001546063654549096,0.7478203496866016,0.9743337836178313,3.0355086191533067e-05,0.0008489227715380854,6.186127066554786e-05,0.606760477210156,1.467671256728073e-05,0.0003751787432344639,4.319361061783567e-05,4.035014429811697e-05,0.0009266055327012135,5.1957164108700246e-05,7.826026799961209e-05,0.0261141988511452,3.485803661598319e-05,0.0005893199431986351,5.9789426200758096e-05,0.00013889201904192396,0.00035705130123945845,0.00016758722306405659,call_T050_s020_r005_q010,validation
O,0.008944166940636933,0.01447429193649441,0.0018570622461789616,0.0001280017351247677,0.010645710119044414,0.262240433363428,2.1988817488861363,2.360686284469433,0.0,0.35833333333333334,77.0,0.00012086739205275691,0.002679135997492376,0.00025608776999754685,0.3441039736911768,0.00026470594728101275,0.002679135997492376,0.00039805375267540935,0.0020805795000813443,0.7479391398558576,0.9749478079331941,1.1649959444916568e-05,0.00022175340126576214,2.898652078799998e-05,0.6066788934739417,2.12848324882228e-05,0.002679135997492376,0.00017867353022454937,3.852667968841971e-05,0.002679135997492376,8.80249515909436e-05,0.00013258729388245866,0.6006482089869678,0.021110873735406533,1.783390933739786e-05,0.00033096614673730484,4.134275729908867e-05,0.0005308116913431591,0.002679135997492376,0.0006158489897288478,16,0.019421487603305785,5.8440453053676446e-08,1.2792790390232837e-05,1.2792790390232837e-05,5.495065688460401e-06,0.0,call,0.0,hard,0.0005472486394547948,2.2062746005716005,2.3684459601221075,0.0,0.35833333333333334,77.0,0.00017738283534001284,0.0009266055327012135,0.000284803987945317,0.34429285634485696,0.00011966078083572926,0.0009266055327012135,0.00015749934942429022,0.0012125526715835537,0.7478203496866016,0.9743337836178313,1.2377409501143754e-05,0.0008489227715380854,3.669316903753276e-05,0.606760477210156,5.859856315969683e-06,0.00035705130123945845,3.212806637574886e-05,2.3845101334941062e-05,0.0009266055327012135,4.121559719301091e-05,6.208082633880657e-05,0.018818861542014072,1.8109218713208123e-05,0.0005893199431986351,4.067245802453754e-05,0.00013576993137964975,0.00035705130123945845,0.00016560894896969382,call_T050_s020_r005_q010,validation
O,0.008544542011804879,0.01447429193649441,0.0018570622461789616,0.0001280017351247677,0.010645710119044414,0.4095423293284256,nan,nan,0.0,0.0,120.0,0.00012571326183173135,0.0026791359974871745,0.00025577991005362423,nan,0.00026409374305200417,0.0026791359974871745,0.0003976912202082582,0.0021278238127275533,0.056005347990789565,1.0,6.774128684554733e-05,0.00023208433259552287,7.243800340687432e-05,0.02880941464160171,7.774483198586858e-05,0.0026791359974871745,0.00018911402537770855,8.85956048157024e-05,0.0026791359974871745,9.731934254299048e-05,0.00014658693969134417,0.6006482089869678,0.020098849056929442,7.003224888635092e-05,0.0003309661467372771,7.656265012168995e-05,0.0005313953460299272,0.0026791359974871745,0.0006157925874483196,16,0.12011019283746556,5.803786326747557e-08,1.8125555499796146e-05,1.8125555499796146e-05,5.165434048686461e-06,0.0,call,0.0,softplus,0.0005472486394547948,nan,nan,0.0,0.0,120.0,0.00018447924780392463,0.0009266130689038199,0.0002862278981975581,nan,0.00011972870694902684,0.0009266130689038199,0.000156866492526587,0.0012513465501567305,0.05604697836913699,1.0,6.835137922053633e-05,0.0008489433366269394,7.576045268146811e-05,0.02883144692566534,6.195143454515393e-05,0.00035705130123945845,6.982941761973595e-05,7.38431842813305e-05,0.0009266130689038199,5.84702186117115e-05,8.807052996532221e-05,0.018408258641917346,7.020649035961157e-05,0.0005893199431986074,7.604565907430744e-05,0.00013606620320267537,0.00035705130123945845,0.00016562870140480183,call_T050_s020_r005_q010,validation
O,0.016014292021282017,0.01447429193649441,0.0018570622461789616,0.0001280017351247677,0.010645710119044414,0.3756510868810334,2.0041307471227507,2.0290372442362505,0.0,0.9833333333333333,2.0,0.0001919542032904027,0.002785411367856396,0.0002724402041898709,0.15083794769610484,0.0002544427294967285,0.0028436588203443938,0.00038470355719855565,0.0018168750500238647,0.7721536670547148,0.9883180355227084,1.2054954063349104e-05,0.0002970480649347462,2.7984759464751767e-05,0.6335778694788323,2.750617179020678e-05,0.0028436588203443938,0.0001961321338023166,3.779861848510342e-05,0.0028436588203443938,8.506887438891358e-05,0.0001281347123173344,0.6006482089869678,0.015365882087974304,1.603167049935605e-05,0.0003471801250968104,3.72825220947279e-05,0.0005182674241381214,0.0028436588203443938,0.0005970317781188651,24,0.04690082644628099,2.511308169772331e-08,1.1333445702645179e-05,0.00010012855570421852,9.49582021357098e-05,0.00010012855570421852,call,0.0002970480649347462,raw,0.0002970480649347601,2.0176863575321735,2.042666337273597,0.0,0.9833333333333333,2.0,0.00013497272975706933,0.0004734116379397635,0.00016547102135741517,0.1508522002012866,3.987558546445496e-05,0.0004734116379397635,5.430518632887844e-05,0.0007427453410967912,0.7717679944095039,0.98736440576946,1.2557982765698e-05,0.00041994951452456464,3.017366949865878e-05,0.633450596512695,6.558089043741572e-06,0.0001762906373596329,1.8370209706206324e-05,1.547800518380842e-05,0.0004734116379397635,2.230118417235617e-05,3.3591068334406084e-05,0.01465986692736256,1.3421807693946269e-05,0.00024949077832495115,2.6205914227767743e-05,4.001298615312789e-05,0.0001762906373596329,4.969613325395881e-05,call_T050_s020_r005_q010,validation
O,0.008456542040221393,0.01447429193649441,0.0018570622461789616,0.0001280017351247677,0.010645710119044414,0.23321063962775193,2.004520202003193,2.029347591922093,0.0,0.9833333333333333,2.0,8.890092436485016e-05,0.002785411367856396,0.0002281158397766316,0.15017375252611717,0.0002518244871733484,0.0028436588203443938,0.00038395155103408386,0.0018283360418738228,0.7721536670547148,0.9883180355227084,5.938655499459877e-06,0.0001885925015143175,1.7629140263827375e-05,0.6335778694788323,2.4947567888311293e-05,0.0028436588203443938,0.00019569165675123183,3.205384355033732e-05,0.0028436588203443938,8.380672015144782e-05,0.00012623359664747834,0.6006482089869678,0.011883764222437403,1.1452472777830705e-05,0.0003471801250968104,3.5382219466586974e-05,0.0005167874009792322,0.0028436588203443938,0.0005967526330170238,24,0.02947658402203857,2.511308169772331e-08,1.0626612755066962e-05,1.0626612755066962e-05,3.7956291621082155e-06,0.0,call,0.0,hard,0.0002970480649347601,2.0180758124126155,2.0429771825117435,0.0,0.9833333333333333,2.0,6.663971701192654e-05,0.0004734116379397635,0.00011369825632350495,0.1501865410065259,3.902071345735662e-05,0.0004734116379397635,5.3938829783525214e-05,0.0004894025459899648,0.7717679944095039,0.98736440576946,6.227960195431749e-06,0.00041994951452456464,2.000595647520895e-05,0.633450596512695,3.999485141846087e-06,0.00014598484976071323,1.4415371544295511e-05,9.733230249042322e-06,0.0004734116379397635,1.7164746007870546e-05,2.5854329152970105e-05,0.009088862503995548,8.169225572384608e-06,0.00021219939111458141,2.0650813491923537e-05,3.8532962994238825e-05,0.00014598484976071323,4.744950576533731e-05,call_T050_s020_r005_q010,validation
O,0.008558457950130105,0.01447429193649441,0.0018570622461789616,0.0001280017351247677,0.010645710119044414,0.37287311618862423,nan,nan,0.0,0.0,120.0,9.60643490984639e-05,0.002785411367841341,0.0002262583041329799,nan,0.000258410881770491,0.0028436588203443938,0.0003846139559539122,0.0019103521068280312,0.0536922733695248,1.0,6.82001127411654e-05,0.00020271542980013213,7.038378730707372e-05,0.027586733914106678,8.34730781027338e-05,0.0028436588203443938,0.00020600877985424586,8.840213076183347e-05,0.0028436588203443938,9.421547977355426e-05,0.00014191175660127584,0.6006482089869678,0.011467345768218805,7.082731415364887e-05,0.0003471801250968104,7.571624298555958e-05,0.0005175539197726283,0.0028436588203443938,0.0005967108631143647,24,0.04690082644628099,2.508353674567041e-08,1.5584108217450865e-05,1.5584108217450865e-05,5.117160387769606e-06,0.0,call,0.0,softplus,0.0002970480649347601,nan,nan,0.0,0.0,120.0,7.83012101927229e-05,0.00047410962675281665,0.00011798289265344793,nan,4.610563799709518e-05,0.00047410962675281665,5.999136966903197e-05,0.0006385517690459379,0.05373223189700082,1.0,6.836071305584362e-05,0.00042143868605132306,7.09621488051527e-05,0.027607831141021718,6.216758745593161e-05,0.00014598484976071323,6.604190925001126e-05,6.598183234640155e-05,0.00047410962675281665,4.6387999018547434e-05,6.987173563903894e-05,0.009144251138883935,6.735919937253281e-05,0.00021219939111458141,6.988398032272349e-05,3.914494942132508e-05,0.00014598484976071323,4.7931037433822954e-05,call_T050_s020_r005_q010,validation
O,0.008437499986030161,0.01447429193649441,0.0018570622461789616,0.0001280017351247677,0.010645710119044414,0.41669560386137927,2.338437986857318,2.394564126482961,0.0,0.9166666666666666,10.0,0.00013151576368030643,0.0027866408339753505,0.00023822575525769382,0.15912851410673737,0.0002510261969785207,0.0028704145806117843,0.00038990310046159465,0.0018412163423654252,0.8208102882323847,0.9971594012891948,6.455900366103256e-06,0.00013413424685282394,1.4698343467211314e-05,0.6974629374904479,2.5078629529581902e-05,0.0028704145806117843,0.0001993594695291842,3.2431367289968366e-05,0.0028704145806117843,8.486368611512239e-05,0.00012782564815465457,0.6006482089869678,0.013261675968256021,1.13043059366261e-05,0.00048232758677241305,3.951949016884484e-05,0.0005135297015743314,0.0028704145806117843,0.0005981387552191494,32,0.09338842975206611,1.0877353218725376e-08,8.710809061408558e-06,3.673176925684382e-05,3.593553754891881e-05,3.673176925684382e-05,call,0.00010897091546197002,raw,0.00010897091546197696,2.3520615167871948,2.4082622788915082,0.0,0.9166666666666666,10.0,7.48917853802188e-05,0.0004088752342981117,0.00010396455706366246,0.15847443556028892,2.1195841236473733e-05,0.0004088752342981117,3.713202190933931e-05,0.00042950331335805985,0.8208196500067481,0.9967223861029171,6.8918953387383e-06,0.00036831999738901056,1.7384215947823295e-05,0.6976904252064852,2.954144705822896e-06,8.516192212212892e-05,1.0066697704635751e-05,8.420867084517683e-06,0.0004088752342981117,1.3561945955383663e-05,2.0427626166125867e-05,0.008170290093432576,7.279808131712682e-06,0.0001722511990131792,1.5602074456675814e-05,2.4174110103738233e-05,9.78205737804938e-05,3.075736331476511e-05,call_T050_s020_r005_q010,validation
O,0.00834441592451185,0.01447429193649441,0.0018570622461789616,0.0001280017351247677,0.010645710119044414,0.2292520313910688,2.340303304355786,2.3961110812679234,0.0,0.9166666666666666,10.0,9.592746580730098e-05,0.0027866408339753505,0.00023087386951957322,0.15878071242094902,0.0002502673358042055,0.0028704145806117843,0.00038971988939937453,0.001858778807148114,0.8208102882323847,0.9971594012891948,3.027813310161314e-06,0.00013413424685282394,1.0173067452825413e-05,0.6974629374904479,2.3683784337463515e-05,0.0028704145806117843,0.0001992357657490458,2.928677495746947e-05,0.0028704145806117843,8.456251700711501e-05,0.00012737201317604925,0.6006482089869678,0.01268854983125259,8.410248201848467e-06,0.00048232758677241305,3.864501532729215e-05,0.0005129359145419675,0.0028704145806117843,0.0005980661270000351,32,0.0,1.0877353218725376e-08,8.710806825353675e-06,8.710806825353675e-06,8.147008085627765e-06,0.0,call,0.0,hard,0.00010897091546197696,2.3539268342856627,2.40981431196291,0.0,0.9166666666666666,10.0,5.387464328068842e-05,0.0004088752342981117,9.611679946465385e-05,0.15813935155479367,2.1138021197213323e-05,0.0004088752342981117,3.7102785984134465e-05,0.000351788295572114,0.8208196500067481,0.9967223861029171,3.3778629145509444e-06,0.00036831999738901056,1.3532424700263977e-05,0.6976904252064852,1.559299513704509e-06,7.807670455811048e-05,8.367605607074842e-06,5.2762747520187835e-06,0.0004088752342981117,1.1702405859232624e-05,1.7626701427886813e-05,0.00642978170788832,4.103701319179669e-06,0.0001722511990131792,1.2224726230001051e-05,2.3580323071374393e-05,9.78205737804938e-05,3.010014209339168e-05,call_T050_s020_r005_q010,validation
O,0.008329292060807347,0.01447429193649441,0.0018570622461789616,0.0001280017351247677,0.010645710119044414,0.41461212584207235,nan,nan,0.0,0.0,120.0,0.00011536258777254727,0.0027866408339601097,0.0002313889214403531,nan,0.0002615003445469269,0.0028704145806117843,0.00039047098800658954,0.0019555188610216848,0.0536922733695248,1.0,6.746368207671801e-05,0.0001573639506454172,6.882692549133288e-05,0.027586733914106678,8.342008572168929e-05,0.0028704145806117843,0.00020932206723888757,8.807204285406758e-05,0.0028704145806117843,9.488778572468794e-05,0.00014292441522943526,0.6006482089869678,0.012570736411877054,7.0295792319068e-05,0.00048232758677241305,7.718879801278432e-05,0.000513769990568321,0.0028704145806117843,0.0005980534680530945,32,0.08960055096418733,1.0352396512200856e-08,1.4761943888584729e-05,1.4761943888584729e-05,9.015277424429543e-06,0.0,call,0.0,softplus,0.00010897091546197696,nan,nan,0.0,0.0,120.0,7.56575782677423e-05,0.00041020189254270534,0.0001053014672794726,nan,3.194767625778143e-05,0.00041020189254270534,4.6202120562974096e-05,0.0005607017694054941,0.05373223189700082,1.0,6.768083106201042e-05,0.00037080314948576,6.938440125278046e-05,0.027607831141021718,6.129347900361399e-05,0.00011382203606256913,6.486499347718216e-05,6.386125676595014e-05,0.00041020189254270534,4.467313375742366e-05,6.72887267850915e-05,0.006966695521666353,6.569557977151644e-05,0.00017225119901254082,6.781248619151842e-05,2.4890854460644215e-05,9.782057372721698e-05,3.153900311172418e-05,call_T050_s020_r005_q010,validation
O,0.008236250025220215,0.014497791999019682,0.0008667010949011577,8.10139253777321e-05,0.0034210998741864037,0.3535662198763803,1.1273235809062796,1.2781828865779299,0.0,1.0,0.0,0.0001490500922750035,0.0005159975800314021,0.0002090226828196607,0.07036199139219959,0.0005250648449000017,0.0019563388484627603,0.0006891800199229643,0.003959833825235505,0.703935543848776,0.8541134005113551,0.0002048418002225059,0.001177251815000213,0.0002999110396862955,0.5986717267552182,0.00012518070806854335,0.0019563388484627603,0.00021121892834692564,0.0003175902323864627,0.0019563388484627603,0.0003151810734300072,0.00047487947477370146,0.6047167920041829,0.04424038304833094,0.0003323719174356215,0.0018284816280255967,0.00048480426896206185,0.0005796479551067699,0.0019563388484627603,0.0007523477796146444,4,0.12603305785123967,2.421598255871431e-07,4.2982832828201676e-05,0.0005628349158099876,0.0005600553663724909,0.0005628349158099876,call,0.0016697435835696301,raw,0.0016697435835696301,1.13199925762748,1.2829533111937772,0.0,1.0,0.0,0.00014645089348104776,0.0005094978716873033,0.00020428902493423238,0.07184792752453974,0.0005440627937668641,0.0017540751972243052,0.00070117529410239,0.003923119745976127,0.7004219409282699,0.84884945104527,0.00020122673947787145,0.0011037087214093816,0.00029337410415567145,0.5961761909791908,0.00013314330342854367,0.000816859630155797,0.00021938669760683603,0.00032238197101200485,0.0017540751972243052,0.00031788516883988176,0.00047895323037678504,0.04384599730296728,0.00034021388438425855,0.0017540751972243052,0.0004957578233787345,0.00053044035838356,0.0017044439128426903,0.0006608476119344755,call_T050_s040_r005_q003,validation
O,0.008604624890722334,0.014497791999019682,0.0008667010949011577,8.10139253777321e-05,0.0034210998741864037,0.19786096256684493,1.134034450254965,1.2849781445025792,0.0,1.0,0.0,0.00011977447625345546,0.0005159975800314021,0.00020301937065752076,0.07059107987179533,0.00038220346292649435,0.0019563388484627603,0.0005182795438044462,0.0035763325116639068,0.703935543848776,0.8541134005113551,0.00012562451117613814,0.0007490819469608834,0.0002426889942144009,0.5986717267552182,0.00010635099194408037,0.0019563388484627603,0.00018682612127779883,0.00021596427596495628,0.0019563388484627603,0.00024180958951390623,0.000364331555870244,0.6047167920041829,0.05418017532590044,0.00021449827085843475,0.0018284816280255967,0.00035496681908177426,0.0005795045877606549,0.0019563388484627603,0.0007523333576374407,4,0.0,2.421598255871431e-07,4.2982832828201676e-05,4.2982832828201676e-05,2.2671131957028885e-05,0.0,call,0.0,hard,0.0016697435835696301,1.1396026022352936,1.2897673072912277,0.0,1.0,0.0,0.00011873019050028614,0.0005094978716873033,0.00019801100165571343,0.07208472054120792,0.0003937708126112662,0.0017044439128426903,0.0005255279190056049,0.0035335443045080837,0.7004219409282699,0.84884945104527,0.00012619822807318016,0.0007490819469608834,0.0002431586037193054,0.5961761909791908,0.00011431358730408067,0.000816859630155797,0.00019499347068005493,0.00022075601459049847,0.0017044439128426903,0.00024461125358668615,0.00036855242576878516,0.05454013470791568,0.00022230992761134493,0.0016683843991558422,0.000368580904748778,0.0005302969910374451,0.0017044439128426903,0.0006608172666710272,call_T050_s040_r005_q003,validation
O,0.008463374921120703,0.014497791999019682,0.0008667010949011577,8.10139253777321e-05,0.0034210998741864037,0.27085214250989653,nan,nan,0.0,0.0,120.0,0.00014792348824027533,0.0005165701217423324,0.00021016475789948583,nan,0.0003790053036072217,0.0019563388484627603,0.0005156792073664378,0.003584131554837783,0.12284462671264795,0.5301689460981497,0.00015314704673617143,0.0007491377499238006,0.00024787718253101274,0.0694707990723171,0.0001369695530057129,0.0019563388484627603,0.0001936877439923505,0.00023267025650123283,0.0019563388484627603,0.00024244850050527937,0.0003652941952594325,0.6047167920041829,0.05374722947876426,0.00022992582344612023,0.0018284816280255967,0.00035560135122692557,0.0005793515604649423,0.0019563388484627603,0.0007523166319551579,4,0.11453168044077135,2.4214855431191457e-07,4.2981836427963594e-05,4.2981836427963594e-05,1.779743798573352e-05,0.0,call,0.0,softplus,0.0016697435835696301,nan,nan,0.0,0.0,120.0,0.00014423032167386421,0.0005101087457510811,0.000205242817698896,nan,0.0003904035250808567,0.0017044439128426903,0.0005229066360470097,0.003539586691478049,0.11503267973856209,0.49557522123893805,0.0001538831760664323,0.0007491377499238006,0.00024836865678179866,0.06506813140382381,0.00014488048941893218,0.000816859630155797,0.00020145669383014674,0.00023746737699537377,0.0017044439128426903,0.00024522698628724163,0.0003694801417961039,0.054109314388336036,0.00023780196477305717,0.0016683843991558422,0.00036917289232706957,0.0005301155048421107,0.0017044439128426903,0.0006607799994460909,call_T050_s040_r005_q003,validation
O,0.008206250029616058,0.014497791999019682,0.0008667010949011577,8.10139253777321e-05,0.0034210998741864037,0.370997985971248,1.08060468486128,1.088242729591558,0.0,1.0,0.0,8.968231049064681e-05,0.0003042595462097175,0.00011010855168887942,0.02538722668724315,0.00022608408291790392,0.0025422939665023705,0.0003023541227203617,0.002185026624034286,0.7629229180586771,0.9001003296545793,3.766071957710257e-05,0.00033150137739704184,5.8248221999847686e-05,0.6620282521610795,4.037969000513196e-05,0.0025422939665023705,0.00016990792793895193,0.00010400334904379413,0.0025422939665023705,0.00012307423916326515,0.00018543445333180314,0.6047167920041829,0.027283663011981502,0.00010130191169390204,0.001095379179612832,0.0001700232209771967,0.0003830369443713592,0.0025422939665023705,0.000485815348480158,8,0.11859504132231405,2.0084700234685473e-07,3.681506604185184e-05,0.0001415082393846985,0.0001412175272968735,0.0001415082393846985,call,0.0004198077768412722,raw,0.0004198077768412722,1.0863210677973418,1.0938157646254885,0.0,1.0,0.0,9.255888097457986e-05,0.00030505500462263413,0.00011419019920829106,0.02549399458886201,0.00020882455210339683,0.0010187910154268454,0.00026004497315628957,0.0018300415937824567,0.7601556798832401,0.8958004873154651,3.671589429795066e-05,0.00031212174759261846,5.547324542447056e-05,0.6601880215485371,2.2418481351357822e-05,0.00042283088722286366,5.7746350019011705e-05,9.753757283666921e-05,0.0010187910154268454,0.0001067875388474998,0.00016089532230035788,0.025660146509905342,0.00010088630107391468,0.0010187910154268454,0.00016376834151509467,0.00023020365277094437,0.00047300796113861066,0.00026746141300334635,call_T050_s040_r005_q003,validation
O,0.008138541947118938,0.014497791999019682,0.0008667010949011577,8.10139253777321e-05,0.0034210998741864037,0.1868879783318286,1.0856317670838929,1.092944232413197,0.0,1.0,0.0,3.810007895690692e-05,0.0003042595462097175,7.689892945695405e-05,0.02577924737842898,0.00019429877756754998,0.0025422939665023705,0.00028102586664819474,0.0021386546022081404,0.7629229180586771,0.9001003296545793,1.092103586352549e-05,0.0002484238360156432,2.288551965607253e-05,0.6620282521610795,3.579291307936872e-05,0.0025422939665023705,0.0001679832715050441,7.548713507015389e-05,0.0025422939665023705,0.00011134889281381176,0.00016776801716108968,0.6047167920041829,0.029175481458797854,6.898294214259086e-05,0.001095379179612832,0.00014728155718230174,0.0003830369443713592,0.0025422939665023705,0.000485815348480158,8,0.0,2.0084700234685473e-07,3.681506604185184e-05,3.681506604185184e-05,1.0481170104788206e-05,0.0,call,0.0,hard,0.0004198077768412722,1.0913481500199547,1.0985190008056505,0.0,1.0,0.0,4.238955201404983e-05,0.00030505500462263413,8.213739015253554e-05,0.025718408070651844,0.00017509025442900852,0.0010187910154268454,0.00023299136871497873,0.0017798479868630169,0.7601556798832401,0.8958004873154651,1.1051519879361707e-05,0.0002484238360156432,2.3281553819053422e-05,0.6601880215485371,1.7831704425594576e-05,0.00042283088722286366,5.122146584434333e-05,6.902135886302899e-05,0.0010187910154268454,9.27633092865576e-05,0.0001397652076861017,0.027949336065456295,6.853978956211208e-05,0.0010187910154268454,0.00013956654590579955,0.00023020365277094437,0.00047300796113861066,0.00026746141300334635,call_T050_s040_r005_q003,validation
O,0.008338375017046928,0.014497791999019682,0.0008667010949011577,8.10139253777321e-05,0.0034210998741864037,0.3100215292728662,nan,nan,0.0,0.0,120.0,7.16405733647521e-05,0.0003079392294949024,9.497858428387344e-05,nan,0.000192800315028096,0.0025422939665023713,0.00027996312302311035,0.0021670652165414993,0.07332182390575809,1.0,6.258313066933721e-05,0.0002564332490584409,6.74451472383697e-05,0.038056082648113006,8.389149597395825e-05,0.0025422939665023713,0.0001784480335264374,0.00010843174656780053,0.0025422939665023713,0.00011599526946418384,0.00017476865612496288,0.6047167920041829,0.028566077629894434,0.0001014793214604459,0.001095379179612832,0.00015501796626426453,0.00038315449255830065,0.0025422939665023713,0.00048582286610194294,8,0.1134297520661157,2.0083765396779925e-07,3.681421261879586e-05,3.681421261879586e-05,1.0480927137079921e-05,0.0,call,0.0,softplus,0.0004198077768412722,nan,nan,0.0,0.0,120.0,7.262126330745597e-05,0.000308734687907819,9.851071236620281e-05,nan,0.00017336863519538395,0.0010187910154268454,0.00023157366787960478,0.0018106643952076106,0.07346357346357346,1.0,6.288206403088923e-05,0.0002564332490584409,6.770638548210658e-05,0.0381324601246435,6.562468170341952e-05,0.00042283088722286366,7.87913481324238e-05,0.00010192704177865892,0.0010187910154268454,9.825400310692692e-05,0.00014803796086887243,0.027330443721521644,0.00010109274288382537,0.0010187910154268454,0.0001476664460813197,0.00023007728033830823,0.00047300796113861066,0.0002674446385004532,call_T050_s040_r005_q003,validation
O,0.00833708408754319,0.014497791999019682,0.0008667010949011577,8.10139253777321e-05,0.0034210998741864037,0.28064448920063895,1.0175486618427394,1.0423521683767805,0.0,1.0,0.0,3.4546809658727674e-05,0.00019212227362386258,5.472500887845693e-05,0.06489604831090373,9.849931192212453e-05,0.002440717010865524,0.0001654378987602215,0.0011225754098937685,0.7628076098954614,0.993068469991547,2.5642929192599453e-05,0.0001239868242373099,3.587346068914634e-05,0.6192283364958887,3.0464170850198933e-05,0.002440717010865524,0.00014790951501083963,5.1295183339905075e-05,0.002440717010865524,6.791412978644751e-05,0.00010232539007410681,0.6047167920041829,0.012709155170973284,4.4647649914853774e-05,0.0004037100938280025,7.231902275089612e-05,0.0003029904724819351,0.002440717010865524,0.00038062422801837944,12,0.029614325068870524,7.746598978036805e-08,7.139281461828219e-06,4.1793311540666255e-05,3.850572656852648e-05,4.1793311540666255e-05,call,0.0001239868242373099,raw,0.00012398682423726826,1.0229515910688136,1.0480597083773642,0.0,1.0,0.0,3.999069559025477e-05,0.0001929177320367792,6.216519534291342e-05,0.0651386354508839,5.2701555717219924e-05,0.000249649252692663,6.965263834172241e-05,0.0006185957998148871,0.7651800806137043,0.9949281487743026,2.547068159153542e-05,0.0001381966276465807,3.572017077733243e-05,0.6216330410901024,8.362785303302696e-06,0.0001472852669486685,2.1203907679147346e-05,3.509383183580095e-05,0.000249649252692663,3.344655663859258e-05,5.0393468828685526e-05,0.011002876596124398,3.6270432063673484e-05,0.000249649252692663,4.969770276875661e-05,8.1048947241027e-05,0.00019771305931727545,9.603299260501194e-05,call_T050_s040_r005_q003,validation
O,0.008446458028629422,0.014497791999019682,0.0008667010949011577,8.10139253777321e-05,0.0034210998741864037,0.19348565872630044,1.021565623265045,1.0465567014037969,0.0,1.0,0.0,3.0836078930319516e-05,0.00019212227362386258,5.427253300268375e-05,0.0649050840070629,9.845948416943303e-05,0.002440717010865524,0.00016543580776124243,0.0011145531794155912,0.7628076098954614,0.993068469991547,1.1855099574247591e-05,0.00012146784731492666,2.4411029716586956e-05,0.6192283364958887,3.0201491325869852e-05,0.002440717010865524,0.00014790609022066238,4.234793493987705e-05,0.002440717010865524,6.644548880341985e-05,0.00010011260663802849,0.6047167920041829,0.012729662227992981,3.410914370382931e-05,0.0004037100938280025,6.854490582774712e-05,0.0003029904724819351,0.002440717010865524,0.00038062422801837944,12,0.029614325068870524,7.746598978036805e-08,7.139281461828219e-06,7.139281461828219e-06,5.192076483656082e-06,0.0,call,0.0,hard,0.00012398682423726826,1.0269685524911192,1.0522690306281395,0.0,1.0,0.0,3.734626703098959e-05,0.0001929177320367792,6.189983208522619e-05,0.06520293320616602,5.267686390424347e-05,0.000249649252692663,6.964928668984828e-05,0.0006038498618650323,0.7651800806137043,0.9949281487743026,1.1646987878165799e-05,0.0001381966276465807,2.4155065031115192e-05,0.6216330410901024,8.100105778973617e-06,0.0001472852669486685,2.1180512555752704e-05,2.6146583435772913e-05,0.000249649252692663,3.035392010067329e-05,4.5733835711407856e-05,0.011043079843064662,2.5711384211971173e-05,0.000249649252692663,4.402210403856703e-05,8.1048947241027e-05,0.00019771305931727545,9.603299260501194e-05,call_T050_s040_r005_q003,validation
O,0.008304374990984797,0.014497791999019682,0.0008667010949011577,8.10139253777321e-05,0.0034210998741864037,0.2612681436210848,nan,nan,0.0,0.0,120.0,8.381455071390561e-05,0.00020301088306329262,8.930061452553892e-05,nan,0.00010184991832506295,0.002440717010865524,0.0001666585067910216,0.0011907079219296052,0.07332182390575809,1.0,6.728709839508481e-05,0.00014745823517081647,7.090305211725273e-05,0.038056082648113006,7.926837426903638e-05,0.002440717010865524,0.00015945647102795556,7.945644043039916e-05,0.002440717010865524,7.578074803177964e-05,0.00011417792772788864,0.6047167920041829,0.012878962889640218,7.106121564376148e-05,0.0004037100938280025,8.79747380392397e-05,0.00030306687377702085,0.002440717010865524,0.0003806402127672658,12,0.029614325068870524,7.746238444082059e-08,7.186827652934206e-06,7.186827652934206e-06,5.606703390184217e-06,0.0,call,0.0,softplus,0.00012398682423726826,nan,nan,0.0,0.0,120.0,8.75031138807214e-05,0.00020380634147620924,9.406209023459305e-05,nan,5.560830889278567e-05,0.00025068709040532156,7.22496135187515e-05,0.0007328119959365971,0.07346357346357346,1.0,6.714664069655408e-05,0.00016059769445941896,7.07427744845265e-05,0.0381324601246435,5.685036086402829e-05,0.0001472852669486685,6.293211186006926e-05,6.306909621511854e-05,0.00025068709040532156,4.730839952182317e-05,7.127891765955843e-05,0.011349629667228,6.253671036317941e-05,0.00025068709040532156,7.038809075753249e-05,8.112024592881524e-05,0.00019771305931727545,9.604484892915618e-05,call_T050_s040_r005_q003,validation
O,0.008254499989561737,0.014497791999019682,0.0008667010949011577,8.10139253777321e-05,0.0034210998741864037,0.2852281408431141,1.2219860290375752,1.3228164903376516,0.0,0.9833333333333333,2.0,3.7238928958216454e-05,0.00016341843569045444,4.668793946146041e-05,0.15168579960357276,9.196378196535847e-05,0.002375449198471234,0.0001456419149676016,0.0009699580340688349,0.7394560504532912,0.9811715481171548,2.179673278796516e-05,0.00012018327405437102,3.3126815355143124e-05,0.5932953826691967,2.957547891164153e-05,0.002375449198471234,0.00013522142637671428,4.650209024370332e-05,0.002375449198471234,6.0025940427369356e-05,9.044035148664099e-05,0.6047167920041829,0.00975919956215894,3.933992119248498e-05,0.0003079654238696411,6.267639137871479e-05,0.00028997397723532804,0.002375449198471234,0.00034054224893700474,16,0.02940771349862259,4.3304772130905597e-08,7.181399973381108e-06,2.8941466827126447e-05,2.610670860591816e-05,2.8941466827126447e-05,call,8.585968492047513e-05,raw,8.585968492038178e-05,1.2274080610558071,1.3282695753631228,0.0,0.9833333333333333,2.0,3.891576748982217e-05,0.00016421389410337106,5.032716087727891e-05,0.15238918684712624,3.830700320271665e-05,0.00020637992946537231,4.862049951790246e-05,0.0004860040796208241,0.7431428007630072,0.9848326359832636,2.1469993176988565e-05,0.00012005895549848737,3.25451428910827e-05,0.5967043413964297,7.824747712209016e-06,7.818170276410917e-05,1.729136801065898e-05,2.7420043711317987e-05,0.00020637992946537231,2.5878485380935238e-05,3.8990759511339364e-05,0.008606395744727826,2.9692443037218216e-05,0.00020637992946537231,4.095947062126409e-05,2.6253505269154544e-05,6.422960745622319e-05,3.0750790256879936e-05,call_T050_s040_r005_q003,validation
O,0.008227917016483843,0.014497791999019682,0.0008667010949011577,8.10139253777321e-05,0.0034210998741864037,0.18563789152024446,1.2249899992195186,1.3255034990901957,0.0,0.9833333333333333,2.0,1.9402831276794004e-05,0.00016341843569045444,3.883186438628742e-05,0.15137860547563908,9.157735476328373e-05,0.002375449198471234,0.00014558043416296125,0.0009645802151431614,0.7394560504532912,0.9811715481171548,1.2478946816509864e-05,0.00012018327405437102,2.6878487563919908e-05,0.5932953826691967,2.903835470513144e-05,0.002375449198471234,0.00013517695073638134,4.032897707165768e-05,0.002375449198471234,5.910438036660432e-05,8.90518481959264e-05,0.6047167920041829,0.00974701559827332,3.2391504524639117e-05,0.0003079654238696411,6.0381442159026606e-05,0.00028997397723532804,0.002375449198471234,0.00034054224893700474,16,0.02940771349862259,4.3304772130905597e-08,7.181399973381108e-06,7.181399973381108e-06,3.047504607665974e-06,0.0,call,0.0,hard,8.585968492038178e-05,1.2304120312377502,1.3309641060684945,0.0,0.9833333333333333,2.0,2.403933593820388e-05,0.00016421389410337106,4.4466187028113236e-05,0.15209685208538512,3.8018898095256774e-05,0.00020637992946537231,4.847456690040052e-05,0.00047511927817561853,0.7431428007630072,0.9848326359832636,1.2080546242804254e-05,0.00012005895549848737,2.6113369196365522e-05,0.5967043413964297,7.2876235056989245e-06,7.818170276410917e-05,1.694522079050891e-05,2.1246930539272342e-05,0.00020637992946537231,2.366490096995363e-05,3.565558219488721e-05,0.00860670206597603,2.268620726647997e-05,0.00020637992946537231,3.7326557695555374e-05,2.6253505269154544e-05,6.422960745622319e-05,3.0750790256879936e-05,call_T050_s040_r005_q003,validation
O,0.008120832964777946,0.014497791999019682,0.0008667010949011577,8.10139253777321e-05,0.0034210998741864037,0.2777276199736093,nan,nan,0.0,0.0,120.0,6.864402446537012e-05,0.00017767959288006452,7.364306970947434e-05,nan,9.402349335769804e-05,0.002375449198471234,0.00014683697815948954,0.0010549131891142217,0.07332182390575809,1.0,6.959377840319601e-05,0.00014644070869130826,7.318495868956333e-05,0.038056082648113006,7.76671173226665e-05,0.002375449198471234,0.00014763812644496676,7.81953206879073e-05,0.002375449198471234,6.980528838071463e-05,0.0001051747756358283,0.6047167920041829,0.010021010714684676,7.036400561435225e-05,0.0003079654238696411,8.276854729229505e-05,0.0002900478808078617,0.002375449198471234,0.0003405602534466342,16,0.02940771349862259,4.3302756481151496e-08,7.912735774940722e-06,7.912735774940722e-06,3.643935495121274e-06,0.0,call,0.0,softplus,8.585968492038178e-05,nan,nan,0.0,0.0,120.0,7.078759976454768e-05,0.00017847505129298114,7.674820686951676e-05,nan,4.004099159443637e-05,0.0002079751937369423,5.188069052987659e-05,0.0006360673012403011,0.07346357346357346,1.0,6.93084451710136e-05,0.00014631883624934602,7.281194976156333e-05,0.0381324601246435,5.56613358956835e-05,0.00011575204294919293,6.143927061385e-05,5.896558574848711e-05,0.0002079751937369423,4.392142762917433e-05,6.617581349430359e-05,0.009071129217085179,6.0562924089975304e-05,0.0002079751937369423,6.763551683427916e-05,2.6322457695605482e-05,6.422959251509153e-05,3.079448375350934e-05,call_T050_s040_r005_q003,validation
O,0.00811808300204575,0.014497791999019682,0.0008667010949011577,8.10139253777321e-05,0.0034210998741864037,0.31641086186540734,1.2988117897942908,1.4134051946912856,0.0,0.9583333333333334,5.0,1.7844397444378065e-05,8.634735687462758e-05,2.3519232198953166e-05,0.15383780509060668,7.815231343447306e-05,0.002392137182247343,0.00013899825407329372,0.0009178703575875563,0.7777706392547382,0.9957229807534134,7.743022029304764e-06,7.224097674218832e-05,1.1792608610005513e-05,0.6380982500527093,2.5203858886101603e-05,0.002392137182247343,0.00013525730438405166,3.2533671383422824e-05,0.002392137182247343,5.5102626347285786e-05,8.302245427900534e-05,0.6047167920041829,0.0073327453781654945,2.314099311388786e-05,0.00026541385060822875,4.7384908626030094e-05,0.00030003423283669873,0.002392137182247343,0.0003469750200608478,24,0.024035812672176308,7.822436837756128e-08,3.7354016619381265e-06,2.435089103669269e-05,2.2159938313756652e-05,2.435089103669269e-05,call,7.224097674218832e-05,raw,7.224097674221087e-05,1.3040026190512293,1.418942922431153,0.0,0.9583333333333334,5.0,2.0845501473868803e-05,8.71428152875442e-05,2.7240027121023167e-05,0.1527523163038458,1.6920408299758926e-05,0.00010875585479008798,2.2006296222088985e-05,0.00027919407971737476,0.7792358162871477,0.9963809837144267,7.763391338131439e-06,7.224097674218832e-05,1.1851507088040932e-05,0.6398014154431182,2.59013936690415e-06,2.602473064943628e-05,5.103120435260593e-06,1.0999400200877197e-05,0.00010875585479008798,1.07422507011763e-05,1.6185202013741067e-05,0.00631086884010502,1.1638566464642044e-05,0.00010875585479008798,1.6651556138941082e-05,1.538936808279728e-05,4.265723295179824e-05,1.867869727905143e-05,call_T050_s040_r005_q003,validation
O,0.008136334014125168,0.014497791999019682,0.0008667010949011577,8.10139253777321e-05,0.0034210998741864037,0.19466629627057436,1.2991395708194649,1.4141491921087375,0.0,0.9583333333333334,5.0,1.5250317335602226e-05,8.634735687462758e-05,2.267556400695261e-05,0.15250819976579347,7.812621744877256e-05,0.002392137182247343,0.00013899635130265237,0.0009140473855275793,0.7777706392547382,0.9957229807534134,3.537071457773143e-06,3.990947742282813e-05,6.890153278508292e-06,0.6380982500527093,2.4673293217217626e-05,0.002392137182247343,0.0001352490989254128,2.979942017600291e-05,0.002392137182247343,5.486416395884797e-05,8.266316591012497e-05,0.6047167920041829,0.007271611361019421,1.9999493105971836e-05,0.00026541385060822875,4.6642116196051694e-05,0.00030003423283669873,0.002392137182247343,0.0003469750200608478,24,0.024035812672176308,7.822434457194607e-08,3.7354016619381265e-06,3.7354016619381265e-06,3.722107784723899e-06,0.0,call,0.0,hard,7.224097674221087e-05,1.304330400076403,1.4196909367904404,0.0,0.9583333333333334,5.0,1.9147217910770823e-05,8.71428152875442e-05,2.675706365747941e-05,0.1514210997831034,1.6902659329408116e-05,0.00010875585479008798,2.1998313548581357e-05,0.0002661784202533337,0.7792358162871477,0.9963809837144267,3.5444900224834073e-06,5.566059731099138e-05,6.972307162365684e-06,0.6398014154431182,2.0595736980201745e-06,2.602473064943628e-05,4.884234713853608e-06,8.265148993457278e-06,0.00010875585479008798,9.443537245484065e-06,1.4228448236244433e-05,0.006252679014525711,8.480295285479296e-06,0.00010875585479008798,1.439463434663089e-05,1.538936808279728e-05,4.265723295179824e-05,1.867869727905143e-05,call_T050_s040_r005_q003,validation
O,0.008131708949804306,0.014497791999019682,0.0008667010949011577,8.10139253777321e-05,0.0034210998741864037,0.3125217028960344,nan,nan,0.0,0.0,120.0,7.407238041521186e-05,0.00011496205669447868,7.47710607512012e-05,nan,8.534575143976594e-05,0.002392137182247343,0.0001408785453876582,0.0010130041134622,0.07332182390575809,1.0,6.651158842417385e-05,9.124734033449933e-05,6.805017632896463e-05,0.038056082648113006,7.600322915658102e-05,0.002392137182247343,0.00014774624336174764,7.314297359905104e-05,0.002392137182247343,6.63317745897388e-05,9.99412748207988e-05,0.6047167920041829,0.007572304970369461,6.396157212720854e-05,0.00026541385060822875,7.338179420496833e-05,0.0003001124033223294,0.002392137182247343,0.0003469925665626957,24,0.024035812672176308,7.822075890443964e-08,4.645259509046134e-06,4.645259509046134e-06,3.7300458801896675e-06,0.0,call,0.0,softplus,7.224097674221087e-05,nan,nan,0.0,0.0,120.0,7.556360465538712e-05,0.00011575751510739529,7.640996945334309e-05,nan,2.3211356929637334e-05,0.00012142434752715481,3.112568405656622e-05,0.000509854746576741,0.07346357346357346,1.0,6.650531455799173e-05,0.00010096866234055035,6.804944631567147e-05,0.0381324601246435,5.307690280671375e-05,7.64962423458034e-05,5.936620158101854e-05,5.1205612572532706e-05,0.00012142434752715481,3.833819510475522e-05,5.776363351348099e-05,0.0067925308509967424,5.204927240721805e-05,0.00012142434752715481,5.827068773802442e-05,1.5459391359168975e-05,4.265723295179824e-05,1.8732808798502218e-05,call_T050_s040_r005_q003,validation
O,0.008465333958156407,0.014497791999019682,0.0008667010949011577,8.10139253777321e-05,0.0034210998741864037,0.281269532606431,1.1704732433892417,1.2434159240441214,0.0,1.0,0.0,1.3817576791497661e-05,7.228798161773575e-05,1.9268763855893528e-05,0.1250491187910906,7.54965846584359e-05,0.0024245454362469433,0.00013885374719875963,0.0008951857352778674,0.8126948497318869,0.9946581196581197,4.775198348405108e-06,4.488271924985021e-05,7.012613407917488e-06,0.6870124393843559,2.5986699794606812e-05,0.0024245454362469433,0.00013893303944508334,2.9675734270009422e-05,0.0024245454362469433,5.481256196882784e-05,8.258541782185507e-05,0.6047167920041829,0.0046491865245966825,1.9871691734785283e-05,0.00025684728939270873,4.5821847935894345e-05,0.0002987417193800432,0.0024245454362469433,0.00034865755176515217,32,0.012396694214876033,6.487308652254995e-08,4.247906676122367e-06,8.311561302954724e-06,8.128651488297023e-06,8.311561302954724e-06,call,2.465763186543235e-05,raw,2.465763186549133e-05,1.1756995443170122,1.2490393975277214,0.0,1.0,0.0,1.5784194311282972e-05,7.308344003065237e-05,2.1693229313096032e-05,0.12528248716495846,9.637402297225466e-06,7.962059011457079e-05,1.2863722308258592e-05,0.00014602376025452959,0.8131593732442725,0.9940476190476191,4.807648938884718e-06,4.845103919115523e-05,7.105343595993737e-06,0.6879687334952994,2.5055892501429554e-06,4.174948867610023e-05,5.733115986557129e-06,6.5144410894246415e-06,7.962059011457079e-05,6.335620629111249e-06,9.545792834025192e-06,0.003120869918401842,6.741907487426249e-06,7.962059011457079e-05,9.478212923297911e-06,9.984817494491471e-06,4.174948867610023e-05,1.2865412252968421e-05,call_T050_s040_r005_q003,validation
O,0.008205750025808811,0.014497791999019682,0.0008667010949011577,8.10139253777321e-05,0.0034210998741864037,0.15264948954788526,1.1712809061450968,1.244447773382703,0.0,1.0,0.0,1.3255836334152837e-05,7.228798161773575e-05,1.9177942145154274e-05,0.12500832113338672,7.549247742965197e-05,0.0024245454362469433,0.0001388536631401202,0.0008941389856853875,0.8126948497318869,0.9946581196581197,2.0843065014407518e-06,4.488271924985021e-05,4.478526053071498e-06,0.6870124393843559,2.5260695835951483e-05,0.0024245454362469433,0.0001389241479719254,2.7930841651698848e-05,0.0024245454362469433,5.473666396346803e-05,8.247106322394282e-05,0.6047167920041829,0.004625966563529228,1.7898965394238485e-05,0.00025684728939270873,4.5580440365605574e-05,0.0002987417193800432,0.0024245454362469433,0.00034865755176515217,32,0.011983471074380166,6.487306008107501e-08,4.247906676122367e-06,4.247906676122367e-06,2.8138672281369483e-06,0.0,call,0.0,hard,2.465763186549133e-05,1.1765995817674144,1.2500708112810281,0.0,1.0,0.0,1.5541016937912118e-05,7.308344003065237e-05,2.1672564992169195e-05,0.12521349614730007,9.633186534516687e-06,7.962059011457079e-05,1.286257774147771e-05,0.00013932870113028966,0.8131593732442725,0.9940476190476191,2.111424108586854e-06,4.845103919115523e-05,4.616092992324454e-06,0.6879687334952994,1.7795852914876263e-06,4.174948867610023e-05,5.513700202784685e-06,4.769548471114068e-06,7.962059011457079e-05,5.6413345416708945e-06,8.499721494494684e-06,0.003093255521360197,4.763228422526808e-06,7.962059011457079e-05,8.229148513465037e-06,9.984817494491471e-06,4.174948867610023e-05,1.2865412252968421e-05,call_T050_s040_r005_q003,validation
O,0.008300082990899682,0.014497791999019682,0.0008667010949011577,8.10139253777321e-05,0.0034210998741864037,0.28633932912007776,nan,nan,0.0,0.0,120.0,7.41221516498719e-05,0.00010459037386012504,7.45085153376123e-05,nan,8.375015595193587e-05,0.0024245454362469433,0.00014085112688692157,0.0009970828220839027,0.07332182390575809,1.0,6.643049160631806e-05,9.42532947252328e-05,6.782057469285458e-05,0.038056082648113006,7.70359348344309e-05,0.0024245454362469433,0.00015110426498201931,7.252863174030206e-05,0.0024245454362469433,6.6255585510758e-05,9.982648166581601e-05,0.6047167920041829,0.0051550597957260615,6.326220251303541e-05,0.00025684728939270873,7.277736644756527e-05,0.00029882002790070143,0.0024245454362469433,0.0003486749881483569,32,0.012396694214876033,6.487009813394613e-08,4.762160701057846e-06,4.762160701057846e-06,2.8305216578137724e-06,0.0,call,0.0,softplus,2.465763186549133e-05,nan,nan,0.0,0.0,120.0,7.442947597735977e-05,0.00010538583227304166,7.495469815313094e-05,nan,1.731836460938544e-05,0.00010538583227304166,2.6146770137720835e-05,0.0004610742951536776,0.07346357346357346,1.0,6.643783311730862e-05,9.644635604866281e-05,6.783361661347987e-05,0.0381324601246435,5.333364719929702e-05,7.246033152936502e-05,5.939231071481703e-05,4.907944707400593e-05,0.00010538583227304166,3.7644031241343856e-05,5.671774632722108e-05,0.004136966626656292,4.9850704623076736e-05,9.623483814391598e-05,5.717602302556138e-05,1.0048589875683532e-05,4.174948867610023e-05,1.2944847725990088e-05,call_T050_s040_r005_q003,validation
O,0.0083722909912467,0.01468608295544982,0.0008601893903907523,8.49573851695777e-05,0.003351576068902474,0.3804430863254393,2.4835783193885757,2.4868904961211475,0.0,0.21666666666666667,94.0,0.00036172970387874,0.0008001121880562012,0.0004185294032150858,0.022581128653738153,0.0007517211872943958,0.0023110215981544113,0.0008849449564852143,0.004571408719791073,0.5151705904570062,0.855887889562853,0.0003658425043468632,0.0014057654773355077,0.0005011922688960227,0.3684826654660063,9.933330328588591e-05,0.0018665516930862196,0.00017115355701930626,0.00045903743795129435,0.0023110215981544113,0.0004090060181757792,0.0006161679443444561,0.6067577090580016,0.04655948490169081,0.0004926099428776592,0.0022362586873935497,0.0006332789348472025,0.0007237709676647883,0.0023110215981544113,0.0009507757590551098,4,0.1252754820936639,2.2548478405366755e-07,3.083023457393409e-05,0.0004738503291151006,0.0004735295698324887,0.0004738503291151006,call,0.0014057654773355077,raw,0.0014057654773355095,2.4903598921672914,2.49384782235081,0.0,0.21666666666666667,94.0,0.00032080190659206065,0.000891024992496825,0.000381796452793432,0.024328626518808093,0.0007799248302681102,0.0021254976552649296,0.0008949613138548636,0.00451325057112908,0.5130659278382974,0.8521229868228404,0.0003642157180548856,0.0014057654773355077,0.0004996244096982375,0.36702702702702705,0.0001111338443423768,0.0009083057299467418,0.00019221688304840658,0.0004647570722210648,0.0021254976552649296,0.00041078231514355394,0.0006188431096327046,0.046165309897060296,0.000501715622347343,0.002060250158192639,0.0006434652002601095,0.0006864940086742875,0.0021254976552649296,0.0008517282288271689,call_T050_s040_r005_q006,validation
O,0.00834483397193253,0.01468608295544982,0.0008601893903907523,8.49573851695777e-05,0.003351576068902474,0.23904437808181123,2.4835783193885757,2.4868904961211475,0.0,0.21666666666666667,94.0,7.673634819701092e-05,0.0008001121880562012,0.00017150485174077638,0.022581128653738153,0.0006014759502784686,0.0023110215981544113,0.0007860903149395678,0.003932254677768899,0.5151705904570062,0.855887889562853,0.00021758768401213457,0.0008149280842817408,0.0003409068813034986,0.3684826654660063,7.52374288575269e-05,0.0018665516930862196,0.00014181453658412,0.0003103019050023509,0.0023110215981544113,0.0003234160920592091,0.00048722664155615423,0.6067577090580016,0.05135456491497492,0.0003237532018907576,0.0022362586873935497,0.0004853905369361214,0.0007235867359428901,0.0023110215981544113,0.0009507633687729515,4,0.0,2.2548478405366755e-07,3.083023457393409e-05,3.083023457393409e-05,2.499142049154042e-05,0.0,call,0.0,hard,0.0014057654773355095,2.4903598921672914,2.49384782235081,0.0,0.21666666666666667,94.0,0.00013764134979468972,0.000891024992496825,0.0002531201093094404,0.024328626518808093,0.0006234875553137694,0.0021254976552649296,0.000792872982840599,0.0038536299697671133,0.5130659278382974,0.8521229868228404,0.00021793711019072715,0.0008149280842817408,0.00034109010247062937,0.36702702702702705,8.703796991401778e-05,0.0009083057299467418,0.00016603763483096949,0.00031602153927212136,0.0021254976552649296,0.0003253563597368791,0.0004901490010055189,0.05129702731478552,0.00033096332805157677,0.002060250158192639,0.0004968944707156156,0.0006863097769523892,0.0021254976552649296,0.0008517037892129374,call_T050_s040_r005_q006,validation
O,0.00854525004979223,0.01468608295544982,0.0008601893903907523,8.49573851695777e-05,0.003351576068902474,0.3022432113341204,nan,nan,0.0,0.0,120.0,7.872975538877712e-05,0.0008001214826752756,0.00017215553372463844,nan,0.0006005522254267654,0.0023110215981544113,0.0007855968277299207,0.003931177688811756,0.2804995196926032,0.7817133443163097,0.00023716633396861088,0.0008149569744162477,0.00034468616581646166,0.17091400270148582,0.00011095648429689249,0.0018665516930862196,0.00015552291495240118,0.00032492895347520427,0.0023110215981544113,0.0003246249632897848,0.000489047807182135,0.6067577090580016,0.05064176743723029,0.0003365302080945194,0.0022362586873935497,0.0004870212529847971,0.000723532944252468,0.0023110215981544113,0.0009507618274543943,4,0.11942148760330579,2.254753029948788e-07,3.0829519902375226e-05,3.0829519902375226e-05,1.7922908636331085e-05,0.0,call,0.0,softplus,0.0014057654773355095,nan,nan,0.0,0.0,120.0,0.000139937046272051,0.0008910261098539207,0.0002533320052316769,nan,0.0006225363920982262,0.0021254976552649296,0.0007923640031880099,0.0038504364827682287,0.27542874039030163,0.7672981878088962,0.00023757144737008654,0.0008149569744162477,0.00034487820355878616,0.16783783783783784,0.00012267592562269195,0.0009083057299467418,0.0001778262116812224,0.00033067716892478516,0.0021254976552649296,0.0003265559964855481,0.0004919562524586797,0.05062045530575353,0.00034377085419931135,0.002060250158192639,0.0004984866121314458,0.0006861496685714449,0.0021254976552649296,0.000851692085852419,call_T050_s040_r005_q006,validation
O,0.00870524998754263,0.01468608295544982,0.0008601893903907523,8.49573851695777e-05,0.003351576068902474,0.35995555246892147,0.9307345375159543,1.0054024111575928,0.0,1.0,0.0,0.0001433635229893044,0.0005073763816597632,0.00018284918832822976,0.013175714869212048,0.00026775289062935776,0.002205358636722776,0.0003521768490080951,0.0022091811653040393,0.8680592925982096,0.9502999143101971,0.00012880968818809223,0.0007370529251586877,0.0001904554246453487,0.7989194056731203,4.322786984021008e-05,0.002205358636722776,0.00011300291657636023,0.0001623663553441823,0.002205358636722776,0.0001591260203198958,0.0002397234966603497,0.6067577090580016,0.028577354839094148,0.00017906650093998467,0.0011353282791494723,0.00025469718043762525,0.00015204273499355386,0.002205358636722776,0.0002247523413428337,8,0.08526170798898072,9.460190243983981e-08,7.81391690066554e-06,0.0002484448062332655,0.00024765259360939526,0.0002484448062332655,call,0.0007370529251586877,raw,0.0007370529251587259,0.9409826294062136,1.0155056040092705,0.0,1.0,0.0,0.0002018952786055884,0.0005931188993383296,0.00025436469474121484,0.014452325198759546,0.0002713024704210148,0.0010118591565557167,0.0003404119602156616,0.002088187133763802,0.8634762184380504,0.9450514138817481,0.00012904947272245857,0.0007370529251586877,0.00019065937175515878,0.7948648648648649,4.021447302765097e-05,0.00039058006898436137,7.423495506555643e-05,0.00016345408066253015,0.0010118591565557167,0.00015649922005596138,0.0002357659042860181,0.02762295000445996,0.00017475108439676096,0.0010118591565557167,0.0002463740458182197,0.00023885286142150616,0.00047504128202557894,0.0002754824745535507,call_T050_s040_r005_q006,validation
O,0.008698959019966424,0.01468608295544982,0.0008601893903907523,8.49573851695777e-05,0.003351576068902474,0.1178554066254601,0.9426185474039829,1.0165923968926078,0.0,1.0,0.0,0.00011676596533958858,0.0005073763816597632,0.00017232508910142017,0.017750185323259643,0.00024767151026316124,0.002205358636722776,0.0003450877447596024,0.0019666657309517625,0.8680592925982096,0.9502999143101971,3.696228521180414e-05,0.0005661715546743107,0.00010437033244295975,0.7989194056731203,2.5064106203402693e-05,0.002205358636722776,0.0001077937826348932,8.78514198188391e-05,0.002205358636722776,0.00012772236556468218,0.00019241386175148902,0.6067577090580016,0.027831698988683474,9.329428033633525e-05,0.0011353282791494723,0.00020193776133138738,0.00015204273499355386,0.002205358636722776,0.0002247523413428337,8,0.010192837465564738,9.460175557100856e-08,1.3103259209428273e-05,1.3103259209428273e-05,9.621846246728113e-06,0.0,call,0.0,hard,0.0007370529251587259,0.9528666392942422,1.0267071936021759,0.0,1.0,0.0,0.0001967067847133087,0.0005931188993383296,0.000253667757522885,0.018441472871053754,0.000249889119286466,0.0010118591565557167,0.0003325759852183843,0.001827886579961329,0.8634762184380504,0.9450514138817481,3.759465338379978e-05,0.0005661715546743107,0.00010491364188026596,0.7948648648648649,2.2050709390843594e-05,0.00039058006898436137,6.593046347348839e-05,8.89391451371869e-05,0.0010118591565557167,0.00012435338513172705,0.00018733823904122591,0.027518057783731772,8.856153311557868e-05,0.0010118591565557167,0.0001910231823541528,0.00023885286142150616,0.00047504128202557894,0.0002754824745535507,call_T050_s040_r005_q006,validation
O,0.00835045799612999,0.01468608295544982,0.0008601893903907523,8.49573851695777e-05,0.003351576068902474,0.24744773942634904,nan,nan,0.0,0.0,120.0,0.00014496894119965363,0.0005075498461186712,0.0001823877887464944,nan,0.00024616080170797587,0.002205358636722776,0.00034442899835656347,0.0019775960936511175,0.12082240460275825,1.0,7.076758260456856e-05,0.0005665186065120231,0.00011579369100464912,0.06429536244934714,7.214864496897452e-05,0.002205358636722776,0.00012202885643225701,0.00011312742296722468,0.002205358636722776,0.00013078680895240976,0.00019703044854695408,0.6067577090580016,0.0270748859679244,0.00011687927094181726,0.0011353282791494723,0.0002060056828906349,0.00015218185695922278,0.002205358636722776,0.00022478762023304854,8,0.08477961432506886,9.459764419350275e-08,7.813730280593965e-06,7.813730280593965e-06,7.697668716833677e-06,0.0,call,0.0,softplus,0.0007370529251587259,nan,nan,0.0,0.0,120.0,0.00021904649376093457,0.0005931408747198441,0.0002603816318579743,nan,0.00024809357478211184,0.0010118591565557167,0.00033169507223630994,0.0018351091956980896,0.12087353986795327,1.0,7.135415551843505e-05,0.0005665186065120231,0.00011636973137809644,0.06432432432432432,6.861651941425887e-05,0.00039058006898436137,8.70732866976479e-05,0.00011409947917205703,0.0010118591565557167,0.00012746859521618162,0.00019203129963500857,0.026697794765615086,0.00011217502726252334,0.0010118591565557167,0.00019528062055808838,0.0002388892463010033,0.00047504128202557894,0.0002754851497183412,call_T050_s040_r005_q006,validation
O,0.008394208969548345,0.01468608295544982,0.0008601893903907523,8.49573851695777e-05,0.003351576068902474,0.39113827349121466,1.9878687711362544,2.2138599845667284,0.0,0.2,96.0,0.00012307455746901903,0.0005284383627296441,0.00015557125744064228,0.43576325512529057,0.00015843307686777948,0.0022716531668030004,0.000207003809548545,0.0013456299394201893,0.6429788269651983,0.9911836428437442,4.641654063987304e-05,0.00029897633060638196,7.043716275539097e-05,0.4758217019360648,3.401066309240083e-05,0.0022716531668030004,0.00011892411054847561,7.347005283862155e-05,0.0022716531668030004,7.885461543185542e-05,0.00011879455101767568,0.6067577090580016,0.01799141437891743,6.865886383866144e-05,0.0006921919067928162,0.00010476177777776797,0.0002875885491168551,0.0022716531668030004,0.00032454856407549386,12,0.028856749311294765,6.084714045223077e-08,9.294755033477888e-06,9.484879178543343e-05,9.422706648587135e-05,9.484879178543343e-05,call,0.00028138515521491936,raw,0.00028138515521495926,1.993735626717304,2.2206691959368454,0.0,0.2,96.0,0.00012935221835581434,0.00056103314746625,0.00017484278331454184,0.4358263235117429,0.00011839070228122818,0.0007167930385201249,0.00015408534561865757,0.0011311441778654283,0.6464609579453472,0.9962483586569124,4.634190203852869e-05,0.0003524384272951542,7.0510827976556e-05,0.47846846846846847,2.294902194820289e-05,0.0002350719409316554,4.7663813653156414e-05,6.376726927160014e-05,0.0007167930385201249,6.473753724521221e-05,9.752702923637248e-05,0.018206594452753737,6.612186389589198e-05,0.0007167930385201249,9.918999284823313e-05,0.00010208014545430642,0.00023772248339812285,0.00011987387998791383,call_T050_s040_r005_q006,validation
O,0.008305166964419186,0.01468608295544982,0.0008601893903907523,8.49573851695777e-05,0.003351576068902474,0.2982151538301271,1.9888095110309845,2.2139836561101003,0.0,0.2,96.0,6.410382722033137e-05,0.0005284383627296441,0.00012554247610325114,0.4334349934251235,0.0001576204584129215,0.0022716531668030004,0.00020678095591996872,0.001251173871528261,0.6429788269651983,0.9911836428437442,2.5615354048760586e-05,0.00029897633060638196,4.849974466340357e-05,0.4758217019360648,2.671878904587557e-05,0.0022716531668030004,0.00011796852436111404,5.749637645376523e-05,0.0022716531668030004,7.304962801828703e-05,0.00011004933211474341,0.6067577090580016,0.016950837552135837,5.1723622794289975e-05,0.0006921919067928162,9.374257402820833e-05,0.0002875885491168551,0.0022716531668030004,0.00032454856407549386,12,0.028856749311294765,6.084714045223077e-08,9.294755033477888e-06,9.294755033477888e-06,5.664432506336085e-06,0.0,call,0.0,hard,0.00028138515521495926,1.994676366612034,2.2207925350766007,0.0,0.2,96.0,9.206030622611658e-05,0.00056103314746625,0.00016113717185890701,0.4334989500582787,0.00011818578283902384,0.0007167930385201249,0.00015402959348737095,0.0010101070548516548,0.6464609579453472,0.9962483586569124,2.5337850128093018e-05,0.0003524384272951542,4.8405100654782186e-05,0.47846846846846847,1.565714790167763e-05,0.0002350719409316554,4.524074825171043e-05,4.7793592886743804e-05,0.0007167930385201249,5.7541175518494545e-05,8.668571814573454e-05,0.017321722686730406,4.876437679088526e-05,0.0007167930385201249,8.707169563150054e-05,0.00010208014545430642,0.00023772248339812285,0.00011987387998791383,call_T050_s040_r005_q006,validation
O,0.008248500060290098,0.01468608295544982,0.0008601893903907523,8.49573851695777e-05,0.003351576068902474,0.35578859643030764,nan,nan,0.0,0.0,120.0,7.974579947623301e-05,0.0005285789063025348,0.00013123617910225293,nan,0.0001594534298510058,0.0022716531668030004,0.0002076389978336055,0.0013072525808448087,0.06296877725449154,1.0,7.507369217441002e-05,0.0003038427060580995,8.362495841682211e-05,0.0325078793336335,7.792958992355263e-05,0.0022716531668030004,0.00013305302916123774,9.545254282835734e-05,0.0022716531668030004,8.321711965261087e-05,0.00012536666765763588,0.6067577090580016,0.016583730651395314,9.007205293607684e-05,0.000692191907051054,0.00011211107763315114,0.00028769741900330623,0.0022716531668030004,0.00032457523673883753,12,0.028856749311294765,6.08443083652222e-08,1.0683649433358073e-05,1.0683649433358073e-05,6.225510302099497e-06,0.0,call,0.0,softplus,0.00028138515521495926,nan,nan,0.0,0.0,120.0,0.00010692354754983918,0.0005611250153569891,0.0001657377659202899,nan,0.00011997159649958945,0.0007167930387783628,0.00015521681303278277,0.001072931016432776,0.06299624814588604,1.0,7.483411656693503e-05,0.0003553428328391117,8.347531086966799e-05,0.03252252252252252,6.690007266096276e-05,0.0002350719409316554,7.622193688888607e-05,8.57508446894355e-05,0.0007167930387783628,6.996519680698611e-05,0.00010540249266322119,0.017011360258965203,8.711716815727779e-05,0.0007167930387783628,0.0001065409037762539,0.00010218678727706648,0.00023772248339812285,0.00011989918244755167,call_T050_s040_r005_q006,validation
O,0.008253500098362565,0.01468608295544982,0.0008601893903907523,8.49573851695777e-05,0.003351576068902474,0.3437738731856379,2.0409653439330353,2.2078736879424987,0.0,0.2916666666666667,85.0,0.00011583312535966006,0.0004159202123336092,0.0001371814918794078,0.3459347583533335,0.0001445369800697268,0.0023654101904301006,0.00019887955025770646,0.001381351686002334,0.6499615861946693,0.9454951856946355,2.893440220762281e-05,0.00025190997549928706,4.527840148185551e-05,0.49518235029266094,3.603472570138732e-05,0.0023654101904301006,0.000134961228164725,5.685399207992659e-05,0.0023654101904301006,6.995854421426219e-05,0.00010539261150750805,0.6067577090580016,0.022187583007997926,4.953981630669344e-05,0.000474972347939695,8.446969225164702e-05,0.00028414220110348096,0.0023654101904301006,0.00033782618953034883,16,0.0331267217630854,1.242944448230852e-07,1.1073035991064142e-05,5.925962500505435e-05,5.824943683471381e-05,5.925962500505435e-05,call,0.0001758036592792167,raw,0.00017580365927922711,2.0468390853151646,2.2145619182879646,0.0,0.2916666666666667,85.0,0.00011928231881279313,0.0004411961707441181,0.00014863719771185843,0.35063925832298937,8.475393104738983e-05,0.0004928700797766083,0.00011003610582241492,0.0010720346762640703,0.6526365571056988,0.9491059147180193,2.931496292773526e-05,0.00029654064628037435,4.6016683659988634e-05,0.4972972972972973,1.833140245093264e-05,0.0001804462729839279,3.3825565319162266e-05,4.272315814060985e-05,0.0004928700797766083,4.469518537622937e-05,6.733324801037264e-05,0.021164139542652498,4.3280707579494e-05,0.0004928700797766083,6.74360668314249e-05,6.567013439142204e-05,0.0001386969141259145,7.753147223337836e-05,call_T050_s040_r005_q006,validation
O,0.008162082987837493,0.01468608295544982,0.0008601893903907523,8.49573851695777e-05,0.003351576068902474,0.2489756233071741,2.042021905366336,2.208058164062496,0.0,0.2916666666666667,85.0,5.586158267100871e-05,0.0004159202123336092,0.00010392559046254812,0.3442799599450892,0.0001423762677878932,0.0023654101904301006,0.00019836556772437501,0.001338698542430598,0.6499615861946693,0.9454951856946355,1.4348633890173806e-05,0.00025190997549928706,2.995967317058051e-05,0.49518235029266094,2.7436657861961713e-05,0.0023654101904301006,0.00013382624898247293,4.526904325171576e-05,0.0023654101904301006,6.698720311100394e-05,0.00010091628338963188,0.6067577090580016,0.021838108754248554,3.795476733479879e-05,0.000474972347939695,7.890543161295542e-05,0.00028414220110348096,0.0023654101904301006,0.00033782618953034883,16,0.026859504132231406,1.242944448230852e-07,1.1073035991064142e-05,1.1073035991064142e-05,8.600541558864326e-06,0.0,call,0.0,hard,0.00017580365927922711,2.0478956467484655,2.214745789576281,0.0,0.2916666666666667,85.0,7.786974912134103e-05,0.0004411961707441181,0.00013040595139419855,0.348982691258738,8.328041313141904e-05,0.0004928700797766083,0.00010949921450515972,0.0010107962301318817,0.6526365571056988,0.9491059147180193,1.4504376544547667e-05,0.00029654064628037435,3.067602769604323e-05,0.4972972972972973,9.73333461150704e-06,0.0001804462729839279,2.8999551404053915e-05,3.113820931239901e-05,0.0004928700797766083,3.990088841145222e-05,6.011064486313516e-05,0.02082844362336478,3.134167809949012e-05,0.0004928700797766083,5.98796889229757e-05,6.567013439142204e-05,0.0001386969141259145,7.753147223337836e-05,call_T050_s040_r005_q006,validation
O,0.008335417020134628,0.01468608295544982,0.0008601893903907523,8.49573851695777e-05,0.003351576068902474,0.31363289117299814,nan,nan,0.0,0.0,120.0,7.055305987944312e-05,0.0004163525640149546,0.00010996296704505585,nan,0.00014326724533176972,0.0023654101904301006,0.00019845851610534983,0.001396981120107089,0.06296877725449154,1.0,6.937433250350271e-05,0.00025959129298191996,7.398087517806144e-05,0.0325078793336335,7.88546147630098e-05,0.0023654101904301006,0.0001468576853012578,8.72204727781255e-05,0.0023654101904301006,7.759111373445969e-05,0.0001168910845429465,0.6067577090580016,0.021656806447241075,8.102471443100436e-05,0.0004749753112970323,9.93624789124275e-05,0.0002842832583602362,0.0023654101904301006,0.00033784845866455796,16,0.0331267217630854,1.2428865947603798e-07,1.1072779308492555e-05,1.1072779308492555e-05,9.072603648686632e-06,0.0,call,0.0,softplus,0.00017580365927922711,nan,nan,0.0,0.0,120.0,9.031655132042797e-05,0.0004415003628321923,0.0001349800633833464,nan,8.405450297501257e-05,0.0004928730431339456,0.00010955518088196802,0.0010803351294190672,0.06299624814588604,1.0,6.941240245114013e-05,0.0003015661758943855,7.420109330177497e-05,0.03252252252252252,6.061238072316202e-05,0.0001804462729839279,6.679319971398402e-05,7.295366861841232e-05,0.0004928730431339456,5.584142066044356e-05,8.412503930637903e-05,0.02073151580077133,7.43496671644753e-05,0.0004928730431339456,8.49641268360778e-05,6.56893609806511e-05,0.0001386969141259145,7.753444337389612e-05,call_T050_s040_r005_q006,validation
O,0.008308458025567234,0.01468608295544982,0.0008601893903907523,8.49573851695777e-05,0.003351576068902474,0.35912216126119867,1.786663193655456,1.9459938550920726,0.0,0.625,45.0,4.245812432409398e-05,0.00011975635920291605,4.749816175083913e-05,0.2843406831856778,0.00011594593080113489,0.0023380257937058117,0.00017366058208882957,0.0009150346667916126,0.811235244519393,0.9778935332232245,1.0679006106600845e-05,0.00011397402301749349,1.8577197614956237e-05,0.6931112111661414,2.5354473681417588e-05,0.0023380257937058117,0.00013100252294297055,3.610239561004135e-05,0.0023380257937058117,5.765934021125886e-05,8.686384931128361e-05,0.6067577090580016,0.0071938666922542385,2.6348647425250305e-05,0.00028159628304938455,5.288599033553657e-05,0.0003092834023386972,0.0023380257937058117,0.000352456222018354,24,0.0831267217630854,3.90334931077375e-08,4.428751398005101e-06,2.7122307110665758e-05,2.6432663176440182e-05,2.7122307110665758e-05,call,8.046284442830842e-05,raw,8.046284442833965e-05,1.7958757573121802,1.9552604080322638,0.0,0.625,45.0,3.854241841980532e-05,0.00013437903731328138,4.668239151789468e-05,0.28226552671194516,1.8232558227615968e-05,0.00013663971262933838,2.5161948285879822e-05,0.0003187107089663056,0.8107110853407833,0.977004192605768,1.0770057088851721e-05,0.00011397402301749349,1.8722943807864183e-05,0.6927927927927928,5.090590789491856e-06,7.457795910609244e-05,1.23043303971328e-05,1.2574900783432981e-05,0.00013663971262933838,1.3585686911982262e-05,2.046682251198995e-05,0.006129956962023743,1.2757060337817892e-05,0.00013663971262933838,2.0348390810477583e-05,2.0376808001941884e-05,6.943643590737701e-05,2.4818016950842282e-05,call_T050_s040_r005_q006,validation
O,0.008193374960683286,0.01468608295544982,0.0008601893903907523,8.49573851695777e-05,0.003351576068902474,0.16209458990207654,1.7903822874858513,1.9484875031427227,0.0,0.625,45.0,1.5654012452176632e-05,0.00011975635920291605,2.8124464149139683e-05,0.2827642309063997,0.00011525734456477145,0.0023380257937058117,0.00017358657018629072,0.0008978454182392798,0.811235244519393,0.9778935332232245,4.596073347773745e-06,0.00011397402301749349,1.310639117214073e-05,0.6931112111661414,2.366493602409043e-05,0.0023380257937058117,0.00013091763190785634,3.132227067195269e-05,0.0023380257937058117,5.71308653613462e-05,8.606770146152636e-05,0.6067577090580016,0.0066349276915469765,2.137825709903709e-05,0.00028159628304938455,5.161087810014833e-05,0.0003092834023386972,0.0023380257937058117,0.000352456222018354,24,0.0026859504132231405,3.9033487666897073e-08,4.428751398005101e-06,4.428751398005101e-06,2.9153626390542044e-06,0.0,call,0.0,hard,8.046284442833965e-05,1.7995948511425768,1.9577640783307848,0.0,0.625,45.0,2.0581333049434573e-05,0.00013437903731328138,3.623569779908366e-05,0.2807075856284092,1.7695053630550687e-05,0.00013663971262933838,2.488217197374553e-05,0.00025573523719436445,0.8107110853407833,0.977004192605768,4.6364980401717335e-06,0.00011397402301749349,1.32031468699259e-05,0.6927927927927928,3.4010531321647023e-06,7.457795910609244e-05,1.1352899627489178e-05,7.794775845344325e-06,0.00013663971262933838,1.1144966647076852e-05,1.678988009554297e-05,0.00534003786588666,7.614291327363999e-06,0.00013663971262933838,1.6434389459341034e-05,2.0376808001941884e-05,6.943643590737701e-05,2.4818016950842282e-05,call_T050_s040_r005_q006,validation
O,0.00808841607067734,0.01468608295544982,0.0008601893903907523,8.49573851695777e-05,0.003351576068902474,0.35016320577817905,nan,nan,0.0,0.0,120.0,4.8185107235748066e-05,0.00012779934722018105,5.335383139617728e-05,nan,0.00012131428042128944,0.0023380257937058117,0.0001747372063820367,0.0009985180095817524,0.06296877725449154,1.0,6.67356338673462e-05,0.00014172978064019848,6.852167367348675e-05,0.0325078793336335,8.001974353543938e-05,0.0023380257937058117,0.0001452021136779745,7.991711697743044e-05,0.0023380257937058117,6.941418883240613e-05,0.00010457253962170285,0.6067577090580016,0.00646031656964324,7.140018114321955e-05,0.00028159628304938455,7.949533975856306e-05,0.00030941983671271513,0.0023380257937058117,0.00035247832462851,24,0.08174931129476584,3.9031691554172886e-08,6.48935120779474e-06,6.48935120779474e-06,3.977747521100531e-06,0.0,call,0.0,softplus,8.046284442833965e-05,nan,nan,0.0,0.0,120.0,5.176379277150138e-05,0.00014072426436062546,5.978292819253383e-05,nan,2.29342862385276e-05,0.00014072426436062546,3.157031721863076e-05,0.0004917978497199136,0.06299624814588604,1.0,6.673556328936116e-05,0.00014172978064019848,6.85325348850424e-05,0.03252252252252252,5.934614404547122e-05,0.00011340065357956508,6.356052576322097e-05,5.6142002601088384e-05,0.00014172978064019848,4.092870801741952e-05,6.165905397825489e-05,0.005461926665383022,5.740685813561794e-05,0.00014172978064019848,6.257619861597949e-05,2.041902892325383e-05,6.943643590737701e-05,2.4846607288301978e-05,call_T050_s040_r005_q006,validation
O,0.008107249974273145,0.01468608295544982,0.0008601893903907523,8.49573851695777e-05,0.003351576068902474,0.35335787207444963,2.092791098103304,2.1173857381401406,0.0,0.825,21.0,4.328848656207085e-05,0.00011440798010575737,4.8415372206740394e-05,0.09090142218544911,0.00011414907591631477,0.002378332581035236,0.00017263798390134438,0.0008814768700307723,0.7555900793430617,0.9842440011564035,7.756880380730997e-06,7.901208487648415e-05,1.3235826659489816e-05,0.6131472309770374,2.5904210262505735e-05,0.002378332581035236,0.00013462224735916306,3.3452038048501244e-05,0.002378332581035236,5.683419801195098e-05,8.562077182551201e-05,0.6067577090580016,0.0057732455447938105,2.3344683447287444e-05,0.00029218937020304703,5.1372990179435585e-05,0.0003067538690230938,0.002378332581035236,0.0003495486822527687,32,0.0809228650137741,3.276090649114044e-08,2.689601786508457e-06,2.349799035316927e-05,2.2235956170925538e-05,2.349799035316927e-05,call,6.97107324477142e-05,raw,6.971073244769858e-05,2.102527805173669,2.127004134422018,0.0,0.825,21.0,3.838941209083497e-05,0.00012669322592073762,4.638404656533842e-05,0.09100333489897287,9.679155082643266e-06,0.00012669322592073762,1.4805935974273163e-05,0.00023835479666218018,0.7554667554667553,0.9838103498120844,7.892592411254075e-06,9.887173259315318e-05,1.3540666971297601e-05,0.6131531531531531,3.205446520185137e-06,4.444153435512188e-05,6.009777983490314e-06,8.324681641456189e-06,0.00012669322592073762,9.198330212665668e-06,1.3857274430729114e-05,0.004685834607976614,8.507060044407675e-06,9.446754456743367e-05,1.3422407056142856e-05,6.2998428487567865e-06,2.5716113165333288e-05,7.861138431620523e-06,call_T050_s040_r005_q006,validation
O,0.008444958017207682,0.01468608295544982,0.0008601893903907523,8.49573851695777e-05,0.003351576068902474,0.19508299187443573,2.094461137653657,2.1188907480958354,0.0,0.825,21.0,1.674135479169415e-05,0.00011440798010575737,2.9606719093443778e-05,0.09065563403126432,0.0001136710019576262,0.002378332581035236,0.0001725614770498116,0.0008690074740999497,0.7555900793430617,0.9842440011564035,3.5358619848735866e-06,7.901208487648415e-05,8.941416469021407e-06,0.6131472309770374,2.4983388817952527e-05,0.002378332581035236,0.0001345771506679716,3.0134991480376163e-05,0.002378332581035236,5.6528637373897135e-05,8.516044444191517e-05,0.6067577090580016,0.005241853712397396,2.001092987273146e-05,0.00029218937020304703,5.074500663422828e-05,0.0003067538690230938,0.002378332581035236,0.0003495486822527687,32,0.0,3.2760899715742856e-08,4.541047156487878e-06,4.541047156487878e-06,4.1372742347914935e-06,0.0,call,0.0,hard,6.971073244769858e-05,2.104197844724021,2.1285116224190848,0.0,0.825,21.0,1.983283205595499e-05,0.00012669322592073762,3.462294082638792e-05,0.09074879809555311,9.477405520595747e-06,0.00012669322592073762,1.4651435560830002e-05,0.0001742454511370622,0.7554667554667553,0.9838103498120844,3.58173803245146e-06,9.887173259315318e-05,9.129550871742828e-06,0.6131531531531531,2.284625075631929e-06,4.444153435512188e-05,4.923698618452093e-06,5.0076350733311075e-06,0.00012669322592073762,7.12170750255985e-06,1.0728844583386051e-05,0.0038157059292466293,5.018927767776183e-06,9.446754456743367e-05,1.039567401295021e-05,6.2998428487567865e-06,2.5716113165333288e-05,7.861138431620523e-06,call_T050_s040_r005_q006,validation
O,0.008276749984361231,0.01468608295544982,0.0008601893903907523,8.49573851695777e-05,0.003351576068902474,0.3512049447878325,nan,nan,0.0,0.0,120.0,4.8642219072027255e-05,0.00012287464700644346,5.4221749223594604e-05,nan,0.00012045138146294043,0.002378332581035236,0.0001739432668447787,0.0009759293472454734,0.06296877725449154,1.0,6.692973639465242e-05,0.00011642947552759075,6.837045390735205e-05,0.0325078793336335,8.162601756001722e-05,0.002378332581035236,0.00014885993293435487,7.985593931531813e-05,0.002378332581035236,6.915166216535276e-05,0.00010417704295518593,0.6067577090580016,0.005137265092421687,7.136538188977979e-05,0.00029218937020304703,7.940219191402563e-05,0.0003068800546190494,0.002378332581035236,0.00034957254176449983,32,0.07651515151515151,3.275939661604811e-08,4.974968376059545e-06,4.974968376059545e-06,4.466173601966601e-06,0.0,call,0.0,softplus,6.971073244769858e-05,nan,nan,0.0,0.0,120.0,4.9509446186553745e-05,0.00013772124676370012,5.8468341753262195e-05,nan,1.603652170793644e-05,0.00013772124676370012,2.61199320660294e-05,0.00046247077182382754,0.06299624814588604,1.0,6.691593212923516e-05,0.0001305025927801351,6.837235891499975e-05,0.03252252252252252,5.856736158692621e-05,9.39842444844241e-05,6.356199459921151e-05,5.461048903779203e-05,0.00013772124676370012,4.042679620637727e-05,6.0902924382465884e-05,0.004124858691309494,5.631262631227735e-05,0.00011642947552759075,6.188957383638549e-05,6.387818153979705e-06,3.448618421603156e-05,8.076989124468248e-06,call_T050_s040_r005_q006,validation
O,0.008363833068870008,0.01394800003618002,0.0008658074932003436,8.826364151361155e-05,0.003358174635405141,0.414195430238211,2.5367996016277123,2.54077634178756,0.0,0.15,102.0,0.0007119396482082101,0.002282887129452016,0.0009194578232153082,0.036003170406971596,0.0010517684304809341,0.0037620077989251044,0.0013499963087393214,0.007326826863319824,0.5196404383696589,0.8942572578936215,0.0005041641931159844,0.002667804087271297,0.0007424710878041779,0.36622407359194653,8.636122308461042e-05,0.002175114243213783,0.00018591150564011518,0.0006207839603520962,0.0037620077989251044,0.0006018496550073734,0.000906635719848976,0.6058482499793172,0.0752319529474666,0.0006479351077937755,0.0037620077989251044,0.0009154597723371608,0.0013909246641285729,0.0027443842172716615,0.0015692000342311884,4,0.1184573002754821,3.282124188910517e-07,5.7562817473968904e-05,0.0008992441370179809,0.0008770983706729941,0.0008992441370179809,call,0.002667804087271297,raw,0.0026678040872713284,2.5472379715705307,2.5511959460339946,0.0,0.15,102.0,0.0010320470708756687,0.0027678421149180954,0.0012495742124290876,0.036537648413882975,0.0010306625403194074,0.0038378701563001605,0.0013373413261040974,0.0071638751026745435,0.5142786804529789,0.885357067175249,0.0005064433110030422,0.002667804087271297,0.0007449390459444022,0.36239049353803454,8.208000244053059e-05,0.0009602981591969595,0.00015952505719178415,0.0006178680935747606,0.0038378701563001605,0.0006000689361669458,0.0009039521032401184,0.07350078953532745,0.0006502721153081099,0.0038378701563001605,0.0009220515841510613,0.0011418487525799111,0.0025419437800512784,0.0013448093315755567,call_T050_s040_r005_q010,validation
O,0.008268542005680501,0.01394800003618002,0.0008658074932003436,8.826364151361155e-05,0.003358174635405141,0.2535592749496493,2.5367996016277123,2.54077634178756,0.0,0.15,102.0,0.0006658993369432727,0.002282887129452016,0.0009119358835381896,0.036003170406971596,0.0009913918986497105,0.0037620077989251044,0.0013386570073222904,0.006500951924090984,0.5196404383696589,0.8942572578936215,0.0002927879566625561,0.0012592718253103818,0.00047177191205115206,0.36622407359194653,6.847360825253165e-05,0.002175114243213783,0.00016927373189763327,0.0004415651638967578,0.0037620077989251044,0.0004953420512241053,0.000746191002099242,0.6058482499793172,0.07478486100932474,0.00043778957587741846,0.0037620077989251044,0.0007236606152879037,0.001390833306219112,0.0027443842172716615,0.001569198345108432,4,0.0,3.282124188910517e-07,5.7562817473968904e-05,5.7562817473968904e-05,3.183042081598784e-05,0.0,call,0.0,hard,0.0026678040872713284,2.5472379715705307,2.5511959460339946,0.0,0.15,102.0,0.001020013195819145,0.0027678421149180954,0.0012486258044366115,0.036537648413882975,0.0009654953505335373,0.0038378701563001605,0.001325031903382963,0.0063086177327311985,0.5142786804529789,0.885357067175249,0.0002964387915920801,0.0018497926632183859,0.00047631576742766536,0.36239049353803454,6.419238760845186e-05,0.0009602981591969595,0.0001395996590756553,0.0004386492971194222,0.0038378701563001605,0.0004931291874643046,0.0007428565941520962,0.07660877646776844,0.00043955371112234354,0.0038378701563001605,0.0007317675158392441,0.0011417573946704502,0.0025419437800512784,0.001344807454173565,call_T050_s040_r005_q010,validation
O,0.008785999962128699,0.01394800003618002,0.0008658074932003436,8.826364151361155e-05,0.003358174635405141,0.33016181679283285,nan,nan,0.0,0.0,120.0,0.0006742801647032781,0.002282887129453348,0.0009125728104012985,nan,0.0009899237280922104,0.0037620077989251044,0.0013384794626072204,0.006497310822903182,0.28002644530963056,0.9119617224880383,0.000311111332047047,0.0012592721649755667,0.0004742917637230585,0.16540831380716828,0.00010889567138363263,0.002175114243213783,0.0001819663496352724,0.0004556736604992578,0.0037620077989251044,0.0004961309724126476,0.0007473794452988469,0.6058482499793172,0.07419556335701692,0.0004492710072950633,0.0037620077989251044,0.0007247105258685115,0.0013909847003344149,0.0027443842172716615,0.0015692018544170205,4,0.11370523415977961,3.281971426902467e-07,5.7561483155415856e-05,5.7561483155415856e-05,3.182968297995153e-05,0.0,call,0.0,softplus,0.0026678040872713284,nan,nan,0.0,0.0,120.0,0.00102501852354361,0.0027678421149180954,0.0012489412441444741,nan,0.0009638620008121159,0.0038378701563001605,0.0013248306315053727,0.006303389466433662,0.27990307658418384,0.9119617224880383,0.00031474650016170087,0.0018497926641416473,0.000478814391315873,0.1653222308960014,0.00010434846702296629,0.0009602981591971538,0.00015468173136841878,0.0004527184582263202,0.0038378701563001605,0.0004939175684709509,0.0007440442221497471,0.07592099307495609,0.00045108623917257374,0.0038378701563001605,0.0007328054785985862,0.0011417928372620299,0.0025419437800512784,0.0013448082867603256,call_T050_s040_r005_q010,validation
O,0.00933791697025299,0.01394800003618002,0.0008658074932003436,8.826364151361155e-05,0.003358174635405141,0.35558024862837695,0.9523866240123484,1.0525040598790407,0.0,1.0,0.0,0.00045484778087603,0.001516427413796595,0.0005917292838708831,0.015990168135781444,0.0003862927535876905,0.0021693909132989523,0.0005473056123319333,0.0038649467994827233,0.8331730038985368,1.0,0.00011344822158375555,0.0008653128961284562,0.0001794121954744139,0.7140501605484683,4.103528474854251e-05,0.0021693909132989523,0.00011121135396748009,0.0001715541740998589,0.0021693909132989523,0.00019817839661509013,0.0002985390317643978,0.6058482499793172,0.05930290823286192,0.000179556199308359,0.0018045293277785257,0.00030697381559810174,0.00025291877723077673,0.0021693909132989523,0.00030929305646777087,8,0.0075068870523415975,3.668400440809602e-07,1.6591082601168802e-05,0.00026583350940096703,0.00026223363886527276,0.00026583350940096703,call,0.000788639411222869,raw,0.0007886394112228932,0.9647039388662352,1.063843723377863,0.0,1.0,0.0,0.0006395560717950235,0.0016766345978818098,0.0007714784940841794,0.016807822474717855,0.0003633763118168034,0.0018546343202466287,0.0005276314712773027,0.0038483068161140562,0.8329199777294124,1.0,0.00011577541189326375,0.0012819281056122844,0.0001849643398169927,0.7136785497441235,3.470297479377942e-05,0.0008389235456039493,7.826544696028229e-05,0.00016840392091327984,0.0018546343202466287,0.0001948014841955854,0.0002934516365364823,0.05713606377277039,0.00016583697523636688,0.0018546343202466287,0.0002832861502855386,0.0003838634568615446,0.0008827570166219934,0.00045860349863069313,call_T050_s040_r005_q010,validation
O,0.008649999974295497,0.01394800003618002,0.0008658074932003436,8.826364151361155e-05,0.003358174635405141,0.14591291061879297,0.9632717568305388,1.062321013580194,0.0,1.0,0.0,0.00044746875732771987,0.001516427413796595,0.0005912073086155858,0.020824400677407633,0.0003862927535876905,0.0021693909132989523,0.0005473056123319333,0.0036386379537504685,0.8331730038985368,1.0,3.401040815916679e-05,0.0008653128961284562,8.809169213827701e-05,0.7140501605484683,2.2753155530308458e-05,0.0021693909132989523,0.00010576982661090391,0.00010903372303152092,0.0021693909132989523,0.00017550593317624478,0.0002643848787469381,0.6058482499793172,0.058826120925546364,0.00010767340701907531,0.0018045293277785257,0.0002674547781186358,0.00025291877723077673,0.0021693909132989523,0.00030929305646777087,8,0.0075068870523415975,3.668400440809602e-07,1.659108203983715e-05,1.659108203983715e-05,1.6357323157095165e-05,0.0,call,0.0,hard,0.0007886394112228932,0.9755890716844255,1.0736843459119643,0.0,1.0,0.0,0.0006388857287971449,0.0016766345978818098,0.0007714655225948481,0.020823135598443506,0.0003633763118168034,0.0018546343202466287,0.0005276314712773027,0.0036172915415363556,0.8329199777294124,1.0,3.6378940031737506e-05,0.0012819281056122844,9.897439383140711e-05,0.7136785497441235,1.6420845575545376e-05,0.0008389235456039493,7.031906681628595e-05,0.00010588346984494187,0.0018546343202466287,0.00017168358412804143,0.0002586265137396951,0.05757835575855311,9.383278288069547e-05,0.0018546343202466287,0.00023987283316434792,0.0003838634568615446,0.0008827570166219934,0.00045860349863069313,call_T050_s040_r005_q010,validation
O,0.008245332981459796,0.01394800003618002,0.0008658074932003436,8.826364151361155e-05,0.003358174635405141,0.24168345023959997,nan,nan,0.0,0.0,120.0,0.0004610123001731443,0.001516427416709487,0.0005929524344339542,nan,0.00039137068647005906,0.0021693909132989523,0.0005480490318779889,0.003647715527351851,0.12847165827513402,1.0,7.08614207040633e-05,0.0008653303525786304,0.00010383497273414697,0.06864531805953311,7.160168046425173e-05,0.0021693909132989523,0.00012054209159540663,0.00013911822629510045,0.0021693909132989523,0.00017868041451428966,0.00026916696701286924,0.6058482499793172,0.05836802048970904,0.00013701150404721088,0.0018045293277785812,0.0002722234556042992,0.00025306133866478936,0.0021693909132989523,0.000309325228792872,8,0.0075068870523415975,3.6682297000985827e-07,1.6590697738439568e-05,1.6590697738439568e-05,1.635694441462496e-05,0.0,call,0.0,softplus,0.0007886394112228932,nan,nan,0.0,0.0,120.0,0.0006460281854714816,0.001676634597890636,0.0007723848889907193,nan,0.00036900633446219515,0.0018546343202466842,0.0005284321606251888,0.00362362820842313,0.12840909090909092,1.0,7.306440015716964e-05,0.0012819283757148359,0.0001131188514143815,0.06860959319975714,6.52694287412616e-05,0.0008389235456039493,9.095224453049929e-05,0.0001359679791174346,0.0018546343202466842,0.00017491552868491872,0.0002634951594963085,0.05707916588481553,0.00012327752712049307,0.0018546343202466842,0.00024518435736815044,0.0003840061696791271,0.0008827570166219934,0.0004586199274272617,call_T050_s040_r005_q010,validation
O,0.008278624969534576,0.01394800003618002,0.0008658074932003436,8.826364151361155e-05,0.003358174635405141,0.34787137995694145,2.268702525186247,2.3785124402570648,0.0,0.36666666666666664,76.0,0.00021009526732251621,0.0007982699202468413,0.000270519559268809,0.2904669800044655,0.00019121965750237523,0.0025476860176817237,0.00028141157387500353,0.0019639498738409666,0.6455087739618927,0.9702298050139275,4.2926111219136455e-05,0.00040103917119604926,7.704598866419914e-05,0.48364141282652084,4.062995861223082e-05,0.0025476860176817237,0.00016721522800760947,7.450723800768494e-05,0.0025476860176817237,9.741999019005434e-05,0.00014675499470471242,0.6058482499793172,0.03159493385578589,6.570015484554438e-05,0.0008498824757266488,0.00012024599163751577,0.00035110362393553775,0.0025476860176817237,0.00044265670474039526,12,0.03236914600550964,1.1589513155467678e-07,2.164438665854451e-05,0.00013395925381830902,0.00013326124192585015,0.00013395925381830902,call,0.00039741269594617545,raw,0.00039741269594619454,2.2788039848789365,2.3880070624642054,0.0,0.36666666666666664,76.0,0.00025202753599049525,0.0008374467508927008,0.00033777229824272914,0.2864937571579017,0.00011767333080723977,0.0008999874681947517,0.00018032526030674722,0.0017016957477801033,0.6454003357841719,0.9704038997214485,4.379672808268572e-05,0.0006785141519143334,7.938797598551226e-05,0.48347645068956546,1.7031809932314792e-05,0.00029483012569406913,4.07158051966897e-05,5.9499479785357135e-05,0.0008999874681947517,7.233746706414633e-05,0.00010897015585140332,0.030116168731115132,5.859375091247975e-05,0.0008999874681947517,0.00010396069749787809,0.00011820575386327416,0.00029483012569406913,0.00014410060844868183,call_T050_s040_r005_q010,validation
O,0.008307583048008382,0.01394800003618002,0.0008658074932003436,8.826364151361155e-05,0.003358174635405141,0.2532120286130981,2.268982075463091,2.3785513706755057,0.0,0.36666666666666664,76.0,0.00014002099422060003,0.0007982699202468413,0.00023989752547649599,0.2904660437192598,0.00019012396768019514,0.0025476860176817237,0.00028126478434507775,0.001768540118801049,0.6455087739618927,0.9702298050139275,2.0249295624643795e-05,0.00040103917119604926,4.264749297909513e-05,0.48364141282652084,3.273285737267014e-05,0.0025476860176817237,0.00016580766268899195,5.6426416550073004e-05,0.0025476860176817237,8.97493521097842e-05,0.0001351998257023783,0.6058482499793172,0.027969957663215483,4.6424499842061216e-05,0.0008498824757266488,0.00010452762444315275,0.00035106888535735715,0.0025476860176817237,0.00044265577198088836,12,0.02768595041322314,1.1589513155467678e-07,2.164438665854451e-05,2.164438665854451e-05,9.491691246159988e-06,0.0,call,0.0,hard,0.00039741269594619454,2.2790835351557805,2.3880479986417362,0.0,0.36666666666666664,76.0,0.00021696613893644665,0.0008374467508927008,0.00032823594101598705,0.28650320797595163,0.00011692448617794261,0.0008999874681947517,0.00018020712090839613,0.0014447838892809673,0.6454003357841719,0.9704038997214485,2.1037520651466722e-05,0.0006785141519143334,4.6666646738514986e-05,0.48347645068956546,9.13470869275412e-06,0.00029483012569406913,3.4511998664710405e-05,4.141865832774519e-05,0.0008999874681947517,6.162343708680368e-05,9.283039365331131e-05,0.026868606885669024,3.8668212871233705e-05,0.0008999874681947517,8.426478276865861e-05,0.00011817101528509355,0.00029483012569406913,0.00014409807514379863,call_T050_s040_r005_q010,validation
O,0.008415624964982271,0.01394800003618002,0.0008658074932003436,8.826364151361155e-05,0.003358174635405141,0.31231335509410374,nan,nan,0.0,0.0,120.0,0.00015156565897815431,0.0007982737505396464,0.0002426641040147198,nan,0.00019283119836974402,0.0025476860176817237,0.0002817295550740347,0.0018120288150356972,0.060753954897340964,1.0,7.210117382117937e-05,0.00040283556828657474,7.992022874656931e-05,0.03132864705371865,8.557912629076782e-05,0.0025476860176817237,0.00017670787132233637,9.78122739196989e-05,0.0025476860176817237,9.830529252904698e-05,0.00014808862797461396,0.6058482499793172,0.02754825055966889,8.867326355835789e-05,0.0008498824761355439,0.00012150740180757902,0.00035121226669594533,0.0025476860176817237,0.0004426683444627838,12,0.03236914600550964,1.1588973737337088e-07,2.1643884936986973e-05,2.1643884936986973e-05,9.491471915254544e-06,0.0,call,0.0,softplus,0.00039741269594619454,nan,nan,0.0,0.0,120.0,0.0002301732169404431,0.0008374467898379923,0.0003306360549594231,nan,0.0001195739895856187,0.0008999874686036469,0.00018087640194283506,0.001490213849515936,0.0607232968881413,1.0,7.273570556522158e-05,0.0006786268400036377,8.207128919375719e-05,0.03131234278775263,6.175157233190207e-05,0.00029483012569406913,7.005773717967201e-05,8.269136022484016e-05,0.0008999874686036469,7.349620906673325e-05,0.00011071570075003092,0.02648183800286623,8.079647604619812e-05,0.0008999874686036469,0.00010452338577172601,0.0001182570222139468,0.00029483012569406913,0.00014411512276751726,call_T050_s040_r005_q010,validation
O,0.008362291031517088,0.01394800003618002,0.0008658074932003436,8.826364151361155e-05,0.003358174635405141,0.3273143968331134,2.2292660582353725,2.265040154063283,0.0,0.725,33.0,0.00013078525889682665,0.0005204032419088844,0.00017132253354042908,0.09445914292182088,0.00014951382053878567,0.002459530893996949,0.00021946713375127537,0.0015405162543661716,0.6374859708193041,0.9981502034776175,2.577527891764001e-05,0.00029164023681654827,4.969772613058451e-05,0.4682808296450577,3.0041194532613226e-05,0.002459530893996949,0.0001483671643353392,5.212708362870703e-05,0.002459530893996949,7.332646166135014e-05,0.00011046012704203019,0.6058482499793172,0.02504600254185275,4.2197134828510515e-05,0.0005101583816853883,7.95224071251669e-05,0.0003352928820162306,0.002459530893996949,0.00039286606169934736,16,0.0128099173553719,8.366812692273597e-08,1.5133873793954345e-05,9.83056575786979e-05,9.670267354621355e-05,9.83056575786979e-05,call,0.00029164023681654827,raw,0.0002916402368165552,2.2412955862227344,2.2766367406767016,0.0,0.725,33.0,0.00017088812044940596,0.0005531642947638193,0.00022061744589546133,0.09485303603417927,6.559253251573014e-05,0.0005627991839213253,0.00010400824864420165,0.0012297091859034396,0.6384410983170948,1.0,2.6292743902050415e-05,0.00044969493807600625,5.110502811078025e-05,0.4689045016913869,9.612061042408536e-06,0.00016253047954675748,2.4031487596578152e-05,3.464606281235513e-05,0.0005627991839213253,4.381235499712248e-05,6.599953448770632e-05,0.023917408894004278,3.438534657587413e-05,0.0005627991839213253,6.309269031437368e-05,5.570657031699047e-05,0.000144649783632822,6.679720583045918e-05,call_T050_s040_r005_q010,validation
O,0.00836787500884384,0.01394800003618002,0.0008658074932003436,8.826364151361155e-05,0.003358174635405141,0.23307174109313147,2.2304888930718803,2.265883087354298,0.0,0.725,33.0,7.910246940055036e-05,0.0005204032419088844,0.00014602240717791974,0.09370157566766706,0.00014945050525070754,0.002459530893996949,0.00021946063534228385,0.0013703667882749807,0.6374859708193041,0.9981502034776175,1.2374266418965035e-05,0.0002032115059302786,2.748306254673647e-05,0.4682808296450577,2.9305579308891332e-05,0.002459530893996949,0.0001481894768960153,4.1566515082128284e-05,0.002459530893996949,6.915101048932012e-05,0.00010417016218527324,0.6058482499793172,0.021149269949297625,3.068529143294346e-05,0.0005101583816853883,6.98406227012884e-05,0.00033529096463279456,0.002459530893996949,0.000392866052146868,16,0.0128099173553719,8.366810710507798e-08,1.5133873793954345e-05,1.5133873793954345e-05,7.296950741584751e-06,0.0,call,0.0,hard,0.0002916402368165552,2.242518421059242,2.277484746439111,0.0,0.725,33.0,0.00014945918958184063,0.0005531642947638193,0.0002148730232680964,0.09413416777303693,6.559253251573014e-05,0.0005627991839213253,0.00010400824864420165,0.0009813179883508868,0.6384410983170948,1.0,1.288158212822273e-05,0.00044969493807600625,2.9958295586144296e-05,0.4689045016913869,8.87644581868664e-06,0.00016253047954675748,2.291167519274571e-05,2.408549426577639e-05,0.0005627991839213253,3.639618987770586e-05,5.482772129488413e-05,0.020036551092601874,2.2297234678317035e-05,0.0005627991839213253,4.927459525097932e-05,5.570465293355438e-05,0.000144649783632822,6.6797189181577e-05,call_T050_s040_r005_q010,validation
O,0.008233958040364087,0.01394800003618002,0.0008658074932003436,8.826364151361155e-05,0.003358174635405141,0.31279949996527534,nan,nan,0.0,0.0,120.0,0.00010249888012162217,0.0005204648823993185,0.000152711628495642,nan,0.00015689834823436475,0.00245953089399695,0.00022080113827497238,0.0014268698865095599,0.060753954897340964,1.0,6.937283433007816e-05,0.00021552685657200144,7.351603236164925e-05,0.03132864705371865,8.537705680913292e-05,0.00245953089399695,0.00016191757506701034,8.801258245886484e-05,0.00245953089399695,8.03101343524615e-05,0.00012098044065327222,0.6058482499793172,0.020533413987239717,7.836542590524048e-05,0.0005101583939034482,9.380425551466188e-05,0.00033544754470805514,0.00245953089399695,0.00039288714460763985,16,0.0128099173553719,8.366426432860698e-08,1.5134099270926218e-05,1.5134099270926218e-05,7.296782331997007e-06,0.0,call,0.0,softplus,0.0002916402368165552,nan,nan,0.0,0.0,120.0,0.00016875129072660712,0.0005532259352542535,0.00022023718625673855,nan,7.29206003131224e-05,0.0005627992440973006,0.00010666352561680094,0.0010475071754177821,0.0607232968881413,1.0,6.975624515491396e-05,0.00045080021136717496,7.44616922068738e-05,0.03131234278775263,6.497665532014931e-05,0.00016253047954675748,6.906880193099024e-05,7.042884082818386e-05,0.0005627992440973006,5.467735753201856e-05,8.236672382409299e-05,0.019486764669784554,6.991886064116279e-05,0.0005627992440973006,7.960667682280841e-05,5.587761080554755e-05,0.000144649783632822,6.688215565400805e-05,call_T050_s040_r005_q010,validation
O,0.008166459039784968,0.01394800003618002,0.0008658074932003436,8.826364151361155e-05,0.003358174635405141,0.3650253489825682,2.1121957717850703,2.129362970445393,0.0,1.0,0.0,0.00010004824548823852,0.00039226306874240446,0.00012688378823657014,0.0877718828684287,0.0001414975238585997,0.002382265813582961,0.00019923646413319308,0.0011605901308008482,0.7883302943474862,0.9861835245046924,1.3746496418315527e-05,0.00015921306206201358,2.5000462181295966e-05,0.6565998437906795,2.6886403245700415e-05,0.002382265813582961,0.00013723249752798768,4.095281453584889e-05,0.002382265813582961,6.278537817427346e-05,9.458087424894383e-05,0.6058482499793172,0.019209196416443603,3.082441795421703e-05,0.0003266050392705111,6.311003116482347e-05,0.00031381110542178127,0.002382265813582961,0.0003582645085511235,24,0.08395316804407714,8.142893225219616e-08,8.127541421519368e-06,5.097009654321761e-05,4.8389437290130566e-05,5.097009654321761e-05,call,0.00015121128641154558,raw,0.0001512112864115473,2.124513086638957,2.1416077831362967,0.0,1.0,0.0,0.00011824187625765016,0.0004250241215973394,0.00016149904999744228,0.0883020642607321,3.143655586550984e-05,0.0004250241215973394,6.089175981904776e-05,0.0008094072311536283,0.7856882454038853,0.9831856100104275,1.4201312351690203e-05,0.00036368124311969563,2.6861135308683043e-05,0.6542631624598838,3.721420241129737e-06,0.00010396360116843306,9.989700762245558e-06,1.7864728635755956e-05,0.0004250241215973394,2.4447154396271943e-05,3.682752981000459e-05,0.01831424209942419,1.7642878435562468e-05,0.0003860091397671628,3.273579628097889e-05,1.9436902292623746e-05,4.5732252501554105e-05,2.3000945630030033e-05,call_T050_s040_r005_q010,validation
O,0.008179208030924201,0.01394800003618002,0.0008658074932003436,8.826364151361155e-05,0.003358174635405141,0.21119522189040907,2.1150125414724084,2.1322229352991995,0.0,1.0,0.0,6.346056429029362e-05,0.00039226306874240446,0.00011088664576945834,0.08778119617239367,0.00014118730646131604,0.002382265813582961,0.0001992035576045738,0.0011118593369377947,0.7883302943474862,0.9861835245046924,6.122018487833316e-06,0.00015921306206201358,1.585599847146239e-05,0.6565998437906795,2.5889033181084652e-05,0.002382265813582961,0.00013706332319659244,3.488600782608338e-05,0.002382265813582961,6.173489601805605e-05,9.299841152263551e-05,0.6058482499793172,0.017925400462226005,2.4385268499558017e-05,0.0003266050392705111,6.087014365486253e-05,0.00031378122264300745,0.002382265813582961,0.00035826363968612476,24,0.0010330578512396695,8.142889242528796e-08,8.12753744633712e-06,8.12753744633712e-06,7.892941422766652e-06,0.0,call,0.0,hard,0.0001512112864115473,2.1273298563262952,2.144466024216175,0.0,1.0,0.0,0.00010005098462255941,0.0004250241215973394,0.00015646076835600976,0.088313020069275,3.1192591844105546e-05,0.0004250241215973394,6.086127673980146e-05,0.0007142593369726051,0.7856882454038853,0.9831856100104275,6.562757316295386e-06,0.00036368124311969563,1.8612201021558778e-05,0.6542631624598838,2.7240501765139754e-06,6.153136489038535e-05,7.3760347715449355e-06,1.1797921925990433e-05,0.0004250241215973394,2.1613719893598958e-05,3.255920508310723e-05,0.016897926786544563,1.0855940530991983e-05,0.0003860091397671628,2.7431647000997143e-05,1.9407019513849916e-05,4.5732252501554105e-05,2.298919847869677e-05,call_T050_s040_r005_q010,validation
O,0.008387750014662743,0.01394800003618002,0.0008658074932003436,8.826364151361155e-05,0.003358174635405141,0.3470379887492187,nan,nan,0.0,0.0,120.0,8.605820515110331e-05,0.0003924849005679243,0.00011922280410118252,nan,0.00014898191950955423,0.002382265813582961,0.0002005700285934813,0.0011926747479414073,0.060753954897340964,1.0,6.714272106760981e-05,0.00017773576076918207,6.927437688006265e-05,0.03132864705371865,8.277478195628982e-05,0.002382265813582961,0.000151195075931942,8.457149101105513e-05,0.002382265813582961,7.375391881474664e-05,0.00011110405517383165,0.6058482499793172,0.01753337541043281,7.579744118625695e-05,0.00032661387830851263,8.6850392004457e-05,0.0003139289756120267,0.002382265813582961,0.0003582824148509982,24,0.08264462809917356,8.142518216637591e-08,8.127351097532988e-06,8.127351097532988e-06,7.892760327022862e-06,0.0,call,0.0,softplus,0.0001512112864115473,nan,nan,0.0,0.0,120.0,0.00012202020988940664,0.0004252459534228592,0.0001638300623543468,nan,3.9185716128380525e-05,0.0004252459534228592,6.49731309595675e-05,0.0008170603140258744,0.0607232968881413,1.0,6.745392492944027e-05,0.00036627412156692296,6.996873821072763e-05,0.03131234278775263,5.958248602261536e-05,0.00010234571186895636,6.416904516932235e-05,6.144541008831619e-05,0.0004252459534228592,4.57624639465074e-05,6.893720544532016e-05,0.016657958290598015,6.225741192543945e-05,0.00038601069183430425,6.768136055627195e-05,1.9562233459496943e-05,6.068318873390932e-05,2.3156943312814874e-05,call_T050_s040_r005_q010,validation
O,0.008335832972079515,0.01394800003618002,0.0008658074932003436,8.826364151361155e-05,0.003358174635405141,0.39787485242030696,1.9981384945775702,2.0824935245465013,0.0,0.9916666666666667,1.0,5.037185912243423e-05,0.0001209441530872768,6.275440942498113e-05,0.19669040755002865,0.00013075081804896186,0.0024177483902453577,0.00019285729734902198,0.0009584182477219896,0.8417204947173401,0.9949100378787878,5.961780619394776e-06,0.0001209441530872768,1.3233581209395374e-05,0.7294107437299314,2.6473950295213633e-05,0.0024177483902453577,0.0001415119943774207,3.2537302694757806e-05,0.0024177483902453577,5.959228163119876e-05,8.977074374742788e-05,0.6058482499793172,0.010225242061384622,2.1522861004062845e-05,0.0003125286775758074,5.3652760809950115e-05,0.00032096253194142726,0.0024177483902453577,0.0003663359433727311,32,0.04132231404958678,3.252742149722483e-08,6.036227821325014e-06,4.076769205189105e-05,3.94670566823292e-05,4.076769205189105e-05,call,0.0001209441530872768,raw,0.00012094415308730455,2.010557921157584,2.094679749862405,0.0,0.9916666666666667,1.0,6.008403191503462e-05,0.00015462387925757604,7.111681390929237e-05,0.1969176286774195,1.2509489227883756e-05,0.00015727874317778,2.2995189187350098e-05,0.0004045926487195473,0.84026630625219,0.9934895833333334,6.108338626533404e-06,0.0001253630387382243,1.358383852172686e-05,0.7279902853673346,2.670694544432286e-06,5.004323975205116e-05,7.29185786509414e-06,7.468927429989609e-06,0.00015727874317778,1.0656335818498798e-05,1.6052850923256327e-05,0.01014222521055552,7.039619735874065e-06,0.00015727874317778,1.4059350692886415e-05,9.32901022149394e-06,3.610974909362165e-05,1.1930661726195585e-05,call_T050_s040_r005_q010,validation
O,0.008166374987922609,0.01394800003618002,0.0008658074932003436,8.826364151361155e-05,0.003358174635405141,0.20056948399194388,2.0006124867571944,2.0849295403645733,0.0,0.9916666666666667,1.0,1.2372379451306564e-05,0.00011259005040520353,2.4544862066488297e-05,0.19670461263591588,0.00013067895660354582,0.0024177483902453577,0.00019285143202231675,0.0009276990597808892,0.8417204947173401,0.9949100378787878,2.3845992528323584e-06,6.876661955812491e-05,7.450584610805586e-06,0.7294107437299314,2.55563704365964e-05,0.0024177483902453577,0.00014149000001418936,2.970662686156978e-05,0.0024177483902453577,5.924138957344881e-05,8.924215447148401e-05,0.6058482499793172,0.008054642394833604,1.8998998485556064e-05,0.0003125286775758074,5.321149849060759e-05,0.00032095178658436094,0.0024177483902453577,0.00036633580763206205,32,0.0043388429752066115,3.252740782616603e-08,6.036225058718449e-06,6.036225058718449e-06,5.988755273441722e-06,0.0,call,0.0,hard,0.00012094415308730455,2.0130319133372083,2.0971189742396845,0.0,0.9916666666666667,1.0,4.0134742840095865e-05,0.00015462387925757604,5.943185337935463e-05,0.19692340458019744,1.2499599658830885e-05,0.00015727874317778,2.2994246441147038e-05,0.0002887434467667356,0.84026630625219,0.9934895833333334,2.516253577109049e-06,0.0001253630387382243,8.031738951160212e-06,0.7279902853673346,1.7531146858150572e-06,5.004323975205116e-05,6.851694326122343e-06,4.63825159680158e-06,0.00015727874317778,8.479920310378532e-06,1.2774268651264863e-05,0.007275438588195425,4.165391556410845e-06,0.00015727874317778,1.0741573184881812e-05,9.318264864427618e-06,3.610974909362165e-05,1.1927733828868171e-05,call_T050_s040_r005_q010,validation
O,0.008196167065761983,0.01394800003618002,0.0008658074932003436,8.826364151361155e-05,0.003358174635405141,0.396069171470241,nan,nan,0.0,0.0,120.0,4.4697046172253604e-05,0.0001161654381078292,4.8747397439634594e-05,nan,0.00013940030616460056,0.002417748390245357,0.00019427330505935938,0.0010368466810546043,0.060753954897340964,1.0,6.675596474478867e-05,0.00010949616386224381,6.810104465390963e-05,0.03132864705371865,8.311193875252402e-05,0.002417748390245357,0.0001550236933278263,8.222656487776958e-05,0.002417748390245357,7.176639739649446e-05,0.00010811002186873612,0.6058482499793172,0.007944593657073356,7.354294069668055e-05,0.0003125286775758074,8.195713669328428e-05,0.0003211072365677374,0.002417748390245357,0.0003663563538787604,32,0.04035812672176309,3.2525923255342166e-08,6.036086573317709e-06,6.036086573317709e-06,5.988617747935647e-06,0.0,call,0.0,softplus,0.00012094415308730455,nan,nan,0.0,0.0,120.0,6.800495135255421e-05,0.00015465984082790873,7.752023520081464e-05,nan,2.0587292093744243e-05,0.0001573024460492234,3.251715200942878e-05,0.0005154795446346822,0.0607232968881413,1.0,6.68259205639691e-05,0.00015041760429834738,6.81959620147965e-05,0.03131234278775263,5.936813516030386e-05,9.570709049977477e-05,6.361355787128019e-05,5.699772496262084e-05,0.0001573024460492234,4.138645469327585e-05,6.234512488616861e-05,0.007418160845915037,5.8593421621506554e-05,0.0001573024460492234,6.316139162760795e-05,9.49532839702559e-06,6.611706603623646e-05,1.231973458613881e-05,call_T050_s040_r005_q010,validation
O,0.010137417004443705,0.014659458072856069,0.00046804073533829576,6.40459525211666e-05,0.0015359652041738777,0.18334606569900688,0.6171523457911754,0.844454975207507,0.0,1.0,0.0,0.0003722753715557007,0.0006307198368049605,0.00041539278621053065,0.019215211587769197,0.0005757157178377241,0.00221528941844662,0.0007122938482716966,0.0032981024743475172,0.8110035659704534,0.9292861907938625,0.00027052155637193807,0.0011859129755302789,0.00039600985449267476,0.719431891542931,0.00013425256649504067,0.0011530899848604045,0.00023487315195138333,0.00041426986164262036,0.00221528941844662,0.00037629422165343606,0.0005673884679042469,0.5982632089871913,0.03676551836487697,0.00044972511602147796,0.00221528941844662,0.000601520133141597,0.00042202123892841835,0.0011530899848604045,0.00048715654159018734,4,0.08140495867768595,3.0897620227232685e-07,3.873748189559381e-05,0.00039974594680795914,0.00038083151154473196,0.00039974594680795914,call,0.0011859129755302789,raw,0.0011859129755302615,0.6192843984686793,0.8475879851431392,0.0,1.0,0.0,0.00037516247200690227,0.0006399388864217759,0.0004197715569504796,0.02080284282138863,0.0005775551433866751,0.0021724992389274833,0.0007116364654997935,0.003176980366721643,0.8072499636046003,0.9247831887925283,0.00027190361386616346,0.0011859129755302789,0.00039696375553920955,0.7162231981400154,0.00013236492846557007,0.0011694976335452079,0.00023486132791623843,0.0004159299715030742,0.0021724992389274833,0.0003763128449191267,0.0005674155451315904,0.03588814549897036,0.00044911548371772607,0.0021724992389274833,0.0005983446722703299,0.00046518943700041325,0.000995943735836835,0.0005501247785864073,call_T050_s060_r005_q003,validation
O,0.008434750023297966,0.014659458072856069,0.00046804073533829576,6.40459525211666e-05,0.0015359652041738777,0.09056184457253975,0.6206795196622977,0.8507642942296303,0.0,1.0,0.0,0.00030489002565540677,0.0006307198368049605,0.0003856087148895362,0.0207716387940461,0.000569193627951364,0.00221528941844662,0.0007114446645236445,0.0032373962269598073,0.8110035659704534,0.9292861907938625,7.455473925405046e-05,0.0006007536241576794,0.0001693865444338431,0.719431891542931,0.00013297093311375035,0.0011530899848604045,0.00023482267443276979,0.00030753266265113227,0.00221528941844662,0.0003339672126260627,0.0005035664493319579,0.5982632089871913,0.037217122799772025,0.0003242742682218079,0.00221528941844662,0.0005301080261404039,0.00042202123892841835,0.0011530899848604045,0.00048715654159018734,4,0.0,3.0897483413538917e-07,3.873748189559381e-05,3.873748189559381e-05,2.824881048820655e-05,0.0,call,0.0,hard,0.0011859129755302615,0.6234717839364147,0.8539747836577853,0.0,1.0,0.0,0.00031778427472373415,0.0006399388864217759,0.0003960887633975762,0.022063703401207706,0.0005710229694169124,0.0021724992389274833,0.0007108233692180838,0.0031143113344013957,0.8072499636046003,0.9247831887925283,7.587237359013853e-05,0.0006123130146316047,0.0001712758352034722,0.7162231981400154,0.00013108329508427976,0.0011694976335452079,0.00023480729058175483,0.000309192772511586,0.0021724992389274833,0.0003339821472683285,0.0005035880776198445,0.03636488922854057,0.00032346956479491505,0.0021724992389274833,0.0005264081749689741,0.00046518943700041325,0.000995943735836835,0.0005501247785864073,call_T050_s060_r005_q003,validation
O,0.008856624946929514,0.014659458072856069,0.00046804073533829576,6.40459525211666e-05,0.0015359652041738777,0.14230154871866102,nan,nan,0.0,0.0,120.0,0.00031280460838917733,0.0006308833174677453,0.0003877325116184296,nan,0.0005692025775004727,0.00221528941844662,0.0007114563061002283,0.0032479299715077884,0.3739239974805795,1.0,9.915630471491359e-05,0.0006009993362297017,0.00017575070124262277,0.22995480955455133,0.00016671697588338164,0.0011530899848604045,0.0002425586809564605,0.0003205509565234797,0.00221528941844662,0.00033473660893210334,0.0005047265697010069,0.5982632089871913,0.03704300223237521,0.00033531389920917056,0.00221528941844662,0.0005309511364219685,0.00042202141675007934,0.0011530899848604045,0.00048715658716124376,4,0.07582644628099174,3.089656454117558e-07,3.873658530439827e-05,3.873658530439827e-05,1.494641195736436e-05,0.0,call,0.0,softplus,0.0011859129755302615,nan,nan,0.0,0.0,120.0,0.000324977254288542,0.0006400770583312454,0.00039808456744399126,nan,0.0005709688615219214,0.0021724992389274833,0.0007108181801517288,0.0031254067055843616,0.37404179355245193,1.0,0.00010031669692944328,0.0006125319333529777,0.00017756845732595582,0.23004391630069748,0.0001646802870680121,0.0011694976335452079,0.00024248812291632928,0.0003220931659905393,0.0021724992389274833,0.00033474333351890957,0.0005047358165746839,0.03619874280803575,0.00033440186195435556,0.0021724992389274833,0.0005272474592921089,0.0004651896148220742,0.000995943735836835,0.0005501248183330453,call_T050_s060_r005_q003,validation
O,0.008587416959926486,0.014659458072856069,0.00046804073533829576,6.40459525211666e-05,0.0015359652041738777,0.21091742482116813,0.5849442085395663,0.8424100379438955,0.0,1.0,0.0,0.00010789870419184721,0.00054907544544891,0.00016697819071982903,0.06653061721983394,0.00024334566646708137,0.001169910938626808,0.00030118219345256564,0.0016946887336872158,0.8147311979681107,0.8981179032508944,7.020804498912998e-05,0.00046575949660732086,9.220038969077942e-05,0.7455132343447386,6.784400229357485e-05,0.001169910938626808,0.00015288060681418556,0.00015175691717763849,0.001169910938626808,0.0001441186823496086,0.0002173067606922594,0.5982632089871913,0.020592074704830238,0.00016120305550897,0.0007251270276211752,0.00022270428299627867,0.0002404245569549177,0.001169910938626808,0.0003287189382694703,8,0.09614325068870523,1.2151181595224595e-07,1.5792432365075163e-05,0.0001803074037463536,0.00017971188671829361,0.0001803074037463536,call,0.0005349119644475157,raw,0.0005349119644475157,0.5896140300574466,0.8455343906266666,0.0,1.0,0.0,0.00011684877971666896,0.0005487507076882281,0.00017931800201192357,0.06552942747158176,0.00022708475648721094,0.0007265856810085847,0.0002854177760352787,0.0015916315416789901,0.8109519441112131,0.8937626380463525,6.990545303408592e-05,0.00046575949660732086,9.206438134514088e-05,0.7421854817876518,4.986310004237628e-05,0.000368790992859817,8.430903308914393e-05,0.00014397006709891138,0.0007265856810085847,0.00013731442212422954,0.00020704671322286,0.02003321409522669,0.0001561880783949401,0.0007265856810085847,0.00021947839275822327,0.00015103241895054445,0.0003503688528976312,0.00017406424999353193,call_T050_s060_r005_q003,validation
O,0.008798083057627082,0.014659458072856069,0.00046804073533829576,6.40459525211666e-05,0.0015359652041738777,0.07618584623932217,0.5911498358422442,0.8459318237627496,0.0,1.0,0.0,0.00010309290114307776,0.00054907544544891,0.0001665965012488886,0.06577187730524824,0.0002118115734077681,0.001169910938626808,0.0002694934919319241,0.0016954642115588072,0.8147311979681107,0.8981179032508944,2.023536775143085e-05,0.00046575949660732086,5.0636351789556186e-05,0.7455132343447386,6.22737632086677e-05,0.001169910938626808,0.00014895140529135248,0.0001104689251727888,0.001169910938626808,0.00012506976609579529,0.00018858419524600694,0.5982632089871913,0.026081594747684476,0.00011291016141128152,0.0007251270276211752,0.000189440334825728,0.0002404245569549177,0.001169910938626808,0.0003287189382694703,8,0.0,1.2151181595224595e-07,1.5792432365075163e-05,1.5792432365075163e-05,8.628153126433316e-06,0.0,call,0.0,hard,0.0005349119644475157,0.5965509851897266,0.849132008102615,0.0,1.0,0.0,0.0001136667649954376,0.0005487507076882281,0.00017911735951590285,0.06483275558195616,0.00019463737808592994,0.0007265856810085847,0.0002507176361467038,0.0015937769154893272,0.8109519441112131,0.8937626380463525,2.073947171755705e-05,0.00046575949660732086,5.195030819401203e-05,0.7421854817876518,4.4292860957469125e-05,0.0003352076197186816,7.629653698592025e-05,0.0001026820750940617,0.0007265856810085847,0.00011685801050748442,0.00017620193578390188,0.025831847711940772,0.0001078635315033425,0.0007265856810085847,0.00018514641822086725,0.00015103241895054445,0.0003503688528976312,0.00017406424999353193,call_T050_s060_r005_q003,validation
O,0.008350541000254452,0.014659458072856069,0.00046804073533829576,6.40459525211666e-05,0.0015359652041738777,0.17563719702757136,nan,nan,0.0,0.0,120.0,0.00014173888231721007,0.0005494190675077171,0.00018031980425116894,nan,0.00021188838806543084,0.001169910938626808,0.0002686282806224103,0.0017277380780203366,0.08749394086282113,0.7120315581854043,6.096641360849527e-05,0.00046670394828507433,7.596642443577114e-05,0.04661071659134926,0.00010180082520311737,0.001169910938626808,0.00016135747264402303,0.00013205158100519136,0.001169910938626808,0.00012764066266882828,0.00019246067536123152,0.5982632089871913,0.025378971018670673,0.00013284273263443927,0.0007251273135409075,0.00019254336323764186,0.00024042309206508906,0.001169910938626808,0.0003287185544263882,8,0.09056473829201102,1.2150616459086397e-07,1.57920668442643e-05,1.57920668442643e-05,7.74777197953434e-06,0.0,call,0.0,softplus,0.0005349119644475157,nan,nan,0.0,0.0,120.0,0.00015007493844690494,0.0005490943297470352,0.0001916623005569649,nan,0.00019450515040073663,0.000726585966928317,0.0002496838283613783,0.0016265434007955216,0.08752576069826645,0.7120315581854043,6.157126044406418e-05,0.00046670394828507433,7.698317789748595e-05,0.046628778093515885,8.350905729833244e-05,0.0003208894638166114,9.808697314008781e-05,0.00012421116938546732,0.000726585966928317,0.00011957949430693387,0.0001803054688800503,0.025117827800806722,0.00012781567856844252,0.000726585966928317,0.00018829786362053801,0.00015103095406071609,0.0003503688528976312,0.00017406351205855663,call_T050_s060_r005_q003,validation
O,0.008291292004287243,0.014659458072856069,0.00046804073533829576,6.40459525211666e-05,0.0015359652041738777,0.22001527883880825,0.7942026086970615,1.0179223042337178,0.0,1.0,0.0,6.121385816295113e-05,0.0002692983405265803,8.09560764435727e-05,0.07642635334291735,0.00015170380189526676,0.0011366766875940681,0.00019345053676628836,0.0012969590937886599,0.772951847208908,0.9011348005502063,6.206601448556322e-05,0.0002620443015619589,8.633278131109401e-05,0.6766946417043254,6.626605339296569e-05,0.0011366766875940681,0.00014388701919055806,0.00010428595724748628,0.0011366766875940681,9.740134569924036e-05,0.00014686486565026755,0.5982632089871913,0.01775176189490057,0.00010375102912256515,0.0005597741794953481,0.00013813842298452994,0.0002785117707969779,0.0011366766875940681,0.00034047815270107896,12,0.08898071625344353,1.9404234820142317e-07,1.67771010788673e-05,8.588814828349939e-05,8.55653694023965e-05,8.588814828349939e-05,call,0.00025480150657438154,raw,0.00025480150657438154,0.798731347628614,1.0219010262447545,0.0,1.0,0.0,6.402430696432344e-05,0.00026897360276589843,8.632274813152424e-05,0.07571132261350043,0.0001277062615082481,0.0004344486307022999,0.00015577148316213196,0.0011536287987877088,0.7700250774450509,0.8975240715268226,6.187347042675973e-05,0.0002620443015619589,8.61995069844921e-05,0.6742443812968225,4.638402513527324e-05,0.00030309369733144687,7.613932675655996e-05,9.289460461644543e-05,0.0004344486307022999,8.220240883169468e-05,0.00012394720310009592,0.017041482708413828,9.734260654864182e-05,0.0004344486307022999,0.0001269065410752291,0.0001375945350097694,0.00037154134975286857,0.00016982293215090334,call_T050_s060_r005_q003,validation
O,0.008338917046785355,0.014659458072856069,0.00046804073533829576,6.40459525211666e-05,0.0015359652041738777,0.10000694492673103,0.7996992155813325,1.0216626783560716,0.0,1.0,0.0,4.725347087829503e-05,0.0002692983405265803,7.706142096406076e-05,0.07573179426131146,0.00013980916423911855,0.0011366766875940681,0.000185213579188854,0.0012788719425511695,0.772951847208908,0.9011348005502063,3.2422672599409107e-05,0.0002620443015619589,7.062396646890124e-05,0.6766946417043254,6.428671425546979e-05,0.0011366766875940681,0.00014338267884979325,8.300236294483882e-05,0.0011366766875940681,9.092404472970543e-05,0.0001370981839906063,0.5982632089871913,0.019405348324530603,7.89663385139343e-05,0.0005597741794953481,0.00012575662266791975,0.0002785117707969779,0.0011366766875940681,0.00034047815270107896,12,0.0,1.940421185516239e-07,1.67771010788673e-05,1.67771010788673e-05,7.471783647132085e-06,0.0,call,0.0,hard,0.00025480150657438154,0.8050426584801027,1.0256892827969104,0.0,1.0,0.0,5.3528068523763886e-05,0.00026897360276589843,8.385740210008383e-05,0.07493486267438247,0.00011536321489982068,0.0004344486307022999,0.00014492219268149494,0.001135908893994075,0.7700250774450509,0.8975240715268226,3.2622834204398505e-05,0.0002620443015619589,7.080750398760996e-05,0.6742443812968225,4.4404685997777345e-05,0.00030309369733144687,7.506042902299117e-05,7.161101031379797e-05,0.0004344486307022999,7.429013122486814e-05,0.00011201683885097015,0.018851654687224013,7.249038867209484e-05,0.0004344486307022999,0.00011307797192426373,0.0001375945350097694,0.00037154134975286857,0.00016982293215090334,call_T050_s060_r005_q003,validation
O,0.008258208981715143,0.014659458072856069,0.00046804073533829576,6.40459525211666e-05,0.0015359652041738777,0.17841516771998056,nan,nan,0.0,0.0,120.0,9.061861340054258e-05,0.0002747924710106986,0.00010277994566179192,nan,0.000139022425056232,0.0011366766875940681,0.00018418782028779807,0.0013283462924880574,0.08906982482112016,1.0,7.591321091081952e-05,0.00026906876793075796,9.35274901090334e-05,0.04661071659134926,0.00010148926062466001,0.0011366766875940681,0.00015545918958685703,0.00010563803440284634,0.0011366766875940681,9.520214646816805e-05,0.00014354884268065753,0.5982632089871913,0.01891362576196421,0.0001003474679568739,0.0005597741794953481,0.00013202057761567187,0.000278511068995966,0.0011366766875940681,0.0003404781246849754,12,0.08353994490358127,1.9403364276778145e-07,1.6776712767588976e-05,1.6776712767588976e-05,7.471610710350462e-06,0.0,call,0.0,softplus,0.00025480150657438154,nan,nan,0.0,0.0,120.0,9.466597755447559e-05,0.0002744677332500167,0.00010791607938944455,nan,0.00011434427643327665,0.0004344486307022999,0.000143403052008342,0.0011905444755788788,0.08910280143156854,1.0,7.617977179836525e-05,0.00026906876793075796,9.375450813491632e-05,0.046628778093515885,8.115046370084196e-05,0.00030309369733144687,9.579662250053928e-05,9.416330553760803e-05,0.0004344486307022999,7.941362968344138e-05,0.00011974220010319364,0.018352602123827465,9.387462042981972e-05,0.0004344486307022999,0.00011994275121072421,0.00013759383320877697,0.00037154134975286857,0.00016982287558769873,call_T050_s060_r005_q003,validation
O,0.008369665942154825,0.014659458072856069,0.00046804073533829576,6.40459525211666e-05,0.0015359652041738777,0.25835127439405514,0.9870163509935437,1.0267927961047048,0.0,1.0,0.0,6.921702151138817e-05,0.00024189669532370672,8.110490782626929e-05,0.01418746721398485,0.00011669626597215096,0.0011468158150943278,0.00014616198371907995,0.0009711675453660557,0.7563500931098697,0.893838028169014,4.209545886776353e-05,0.00019471520723524094,5.762029731151485e-05,0.6555196901226598,4.4426575074697834e-05,0.0011468158150943278,0.00010772271224571494,7.72328924987898e-05,0.0011468158150943278,7.209903918704337e-05,0.00010871323827922311,0.5982632089871913,0.015318314365226095,7.657877129920926e-05,0.00046028671740548643,0.00010325387983628575,0.0002126434229530615,0.0011468158150943278,0.00024156451705802014,16,0.08574380165289257,1.6451353438443897e-07,1.2003052973074208e-05,5.563454680546216e-05,5.469076051415088e-05,5.563454680546216e-05,call,0.00016504915552287107,raw,0.00016504915552287107,0.9936856082580043,1.0326578732047276,0.0,1.0,0.0,7.026180896639913e-05,0.00024157195756302485,8.355467692911043e-05,0.01639944777421456,8.911716129111358e-05,0.0003538240928218639,0.00011016528333038793,0.0008659043722183331,0.7542840113246907,0.8911971830985915,4.212178777452181e-05,0.00019471520723524094,5.767911806207736e-05,0.6538362180315164,2.71123671741442e-05,0.00021024830953582374,4.5218475198994906e-05,6.426652391897687e-05,0.0003538240928218639,5.735100958499065e-05,8.647553440411552e-05,0.015103062365440971,6.910127588891038e-05,0.0003538240928218639,9.104932853870502e-05,5.9728251888451694e-05,0.00015288740909810694,7.078322972129676e-05,call_T050_s060_r005_q003,validation
O,0.00829608307685703,0.014659458072856069,0.00046804073533829576,6.40459525211666e-05,0.0015359652041738777,0.13139801375095492,0.9935943440574371,1.0324741104371722,0.0,1.0,0.0,3.321868536187341e-05,0.00024189669532370672,6.1012896978408044e-05,0.015102334510914958,0.00010916354575529351,0.0011468158150943278,0.0001418612832735406,0.0009627509619621944,0.7563500931098697,0.893838028169014,1.8664663518557392e-05,0.00019471520723524094,3.99899204619843e-05,0.6555196901226598,4.3237012822903275e-05,0.0011468158150943278,0.00010753811421834135,6.129018717845304e-05,0.0011468158150943278,6.738876994601843e-05,0.00010161094360050482,0.5982632089871913,0.01617087199996492,5.8473965703278934e-05,0.00046028671740548643,9.458195328110811e-05,0.0002126434229530615,0.0011468158150943278,0.00024156451705802014,16,0.0,1.6451326637299125e-07,1.2003052973074208e-05,1.2003052973074208e-05,9.458891854423873e-06,0.0,call,0.0,hard,0.00016504915552287107,1.0002636013218977,1.0383546135535289,0.0,1.0,0.0,3.809231683917641e-05,0.00024157195756302485,6.661714340847954e-05,0.01699862166656728,8.144299577240034e-05,0.0003538240928218639,0.00010414450801802294,0.0008588086539484448,0.7542840113246907,0.8911971830985915,1.8810875777434772e-05,0.00019471520723524094,4.020027578960791e-05,0.6538362180315164,2.5922804922349643e-05,0.00021024830953582374,4.470801432218658e-05,4.832381859864011e-05,0.0003538240928218639,5.122307875443548e-05,7.723566056059739e-05,0.016016371981516193,5.0921833957262875e-05,0.0003538240928218639,8.091113301831717e-05,5.9728251888451694e-05,0.00015288740909810694,7.078322972129676e-05,call_T050_s060_r005_q003,validation
O,0.0082019999390468,0.014659458072856069,0.00046804073533829576,6.40459525211666e-05,0.0015359652041738777,0.23119661087575527,nan,nan,0.0,0.0,120.0,7.191253135850617e-05,0.00024906201515007,8.559812274158364e-05,nan,0.0001079597480499696,0.0011468158150943208,0.00014079264113099865,0.0010363611202646218,0.08906982482112016,1.0,6.767583186024486e-05,0.0002080528308887608,7.546770035357964e-05,0.04661071659134926,8.520116879960552e-05,0.0011468158150943208,0.00012388631509085762,8.664980126427066e-05,0.0011468158150943208,7.370032650103952e-05,0.000111127710528546,0.5982632089871913,0.015910192816999066,8.260293948853194e-05,0.00046028671740548643,0.00010398537566343627,0.00021264394566639712,0.0011468158150943208,0.0002415645108776047,16,0.08002754820936639,1.6450629127257605e-07,1.200277515866056e-05,1.200277515866056e-05,9.458672925398514e-06,0.0,call,0.0,softplus,0.00016504915552287107,nan,nan,0.0,0.0,120.0,7.427777559710543e-05,0.0002487372773893881,8.943614193682911e-05,nan,8.001030934988403e-05,0.0003538240928218639,0.00010244184865136152,0.0009403434527055104,0.08910280143156854,1.0,6.781459013804372e-05,0.0002080528308887608,7.563343199597584e-05,0.046628778093515885,6.725570279125594e-05,0.00021024830953582374,7.568672499373079e-05,7.35613469744952e-05,0.0003538240928218639,5.920730317399521e-05,8.927450832422092e-05,0.015776266587760986,7.503530599680904e-05,0.0003538240928218639,9.163869837026793e-05,5.9727624722347894e-05,0.00015288740909810694,7.07832080676487e-05,call_T050_s060_r005_q003,validation
O,0.008267499972134829,0.014659458072856069,0.00046804073533829576,6.40459525211666e-05,0.0015359652041738777,0.26279602750190983,0.94224702096229,1.112194196620844,0.0,0.925,9.0,1.4718030664225001e-05,7.939517434318866e-05,1.9550846840791234e-05,0.2741123718193337,6.584630900404655e-05,0.0011093901529862435,9.719027507662485e-05,0.0005305007357207295,0.8404792839613109,0.9530201342281879,1.814382224508145e-05,6.16710069594184e-05,2.435132254781496e-05,0.7517107811491285,3.261008225774554e-05,0.0011093901529862435,0.00010019917342843552,4.061198348337277e-05,0.0011093901529862435,4.576964935601594e-05,6.901294181589075e-05,0.5982632089871913,0.004697591106992955,3.5853278504461826e-05,0.00023022548975573653,5.209895839700078e-05,0.00020789737761679655,0.0011093901529862435,0.00023914267296929002,24,0.06425619834710744,8.547066704238207e-08,2.3178566504519314e-06,2.078797987396126e-05,2.056453941123734e-05,2.078797987396126e-05,call,6.16710069594184e-05,raw,6.167100695934453e-05,0.9487629173261981,1.1173398030659405,0.0,0.925,9.0,1.591539334917606e-05,8.534515242852869e-05,2.2272211094991255e-05,0.2730908762672729,2.2341573122588584e-05,0.00014092550221000977,2.964095712222512e-05,0.00025232679091138015,0.8371958703342718,0.9490915043378622,1.8149382183590732e-05,6.16710069594184e-05,2.436756198488908e-05,0.7489020924825627,1.2553112914128561e-05,8.457057926658518e-05,1.9406289946736095e-05,2.0124788596277447e-05,0.00014092550221000977,1.789403940742435e-05,2.6981157465278397e-05,0.004369994163766,2.1373032453111386e-05,0.00014092550221000977,2.8165806677968522e-05,1.606194310668455e-05,5.933451178752325e-05,1.9260558472212874e-05,call_T050_s060_r005_q003,validation
O,0.008298208937048912,0.014659458072856069,0.00046804073533829576,6.40459525211666e-05,0.0015359652041738777,0.09340926453225919,0.9467084781170356,1.1150569306669493,0.0,0.925,9.0,1.0140157636517878e-05,7.939517434318866e-05,1.707337311948912e-05,0.27239641246670215,6.53675784936503e-05,0.0011093901529862435,9.712527590673309e-05,0.000522104007037977,0.8404792839613109,0.9530201342281879,5.344005688903471e-06,5.00703257584334e-05,1.2699980144696772e-05,0.7517107811491285,2.5843753691502895e-05,0.0011093901529862435,9.932418543604404e-05,3.3615473352419215e-05,0.0011093901529862435,4.462958838893333e-05,6.729392141055965e-05,0.5982632089871913,0.00469136154727465,2.8447245872085018e-05,0.00023022548975573653,4.9584959552473765e-05,0.00020789737761679655,0.0011093901529862435,0.00023914267296929002,24,0.004545454545454545,8.547049120310854e-08,3.3333252060072786e-06,3.3333252060072786e-06,3.1503496997063756e-06,0.0,call,0.0,hard,6.167100695934453e-05,0.9532619605830028,1.1202252562150015,0.0,0.925,9.0,1.2843666689744496e-05,8.534515242852869e-05,2.08523707994614e-05,0.2713481997010097,2.181018509637857e-05,0.00014092550221000977,2.93874079038944e-05,0.0002349333701063453,0.8371958703342718,0.9490915043378622,5.391715064697935e-06,5.097592844727217e-05,1.2748732115053472e-05,0.7489020924825627,5.786784347885917e-06,8.457057926658518e-05,1.4189164485179282e-05,1.3128278465323896e-05,0.00014092550221000977,1.4723917626512273e-05,2.220115486176289e-05,0.0043811377556827085,1.3941705649780955e-05,0.00014092550221000977,2.316020252052965e-05,1.606194310668455e-05,5.933451178752325e-05,1.9260558472212874e-05,call_T050_s060_r005_q003,validation
O,0.008255957975052297,0.014659458072856069,0.00046804073533829576,6.40459525211666e-05,0.0015359652041738777,0.26015695534412114,nan,nan,0.0,0.0,120.0,7.028244662683666e-05,0.00011140365062956015,7.093871926732999e-05,nan,6.921883935660425e-05,0.0011093901529862435,9.863913559083367e-05,0.0006717623791477371,0.08906982482112016,1.0,6.307863306258034e-05,9.745147915363184e-05,6.556993260420363e-05,0.04661071659134926,7.297069794699226e-05,0.0011093901529862435,0.00011385451327873745,6.597070755227291e-05,0.0011093901529862435,5.49183372432828e-05,8.280762614795905e-05,0.5982632089871913,0.005338022827893508,5.9839714788807686e-05,0.00023022548975573653,6.889290396035425e-05,0.00020789787180127778,0.0011093901529862435,0.00023914267523963848,24,0.06349862258953168,8.546687186972954e-08,3.092392191320145e-06,3.092392191320145e-06,2.485245621405268e-06,0.0,call,0.0,softplus,6.167100695934453e-05,nan,nan,0.0,0.0,120.0,7.134822826396168e-05,0.00011294387546390006,7.220024380506321e-05,nan,2.5073381452888772e-05,0.0001430350275197778,3.346257442799604e-05,0.0004848680425633298,0.08910280143156854,1.0,6.312281892124941e-05,9.801629242156551e-05,6.56192352877984e-05,0.046628778093515885,5.236701373007918e-05,8.460244837349418e-05,5.7080472522011396e-05,4.51935060946515e-05,0.0001430350275197778,3.512194975211896e-05,5.295790599166443e-05,0.005147167863639809,4.509126612830309e-05,0.0001430350275197778,5.299383271700373e-05,1.606243729118436e-05,5.933451178752325e-05,1.926059899482557e-05,call_T050_s060_r005_q003,validation
O,0.008450584020465612,0.014659458072856069,0.00046804073533829576,6.40459525211666e-05,0.0015359652041738777,0.22209875685811514,1.0370151215311028,1.164466216303278,0.0,0.975,3.0,1.9088086202465512e-05,8.871772217067253e-05,2.3528149749355415e-05,0.19860843836860037,5.880802632297555e-05,0.0011207295814850207,9.551995354090504e-05,0.0005083100554972782,0.8213401365648682,0.9804729487638839,1.4649538524532772e-05,6.623305180930572e-05,2.1590237696771027e-05,0.7066494512588767,2.9848241708846744e-05,0.0011207295814850207,0.0001060940670317907,3.54484547090872e-05,0.0011207295814850207,4.470639852197166e-05,6.740973818689135e-05,0.5982632089871913,0.0032641944508607673,3.0104096552910546e-05,0.0002777401548340573,4.880641131130686e-05,0.00020825292333764156,0.0011207295814850207,0.00024200162483039745,32,0.02837465564738292,2.5915313493837726e-08,2.204091800747334e-06,2.2325747800889568e-05,2.2198129681746105e-05,2.2325747800889568e-05,call,6.623305180930572e-05,raw,6.6233051809445e-05,1.043311129225948,1.1703148979428204,0.0,0.975,3.0,1.859916635152901e-05,8.839298440999066e-05,2.4197521879975106e-05,0.19790694654349544,1.0498020195259653e-05,0.00012279858003050315,1.6068295671116347e-05,0.00017599890767127537,0.8200240168117682,0.9786814761734145,1.4719906538307684e-05,6.623305180930572e-05,2.163620098162639e-05,0.7056316197365022,6.480500951307084e-06,3.0169432277515895e-05,1.012519475774603e-05,1.2730507325092167e-05,0.00012279858003050315,1.2743230292948912e-05,1.9214616405041802e-05,0.002815696078064334,1.3761415484688937e-05,0.00012279858003050315,2.0335209775284577e-05,5.542236260976565e-06,2.870127409648933e-05,7.080103137536016e-06,call_T050_s060_r005_q003,validation
O,0.00820037501398474,0.014659458072856069,0.00046804073533829576,6.40459525211666e-05,0.0015359652041738777,0.1136884505868463,1.041960424560985,1.169838108328086,0.0,0.975,3.0,1.20897155427425e-05,8.871772217067253e-05,1.975229048728849e-05,0.19701773994374425,5.874764015731726e-05,0.0011207295814850207,9.551466104980979e-05,0.0004973993899083332,0.8213401365648682,0.9804729487638839,4.391734119507408e-06,5.54964641263922e-05,9.647476750483717e-06,0.7066494512588767,2.5558687334400247e-05,0.0011207295814850207,0.00010575421227808203,2.9993696283071146e-05,0.0011207295814850207,4.372242910521357e-05,6.592607761568758e-05,0.5982632089871913,0.003083542961601928,2.4279699732416086e-05,0.0002777401548340573,4.6463190222433324e-05,0.00020825292333764156,0.0011207295814850207,0.00024200162483039745,32,0.006887052341597796,2.5915253990754125e-08,3.6657393531403193e-06,3.6657393531403193e-06,3.0345478557596174e-06,0.0,call,0.0,hard,6.6233051809445e-05,1.04825643225583,1.1757017615923226,0.0,0.975,3.0,1.3942144894492822e-05,8.839298440999066e-05,2.2228896384078568e-05,0.19630795656847772,1.046182788737811e-05,0.00012279858003050315,1.6053881686971808e-05,0.00014103710381609366,0.8200240168117682,0.9786814761734145,4.436591195602145e-06,6.0106940978243983e-05,9.724415460798208e-06,0.7056316197365022,2.1909465768605842e-06,2.870127409648933e-05,5.52758764045247e-06,7.2757488990761145e-06,0.00012279858003050315,8.68389405304605e-06,1.3093830158874965e-05,0.002608858336356139,7.894323950423996e-06,0.00012279858003050315,1.3748361171519722e-05,5.542236260976565e-06,2.870127409648933e-05,7.080103137536016e-06,call_T050_s060_r005_q003,validation
O,0.008569124969653785,0.014659458072856069,0.00046804073533829576,6.40459525211666e-05,0.0015359652041738777,0.22418223487742203,nan,nan,0.0,0.0,120.0,6.972662003106913e-05,0.00011825783534247236,7.076468142990956e-05,nan,6.466414374329379e-05,0.0011207295814850207,9.757264066956382e-05,0.0006534957264456906,0.08906982482112016,1.0,6.371839421657588e-05,0.0001008643595137304,6.597410472375703e-05,0.04661071659134926,7.413029107797666e-05,0.0011207295814850207,0.00011998452158412474,6.416384799270091e-05,0.0011207295814850207,5.463554329249922e-05,8.238122038025245e-05,0.5982632089871913,0.003996739101812211,5.7703311514920955e-05,0.0002777401548340573,6.758727228698402e-05,0.0002082534528944759,0.0011207295814850207,0.00024200162159701604,32,0.027892561983471075,2.591417131068629e-08,2.87474007679803e-06,2.87474007679803e-06,2.733447994080649e-06,0.0,call,0.0,softplus,6.6233051809445e-05,nan,nan,0.0,0.0,120.0,7.07411395893906e-05,0.00011793309758179049,7.186499764241325e-05,nan,1.5678328061124776e-05,0.00012985238585438985,2.4975662974576422e-05,0.0004483749381617616,0.08910280143156854,1.0,6.372910548577886e-05,0.00010381785524637976,6.599028222871254e-05,0.046628778093515885,5.0369368202896854e-05,6.993842008640172e-05,5.659365304352147e-05,4.10870514284953e-05,0.00012985238585438985,3.3795229110704696e-05,5.0957437694741975e-05,0.0037447635212914817,4.095721724020965e-05,0.00012985238585438985,5.0836229547508476e-05,5.541706704116445e-06,2.870127409648933e-05,7.079943128931993e-06,call_T050_s060_r005_q003,validation
O,0.008384583052247763,0.01551416702568531,0.00046433059574679667,6.793392789111921e-05,0.0015278557528732417,0.24091950829918746,0.60308394294776,0.9466522378704921,0.0,1.0,0.0,0.0007085531302736192,0.0014372094728398732,0.0007688833454877719,0.09288796594329245,0.0007723948531096281,0.0029325607427565514,0.0010004119906540875,0.004889224977225967,0.8615776670913935,0.9413998228072396,0.0002772544227257947,0.0013584148222323122,0.0004355675434398081,0.794233849439402,6.522881791735092e-05,0.0009851535351988322,0.0001307924413874934,0.00045568218795392836,0.0029325607427565514,0.00046059815409935285,0.0006942673854099525,0.621402082964778,0.04727441589988518,0.00047983066773169567,0.0029325607427565514,0.0007187449722242888,0.0008506868183782849,0.0013748600149908197,0.0009426707262851632,4,0.08760330578512397,6.308246595480653e-07,2.0562847394914784e-05,0.00045789263670752096,0.000440572149315503,0.00045789263670752096,call,0.0013584148222323122,raw,0.0013584148222322776,0.6151705943986954,0.9549801797365222,0.0,1.0,0.0,0.0008287638257698744,0.0015995905324206472,0.000888400435220331,0.09565341245393716,0.0007705981954502149,0.0028505531921428906,0.0010006688424741969,0.004880718645518187,0.8563823631524129,0.9365903050246804,0.0002809041883368386,0.0013584148222323122,0.000439524901805938,0.7888284831041467,7.216703002326757e-05,0.0010951970847900144,0.00015148865744103423,0.0004568341437644979,0.0028505531921428906,0.00046132349143591196,0.0006953591624328886,0.04657033245776447,0.00046993669468266253,0.0028505531921428906,0.0007054586244623478,0.0010231123392833899,0.0015510322379894692,0.0011075061903586152,call_T050_s060_r005_q006,validation
O,0.008463250007480383,0.01551416702568531,0.00046433059574679667,6.793392789111921e-05,0.0015278557528732417,0.07910271546635184,0.6147256137809028,0.9505269097788966,0.0,1.0,0.0,0.0007085531302736192,0.0014372094728398732,0.0007688833454877719,0.09282988212670042,0.0007603188110578824,0.0029325607427565514,0.0009990196288434563,0.004815906330728205,0.8615776670913935,0.9413998228072396,2.631533091586801e-05,0.0011023012743440752,9.231131522490705e-05,0.794233849439402,6.359509396155803e-05,0.0009851535351988322,0.0001305669838831441,0.00029081928291568133,0.0029325607427565514,0.0004008692274547724,0.0006042369643893531,0.621402082964778,0.04861729392849969,0.0002839901913767158,0.0029325607427565514,0.0006144775432128011,0.0008506868183782849,0.0013748600149908197,0.0009426707262851632,4,0.0,6.308246595480653e-07,2.1997539175502686e-05,2.1997539175502686e-05,1.8510284793333258e-05,0.0,call,0.0,hard,0.0013584148222322776,0.626812265231838,0.9589793712018505,0.0,1.0,0.0,0.0008287638257698744,0.0015995905324206472,0.000888400435220331,0.09597300887811341,0.000757903467087212,0.0028505531921428906,0.0009992066402688292,0.00480771395687358,0.8563823631524129,0.9365903050246804,3.071939764548601e-05,0.0012879100830731627,0.00011101588495147382,0.7888284831041467,7.053330606747468e-05,0.0010951970847900144,0.0001512706161510689,0.00029197123872625087,0.0028505531921428906,0.0004016870988754921,0.0006054684181912345,0.047958480052495235,0.0002740962183276827,0.0028505531921428906,0.0005988559349569248,0.0010231123392833899,0.0015510322379894692,0.0011075061903586152,call_T050_s060_r005_q006,validation
O,0.008383250096812844,0.01551416702568531,0.00046433059574679667,6.793392789111921e-05,0.0015278557528732417,0.16910896590040975,nan,nan,0.0,0.0,120.0,0.0007100999918514127,0.001437209502855863,0.0007693437428197629,nan,0.0007591017345307142,0.0029325607427565514,0.0009988438356393716,0.004819831679272113,0.41914247130317356,1.0,5.350254354216246e-05,0.001102302906504482,0.00010409776999621454,0.2651361452215697,0.0001056838585881767,0.0009851535351988322,0.00014662838139397873,0.000307770785578608,0.0029325607427565514,0.00040161196462788995,0.0006053565046885002,0.621402082964778,0.04818987046090105,0.00029876317929664303,0.0029325607427565514,0.0006153191045627055,0.0008506870571470979,0.0013748600149908197,0.0009426707465196598,4,0.08209366391184574,6.307953208646866e-07,2.056237146711687e-05,2.056237146711687e-05,1.29064742827984e-05,0.0,call,0.0,softplus,0.0013584148222322776,nan,nan,0.0,0.0,120.0,0.0008296549653832792,0.0015995905361607665,0.0008886162683818773,nan,0.00075667185888557,0.0028505531921428906,0.0009990136974101995,0.0048114613808618485,0.4185772083614295,1.0,5.7704882742968635e-05,0.001287910338153564,0.00012096159748371049,0.26468393561454,0.00011218894570633058,0.0010951970847900075,0.00016523684872635542,0.0003088193076121772,0.0028505531921428906,0.0004024204501526832,0.0006065738085286947,0.0475593302890468,0.0002888068105822608,0.0028505531921428906,0.0005997118283671465,0.0010231127767113797,0.0015510322379894692,0.001107506212695004,call_T050_s060_r005_q006,validation
O,0.00861154100857675,0.01551416702568531,0.00046433059574679667,6.793392789111921e-05,0.0015278557528732417,0.35412181401486215,2.1802662408599307,2.180405098236485,0.0,0.39166666666666666,73.0,0.00024405193843356424,0.0008798059507455491,0.00031220986546500547,0.01328448694862539,0.00032135827065052195,0.0013859057519371998,0.0004051767950089787,0.0021780281834480656,0.5642126350432853,0.8549436253252385,0.00014854045113525403,0.0006697078095661002,0.0002151955992234971,0.4210357714895889,4.977688621409222e-05,0.0011066949773928005,0.00011302053770395314,0.00021081671749428372,0.0013859057519371998,0.0001976762375917797,0.000297960735207198,0.621402082964778,0.022975195697007424,0.00022709146781597802,0.0013859057519371998,0.0003120734462558473,0.0002970546429071613,0.0011066949773928005,0.0003454858834895424,8,0.09600550964187328,2.1118255421075955e-07,2.5487909304632575e-05,0.00022574402999751776,0.0002250803166768677,0.00022574402999751776,call,0.0006697078095661002,raw,0.000669707809566082,2.1921808992304284,2.192320531558578,0.0,0.39166666666666666,73.0,0.00023706859432976173,0.0010370242258319617,0.00033395426956945337,0.018460127303199996,0.0003190185308890147,0.0013969181277802,0.00040075193568263383,0.002132461281355634,0.5631387122132494,0.8542931483087598,0.0001489865264048097,0.0008251705341670856,0.000216040270916631,0.41999786803112676,4.437713439368671e-05,0.00044600328356871055,8.002610103841144e-05,0.00021007308767705327,0.0013969181277802,0.00019636241978131493,0.00029597974152027154,0.023061929542059528,0.00023115388434792188,0.0013969181277802,0.0003147786258249121,0.00018531669709743028,0.00043261452196330374,0.0002133174547774182,call_T050_s060_r005_q006,validation
O,0.008319708984345198,0.01551416702568531,0.00046433059574679667,6.793392789111921e-05,0.0015278557528732417,0.2222376553927356,2.1802662408599307,2.180405098236485,0.0,0.39166666666666666,73.0,0.00013438501038783122,0.0008798059507455491,0.00025872882475172916,0.01328448694862539,0.00028550365237947243,0.0013859057519371998,0.00038264262369907794,0.002044135236659936,0.5642126350432853,0.8549436253252385,7.36161869663501e-05,0.0006462094435497612,0.00011946149577493254,0.4210357714895889,4.465012970137996e-05,0.0011066949773928005,0.0001092764691339634,0.0001499715088377819,0.0013859057519371998,0.00016504665566505672,0.00024877761467215713,0.621402082964778,0.026860198410659626,0.00015747593826391493,0.0013859057519371998,0.00025712111512376384,0.0002970546429071613,0.0011066949773928005,0.0003454858834895424,8,0.0,2.1118255421075955e-07,2.5487909304632575e-05,2.5487909304632575e-05,2.0874243091094777e-05,0.0,call,0.0,hard,0.000669707809566082,2.1921808992304284,2.192320531558578,0.0,0.39166666666666666,73.0,0.00017329139734879902,0.0010370242258319617,0.0003109230370693991,0.018460127303199996,0.00028288521938431093,0.0013969181277802,0.0003774454301355357,0.0019935238944112903,0.5631387122132494,0.8542931483087598,7.428516392478615e-05,0.0008251705341670856,0.00012121831387191779,0.41999786803112676,3.925037788097445e-05,0.00044600328356871055,7.417707318119565e-05,0.00014922787902055148,0.0013969181277802,0.0001633142575399666,0.00024616579785015466,0.026993081619105724,0.00016066499835734946,0.0013969181277802,0.0002595648211101618,0.00018531669709743028,0.00043261452196330374,0.0002133174547774182,call_T050_s060_r005_q006,validation
O,0.008417333010584116,0.01551416702568531,0.00046433059574679667,6.793392789111921e-05,0.0015278557528732417,0.23668310299326342,nan,nan,0.0,0.0,120.0,0.000145641012778927,0.0008798138595365046,0.0002610847313691589,nan,0.00028466863904366577,0.0013859057519376439,0.0003817313114245969,0.002060061445346663,0.18717973508653196,0.9897750511247444,0.00010476252614646557,0.0006463654739365943,0.00013572199414638644,0.10336358782701548,8.846473963576389e-05,0.0011066949773928005,0.0001275049665616723,0.00016959311501646274,0.0013859057519376439,0.00016822041243906398,0.00025356147191910093,0.621402082964778,0.02589101462875172,0.00017507697379994905,0.0013859057519376439,0.0002615309137441306,0.00029705343202507856,0.0011066949773928005,0.0003454856765472807,8,0.09056473829201102,2.1117273243540674e-07,2.5487319386083975e-05,2.5487319386083975e-05,1.144986253981813e-05,0.0,call,0.0,softplus,0.000669707809566082,nan,nan,0.0,0.0,120.0,0.00018424247386838183,0.0010370252635298893,0.0003128035651656085,nan,0.00028203038814674923,0.0013969181277806442,0.00037647586572068663,0.0020080607430772463,0.1868906265083502,0.9897750511247444,0.00010542227090027352,0.0008251966121066712,0.00013727230197455799,0.1031872934655154,8.287520092095114e-05,0.00044600328356871055,9.89310779341359e-05,0.00016887139983384793,0.0013969181277806442,0.0001665120532211312,0.000250985878699636,0.026082994847657793,0.00017829729694530936,0.0013969181277806442,0.0002639247636560046,0.0001853154862153667,0.00043261452196330374,0.00021331719765164131,call_T050_s060_r005_q006,validation
O,0.008243624935857952,0.01551416702568531,0.00046433059574679667,6.793392789111921e-05,0.0015278557528732417,0.27744982290436837,0.8786848485015591,0.9188469285989571,0.0,1.0,0.0,0.00013151279711277712,0.0003371656157933334,0.00015842911333866525,0.013710036157716163,0.00013607011833550707,0.0011148761855813427,0.00017037761199782667,0.0012558122310700436,0.8509771986970684,0.9345854094800051,8.77564163483394e-05,0.0004258139046686704,0.00012902341519952125,0.7810998398291511,3.180644320046642e-05,0.0011148761855813427,0.00010002512474876452,0.00010516664049179249,0.0011148761855813427,9.638896006693864e-05,0.0001452887092413813,0.621402082964778,0.015830639849299586,0.00011038443586055833,0.00045154494380761356,0.00014626459674893134,0.00020910928909001426,0.0011148761855813427,0.0002502768766353717,12,0.0856060606060606,1.936570016878413e-07,1.0166405870635524e-05,0.000143532776854608,0.0001429656841074011,0.000143532776854608,call,0.0004258139046686704,raw,0.0004258139046687034,0.8907714999524945,0.9303865588876169,0.0,1.0,0.0,9.076774412526227e-05,0.00027041883934264543,0.00011700454372332935,0.01553552358400259,0.00011333299129848632,0.00046407420555150125,0.00013896501001522637,0.0011666308454707653,0.8514644351464435,0.9359908010732081,8.794582248957256e-05,0.0004258139046686704,0.0001291453594478063,0.7809401982731052,1.6244337099028408e-05,0.00017575474399250668,3.190994555158628e-05,9.706654565977174e-05,0.00046407420555150125,8.807513165885688e-05,0.00013275684182230125,0.01560332983574064,0.00010738319957739103,0.00046407420555150125,0.0001413539315706333,9.067676876850937e-05,0.0002890881289049074,0.00011048470469201172,call_T050_s060_r005_q006,validation
O,0.008252625004388392,0.01551416702568531,0.00046433059574679667,6.793392789111921e-05,0.0015278557528732417,0.09153413431488298,0.8900363485029724,0.9299437653956318,0.0,1.0,0.0,1.2278239011148084e-05,0.00014891392691773753,2.5319513926524996e-05,0.017489603659818113,0.00012803190507284273,0.0011148761855813427,0.00016700428200798682,0.00107780587880651,0.8509771986970684,0.9345854094800051,2.718872517755517e-05,0.0003470857043537112,7.010709276180344e-05,0.7810998398291511,2.6252167002190172e-05,0.0011148761855813427,9.930147312954175e-05,6.352836161820384e-05,0.0011148761855813427,7.620613453658177e-05,0.0001148667950707839,0.621402082964778,0.015332803426457446,6.385223687214584e-05,0.00045154494380761356,0.0001116874242186418,0.00020910928909001426,0.0011148761855813427,0.0002502768766353717,12,0.0,1.936567811946067e-07,2.0609110780013454e-05,2.0609110780013454e-05,1.9851608098279976e-05,0.0,call,0.0,hard,0.0004258139046687034,0.9021229999539078,0.9414979852978899,0.0,1.0,0.0,2.0692447274931954e-05,0.0002355151199926464,4.3577489543715576e-05,0.020084467329762483,0.00010582541402934054,0.00046407420555150125,0.00013508887778623707,0.0009678407597805783,0.8514644351464435,0.9359908010732081,2.7170192540472805e-05,0.0003470857043537112,7.005969494900138e-05,0.7809401982731052,1.069006090075216e-05,0.00017575474399250668,2.9417925397313096e-05,5.5428266786183096e-05,0.00046407420555150125,6.534447266393115e-05,9.849461088526049e-05,0.014798185794217981,5.9914359334308974e-05,0.00046407420555150125,0.00010395687650536946,9.067676876850937e-05,0.0002890881289049074,0.00011048470469201172,call_T050_s060_r005_q006,validation
O,0.00817416689824313,0.01551416702568531,0.00046433059574679667,6.793392789111921e-05,0.0015278557528732417,0.24855892770331273,nan,nan,0.0,0.0,120.0,2.8324179649521474e-05,0.00016007946746166013,3.85344669409039e-05,nan,0.00012724404792108636,0.0011148761855813427,0.00016631342779611382,0.0011256451169341,0.07423401192679416,1.0,6.677384433520347e-05,0.00035014739008287776,8.956766077848384e-05,0.03854778430325681,7.664772267980627e-05,0.0011148761855813427,0.00011597261815418843,8.856475985457497e-05,0.0011148761855813427,8.152100101808084e-05,0.00012287798318144535,0.621402082964778,0.014765957390167748,8.696461974026163e-05,0.000451544949454874,0.00011945366097920023,0.0002091084706444537,0.0011148761855813427,0.0002502768141279378,12,0.08050964187327823,1.9364828360245442e-07,1.0166170568817846e-05,1.0166170568817846e-05,8.516264564488536e-06,0.0,call,0.0,softplus,0.0004258139046687034,nan,nan,0.0,0.0,120.0,4.215427245786174e-05,0.00023860720444557337,5.665896088257407e-05,nan,0.00010497622085872027,0.00046407420556349166,0.0001341147662656119,0.001019447031187252,0.07411209197290085,1.0,6.670373702093194e-05,0.00035014739008287776,8.951327361504083e-05,0.03848203816224283,6.063757962398588e-05,0.00017575474399250668,6.649838449489804e-05,8.04537038938755e-05,0.00046407420556349166,7.144145082662901e-05,0.00010768466885388697,0.014348000563257704,8.295328520499615e-05,0.00046407420556349166,0.00011218307735760798,9.067595032297035e-05,0.0002890881289049074,0.00011048465952716997,call_T050_s060_r005_q006,validation
O,0.008764208061620593,0.01551416702568531,0.00046433059574679667,6.793392789111921e-05,0.0015278557528732417,0.32161955691367455,1.7111616186062462,1.8258574225955184,0.0,0.8666666666666667,16.0,8.347279000900307e-05,0.00023348463376082762,0.0001033759839696177,0.18786002361593984,0.000112234501845858,0.001183320403915493,0.00014616433660230251,0.0009883841593553587,0.6835528083848428,0.9217249501721326,3.981658025564798e-05,0.00027812941745120057,6.746301377262947e-05,0.5431927389215163,3.2000466129426085e-05,0.001183320403915493,0.0001151996369251151,6.591295033350797e-05,0.001183320403915493,6.833613400711998e-05,0.00010300421020774122,0.621402082964778,0.01449654509096231,6.365974385986769e-05,0.0004140959446341935,9.318138370399566e-05,0.00023427502726912336,0.001183320403915493,0.00026507419714392875,16,0.08119834710743802,1.3420473852033796e-07,8.710397163556776e-06,9.375146257105305e-05,9.327454093062937e-05,9.375146257105305e-05,call,0.00027812941745120057,raw,0.00027812941745116327,1.7236929358456612,1.8375471309709477,0.0,0.8666666666666667,16.0,6.269254039573206e-05,0.00023481811437009448,8.22540849556293e-05,0.18821758342333123,6.956863468668352e-05,0.0003461905456862979,8.828404648300066e-05,0.0008714907763438017,0.6836241610738255,0.9228121036419641,3.994580116068928e-05,0.00027812941745120057,6.756961095549208e-05,0.5429058735742458,1.0657315696808384e-05,0.00015446767534367523,2.498806540614536e-05,5.058825074382771e-05,0.0003461905456862979,5.01999770306023e-05,7.566710698711344e-05,0.014483745609571351,5.562238561741144e-05,0.0003461905456862979,8.047626372407722e-05,4.4744234914730786e-05,0.0001283155383167145,5.2315883782148995e-05,call_T050_s060_r005_q006,validation
O,0.00837687507737428,0.01551416702568531,0.00046433059574679667,6.793392789111921e-05,0.0015278557528732417,0.20390304882283491,1.7140474413339584,1.827190166093316,0.0,0.8666666666666667,16.0,1.3461337225314715e-05,0.00016604902619432593,3.055976112685217e-05,0.18754370979130613,0.0001083056911089623,0.001183320403915493,0.00014502937218878565,0.0008766984897118842,0.6835528083848428,0.9217249501721326,1.679524235316201e-05,0.0001781970615943873,3.5242730100781894e-05,0.5431927389215163,3.073320904182163e-05,0.001183320403915493,0.00011498118235388747,4.9771755407980826e-05,0.001183320403915493,6.071045932082066e-05,9.150990181912816e-05,0.621402082964778,0.013658574655174768,4.596045227989443e-05,0.0004140959446341935,7.886316039042144e-05,0.00023427502726912336,0.001183320403915493,0.00026507419714392875,16,0.0,1.3420473852033796e-07,1.4717140243117663e-05,1.4717140243117663e-05,1.3719354529278927e-05,0.0,call,0.0,hard,0.00027812941745116327,1.7265787585733738,1.838892512629689,0.0,0.8666666666666667,16.0,2.4509679502081906e-05,0.00023481811437009448,5.0155621068488294e-05,0.18794417311374817,6.586293762664655e-05,0.0003461905456862979,8.649168547727745e-05,0.0007383860308568319,0.6836241610738255,0.9228121036419641,1.6831925415155932e-05,0.0001781970615943873,3.528925883797143e-05,0.5429058735742458,9.390058609203928e-06,0.00015446767534367523,2.3818650800367154e-05,3.4447055818300574e-05,0.0003461905456862979,3.91679011033342e-05,5.903830914982211e-05,0.013514244794971908,3.731616346017902e-05,0.0003461905456862979,6.246891342862645e-05,4.4744234914730786e-05,0.0001283155383167145,5.2315883782148995e-05,call_T050_s060_r005_q006,validation
O,0.008569874917156994,0.01551416702568531,0.00046433059574679667,6.793392789111921e-05,0.0015278557528732417,0.2807139384679492,nan,nan,0.0,0.0,120.0,4.335553002306087e-05,0.00017553689497384894,5.204865349100528e-05,nan,0.00010877456376575614,0.001183320403915493,0.00014500375492346957,0.0009545853679259531,0.07423401192679416,1.0,6.862971527496152e-05,0.0001937525583701749,7.540488217314927e-05,0.03854778430325681,8.317786653176402e-05,0.001183320403915493,0.00013069975290892213,8.309622853480935e-05,0.001183320403915493,7.025430050904547e-05,0.0001058954950082129,0.621402082964778,0.013386929647106206,7.840695737480303e-05,0.0004140959446341935,9.526020436801038e-05,0.0002342740140903086,0.001183320403915493,0.00026507404661839037,16,0.07679063360881543,1.3419849792498647e-07,8.710195561949746e-06,8.710195561949746e-06,7.13299102240484e-06,0.0,call,0.0,softplus,0.00027812941745116327,nan,nan,0.0,0.0,120.0,5.829512540885945e-05,0.00023793149289530469,6.989191509985237e-05,nan,6.603998921867869e-05,0.00034619277061587184,8.622485771396107e-05,0.0008276176568399858,0.07411209197290085,1.0,6.862389706380918e-05,0.0001937525583701749,7.541699631440295e-05,0.03848203816224283,6.137980190963961e-05,0.00015446767534367523,6.629857027456629e-05,6.76955892115186e-05,0.00034619277061587184,5.2722434865739414e-05,7.946924193162643e-05,0.013299822192429965,6.963591668139691e-05,0.00034619277061587184,8.208229216182146e-05,4.4743221735916204e-05,0.0001283155383167145,5.231535110780938e-05,call_T050_s060_r005_q006,validation
O,0.008211500011384487,0.01551416702568531,0.00046433059574679667,6.793392789111921e-05,0.0015278557528732417,0.34189874296826167,1.3360364085248495,1.4371826808511674,0.0,0.9916666666666667,1.0,5.2818784204727504e-05,0.00016016493648174368,6.632643175916652e-05,0.26659056996161085,8.704689797666435e-05,0.001125179226177088,0.0001222834975416322,0.0006835225339531119,0.831520748526642,0.9646179870312941,1.8979460197826585e-05,0.00015494949826855287,3.0735891783661134e-05,0.7306994127068873,3.113388131061555e-05,0.001125179226177088,0.00010959585028210046,4.3508099069566763e-05,0.001125179226177088,5.1358218777327104e-05,7.74131115214066e-05,0.621402082964778,0.008711525387144278,3.828008180450826e-05,0.00024280225375174214,5.99805863782328e-05,0.00022240502276375725,0.001125179226177088,0.0002592998416844866,24,0.05117079889807163,9.813158530215579e-08,5.201309474996879e-06,5.223016795569198e-05,5.172507911425694e-05,5.223016795569198e-05,call,0.00015494949826855287,raw,0.00015494949826852164,1.3482227456927827,1.448752258916111,0.0,0.9916666666666667,1.0,4.988898308874515e-05,0.00020861379836389915,6.398928489336645e-05,0.268084362082368,2.9937610810381584e-05,0.0002314041267679201,4.376141198872922e-05,0.0004834637324138219,0.8297420333839152,0.9634902734705385,1.9172841366398995e-05,0.00015494949826855287,3.098403280214298e-05,0.7286003624347085,9.059083581935937e-06,8.26596076911601e-05,1.709248869036548e-05,2.304024709519815e-05,0.0002314041267679201,2.3949128477075913e-05,3.609884653170898e-05,0.008787955178924218,2.4543233949935476e-05,0.0002314041267679201,3.761931032991626e-05,1.8876961089289184e-05,5.989880270582809e-05,2.2889322117135175e-05,call_T050_s060_r005_q006,validation
O,0.008298500091768801,0.01551416702568531,0.00046433059574679667,6.793392789111921e-05,0.0015278557528732417,0.1494548232516147,1.3397609984493766,1.4402089813080703,0.0,0.9916666666666667,1.0,1.820062424009716e-05,0.00016016493648174368,3.5365640558607693e-05,0.26533615134820737,8.653892261870861e-05,0.001125179226177088,0.00012220268501340805,0.0006283733335232549,0.831520748526642,0.9646179870312941,6.871524870838159e-06,8.04926240572379e-05,1.609164931624329e-05,0.7306994127068873,2.7778601217427152e-05,0.001125179226177088,0.00010941178670006299,3.5580300946090166e-05,0.001125179226177088,4.9411245839150007e-05,7.447840629251725e-05,0.621402082964778,0.007781906080752793,2.9955739105199322e-05,0.00024280225375174214,5.5983161967952894e-05,0.00022240502276375725,0.001125179226177088,0.0002592998416844866,24,0.00674931129476584,9.813149230104492e-08,9.620898866954795e-06,9.620898866954795e-06,8.508734893206143e-06,0.0,call,0.0,hard,0.00015494949826852164,1.35194733561731,1.451788124707002,0.0,0.9916666666666667,1.0,3.170461919337504e-05,0.00020861379836389915,5.23840811332812e-05,0.2668581958916337,2.9595863752228616e-05,0.0002314041267679201,4.367956182713386e-05,0.00039687304567490495,0.8297420333839152,0.9634902734705385,6.991485135726739e-06,0.00015076324093765692,1.6405405093821886e-05,0.7286003624347085,5.703803488747534e-06,8.26596076911601e-05,1.585024638492584e-05,1.5112448971721543e-05,0.0002314041267679201,1.943175106653848e-05,2.9289742224431486e-05,0.0077107388846918215,1.5898920320602563e-05,0.0002314041267679201,3.0287059831383466e-05,1.8876961089289184e-05,5.989880270582809e-05,2.2889322117135175e-05,call_T050_s060_r005_q006,validation
O,0.008287000004202127,0.01551416702568531,0.00046433059574679667,6.793392789111921e-05,0.0015278557528732417,0.3342593235641364,nan,nan,0.0,0.0,120.0,5.925379613100177e-05,0.00017046624283212353,6.566577006510317e-05,nan,9.072899953793243e-05,0.001125179226177088,0.0001234751762122515,0.0007468372547062258,0.07423401192679416,1.0,6.515678190781083e-05,0.00011745022401737915,6.781531089090877e-05,0.03854778430325681,8.001578503039235e-05,0.001125179226177088,0.00012524959996315491,7.437193252706644e-05,0.001125179226177088,6.0933553718329334e-05,9.184617577654516e-05,0.621402082964778,0.007683744904105523,6.87140677689166e-05,0.00024280225375174214,7.774932834632889e-05,0.00022240418372854734,0.001125179226177088,0.0002592997639467176,24,0.05048209366391185,9.812713150956086e-08,5.201189090508248e-06,5.201189090508248e-06,5.13455899165088e-06,0.0,call,0.0,softplus,0.00015494949826852164,nan,nan,0.0,0.0,120.0,7.091878746031428e-05,0.00021264132993503715,7.849781517848093e-05,nan,3.302573613014905e-05,0.00023164918711016114,4.6727562918318656e-05,0.0005642472567656126,0.07411209197290085,1.0,6.52026541178341e-05,0.00017076576782271147,6.789620402797579e-05,0.03848203816224283,5.736067885478101e-05,0.00011745022401737915,6.274596001797596e-05,5.364261118256852e-05,0.00023164918711016114,4.056257493574826e-05,6.114051995412327e-05,0.007679421349960162,5.4431890828412794e-05,0.00023164918711016114,6.17541619608578e-05,1.8876122054107933e-05,5.989880270582809e-05,2.2888998480954088e-05,call_T050_s060_r005_q006,validation
O,0.008465333958156407,0.01551416702568531,0.00046433059574679667,6.793392789111921e-05,0.0015278557528732417,0.25036460865337873,1.4637539212454564,1.5629080777550586,0.0,0.9916666666666667,1.0,4.980323284227729e-05,0.00013949238035237954,5.7106473500995925e-05,0.24320151151424088,7.865836613088034e-05,0.001132616082434229,0.00011715113603792294,0.000549428756952562,0.8047945205479452,0.990941746056536,1.1498031014039116e-05,9.346445478808363e-05,1.7269778520946237e-05,0.6775226908702616,2.9464561207733264e-05,0.001132616082434229,0.00011431842221533526,3.5699788276279e-05,0.001132616082434229,4.754747652597451e-05,7.166911529438932e-05,0.621402082964778,0.003982581555209714,2.9368584543597338e-05,0.00029187717735147667,5.0495260217603125e-05,0.00022300577335824745,0.001132616082434229,0.0002612453225112354,32,0.0,3.267226755566457e-08,6.455247179948815e-06,3.1504866544873206e-05,2.9938394920694552e-05,3.1504866544873206e-05,call,9.346445478808363e-05,raw,9.346445478813784e-05,1.475830081582731,1.5742241225944018,0.0,0.9916666666666667,1.0,4.1449328714655954e-05,0.00014834285543408043,5.205626742980554e-05,0.24284917389580668,1.299934696805103e-05,0.00014834285543408043,1.8951294094374293e-05,0.00023192859556432963,0.8087937151545869,0.9968764641574263,1.1732742153386993e-05,0.0001423069839470159,1.780021819998254e-05,0.6804178658991579,6.363558223274029e-06,7.90002770101883e-05,1.3400687798472628e-05,1.218778903031704e-05,0.00014834285543408043,1.2089143714809971e-05,1.8222130466184815e-05,0.0040235608505731135,1.2340292910737967e-05,0.0001438647870191101,1.7552106871291033e-05,1.6247491259340054e-05,7.681222328504225e-05,2.2514141446789362e-05,call_T050_s060_r005_q006,validation
O,0.008350417017936707,0.01551416702568531,0.00046433059574679667,6.793392789111921e-05,0.0015278557528732417,0.12917563719702757,1.46764914481165,1.5662743608745304,0.0,0.9916666666666667,1.0,1.6792262610244163e-05,0.00013949238035237954,3.164851893583915e-05,0.2431606877610085,7.82635688755884e-05,0.001132616082434229,0.00011703714325140531,0.000527452442217443,0.8047945205479452,0.990941746056536,4.274885982973998e-06,9.094432200829061e-05,1.0187974142462982e-05,0.6775226908702616,2.6725853488023026e-05,0.001132616082434229,0.00011414465250399427,3.093729230367843e-05,0.001132616082434229,4.692317472388614e-05,7.072809463248471e-05,0.621402082964778,0.003367092818469476,2.466003842299812e-05,0.00029187717735147667,4.937111994852598e-05,0.00022300577335824745,0.001132616082434229,0.0002612453225112354,32,0.0,3.267223208280851e-08,7.89703019191481e-06,7.89703019191481e-06,6.461435940898762e-06,0.0,call,0.0,hard,9.346445478813784e-05,1.479725305148924,1.5775941118137846,0.0,0.9916666666666667,1.0,2.07632712848999e-05,0.00014834285543408043,3.810039796029456e-05,0.24281395275364104,1.2946909529250781e-05,0.00014834285543408043,1.888000717193824e-05,0.00016681594718169403,0.8087937151545869,0.9968764641574263,4.329279558060723e-06,0.0001423069839470159,1.059280648077386e-05,0.6804178658991579,3.6248505035637893e-06,7.681222328504225e-05,1.1840730930957702e-05,7.425293057716464e-06,0.00014834285543408043,9.381336327190424e-06,1.4140615624562465e-05,0.0028445156366360995,7.408364705679572e-06,0.0001438647870191101,1.340184876436309e-05,1.6247491259340054e-05,7.681222328504225e-05,2.2514141446789362e-05,call_T050_s060_r005_q006,validation
O,0.00842391699552536,0.01551416702568531,0.00046433059574679667,6.793392789111921e-05,0.0015278557528732417,0.25411486908813113,nan,nan,0.0,0.0,120.0,5.348268730957165e-05,0.00015767612735917425,5.9392665933193866e-05,nan,8.360945980734954e-05,0.001132616082434229,0.00011866780328102866,0.0006777568828011979,0.07423401192679416,1.0,6.553462205179686e-05,0.00012478766778545314,6.735154729835438e-05,0.03854778430325681,8.01770311468657e-05,0.001132616082434229,0.00012929571718524156,7.20480326110685e-05,0.001132616082434229,5.925047685299626e-05,8.930924556017543e-05,0.621402082964778,0.003838495592518034,6.60975602121421e-05,0.00029187717735147667,7.388514308589697e-05,0.00022300623454451024,0.001132616082434229,0.0002612452931338108,32,0.0,3.267079127256033e-08,6.455097773028136e-06,6.455097773028136e-06,4.213119031437654e-06,0.0,call,0.0,softplus,9.346445478813784e-05,nan,nan,0.0,0.0,120.0,5.499203045234846e-05,0.00016652660244087514,6.290741690790005e-05,nan,1.8443572544110727e-05,0.00016652660244087514,2.7033185393304692e-05,0.0004546850614581547,0.07411209197290085,1.0,6.549908944699791e-05,0.00016389656947324305,6.735131893239441e-05,0.03848203816224283,5.7128495565983214e-05,8.745420952138705e-05,6.167814307999679e-05,4.859368551904307e-05,0.00016652660244087514,3.734745005745524e-05,5.62943185705166e-05,0.0036281983472249836,4.894600236304103e-05,0.00014991295649968706,5.6556736711665704e-05,1.6247030073040916e-05,7.681222328504052e-05,2.2514165213151606e-05,call_T050_s060_r005_q006,validation
O,0.008997000055387616,0.01369229203555733,0.001889075103393346,0.00013184252491736472,0.010955401961303934,0.39433293978748524,0.00647826441935174,0.007780814910126014,0.0,0.31666666666666665,82.0,0.0006653733526537806,0.002728290668795979,0.0008980604723579706,0.006319494720739473,0.0004665575413529658,0.0028831526861199256,0.0006778549055168745,0.004722040378114568,0.9144728448092545,0.9825443246207275,7.228197188756077e-05,0.0009887887395157169,0.00011021746302173419,0.8552223371251293,3.1568856642357676e-05,0.0028831526861199256,0.00021474188552968483,0.0001280261443343464,0.0028831526861199256,0.0009316334229217942,0.0002745804518345401,0.5948400419438258,0.06399063715571295,0.00010044865618224505,0.0017320625405803786,0.00018244166808491447,0.0007847880791000883,0.0028831526861199256,0.0009179161222532027,4,0.42265840220385675,1.7831102133075846e-06,0.00014603838545585932,0.0005531749059378976,0.0005522494684889245,0.0005531749059378976,put,0.0005531749059378976,raw,0.0005531749059378976,0.011217745666890992,0.014774899905542304,0.0,0.31666666666666665,82.0,0.0009686032078760191,0.0024116995121498397,0.0011908601816277946,0.0070432338461037,0.0003806580085114958,0.0024116995121498397,0.0005955910700608852,0.004360205945086472,0.9157899220513694,0.9824529336501554,7.464357737215068e-05,0.0017029628368691874,0.00012346661756248588,0.8575987235739928,1.572604229669668e-05,0.00048355526738526333,5.3378898703481665e-05,0.00011866149909740584,0.0024116995121498397,0.0008588755995734196,0.00025313312991099435,0.062270959885334584,9.621062908585603e-05,0.0021244235120870536,0.00017284497619440966,0.0005470281380251657,0.0013169002753554426,0.000639677621711308,put_T050_s020_r005_q000,validation
O,0.008324084104970098,0.01369229203555733,0.001889075103393346,0.00013184252491736472,0.010955401961303934,0.09840961177859574,0.0074230668241989034,0.015097011946171263,0.0,0.31666666666666665,82.0,0.0006369809418503616,0.002728290668795979,0.0008952554495196716,0.00978161765397612,0.0004604735974702107,0.0028831526861199256,0.0006766135629767474,0.004431569775097235,0.9144728448092545,0.9825443246207275,1.8931593033626914e-05,0.0009887887395157169,6.441163484016129e-05,0.8552223371251293,2.482069732464459e-05,0.0028831526861199256,0.000214116791763642,8.135847297241036e-05,0.0028831526861199256,0.0008866446193404671,0.0002613208953277389,0.5948400419438258,0.056091683632657124,4.637078842537797e-05,0.0017320625405803786,0.00015801931623694843,0.0007844984827430634,0.0028831526861199256,0.0009179109577208042,4,0.04648760330578512,1.7831102133075846e-06,0.00014603838545585932,0.00014603838545585932,0.00012602295534755093,0.0,put,0.0,hard,0.0005531749059378976,0.01860836722099105,0.02459082845766426,0.0,0.31666666666666665,82.0,0.0009616223968130349,0.0024116995121498397,0.0011905454474725947,0.010030113735077572,0.0003746767306578351,0.0024116995121498397,0.0005941519220995886,0.003992926989386914,0.9157899220513694,0.9824529336501554,2.1140202402043287e-05,0.0017029628368691874,8.498234816219879e-05,0.8575987235739928,8.97788297898359e-06,0.00048355526738526333,5.0805437197219405e-05,7.199382773546982e-05,0.0024116995121498397,0.0008097927053473726,0.0002386671156864658,0.054275523517376266,4.1790704686560316e-05,0.0021244235120870536,0.00014655273514661984,0.0005467385416681407,0.0013169002753554426,0.0006396701889460445,put_T050_s020_r005_q000,validation
O,0.00809100002516061,0.01369229203555733,0.001889075103393346,0.00013184252491736472,0.010955401961303934,0.31585526772692546,nan,nan,0.0,0.0,120.0,0.0006476599596085805,0.0027282906687875457,0.0008959557073544052,nan,0.00046466110803015324,0.0028831526861199256,0.0006768674720772096,0.0044506256014229546,0.06911911527532448,1.0,6.207197019978604e-05,0.0009887938179991285,8.411024977322651e-05,0.03579667488664386,8.197944378147576e-05,0.0028831526861199256,0.00022300385098529243,0.00011899154641103256,0.0028831526861199256,0.000903114915857592,0.00026617518817324224,0.5948400419438258,0.05587155473205428,8.361911177473475e-05,0.0017320625405803786,0.0001658183814528946,0.0007857179068739707,0.0028831526861199256,0.0009179852735294031,4,0.4126721763085399,1.7831102133075579e-06,0.00014603838685347745,0.00014603838685347745,0.000126022955347551,0.0,put,0.0,softplus,0.0005531749059378976,nan,nan,0.0,0.0,120.0,0.0009684509617398212,0.0024116995121498397,0.0011909668367564839,nan,0.00037937238160837565,0.0024116995121498397,0.0005945052995679946,0.004002671125997081,0.0693107431651906,1.0,6.422284662627245e-05,0.0017029628408838648,0.00010058950839915507,0.035899481451934584,6.613056003050718e-05,0.0004842344136442578,8.032152117523027e-05,0.00010955478574739188,0.0024116995121498397,0.0008276510473638957,0.00024393043672144308,0.05409590540889373,7.899284539461482e-05,0.0021244235120870536,0.00015486683977585476,0.0005479480348813334,0.0013169002753554426,0.0006397689948052102,put_T050_s020_r005_q000,validation
O,0.008462958037853241,0.01369229203555733,0.001889075103393346,0.00013184252491736472,0.010955401961303934,0.38856865060073614,0.32286357127284476,0.32813760096157674,0.0,1.0,0.0,0.0003917957392358066,0.002555060990482438,0.0004741465807990938,0.005658059404048809,0.0003212806825926075,0.002570839271943984,0.0004693931193587991,0.00378868237340639,0.8981808994441637,0.9541916435537264,5.0617550012409634e-05,0.0007677943745296456,0.00011199649665971383,0.8483811948134595,2.5387282383562272e-05,0.002570839271943984,0.00018073171076041187,8.888492822708143e-05,0.002570839271943984,0.0006946893774764673,0.00020474589946968454,0.5948400419438258,0.05727544667487971,6.768166947097406e-05,0.0009468139946930965,0.00013438677601550062,0.0006161979413862888,0.002570839271943984,0.0007549427933064831,8,0.44104683195592287,1.458354248614033e-06,0.00010027881062729498,0.0007677943745296456,0.0007667603223569491,0.0007677943745296456,put,0.0007677943745296456,raw,0.0007677943745296525,0.33278731376890874,0.3380825483610611,0.0,1.0,0.0,0.0005664810940431533,0.001190805095048042,0.0006706684335463416,0.006100046365564782,0.00026460285680037415,0.001190805095048042,0.00037267202004728176,0.0034692507231211876,0.8934716599190282,0.9477498434284691,5.168505023318212e-05,0.0008811504707882112,0.00011493221091902143,0.84507379337854,1.6745291650840797e-05,0.0006245255700394331,7.093078428451626e-05,8.231170829140946e-05,0.001190805095048042,0.0006001531923492965,0.00017688086153676546,0.058920319786041744,6.881911797683396e-05,0.000919406401247061,0.00013868709964309162,0.00038667138270585973,0.0009542019453869025,0.00045785463028307036,put_T050_s020_r005_q000,validation
O,0.008307749987579882,0.01369229203555733,0.001889075103393346,0.00013184252491736472,0.010955401961303934,0.0936870616015001,0.33635266716133727,0.34182082950663084,0.0,1.0,0.0,0.00024212114238275463,0.002555060990482438,0.00040415006873382894,0.007330058608469243,0.0003010330436807518,0.002570839271943984,0.0004663896281211173,0.003256766356032071,0.8981808994441637,0.9541916435537264,1.535320779973647e-05,0.0005164501095580865,6.206172707233296e-05,0.8483811948134595,2.0576741776351366e-05,0.002570839271943984,0.0001798400384662154,5.574370436921272e-05,0.002570839271943984,0.0006261852613429969,0.00018455567153490045,0.5948400419438258,0.04001842647896177,3.1706279913468216e-05,0.0009468139946930965,9.967474719873573e-05,0.0006150636039150479,0.002570839271943984,0.0007548615400900137,8,0.02865013774104683,1.458354248614033e-06,0.00010027881062729498,0.00010027881062729498,9.045312333893105e-05,0.0,put,0.0,hard,0.0007677943745296525,0.34627640965740125,0.3517717996071715,0.0,1.0,0.0,0.0004930989091585796,0.001190805095048042,0.0006538635406941602,0.008094632061379647,0.00024312647940491887,0.001190805095048042,0.00036869835373093705,0.0026868444803783234,0.8934716599190282,0.9477498434284691,1.6584020499777513e-05,0.0008811504707882112,6.712872916045867e-05,0.84507379337854,1.1934751043629892e-05,0.0006245255700394331,6.86204839344672e-05,4.917048443354076e-05,0.001190805095048042,0.0005191571954116348,0.00015300922025917555,0.03877470205241829,3.144600726792758e-05,0.000919406401247061,0.00010172985516291132,0.0003855370452346187,0.0009542019453869025,0.0004577206037270739,put_T050_s020_r005_q000,validation
O,0.008471624925732613,0.01369229203555733,0.001889075103393346,0.00013184252491736472,0.010955401961303934,0.3387735259393013,nan,nan,0.0,0.0,120.0,0.0002508078215972206,0.002555060990480946,0.0004050841773612878,nan,0.0003034861383883624,0.002570839271943984,0.0004663708194512291,0.003270783373780878,0.08032373826067038,1.0,6.748403310349456e-05,0.0005170200735551411,8.642471801510793e-05,0.041842335534165935,7.868159550479354e-05,0.002570839271943984,0.0001906992642498352,0.00010085090407813265,0.002570839271943984,0.0006540924603986297,0.00019278076429949891,0.5948400419438258,0.039279591494608225,7.773991822977651e-05,0.0009468139946930965,0.00011443815775714797,0.0006161943677264579,0.002570839271943984,0.0007549321750731559,8,0.43099173553719006,1.458354248614033e-06,0.00010027881062740773,0.00010027881062740773,9.045312333893105e-05,0.0,put,0.0,softplus,0.0007677943745296525,nan,nan,0.0,0.0,120.0,0.0005015791197469048,0.0011908050950640292,0.0006545006672850431,nan,0.0002458061764366603,0.0011908050950640292,0.0003685543526405098,0.002689635457433932,0.08054513436949698,1.0,6.860246004866653e-05,0.0008811653542745435,9.015318467172305e-05,0.04196250498603909,6.996226138699834e-05,0.0006245255700394331,9.336537296609998e-05,9.409190931532283e-05,0.0011908050950640292,0.0005523056136699328,0.00016277892715210542,0.03818100212118769,7.723347902219303e-05,0.000919406401247061,0.00011613174963985607,0.0003866578694925402,0.0009542019453869025,0.0004578328213853016,put_T050_s020_r005_q000,validation
O,0.008123000035993755,0.01369229203555733,0.001889075103393346,0.00013184252491736472,0.010955401961303934,0.5358010972984235,0.6406455546640233,0.6683902626407467,0.0,0.6666666666666666,40.0,0.00030896484769274315,0.0025920763149488582,0.00039448175238268704,0.03490976011415748,0.0002536061163530035,0.0025920763149488582,0.00038341177662407864,0.002841690412188835,0.7922638735758912,0.9375883440252256,4.572879654253036e-05,0.0005988776813402596,8.902289611780747e-05,0.6859438389945112,2.808000011482123e-05,0.0025920763149488582,0.00017558393136939598,7.511927888715704e-05,0.0025920763149488582,0.0005635608068273709,0.0001660983571087352,0.5948400419438258,0.04435942494808283,5.5746176343910805e-05,0.0006510682097504716,9.405634493303183e-05,0.0005483202233782951,0.0025920763149488582,0.0006605163894303898,12,0.4441460055096419,9.909362555835799e-07,6.283552679000812e-05,0.0005988776813402596,0.000592549831107829,0.0005988776813402596,put,0.0005988776813402596,raw,0.0005988776813402527,0.6510462147022398,0.679605768197247,0.0,0.6666666666666666,40.0,0.00040401489556988606,0.0008814407885932296,0.00045814971067439475,0.0382433694939304,0.000193330892953863,0.0008814407885932296,0.00025173743843856397,0.0025327434294958634,0.789250874286766,0.932477981950636,4.580443816162287e-05,0.0005988776813402596,8.968781551594903e-05,0.6841643398484244,1.837477886981272e-05,0.0005000865694125486,6.36070463982048e-05,6.702503195934553e-05,0.0008814407885932296,0.0004292140324785303,0.00012650061487015375,0.04871066735629612,5.870146165398194e-05,0.0005924092792534696,0.00010224602119497513,0.00026458976762746823,0.0006605635113797262,0.0003110104947704447,put_T050_s020_r005_q000,validation
O,0.008137249969877303,0.01369229203555733,0.001889075103393346,0.00013184252491736472,0.010955401961303934,0.17369261754288493,0.6424890188429255,0.6694339148481182,0.0,0.6666666666666666,40.0,0.00010130565871252541,0.0025920763149488582,0.00024603369723491373,0.03525582525799697,0.00022699800493382276,0.0025920763149488582,0.00037774120427186197,0.0024854377342144194,0.7922638735758912,0.9375883440252256,1.9265312474990886e-05,0.000471712702302729,5.266529124638888e-05,0.6859438389945112,1.817451896942588e-05,0.0025920763149488582,0.00017221822380092755,4.863534685719032e-05,0.0025920763149488582,0.0005095653530829785,0.0001501842693126484,0.5948400419438258,0.030354004884436545,2.932675310228612e-05,0.0006510682097504716,6.924027847787705e-05,0.0005449675558466123,0.0025920763149488582,0.0006599599363324988,12,0.04393939393939394,9.909362555835799e-07,6.283552679000812e-05,6.283552679000812e-05,5.6592284954260806e-05,0.0,put,0.0,hard,0.0005988776813402527,0.6528896788811422,0.6806486307651858,0.0,0.6666666666666666,40.0,0.0002771925535379121,0.0008814407885932296,0.00039790878361745926,0.03853946284160281,0.00016467925782587335,0.0008814407885932296,0.00024216478656766038,0.0018140691743392709,0.789250874286766,0.932477981950636,1.9684701003968564e-05,0.0005576953302285081,5.410925315125894e-05,0.6841643398484244,8.469297724417371e-06,0.0005000865694125486,5.353044760047916e-05,4.054109992937882e-05,0.0008814407885932296,0.00035492163939540155,0.00010460470119062828,0.030595031672671563,3.080905817798601e-05,0.0005479675204924789,7.453103041800603e-05,0.0002612371000957855,0.0006605635113797262,0.0003098686430270338,put_T050_s020_r005_q000,validation
O,0.008201665943488479,0.01369229203555733,0.001889075103393346,0.00013184252491736472,0.010955401961303934,0.49913188415862214,nan,nan,0.0,0.0,120.0,0.00010394634647576759,0.002592076314946698,0.0002461097621822256,nan,0.00022496350487564507,0.002592076314946698,0.00037713771793032857,0.0025121998152879063,0.06748654880860877,1.0,7.121979967391575e-05,0.00047260281189520637,8.349154447340968e-05,0.03492164505608146,7.484976332154513e-05,0.002592076314946698,0.00018293292278644924,9.295666667532138e-05,0.002592076314946698,0.000548089589612313,0.00016153852304866248,0.5948400419438258,0.02915328687293817,7.468631067451352e-05,0.0006510682097504716,9.225377072017946e-05,0.0005453202498057224,0.002592076314946698,0.0006599639918825032,12,0.43732782369146006,9.909362555835799e-07,6.283552679069854e-05,6.283552679069854e-05,5.6592284954260806e-05,0.0,put,0.0,softplus,0.0005988776813402527,nan,nan,0.0,0.0,120.0,0.00028465275704156495,0.0008814407889456977,0.0003988063379915332,nan,0.00016255367433648806,0.0008814407889456977,0.00024109583125147974,0.0018311289503648244,0.0676738091567751,1.0,7.167348301131919e-05,0.0005580726115511914,8.446638650817758e-05,0.0350219385719984,6.489750500023438e-05,0.0005000865694125486,8.164446440288997e-05,8.474592908268083e-05,0.0008814407889456977,0.0004081387274356278,0.00012028917059115856,0.02971413460252353,7.596088967684454e-05,0.0005479675204924789,9.61484115213801e-05,0.0002618923331888358,0.0006605635113797262,0.00030994514012015,put_T050_s020_r005_q000,validation
O,0.008150957990437746,0.01369229203555733,0.001889075103393346,0.00013184252491736472,0.010955401961303934,0.38342940481977916,0.7798432470848754,0.7806884745070057,0.0,0.9916666666666667,1.0,0.0002583060461642227,0.0027242028950335605,0.0003257412592325012,0.03340339023294373,0.00022137689775219614,0.002727622525690838,0.00034835564420543705,0.002044094196184446,0.6129188926663428,0.9528523489932886,2.9279573494980345e-05,0.00041975949047085015,4.894811634339963e-05,0.45175403706944556,2.72701260518981e-05,0.002727622525690838,0.00018434541421663182,5.6439020336892556e-05,0.002727622525690838,0.00047031417999895297,0.00013861576546201726,0.5948400419438258,0.022268392628189297,3.559426982105954e-05,0.0003078460352236301,5.1740194832178564e-05,0.000543557713026747,0.002727622525690838,0.000620533045347613,16,0.2556473829201102,5.982465542843905e-07,5.686198086161942e-05,0.00041975949047085015,0.00040980105662793005,0.00041975949047085015,put,0.00041975949047085015,raw,0.00041975949047083627,0.789843429204265,0.7907525525731838,0.0,0.9916666666666667,1.0,0.0002481569014490365,0.0007688310081527261,0.0003300235682502774,0.03347966867700537,0.0001024048587531799,0.0007688310081527261,0.0001419590793126851,0.0014418434747730541,0.611949175452825,0.949496644295302,2.9621099895509528e-05,0.000496168975309158,5.0382825746106176e-05,0.4514559234144396,1.0623081478031609e-05,0.0002870007640606454,3.390260989241218e-05,4.009050746017408e-05,0.0007688310081527261,0.00024164273026296495,7.121844032137234e-05,0.02627559953089907,3.651918925088084e-05,0.0003882376315852698,5.394945520288804e-05,0.00011761103094171942,0.00030490164565732253,0.00014271759480198346,put_T050_s020_r005_q000,validation
O,0.008263542084023356,0.01369229203555733,0.001889075103393346,0.00013184252491736472,0.010955401961303934,0.2884228071393847,0.7798432470848754,0.7806884745070057,0.0,0.9916666666666667,1.0,0.0001297930923061567,0.0027242028950335605,0.00025713959784540435,0.03340339023294373,0.00021484406482142875,0.002727622525690838,0.0003469271469048678,0.0020175038457388075,0.6129188926663428,0.9528523489932886,1.695465488376129e-05,0.00025469719965581783,3.1029596839457594e-05,0.45175403706944556,2.5131743019908767e-05,0.002727622525690838,0.00018334623876009744,4.4933008723729304e-05,0.002727622525690838,0.00045322590682179525,0.00013357933626721594,0.5948400419438258,0.015234236388411048,2.451137296964795e-05,0.00027625687481805383,4.27870597014823e-05,0.0005406066471910037,0.002727622525690838,0.0006199397298597314,16,0.11914600550964187,5.852926322694758e-07,5.2704580409651536e-05,5.2704580409651536e-05,2.92606363664068e-05,0.0,put,0.0,hard,0.00041975949047083627,0.789843429204265,0.7907525525731838,0.0,0.9916666666666667,1.0,0.0001634292656042126,0.0007688310081527261,0.0002883110432604416,0.03347966867700537,9.682352998152591e-05,0.0007688310081527261,0.0001397031103356976,0.001123621807943912,0.611949175452825,0.949496644295302,1.7119684846828244e-05,0.000496168975309158,3.245112908027113e-05,0.4514559234144396,8.484698446042278e-06,0.0002870007640606454,2.8856718612026435e-05,2.858449584701083e-05,0.0007688310081527261,0.00020663691021410735,6.090130848240818e-05,0.01715879826223157,2.46227678363223e-05,0.00021309148340806217,4.246217836095007e-05,0.0001146599651059761,0.00030490164565732253,0.0001406703355487773,put_T050_s020_r005_q000,validation
O,0.008213208056986332,0.01369229203555733,0.001889075103393346,0.00013184252491736472,0.010955401961303934,0.3530106257378985,nan,nan,0.0,0.0,120.0,0.00013594062005101366,0.0027242028950254646,0.00025690567566879325,nan,0.00021758105221877545,0.002727622525690838,0.0003473168678347424,0.0020799357321910927,0.05583049798948346,1.0,7.229172492068837e-05,0.0002622374839031105,7.639681522398481e-05,0.028716888075729856,8.27768071632263e-05,0.002727622525690838,0.00019484900859739477,9.283327997205373e-05,0.002727622525690838,0.0005040109487841113,0.00014854721894011936,0.5948400419438258,0.01467570283611264,7.395095992365256e-05,0.00027625687481805383,7.932793651938402e-05,0.0005411654548329695,0.002727622525690838,0.0006198725472612985,16,0.2539944903581267,5.612980881962859e-07,6.683402885807738e-05,6.683402885807738e-05,2.6635843334025126e-05,0.0,put,0.0,softplus,0.00041975949047083627,nan,nan,0.0,0.0,120.0,0.00017306986411607845,0.0007688310092395789,0.00029009491780537203,nan,9.986047730092919e-05,0.0007688310092395789,0.0001407954367100399,0.0011845755200120415,0.0559863523573201,1.0,7.240196139960946e-05,0.0004968658844902163,7.694626137662701e-05,0.02879936178699641,6.5751549890519e-05,0.0002870007640606454,7.186458606911708e-05,7.635166664434543e-05,0.0007688310092395789,0.0003019660105744575,8.899729066865253e-05,0.01686120434984961,7.385193307258286e-05,0.00021309148340806217,7.893306485939835e-05,0.00011515394305628157,0.00030490164565732253,0.00014076461303712707,put_T050_s020_r005_q000,validation
O,0.00812429201323539,0.01369229203555733,0.001889075103393346,0.00013184252491736472,0.010955401961303934,0.40162511285505936,0.694170083441052,0.6986744520653134,0.0,0.95,6.0,0.00015768118062247868,0.002771155981997858,0.00025256340059358676,0.03974582095694773,0.00020446869964314607,0.002879911472229422,0.00034105524177365637,0.0018351062282432758,0.8093701781456025,0.9817377495462795,8.903098116393315e-06,0.00018006469286638294,2.0149189603681513e-05,0.6884893803197837,2.707420330977982e-05,0.002879911472229422,0.0001975066358082217,3.655290312700586e-05,0.002879911472229422,0.0004396981578176408,0.00012959230087059427,0.5948400419438258,0.015487691253706833,1.5140907626602166e-05,0.0004733013993033358,4.375038367964576e-05,0.0005212675858229041,0.002879911472229422,0.0005992513054549651,24,0.3413223140495868,2.801639386273632e-07,3.390401074999938e-05,0.00018006469286638294,0.00017567869742188825,0.00018006469286638294,put,0.00018006469286638294,raw,0.00018006469286638294,0.7037434277717458,0.7084071187236938,0.0,0.95,6.0,0.00011889245572741308,0.00030593743836634935,0.00014453675216016197,0.039773529480802795,3.405323020607337e-05,0.00030593743836634935,5.271503304052458e-05,0.0005743093157438118,0.8118589293241534,0.9830989110707804,9.068548269355833e-06,0.00021380682202032375,2.0773063222889457e-05,0.69142401276426,5.654901149816982e-06,0.00011866504411062184,1.591017279209478e-05,1.26624107212872e-05,0.00030593743836634935,9.410059997634745e-05,2.773391095328126e-05,0.011252285587217609,1.0596258290981913e-05,0.00015697108742873667,1.990053900863564e-05,3.627124244557049e-05,0.00013893105082200125,4.580600766119574e-05,put_T050_s020_r005_q000,validation
O,0.008144250023178756,0.01369229203555733,0.001889075103393346,0.00013184252491736472,0.010955401961303934,0.19327731092436976,0.7010854918840707,0.7055432010644543,0.0,0.95,6.0,9.892211996294577e-05,0.002771155981997858,0.0002355740939228143,0.03929406572060014,0.00020345864170907715,0.002879911472229422,0.00034086254186021066,0.0018578171328566752,0.8093701781456025,0.9817377495462795,4.253353534384118e-06,0.0001425523979526333,1.3290552518133293e-05,0.6884893803197837,2.5825529151329556e-05,0.002879911472229422,0.0001973929134675536,3.241775122044481e-05,0.002879911472229422,0.00043686794022073717,0.0001287581504339229,0.5948400419438258,0.013313474289017536,1.1498893973243675e-05,0.0004733013993033358,4.267278109370437e-05,0.0005205763495180635,0.002879911472229422,0.0005991772694332786,24,0.07114325068870524,2.801639386273632e-07,3.390401074999938e-05,3.390401074999938e-05,2.40606417200355e-05,0.0,put,0.0,hard,0.00018006469286638294,0.7106588362147647,0.7152818054666917,0.0,0.95,6.0,7.070337707050833e-05,0.00030593743836634935,0.00011921333773431068,0.03933630450631017,3.381391453305813e-05,0.00030593743836634935,5.264062950312046e-05,0.0004359561792760664,0.8118589293241534,0.9830989110707804,4.278858579958927e-06,0.00021380682202032375,1.3767283649762646e-05,0.69142401276426,4.4062269913667115e-06,0.00011866504411062184,1.490664913645803e-05,8.52725881472615e-06,0.00030593743836634935,8.035472662661635e-05,2.368264212447095e-05,0.007149000569926348,6.751538878069545e-06,0.0001425523979526333,1.6736773625919867e-05,3.558000614072987e-05,0.00013893105082200125,4.523074763333319e-05,put_T050_s020_r005_q000,validation
O,0.00824895896948874,0.01369229203555733,0.001889075103393346,0.00013184252491736472,0.010955401961303934,0.3990554899645809,nan,nan,0.0,0.0,120.0,0.00010896122302719578,0.002771155981984911,0.00023507038835041298,nan,0.00021468841737459576,0.002879911472229422,0.00034215729569556845,0.0019475033160398444,0.05583049798948346,1.0,6.760728185603309e-05,0.00016409437589284814,6.928748034505079e-05,0.028716888075729856,8.445513717264011e-05,0.002879911472229422,0.00020792689993757147,8.840216953607028e-05,0.002879911472229422,0.00048785196606036455,0.0001437846796534139,0.5948400419438258,0.013436813459375013,7.035463311383268e-05,0.0004733013993033358,7.841016019240054e-05,0.0005213349073323419,0.002879911472229422,0.0005991850844127064,24,0.33298898071625344,2.6501260164532574e-07,6.327408490486991e-05,6.327408490486991e-05,2.4554425506236737e-05,0.0,put,0.0,softplus,0.00018006469286638294,nan,nan,0.0,0.0,120.0,8.780862974409502e-05,0.0003063989369241904,0.00012444632492730322,nan,4.5912780772482796e-05,0.0003063989369241904,6.17112536800661e-05,0.0006034058069027096,0.0559863523573201,1.0,6.757295265208148e-05,0.0002249389041536487,6.931489078089376e-05,0.02879936178699641,6.318549224852638e-05,0.00014530388896928648,6.70494769563536e-05,6.445729648252786e-05,0.0003063989369241904,0.0002316500214119858,6.82733273515849e-05,0.007375387364598424,6.536076049804104e-05,0.00016409437589284814,6.76909597613038e-05,3.7167243574804564e-05,0.00013893105082200125,4.666136194550025e-05,put_T050_s020_r005_q000,validation
O,0.008217333001084626,0.01369229203555733,0.001889075103393346,0.00013184252491736472,0.010955401961303934,0.3172442530731301,0.7498108135515982,0.7548033700822965,0.0,0.95,6.0,0.00015895839626435543,0.0028175122180967823,0.0002633526549863723,0.0435191518079187,0.00020269225999998265,0.0029176634163145766,0.0003503701976036962,0.0018956369384351148,0.8211666900191491,0.9944570135746607,5.011203126240072e-06,0.00020608623052439934,1.0908278808901997e-05,0.6993079309521916,2.5789132829264254e-05,0.0029176634163145766,0.00020578870158935604,3.296009922135975e-05,0.0029176634163145766,0.0004483084213495469,0.00013213000507144893,0.5948400419438258,0.013592462120280969,1.0711680671925948e-05,0.0004650807515506755,3.906784579271836e-05,0.0005296215072532262,0.0029176634163145766,0.0006175512107322779,32,0.3106060606060606,2.251736030709864e-07,1.626975374460944e-05,0.00021735104311579323,0.0001949013812001195,0.00021735104311579323,put,0.00021735104311579323,raw,0.00021735104311580017,0.7593883103609996,0.7645873164773007,0.0,0.95,6.0,7.223856998813241e-05,0.00021735104311579323,8.786099798495678e-05,0.04353486194509259,1.5934388167514282e-05,0.00014666470317853397,2.8540223721091014e-05,0.0003715934215923165,0.823204678362573,0.9952488687782806,5.2852594703659315e-06,0.00021735104311579323,1.254263000160237e-05,0.7018747506980455,2.784192306049037e-06,0.00013554975925991752,1.0096609405958946e-05,6.817058188772764e-06,0.00021735104311579323,5.384636530048775e-05,1.5869933887530425e-05,0.006704127469468225,5.590527215255597e-06,0.00012115348101600365,1.0384242215590523e-05,2.096990786281495e-05,0.00013554975925991752,3.077915157281076e-05,put_T050_s020_r005_q000,validation
O,0.008258041925728321,0.01369229203555733,0.001889075103393346,0.00013184252491736472,0.010955401961303934,0.21077852628654767,0.749835677741734,0.7548065624809371,0.0,0.95,6.0,0.00012784248154360377,0.0028175122180967823,0.0002528868282077587,0.04330844639037469,0.0002009504581884415,0.0029176634163145766,0.0003497174414725173,0.0019199553027719294,0.8211666900191491,0.9944570135746607,2.219967570896956e-06,0.00010293007897227424,7.4150025745853315e-06,0.6993079309521916,2.4715902974316894e-05,0.0029176634163145766,0.00020558607209428264,3.0317236581095522e-05,0.0029176634163145766,0.00044677059171328046,0.00013167676032305178,0.5948400419438258,0.012666406109861163,8.26306601144999e-06,0.0004650807515506755,3.861142511142227e-05,0.0005285584025506282,0.0029176634163145766,0.0006173983892043018,32,0.07107438016528926,2.251736030709864e-07,2.3512016317756013e-05,2.3512016317756013e-05,2.0241460408040175e-05,0.0,put,0.0,hard,0.00021735104311580017,0.7594131745511356,0.7645904949325993,0.0,0.95,6.0,4.331706142333249e-05,0.00014666470317853397,6.581718200207998e-05,0.04332469258619843,1.5824646120728968e-05,0.00014666470317853397,2.8501246470558593e-05,0.0002664707877691097,0.823204678362573,0.9952488687782806,2.2168083203397193e-06,0.00010293007897227424,7.439498500524319e-06,0.7018747506980455,1.7109624511016766e-06,6.776182244147555e-05,6.82127622425837e-06,4.174195548508544e-06,0.00014666470317853397,4.348198652695897e-05,1.2815280058932352e-05,0.004229658500656168,3.101201461887572e-06,0.00012115348101600365,8.436126262574538e-06,1.9906803160216914e-05,9.953775992153913e-05,2.8850911952181024e-05,put_T050_s020_r005_q000,validation
O,0.008172958972863853,0.01369229203555733,0.001889075103393346,0.00013184252491736472,0.010955401961303934,0.32016112230015975,nan,nan,0.0,0.0,120.0,0.00014662547800817227,0.0028175122180761998,0.0002523207394430615,nan,0.00021678673670892472,0.0029176634163145766,0.0003511267492137657,0.0020204930027817383,0.05583049798948346,1.0,6.717563650233309e-05,0.0001334766298448642,6.837404298768315e-05,0.028716888075729856,8.440837680395878e-05,0.0029176634163145766,0.00021555642936911336,8.832822016653939e-05,0.0029176634163145766,0.0004968679154319579,0.00014644195169975744,0.5948400419438258,0.013184664554220049,6.922589916263449e-05,0.0004650807515506755,7.642552619920136e-05,0.0005294410452517794,0.0029176634163145766,0.0006173879070795951,32,0.30137741046831956,2.2517360307103927e-07,3.9974217225961984e-05,3.9974217225961984e-05,2.2311972163428782e-05,0.0,put,0.0,softplus,0.00021735104311580017,nan,nan,0.0,0.0,120.0,6.789612568267317e-05,0.0001482206358017213,7.846259813736784e-05,nan,3.366171441808679e-05,0.0001482206358017213,4.56333636463223e-05,0.0005156365933053645,0.0559863523573201,1.0,6.707035410978045e-05,0.0001334766298448642,6.830092134767748e-05,0.02879936178699641,6.130751994963183e-05,0.0001088286491564977,6.510975189501949e-05,6.226476738819676e-05,0.0001482206358017213,0.00022232501573224092,6.552500399099111e-05,0.005222651761812004,6.402600582262825e-05,0.0001334766298448642,6.637781479679624e-05,2.1397280015758866e-05,9.953775992153913e-05,3.0473692970128353e-05,put_T050_s020_r005_q000,validation
O,0.008226417005062103,0.013909041997976601,0.0018164175977309106,0.00012733617030594865,0.009082850122741465,0.3825960136120564,0.280230589078357,0.284694784209672,0.0,0.9916666666666667,1.0,0.0005257522508217927,0.002482083770164052,0.0006938443560415126,0.006062819283855676,0.0004458060068920137,0.002482083770164052,0.0006008054385140857,0.004126792073017757,0.7491722251547579,0.9290645084503689,2.723818046571759e-05,0.0009662057288822856,5.888193453653938e-05,0.6276433223446168,2.1891225930660622e-05,0.002482083770164052,0.00016738776239736607,9.024777608374617e-05,0.002482083770164052,0.0008119858509937196,0.00023934029197581082,0.5976510000182316,0.05648955069753614,5.9687938735055455e-05,0.0010348159470556506,0.0001347766452122866,0.0007624203064391269,0.002482083770164052,0.0009145625331520904,4,0.3239669421487603,1.871057177647322e-06,8.064976501816722e-05,0.0004742336116002263,0.00043887999104158456,0.0004742336116002263,put,0.0004742336116002263,raw,0.0004742336116002263,0.28807244630890344,0.29245826434330563,0.0,0.9916666666666667,1.0,0.0006878083192016334,0.001691443696761108,0.0008389806831885306,0.006445529797289815,0.0003874672612941168,0.001691443696761108,0.000509288080740544,0.003494178664385455,0.7445754149627135,0.9209711973339682,2.8100148006962526e-05,0.0010920919664988982,6.635352962993651e-05,0.6248889606718889,1.6327394728223314e-05,0.0007161140039412114,8.231505371674949e-05,8.352333916893195e-05,0.001691443696761108,0.0007094259020326684,0.00020910675798279456,0.052048946806847754,6.171092722446334e-05,0.0012772743121110264,0.0001439879537052555,0.0004986781962442431,0.0014040017477004313,0.000602267834244221,put_T050_s020_r005_q003,validation
O,0.00827120803296566,0.013909041997976601,0.0018164175977309106,0.00012733617030594865,0.009082850122741465,0.14334328772831448,0.2887172240065658,0.2936097102556546,0.0,0.9916666666666667,1.0,0.0005125502637921024,0.002482083770164052,0.0006928818867984705,0.006744113125665295,0.00038662191219981235,0.002482083770164052,0.0005831267033052353,0.004004515555903696,0.7491722251547579,0.9290645084503689,1.4326945544074742e-05,0.0009662057288822856,4.2640614719681955e-05,0.6276433223446168,2.0576719468852e-05,0.002482083770164052,0.00016727981553797572,7.037080228263397e-05,0.002482083770164052,0.0007790604868160346,0.0002296352382903889,0.5976510000182316,0.05409582676547096,3.64456446083198e-05,0.0010348159470556506,0.00011305859752150822,0.0007623325741987113,0.002482083770164052,0.0009145616776611982,4,0.06453168044077134,1.871057177647322e-06,8.064976501816722e-05,8.064976501816722e-05,7.529401884117901e-05,0.0,put,0.0,hard,0.0004742336116002263,0.2965590812371123,0.30133577241319565,0.0,0.9916666666666667,1.0,0.0006828839549822817,0.001691443696761108,0.00083876734597443,0.007312712512427918,0.00032633267985540145,0.001691443696761108,0.00048779268326154404,0.0033346811065141403,0.7445754149627135,0.9209711973339682,1.574636552020934e-05,0.0010920919664988982,5.336271870950969e-05,0.6248889606718889,1.5012888266414698e-05,0.0007161140039412114,8.209532114676752e-05,6.364636536781973e-05,0.001691443696761108,0.0006708944845365551,0.0001977494340254819,0.04969951919092421,3.8319017377120776e-05,0.0012772743121110264,0.00012349299419636936,0.0004985904640038275,0.0014040017477004313,0.0006022665351537653,put_T050_s020_r005_q003,validation
O,0.008428000030107796,0.013909041997976601,0.0018164175977309106,0.00012733617030594865,0.009082850122741465,0.3387735259393013,nan,nan,0.0,0.0,120.0,0.0005257725284717045,0.0024820837701636364,0.0006940808164739618,nan,0.00038639828333300846,0.0024820837701636364,0.0005827576034942958,0.004009139925059888,0.05638862855357701,0.9836512261580381,7.13147500389224e-05,0.0009662120738987423,8.066578357343377e-05,0.02902629251427193,7.994720961899256e-05,0.0024820837701636364,0.00017935222242070178,0.0001187462169728863,0.0024820837701636364,0.0008074849849174788,0.00023801362033551914,0.5976510000182316,0.05348209118096638,8.617161650471779e-05,0.0010348159470556506,0.00012991487599937947,0.0007633267437391713,0.0024820837701636364,0.0009146281745881,4,0.3159090909090909,1.871057177647322e-06,8.064976501816722e-05,8.064976501816722e-05,7.529401884117901e-05,0.0,put,0.0,softplus,0.0004742336116002263,nan,nan,0.0,0.0,120.0,0.0006917531797738147,0.00169144369676133,0.0008395755074114457,nan,0.0003266648984717304,0.00169144369676133,0.00048729721352611284,0.0033278077303772343,0.05662745098039215,0.9836512261580381,7.273566342893329e-05,0.001092093774093028,8.686293949985385e-05,0.02915287087135589,7.438337769443837e-05,0.0007161140039412114,0.00010444030384149174,0.00011189775705140689,0.00169144369676133,0.0007035428442875711,0.00020737269790889804,0.049115570490176994,8.796241791311744e-05,0.0012772743121110264,0.00013903112220920317,0.0004995846335442888,0.0014040017477004313,0.0006023583975798767,put_T050_s020_r005_q003,validation
O,0.008447416010312736,0.013909041997976601,0.0018164175977309106,0.00012733617030594865,0.009082850122741465,0.39877769289533993,0.19143213929936925,0.21433326937750583,0.0,0.3333333333333333,80.0,0.0003205190974217331,0.002517259489253715,0.0004222727642449956,0.02639383707601515,0.00031831875959761695,0.002517259489253715,0.0004396309310863273,0.0032163428058249546,0.8648999740192258,0.9371305245378624,6.818655808893924e-05,0.0004811072208739109,0.00010306239902157497,0.8030071560665756,2.5579192203806233e-05,0.002517259489253715,0.00015906890346103426,0.00010584050058775255,0.002517259489253715,0.0006623638859790693,0.00019523784271665754,0.5976510000182316,0.04959122208977309,9.006883479546942e-05,0.0006683494650144006,0.00013133896723331495,0.0005853338553344284,0.002517259489253715,0.0007142375994829266,8,0.4305785123966942,1.4589217031645133e-06,4.7773661876641255e-05,0.0004811072208739109,0.00048025376320225827,0.0004811072208739109,put,0.0004811072208739109,raw,0.00048110722087391436,0.19982741027753986,0.22515000866488832,0.0,0.3333333333333333,80.0,0.00040011796202118636,0.0011423945167652882,0.0004978703464986399,0.026516195090407015,0.00028036828253543957,0.0011423945167652882,0.0003572000164856596,0.002775635033506101,0.8619791666666665,0.9317819273716806,6.858376718897193e-05,0.0005767746696919984,0.00010397874989294354,0.8019058386497617,2.0819258037843973e-05,0.0006929220696606335,7.63200254367085e-05,0.00010124611509227935,0.0011423945167652882,0.0005759710684091144,0.00016977029237560902,0.04841823454302102,9.354463192666324e-05,0.0008392526623754448,0.00014121364252814753,0.0003727907260818627,0.00099182899116175,0.0004407642682795041,put_T050_s020_r005_q003,validation
O,0.008433584007434547,0.013909041997976601,0.0018164175977309106,0.00012733617030594865,0.009082850122741465,0.11202166817140079,0.19913593027304335,0.22480784254759853,0.0,0.3333333333333333,80.0,0.00021029317809396174,0.002517259489253715,0.00037846891737493505,0.028176649702383837,0.00027508825810729643,0.002517259489253715,0.0004258360591943739,0.0028935282829652266,0.8648999740192258,0.9371305245378624,2.2164631693238672e-05,0.0004315028618453731,6.380580460379246e-05,0.8030071560665756,1.6309709839120886e-05,0.002517259489253715,0.00015708816750663207,6.0238784593763455e-05,0.002517259489253715,0.0005949734243210111,0.00017537388480423193,0.5976510000182316,0.03973092480415476,3.902552880922782e-05,0.0006683494650144006,9.607997906180452e-05,0.0005843735088287874,0.002517259489253715,0.0007141746092131831,8,0.037809917355371904,1.4589217031645133e-06,4.7773661876641255e-05,4.7773661876641255e-05,4.561567148822342e-05,0.0,put,0.0,hard,0.00048110722087391436,0.20754575382424986,0.23560434928420632,0.0,0.3333333333333333,80.0,0.00033428208885203406,0.0011423945167652882,0.00047984767066415587,0.027716677948200326,0.00023662298746128017,0.0011423945167652882,0.00033963879432751426,0.0022959423023655094,0.8619791666666665,0.9317819273716806,2.264353884442357e-05,0.0005767746696919984,6.521128295196364e-05,0.8019058386497617,1.1549775673158622e-05,0.0006929220696606335,7.204914830513314e-05,5.564439909829026e-05,0.0011423945167652882,0.0004961528371488388,0.00014624347792051943,0.037357165669209005,4.166394929256159e-05,0.0008392526623754448,0.00010724301493581986,0.0003718303795762216,0.00099182899116175,0.00044066351728732733,put_T050_s020_r005_q003,validation
O,0.008212707936763763,0.013909041997976601,0.0018164175977309106,0.00012733617030594865,0.009082850122741465,0.3059934717688728,nan,nan,0.0,0.0,120.0,0.0002196020807028219,0.0025172594892531245,0.0003796795187207316,nan,0.00027475436092721167,0.0025172594892531245,0.000424921116397684,0.0029108132876985026,0.06231985666432967,1.0,6.635177166464469e-05,0.000432826454242502,8.535215858602032e-05,0.03216209696872236,7.284263242325415e-05,0.0025172594892531245,0.00016859188405454487,9.772389834552015e-05,0.0025172594892531245,0.0006197309571398762,0.00018267139513180255,0.5976510000182316,0.038976399959408416,7.621300955490499e-05,0.0006683494650144006,0.00010882116266289828,0.000585229732891298,0.0025172594892531245,0.0007142180829799539,8,0.42079889807162535,1.4589217031645133e-06,4.7773661876641255e-05,4.7773661876641255e-05,4.561567148822342e-05,0.0,put,0.0,softplus,0.00048110722087391436,nan,nan,0.0,0.0,120.0,0.0003448013107675135,0.0011423945168200222,0.0004810900145090265,nan,0.0002365310871863142,0.0011423945168200222,0.0003384153282295392,0.0023013643109859104,0.06258311820386452,1.0,6.677635607333833e-05,0.0005770868613861335,8.641888218310014e-05,0.03230234999596221,6.780454433172572e-05,0.0006929220696606335,9.441201074660887e-05,9.295668411466744e-05,0.0011423945168200222,0.0005253568077400446,0.00015485149123530632,0.03671791347196214,7.865149250998608e-05,0.0008392526623754448,0.00011867739173737831,0.00037274384502695664,0.00099182899116175,0.0004407226958320292,put_T050_s020_r005_q003,validation
O,0.008234041975811124,0.013909041997976601,0.0018164175977309106,0.00012733617030594865,0.009082850122741465,0.49079797208139453,0.7487596525048124,0.7509956875441806,0.0,0.975,3.0,0.0002800685328455862,0.002638772419945432,0.0003557278619138895,0.058061697351433995,0.00021589917655394226,0.002638772419945432,0.0003345612556081961,0.002335711630595918,0.6137160740301085,0.9329068241469817,4.336898402377286e-05,0.0005468440679909092,8.056332572670675e-05,0.4572646136528102,2.7865366859365262e-05,0.002638772419945432,0.0001732874438702035,6.934101765101783e-05,0.002638772419945432,0.0005073394759442733,0.00014954297313771352,0.5976510000182316,0.03531435226099477,5.214823826369415e-05,0.0006859977742875584,8.54388611271454e-05,0.0004936117324524367,0.002638772419945432,0.0005938321040084619,12,0.2746556473829201,1.0754809140156048e-06,8.475367227560315e-05,0.0005468440679909092,0.0005374288655387138,0.0005468440679909092,put,0.0005468440679909092,raw,0.0005468440679908988,0.7567353233740954,0.7590460703758576,0.0,0.975,3.0,0.0002603079103798907,0.0005694252251355891,0.0003065503127066455,0.05809349304208413,0.0001563485387054066,0.0005982550812700799,0.00019834884254688598,0.0018864175928123914,0.6116131825315223,0.927001312335958,4.316654489797533e-05,0.0005468440679909092,8.062917357470515e-05,0.4563514495679561,1.7274833326685937e-05,0.0004552375362220258,5.926649204992617e-05,6.0621974309708116e-05,0.0005982550812700799,0.0003648632950942413,0.0001075452426045802,0.03676811443714284,5.5046064437414403e-05,0.0005240572164129098,9.120089566533389e-05,0.0002264128577471083,0.0005982550812700799,0.0002681234764189311,put_T050_s020_r005_q003,validation
O,0.008247666992247105,0.013909041997976601,0.0018164175977309106,0.00012733617030594865,0.009082850122741465,0.36558094312105005,0.748765969386944,0.7509971120381419,0.0,0.975,3.0,7.493192388990192e-05,0.002638772419945432,0.00020705173407608912,0.05799326303021279,0.0001988445332367884,0.002638772419945432,0.00033000800496324495,0.0020667941773303226,0.6137160740301085,0.9329068241469817,2.1226712935067833e-05,0.0004565540794397305,4.945799996898815e-05,0.4572646136528102,1.809094466020896e-05,0.002638772419945432,0.00016955219567305649,4.796461853885119e-05,0.002638772419945432,0.00046109479076069466,0.00013591192717721834,0.5976510000182316,0.02503649859485475,3.172393530688426e-05,0.0006859977742875584,6.633630355091948e-05,0.000491387006532765,0.002638772419945432,0.0005934986389601181,12,0.13856749311294767,1.0619395963735066e-06,0.0001050328751936308,0.0001050328751936308,4.427011156154211e-05,0.0,put,0.0,hard,0.0005468440679908988,0.7567416402562271,0.7590474797256769,0.0,0.975,3.0,0.00010687236696686224,0.0005694252251355891,0.0001883102936729244,0.058025094948572886,0.00013837899383011923,0.0005982550812700799,0.00019076156049916817,0.0012983318507809316,0.6116131825315223,0.927001312335958,2.1168916934409743e-05,0.0004565540794397305,4.934535150133673e-05,0.4563514495679561,7.500411127529632e-06,0.0004552375362220258,4.6967100864535446e-05,3.92455751975415e-05,0.0005982550812700799,0.0002971553344576465,8.758798970786675e-05,0.02404247130121854,3.363441495882709e-05,0.00047090188909432174,7.022810374371592e-05,0.00022418813182743658,0.0005982550812700799,0.0002674133843545929,put_T050_s020_r005_q003,validation
O,0.00822079204954207,0.013909041997976601,0.0018164175977309106,0.00012733617030594865,0.009082850122741465,0.4632266129592333,nan,nan,0.0,0.0,120.0,7.399042635100107e-05,0.0026387724199434413,0.0002052409156463628,nan,0.00019829973775502792,0.0026387724199434413,0.0003298701286250111,0.002099678437084167,0.06262169950930759,1.0,7.337635783920229e-05,0.0004575891293810419,8.393271180412883e-05,0.032322907453565974,7.480537443495136e-05,0.0026387724199434413,0.00018045332989756759,9.218184444083332e-05,0.0026387724199434413,0.0005073576803506242,0.0001495483390537894,0.5976510000182316,0.023600007438998913,7.706462824475265e-05,0.0006859977742875584,9.248378805769445e-05,0.0004917284936380741,0.0026387724199434413,0.0005934814563680261,12,0.2745867768595041,1.0373918150298864e-06,9.488444276381514e-05,9.488444276381514e-05,3.4349901347128546e-05,0.0,put,0.0,softplus,0.0005468440679908988,nan,nan,0.0,0.0,120.0,0.00011194294288307665,0.0005694252419898016,0.00018929490671226718,nan,0.00013791292126354098,0.0005982550812700799,0.0001904802411625354,0.0013258000301106243,0.06288619475948377,1.0,7.340287606373756e-05,0.0004575891293810419,8.391287559103416e-05,0.03246386174594202,6.372819305835444e-05,0.0004552375362220258,7.745715200439688e-05,8.335190154431649e-05,0.0005982550812700799,0.00036462855496106276,0.00010747605180103502,0.022756779648315736,7.877433512161468e-05,0.00047090188909432174,9.513129719637516e-05,0.00022400105254233722,0.0005982550812700799,0.0002673576744272369,put_T050_s020_r005_q003,validation
O,0.008217666996642947,0.013909041997976601,0.0018164175977309106,0.00012733617030594865,0.009082850122741465,0.385790679908327,0.7570487397091016,0.7576240658407197,0.0,1.0,0.0,0.0002229774791636072,0.0027691645806417874,0.0002965753632614933,0.01876196539693673,0.00020282322062615207,0.0027792062715996015,0.00032389075218947446,0.001984254283938428,0.5929776057506221,0.9493626062322946,3.2276278391729856e-05,0.0003794174929655503,5.231361194010821e-05,0.4311329098657232,2.8525028637181655e-05,0.0027792062715996015,0.00018789723795445632,5.7949761124102414e-05,0.0027792062715996015,0.00045663901954149023,0.00013459854766047346,0.5976510000182316,0.026565712070484,3.912769977970382e-05,0.0003573733657821071,5.8205571662625876e-05,0.0005120314580928536,0.0027792062715996015,0.0005899330417173445,16,0.25495867768595043,5.566286252891551e-07,8.12934083090841e-05,0.0003794174929655503,0.0003722865412640594,0.0003794174929655503,put,0.0003794174929655503,raw,0.00037941749296556415,0.7648253193338956,0.765442720376074,0.0,1.0,0.0,0.00019608775004632817,0.0005109282735055731,0.00023726758896114878,0.018884441994585863,8.907986923043807e-05,0.0005109282735055731,0.00011300438224471093,0.0012743702018409681,0.5924241583938773,0.9456444759206799,3.236541047195261e-05,0.0003794174929655503,5.269262377691813e-05,0.4313171283210854,1.0699536085690052e-05,0.00024059087661447431,2.971764282898447e-05,4.1112166013012665e-05,0.0005109282735055731,0.00022292961917850954,6.57095967192505e-05,0.027697986422865285,3.9683599359413594e-05,0.00034075666978494734,5.7970484689946655e-05,9.591743553657834e-05,0.0002579771728830893,0.00011587173277028583,put_T050_s020_r005_q003,validation
O,0.008235584013164043,0.013909041997976601,0.0018164175977309106,0.00012733617030594865,0.009082850122741465,0.2952982846030974,0.7570487397091016,0.7576240658407197,0.0,1.0,0.0,8.301853112918708e-05,0.0027691645806417874,0.00021705371383367632,0.01876196539693673,0.00019536794229831604,0.0027792062715996015,0.0003220853057726641,0.001867209693375933,0.5929776057506221,0.9493626062322946,1.8962499577805237e-05,0.00018192888600998547,3.411418057902263e-05,0.4311329098657232,2.674396087276889e-05,0.0027792062715996015,0.00018730941657351606,4.5517898509299384e-05,0.0027792062715996015,0.000437172398161538,0.00012886058210459782,0.5976510000182316,0.0173638059673149,2.71716508257453e-05,0.0003573733657821071,4.891057416284114e-05,0.0005109058046850288,0.0027792062715996015,0.0005897857943745124,16,0.12086776859504132,5.566286252891551e-07,9.488080856284026e-05,9.488080856284026e-05,3.603183636929039e-05,0.0,put,0.0,hard,0.00037941749296556415,0.7648253193338956,0.765442720376074,0.0,1.0,0.0,8.94043645783102e-05,0.0005109282735055731,0.0001642952959172471,0.018884441994585863,8.277551689610553e-05,0.0005109282735055731,0.00010942992507935407,0.0008569177720220288,0.5924241583938773,0.9456444759206799,1.8816216175545584e-05,0.00018192888600998547,3.37748844044368e-05,0.4313171283210854,8.918468321277288e-06,0.0002279537394232218,2.5609017047625547e-05,2.8680303398209635e-05,0.0005109282735055731,0.00017989476062852064,5.302486146240061e-05,0.0170327430416702,2.7084545170073605e-05,0.00033167203522549427,4.6359577282797616e-05,9.47917821287535e-05,0.0002579771728830893,0.00011522058729615107,put_T050_s020_r005_q003,validation
O,0.008502959040924907,0.013909041997976601,0.0018164175977309106,0.00012733617030594865,0.009082850122741465,0.3517605389263143,nan,nan,0.0,0.0,120.0,8.601402884207014e-05,0.0027691645806344548,0.00021534282876211702,nan,0.00019797136707769476,0.0027792062715996015,0.00032250943232564524,0.001929886865296036,0.056415064853883416,1.0,7.319717756353742e-05,0.00019695528664931405,7.788082208118553e-05,0.02902629251427193,8.385187523215553e-05,0.0027792062715996015,0.0001985852469373532,9.198020561416256e-05,0.0027792062715996015,0.0004894050244274947,0.00014425662873011246,0.5976510000182316,0.016540635996779636,7.507238742082585e-05,0.0003573733657821071,8.27469450666006e-05,0.00051132360957334,0.0027792062715996015,0.0005897557642330531,16,0.253168044077135,5.432914815503129e-07,0.00010852348806766887,0.00010852348806766887,3.680309260911468e-05,0.0,put,0.0,softplus,0.00037941749296556415,nan,nan,0.0,0.0,120.0,9.733566750393391e-05,0.0005109283037577905,0.00016569971662099535,nan,8.59255788493959e-05,0.0005109283037577905,0.00011083085852472326,0.0009342502570267498,0.056654111738857496,1.0,7.303597322919784e-05,0.00019695528664931405,7.770051201393242e-05,0.02915287087135589,6.562258047163592e-05,0.0002279537394232218,7.057107862167704e-05,7.502386541486874e-05,0.0005109283037577905,0.0002838630385750264,8.367002041720681e-05,0.016378233166878843,7.478145226999175e-05,0.00033167203522549427,8.102680063805663e-05,9.485181212532356e-05,0.0002579771728830893,0.00011506200449126193,put_T050_s020_r005_q003,validation
O,0.00818912498652935,0.013909041997976601,0.0018164175977309106,0.00012733617030594865,0.009082850122741465,0.42315438572123065,0.5292475088641793,0.5370280828199777,0.0,0.7083333333333334,35.0,8.080004580585488e-05,0.0028035376556642348,0.00019829096515713764,0.022773557488389284,0.00018607392025090443,0.002933412493092367,0.00032599131090795506,0.0018504113307378593,0.8076223307478693,0.9982246419694638,6.9349717296570595e-06,0.0001375330012473308,1.5058563045367114e-05,0.6781378145855109,2.6082209068226028e-05,0.002933412493092367,0.00020160469202356825,3.390186214293684e-05,0.002933412493092367,0.00043167622193634054,0.00012724053365070003,0.5976510000182316,0.013797966290645183,1.4090029348637802e-05,0.0004476392775552285,4.514723768363457e-05,0.0005015933806869523,0.002933412493092367,0.0005898944295227662,24,0.33236914600550965,2.484802376272893e-07,3.22125125835418e-05,0.0001375330012473308,0.00013512934007721273,0.0001375330012473308,put,0.0001375330012473308,raw,0.00013753300124734122,0.5376878885001894,0.5450358211152732,0.0,0.7083333333333334,35.0,7.883109990376505e-05,0.00016159885727085044,9.140869889200516e-05,0.022723488645077845,3.0516216532599028e-05,0.00016159885727085044,4.117693982831041e-05,0.0004725708620716233,0.8111559139784946,1.0,6.890695126693957e-06,0.0001375330012473308,1.5117021587807941e-05,0.6823063877897118,3.669407662450477e-06,8.997611766022734e-05,1.0226347273695447e-05,1.0534327893208107e-05,0.00016159885727085044,7.234971375257985e-05,2.1325432353735106e-05,0.010510722988228532,9.053222948989326e-06,0.000120883784649084,1.701540895569127e-05,3.3552489404162277e-05,9.840489202227187e-05,4.095512317566281e-05,put_T050_s020_r005_q003,validation
O,0.008276625070720911,0.013909041997976601,0.0018164175977309106,0.00012733617030594865,0.009082850122741465,0.22557122022362663,0.5360339989661643,0.5437050238017573,0.0,0.7083333333333334,35.0,4.022796469058107e-05,0.0028035376556642348,0.0001876243628090446,0.021330088425181616,0.0001858498779557525,0.002933412493092367,0.0003259657580815353,0.0018522915993583811,0.8076223307478693,0.9982246419694638,3.504981865550354e-06,0.00011754793835172528,9.942468555077047e-06,0.6781378145855109,2.5459190505389985e-05,0.002933412493092367,0.00020158636123868384,3.0954483332854875e-05,0.002933412493092367,0.00043019173624074417,0.00012680296784905074,0.5976510000182316,0.011888757538628655,1.1453924439173132e-05,0.0004476392775552285,4.457855393335428e-05,0.0005015715677496192,0.002933412493092367,0.0005898941855285805,24,0.08305785123966943,2.484802376272893e-07,3.22125125835418e-05,3.22125125835418e-05,2.034654506877648e-05,0.0,put,0.0,hard,0.00013753300124734122,0.5444743786021744,0.5517031097850611,0.0,0.7083333333333334,35.0,4.6170925973624404e-05,0.00016159885727085044,7.082954526284637e-05,0.021269566473037474,3.0516216532599028e-05,0.00016159885727085044,4.117693982831041e-05,0.0003794663124747599,0.8111559139784946,1.0,3.405871323220651e-06,0.00011754793835172528,9.908790985085216e-06,0.6823063877897118,3.0463890996144357e-06,8.997611766022734e-05,9.85836548714554e-06,7.586949083126148e-06,0.00016159885727085044,6.297322935922369e-05,1.8561667671400898e-05,0.00786224825995532,6.263833413760058e-06,0.00011914758371338319,1.4981998904334956e-05,3.353067646682917e-05,9.840489202227187e-05,4.09516086713511e-05,put_T050_s020_r005_q003,validation
O,0.008119209087453783,0.013909041997976601,0.0018164175977309106,0.00012733617030594865,0.009082850122741465,0.4219042989096465,nan,nan,0.0,0.0,120.0,5.9261821036613155e-05,0.002803537655653894,0.00019012675414457075,nan,0.00019813691127486648,0.002933412493092367,0.00032757177794043416,0.0019380561379755087,0.056415064853883416,1.0,6.761227153354554e-05,0.00014444914808953158,6.89980972556838e-05,0.02902629251427193,8.46564466904989e-05,0.002933412493092367,0.0002119644650452165,8.726095031162568e-05,0.002933412493092367,0.0004821443936969251,0.00014211649109488597,0.5976510000182316,0.01220863292798932,7.052682102976735e-05,0.0004476392775552285,7.95186474311384e-05,0.0005026828570942622,0.002933412493092367,0.0005900050563592674,24,0.32541322314049587,2.484802376272893e-07,4.9090352623820666e-05,4.9090352623820666e-05,2.040899602410787e-05,0.0,put,0.0,softplus,0.00013753300124734122,nan,nan,0.0,0.0,120.0,6.927685778040559e-05,0.0001723133623521278,8.264137783363586e-05,nan,4.283922302525764e-05,0.0001723133623521278,5.2982453344232585e-05,0.0005745098261511456,0.056654111738857496,1.0,6.752823294745716e-05,0.00014444914808953158,6.89219013140822e-05,0.02915287087135589,6.222004455572102e-05,0.00010200565568799225,6.608238178526593e-05,6.372058426196253e-05,0.0001723133623521278,0.00022633209673322133,6.671249363707723e-05,0.008456872721435419,6.503570015493283e-05,0.00014444914808953158,6.731095833913863e-05,3.469587523254677e-05,0.0001000792072896467,4.241295019473171e-05,put_T050_s020_r005_q003,validation
O,0.008118749945424497,0.013909041997976601,0.0018164175977309106,0.00012733617030594865,0.009082850122741465,0.3709285367039378,0.7331153086839158,0.7381287225358024,0.0,0.6833333333333333,38.0,9.29216116915127e-05,0.002843190426570911,0.00020808257596952986,0.08783621468528276,0.00018647351138188618,0.002965510233226054,0.00032830833992279296,0.0018320666647742361,0.8045668233713902,0.9972648352955167,5.376335742326488e-06,0.0001323378745120285,9.171585517794159e-06,0.6742783629492642,2.5475674397234186e-05,0.002965510233226054,0.0002059641924635611,3.263801015729743e-05,0.002965510233226054,0.00043310097540702637,0.00012766049283009974,0.5976510000182316,0.009752818214413308,1.2212788066536352e-05,0.00039390642351114225,4.0115509149201415e-05,0.0005070646828480252,0.002965510233226054,0.0005985023596337847,32,0.32141873278236915,1.38986017713994e-07,3.248220703299396e-05,0.00012697198155442457,0.00012015858591372385,0.00012697198155442457,put,0.00012697198155442457,raw,0.00012697198155441763,0.7440828489961162,0.7489688590474896,0.0,0.6833333333333333,38.0,4.8951323259158834e-05,0.0001326545498157028,5.983528782871949e-05,0.08784063418926565,1.659676971623028e-05,0.00011743694927771053,2.2125586426139747e-05,0.0002476012579760979,0.8085802231627549,0.9996432393863718,5.446186676612653e-06,0.0001326545498157028,9.76080669990468e-06,0.6788338851651458,2.509537965794631e-06,4.280667125512727e-05,6.713242219635853e-06,7.1658790817391185e-06,0.0001326545498157028,4.2384923987139486e-05,1.249316386236175e-05,0.004171517062917802,6.485427337764076e-06,5.97373885818514e-05,9.294615786570623e-06,1.8640509597031163e-05,6.131718654638074e-05,2.3989510416368127e-05,put_T050_s020_r005_q003,validation
O,0.00823358295019716,0.013909041997976601,0.0018164175977309106,0.00012733617030594865,0.009082850122741465,0.19397180359747204,0.7341539649376335,0.7389561468766322,0.0,0.6833333333333333,38.0,6.857736087462156e-05,0.002843190426570911,0.00020255082403411646,0.08607657675739624,0.000185771016975245,0.002965510233226054,0.00032813025568216044,0.0018437441532195976,0.8045668233713902,0.9972648352955167,2.255291710969368e-06,0.0001323378745120285,5.580195115959204e-06,0.6742783629492642,2.4353776012073887e-05,0.002965510233226054,0.00020593194176221104,2.988104531266758e-05,0.002965510233226054,0.00043226834589088096,0.00012741506762809892,0.5976510000182316,0.0093689025942689,9.5458899063258e-06,0.00039390642351114225,3.975662945905187e-05,0.0005070263504590385,0.002965510233226054,0.0005985020614377895,32,0.05716253443526171,1.38986017713994e-07,3.248220703299396e-05,3.248220703299396e-05,9.871822403143447e-06,0.0,put,0.0,hard,0.00012697198155441763,0.7451215052498339,0.7498036573215944,0.0,0.6833333333333333,38.0,2.7982288019633053e-05,0.0001326545498157028,4.353658751622016e-05,0.08608132553404507,1.6535249585188068e-05,0.00011743694927771053,2.202989727247119e-05,0.0001923947427362421,0.8085802231627549,0.9996432393863718,2.197716206263603e-06,0.0001326545498157028,5.571775873206282e-06,0.6788338851651458,1.387639580634335e-06,4.280667125512727e-05,5.6376996779081005e-06,4.4089142371092725e-06,0.0001326545498157028,3.411333482885476e-05,1.0055072460146633e-05,0.0033743488426904097,3.753638833700382e-06,5.97373885818514e-05,7.441077349895739e-06,1.8602177208044397e-05,6.131718654638074e-05,2.3982069720784652e-05,put_T050_s020_r005_q003,validation
O,0.008394792093895376,0.013909041997976601,0.0018164175977309106,0.00012733617030594865,0.009082850122741465,0.37266476838669355,nan,nan,0.0,0.0,120.0,8.87139437678382e-05,0.0028431904265555376,0.00020492451738588928,nan,0.0002006602246306558,0.002965510233226054,0.00032987471469362234,0.0019376844012195362,0.056415064853883416,1.0,6.696747358166616e-05,0.00015587610787726192,6.810832502931555e-05,0.02902629251427193,8.410950976115083e-05,0.002965510233226054,0.0002158121967868653,8.709306768807783e-05,0.002965510233226054,0.0004836256580840596,0.00014255310738626133,0.5976510000182316,0.009801424718270411,6.960841144241371e-05,0.00039390642351114225,7.676659859191179e-05,0.0005082750308805678,0.002965510233226054,0.0005985880105008724,32,0.3130165289256198,1.38986017713994e-07,4.337110867782553e-05,4.337110867782553e-05,1.6540875973151594e-05,0.0,put,0.0,softplus,0.00012697198155441763,nan,nan,0.0,0.0,120.0,5.477892791864739e-05,0.0001561927831809362,6.371339911427328e-05,nan,3.239121897282462e-05,0.0001231950391108183,4.1906769210775914e-05,0.0004832504158379399,0.056654111738857496,1.0,6.687827708497957e-05,0.0001561927831809362,6.803386746420231e-05,0.02915287087135589,6.1030255792824276e-05,7.715892468836219e-05,6.459735978496813e-05,6.155952992172256e-05,0.0001561927831809362,0.00021949178044356732,6.469627692042204e-05,0.004562958947482407,6.361123249612756e-05,9.034394448398375e-05,6.591108708615913e-05,1.9878892279509528e-05,7.497144000608025e-05,2.584291293711124e-05,put_T050_s020_r005_q003,validation
O,0.008429209003224969,0.013770707999356091,0.0018062933301001747,0.00011809109606864268,0.012477181618928255,0.41287589415931664,0.5928111037871617,0.5930435947278391,0.0,0.9166666666666666,10.0,0.00018296133162871975,0.0006501551825790486,0.0002446330538742372,0.0070103583912285335,0.0006856892474870464,0.003174625877013962,0.0009060004733191074,0.004610704773641099,0.40460115028757193,0.8267756770567195,9.465530623099664e-05,0.000713273594745766,0.00014585862971396122,0.26783645091872205,2.8573152723542433e-05,0.002192714561844432,0.00013489058151271033,0.0001979580762381158,0.003174625877013962,0.0013611110486716868,0.0004012788556798949,0.5927535829832777,0.052453503377798055,0.00018281771793381078,0.0027760725103361666,0.0003345961714776591,0.0009713902408364513,0.003174625877013962,0.0012617911259721819,4,0.1981404958677686,2.813073304745659e-06,7.96441371905543e-05,0.0008734449792500501,0.0008221943597767016,0.0008734449792500501,put,0.0008734449792500501,raw,0.0008734449792500501,0.6005971440980037,0.6007839561403092,0.0,0.9166666666666666,10.0,0.0002026329741246502,0.0007043240760031266,0.0002739856226939256,0.008006840771968038,0.0006753826228166901,0.0028529349362336753,0.0008692912045722554,0.004293829066243577,0.39600978731413516,0.8063362289218191,9.3414143128283e-05,0.0007002539845921314,0.00014338845056661035,0.26245322245322245,3.415909679976781e-05,0.001483016702315051,0.0001531041041709137,0.00019739812939048321,0.0028529349362336753,0.001322028143420568,0.000389751783110281,0.048340891070633094,0.00018331373505117002,0.002526730299692484,0.00033625817229039346,0.0009399918387792763,0.0028529349362336753,0.0011588175867041945,put_T050_s020_r005_q006,validation
O,0.00825870898552239,0.013770707999356091,0.0018062933301001747,0.00011809109606864268,0.012477181618928255,0.33252309188138063,0.6007485699808921,0.6010254005188433,0.0,0.9166666666666666,10.0,0.000182021125706758,0.0006501551825790486,0.0002443911318122127,0.00760177930279805,0.0005696447607751127,0.003174625877013962,0.0008647026022553695,0.004552359311675251,0.40460115028757193,0.8267756770567195,7.45116514829982e-05,0.0004971575249194116,0.00011924050017597371,0.26783645091872205,2.79627950681266e-05,0.002192714561844432,0.00013468319522231422,0.00016105257264128803,0.003174625877013962,0.0012800689446625358,0.0003773862550060411,0.5927535829832777,0.05409768392593422,0.00013902729102121205,0.0027760725103361666,0.00029973391944794616,0.0009713670174665966,0.003174625877013962,0.0012617895048966717,4,0.11095041322314049,2.813073304745659e-06,7.12451599858624e-05,7.12451599858624e-05,6.747781417244178e-05,0.0,put,0.0,hard,0.0008734449792500501,0.6085346102917341,0.6087842717565516,0.0,0.9166666666666666,10.0,0.00020169276820268845,0.0007043240760031266,0.00027373430945182016,0.00851948008101427,0.0005509631082246585,0.0028529349362336753,0.0008234459025157292,0.004234016993629474,0.39600978731413516,0.8063362289218191,7.554703061365513e-05,0.0005586142866904065,0.00012070748042728756,0.26245322245322245,3.354873914435198e-05,0.001483016702315051,0.00015289574843777566,0.00016049262579365546,0.0028529349362336753,0.0012375862650927693,0.00036485717491965114,0.05023478335080782,0.00013952330813857128,0.002526730299692484,0.0003012326282317172,0.0009399686154094218,0.0028529349362336753,0.0011588151912800835,put_T050_s020_r005_q006,validation
O,0.008353416924364865,0.013770707999356091,0.0018062933301001747,0.00011809109606864268,0.012477181618928255,0.3048128342245989,nan,nan,0.0,0.0,120.0,0.00020193223844616713,0.0006502101950539019,0.0002517548293713329,nan,0.0005686626056893535,0.003174625877013962,0.0008645005647475967,0.0045574378636186585,0.07531964354901201,0.5905224787363305,0.0001142714190233325,0.0004978483551287272,0.00013950134020805708,0.04022512829001821,8.300107831091654e-05,0.002192714561844419,0.00014993713476047903,0.00019369133888388492,0.003174625877013962,0.0012990943588832937,0.00038299527306139545,0.5927535829832777,0.053606304224684966,0.00017050313678613926,0.0027760725103361666,0.00030708090611757626,0.0009714921596032754,0.003174625877013962,0.0012617985645932356,4,0.19807162534435263,2.8130733047464198e-06,6.821600185653864e-05,6.821600185653864e-05,6.743566117440384e-05,0.0,put,0.0,softplus,0.0008734449792500501,nan,nan,0.0,0.0,120.0,0.00021881940602066184,0.0007043790884779799,0.0002789320322727273,nan,0.0005496280235839691,0.0028529349362336753,0.0008231465043197143,0.004234042281613405,0.0714508094645081,0.5577156743620899,0.00011543908420006876,0.0005589880400936886,0.00014085874496338688,0.03817047817047817,8.838313460134755e-05,0.001483016702315051,0.00016632997114219403,0.0001930183660406728,0.0028529349362336753,0.0012571454987571919,0.00037062350163131645,0.04990538224825197,0.00017094441148687457,0.002526730299692484,0.00030853339941904276,0.0009398904782105246,0.0028529349362336753,0.0011588035383609614,put_T050_s020_r005_q006,validation
O,0.008454957976937294,0.013770707999356091,0.0018062933301001747,0.00011809109606864268,0.012477181618928255,0.40718105423987777,0.16170957868502167,0.18173821106765986,0.0,0.18333333333333332,98.0,0.00014549869198760487,0.00047231112755014015,0.00016904340526691905,0.07486937102666034,0.0003008620838823917,0.002619158139816089,0.00039653092625097335,0.0026434990399021646,0.8499241139184001,0.9224806201550387,7.17951059688505e-05,0.000438440229519516,0.00010495340884485026,0.7879490150637312,3.052590539294874e-05,0.002619158139816089,0.00016939288949126787,0.00011183215237830013,0.002619158139816089,0.0006486692482502593,0.00019123880737477428,0.5927535829832777,0.03334198603204397,0.00010169875470159224,0.0007523564826199258,0.0001466322767782068,0.0005482027988623721,0.002619158139816089,0.0006584542626932099,8,0.4237603305785124,1.2747952770533012e-06,7.498861559150638e-05,0.0004259072430735228,0.0004052424004586906,0.0004259072430735228,put,0.0004259072430735228,raw,0.0004259072430735228,0.16473022444240262,0.18754972135674397,0.0,0.18333333333333332,98.0,0.00016859239942336527,0.0005435823954260677,0.00020682318549568922,0.07492669198857221,0.0002550889383476905,0.0007978869631710683,0.0003090541222063611,0.0019455723892954295,0.8482434549116133,0.9183139534883721,7.207730288576888e-05,0.0004384381371366855,0.00010539737795032838,0.7881081081081082,2.13221221526667e-05,0.0005518647819308222,6.146682159132818e-05,0.0001047771484132866,0.0007978869631710683,0.0005489335577224125,0.00016183303963395192,0.02830037954702826,0.0001052354184602303,0.0007978869631710683,0.000154488071234149,0.00029537718477870984,0.0007854670135726272,0.0003581006211975443,put_T050_s020_r005_q006,validation
O,0.008460333105176687,0.013770707999356091,0.0018062933301001747,0.00011809109606864268,0.012477181618928255,0.112993957913744,0.15794643785313608,0.18331104882440785,0.0,0.18333333333333332,98.0,5.7814343265304276e-05,0.00047231112755014015,0.00011600495715035654,0.07536950283994395,0.0002470307798968004,0.002619158139816089,0.0003710542530071031,0.0025876880486084114,0.8499241139184001,0.9224806201550387,2.5532192753310738e-05,0.000438440229519516,7.492681841711524e-05,0.7879490150637312,1.9074948195158137e-05,0.002619158139816089,0.0001666246617461653,6.424641203479357e-05,0.002619158139816089,0.0005746014208755949,0.0001694023429359565,0.5927535829832777,0.033737351452090544,4.8153468984370895e-05,0.0007523564826199258,0.00011196792396939133,0.0005479386716918309,0.002619158139816089,0.0006584360235039656,8,0.04146005509641873,1.2747952770533012e-06,7.622405188117964e-05,7.622405188117964e-05,5.233406207795874e-05,0.0,put,0.0,hard,0.0004259072430735228,0.160967083610517,0.1892663227974268,0.0,0.18333333333333332,98.0,9.539168774281847e-05,0.0005435823954260677,0.00017203870740754566,0.07526130656019477,0.000201754379911377,0.0007978869631710683,0.0002748175909105978,0.0018681094139647966,0.8482434549116133,0.9183139534883721,2.574219939305508e-05,0.0004384381371366855,7.538218794185299e-05,0.7881081081081082,9.871164954876097e-06,0.0005518647819308222,5.306048888919622e-05,5.719140806978004e-05,0.0007978869631710683,0.0004571197368571539,0.0001347650830443027,0.02971807385457479,5.140441760624006e-05,0.0007978869631710683,0.0001211877121363964,0.0002951130576081686,0.0007854670135726272,0.00035805928569011716,put_T050_s020_r005_q006,validation
O,0.008646750007756054,0.013770707999356091,0.0018062933301001747,0.00011809109606864268,0.012477181618928255,0.3075213556496979,nan,nan,0.0,0.0,120.0,7.186230344858718e-05,0.0004726363953428403,0.00011933689301673205,nan,0.00024605970511605834,0.002619158139815179,0.00036963125204854044,0.002605111227216684,0.05802459214015913,1.0,6.86328341748721e-05,0.0004396795285605849,9.358253638662374e-05,0.029879159079622578,7.302072115452443e-05,0.002619158139815179,0.00017681249946401958,9.96440603710674e-05,0.002619158139815179,0.0005982425541711326,0.00017637215405097705,0.5927535829832777,0.03280040979443527,8.314283264408694e-05,0.0007523564826199258,0.00012224361475223356,0.0005480891119874252,0.002619158139815179,0.0006584344003527962,8,0.4148071625344353,1.274795277054081e-06,5.753081108050839e-05,5.753081108050839e-05,3.684435834268394e-05,0.0,put,0.0,softplus,0.0004259072430735228,nan,nan,0.0,0.0,120.0,0.0001077186852357905,0.0005435831108669686,0.0001737040078492509,nan,0.00020121009954683248,0.0007978869631710683,0.0002727136969005892,0.0018758146132513054,0.0582916195704828,1.0,6.878500378335288e-05,0.0004396774361777544,9.393023322536874e-05,0.03002079002079002,6.320432772661887e-05,0.0005518647819308222,7.902673189021382e-05,9.24462325598888e-05,0.0007978869631710683,0.0004860724267588828,0.0001433007277438483,0.028877799339013716,8.63337746735828e-05,0.0007978869631710683,0.00013062306805528972,0.00029468259058050783,0.0007854670135726272,0.00035795446184223146,put_T050_s020_r005_q006,validation
O,0.008890792028978467,0.013770707999356091,0.0018062933301001747,0.00011809109606864268,0.012477181618928255,0.4834363497465102,0.6624013590900503,0.6664211361631063,0.0,0.9833333333333333,2.0,8.36795301722159e-05,0.00029326450474254084,0.00011072880616553025,0.047712898659197145,0.00019355415097819213,0.0027851353474326566,0.00031279228021407546,0.0022386356416387596,0.6388739658321693,0.9102878138395591,2.4832015958565787e-05,0.00022840788161992975,4.230738723016008e-05,0.49213706340009933,2.8314541794526012e-05,0.0027851353474326566,0.0001936633695709556,5.432180104942187e-05,0.0027851353474326566,0.000462320335555334,0.00013629995538588753,0.5927535829832777,0.02659272415673471,3.899527667685886e-05,0.0005969742180068072,6.645773494315082e-05,0.0004697790483448801,0.0027851353474326566,0.0005941689645692479,12,0.27603305785123966,8.793131464881431e-07,8.470422930731414e-05,0.000137367050440651,0.00013534368189236368,0.000137367050440651,put,0.000137367050440651,raw,0.00013736705044070565,0.6695838462512572,0.6734623382630471,0.0,0.9833333333333333,2.0,9.343350723175874e-05,0.0003474333981666189,0.00012434900197226398,0.046823926814908705,0.00013246493936017908,0.0004890263676666506,0.00016258018708107497,0.0013784985947846813,0.6358786441773994,0.9032455603184323,2.4709673696444392e-05,0.000255685216860424,4.244128848502172e-05,0.49064449064449067,1.1876610890816209e-05,0.0002983073146397841,3.8591392237710814e-05,4.396298801761986e-05,0.0004890263676666506,0.0002671327851430705,7.875435924332343e-05,0.02595746718190677,4.09524594344795e-05,0.00035667830302349435,6.9647314842681e-05,0.00017424863914669754,0.0004890263676666506,0.00020759788726040893,put_T050_s020_r005_q006,validation
O,0.00979945797007531,0.013770707999356091,0.0018062933301001747,0.00011809109606864268,0.012477181618928255,0.345023959997222,0.6624013590900503,0.6664211361631063,0.0,0.9833333333333333,2.0,6.569452912405654e-05,0.00029326450474254084,0.00010137671532385696,0.047712898659197145,0.00018204603643353493,0.0027851353474326566,0.0003103627718297792,0.002228546388285138,0.6388739658321693,0.9102878138395591,1.3898690853052215e-05,0.00022840788161992975,3.2242126528691835e-05,0.49213706340009933,2.2721975933975514e-05,0.0027851353474326566,0.00019232575614870493,4.328801243904056e-05,0.0027851353474326566,0.00045118898840763405,0.0001330182435446944,0.5927535829832777,0.02652998642752477,2.6897231840828328e-05,0.0005969742180068072,5.888917471532082e-05,0.00046941242928492266,0.0027851353474326566,0.0005941329327931789,12,0.12589531680440771,8.793131464881431e-07,8.282920295275831e-05,8.282920295275831e-05,5.2547837174951247e-05,0.0,put,0.0,hard,0.00013736705044070565,0.6695838462512572,0.6734623382630471,0.0,0.9833333333333333,2.0,7.447249932113915e-05,0.0003474333981666189,0.00011344947708683617,0.046823926814908705,0.00011963678949233058,0.0004890263676666506,0.00015692127249375976,0.0013543878754262665,0.6358786441773994,0.9032455603184323,1.4066242595379856e-05,0.000255685216860424,3.2875112688865915e-05,0.49064449064449067,6.284045030265708e-06,0.0002983073146397841,3.0506588830814222e-05,3.292919940723854e-05,0.0004890263676666506,0.0002466467328551002,7.271479386200853e-05,0.026344610061831607,2.8873440073350715e-05,0.00035667830302349435,6.230999567707021e-05,0.00017388202008674004,0.0004890263676666506,0.00020746139060086975,put_T050_s020_r005_q006,validation
O,0.008563415962271392,0.013770707999356091,0.0018062933301001747,0.00011809109606864268,0.012477181618928255,0.4698242933537051,nan,nan,0.0,0.0,120.0,9.056997277013939e-05,0.0002951979504375313,0.0001130669399341432,nan,0.00018166284505960684,0.0027851353474326566,0.00030958682974488894,0.002279767435450419,0.05802459214015913,1.0,7.08554483539675e-05,0.00023810856085954013,7.547457366537584e-05,0.029879159079622578,7.891935373523087e-05,0.0027851353474326566,0.0002018792717435532,9.022271344308238e-05,0.0027851353474326566,0.0004968075331692974,0.0001464673720765706,0.5927535829832777,0.02646328631555502,7.513975221756717e-05,0.0005969742180068072,8.610341925596714e-05,0.0004695379816862703,0.0027851353474326566,0.0005941156087830818,12,0.27582644628099173,8.793131464881431e-07,5.580852067753328e-05,5.580852067753328e-05,5.228186601753974e-05,0.0,put,0.0,softplus,0.00013736705044070565,nan,nan,0.0,0.0,120.0,9.565333336969024e-05,0.0003493668438616093,0.00011998136956448973,nan,0.00011859958516882748,0.0004890263676666506,0.000154731376315386,0.0014161041916921132,0.0582916195704828,1.0,7.108059247789937e-05,0.00026314459661330725,7.580594248495466e-05,0.03002079002079002,6.180841500059018e-05,0.00026171610353671604,6.800468074689719e-05,7.957111121838621e-05,0.0004890263676666506,0.00032174810261813123,9.485569375498011e-05,0.026696979880287273,7.692548718528174e-05,0.0003515120906018715,8.8310761291147e-05,0.00017327747521648848,0.0004890263676666506,0.00020721962220937977,put_T050_s020_r005_q006,validation
O,0.008428166969679296,0.013770707999356091,0.0018062933301001747,0.00011809109606864268,0.012477181618928255,0.38711021598722134,0.6520837279506786,0.6581810186661095,0.0,0.975,3.0,3.106498531163793e-05,0.00013941710224429915,4.039388906090367e-05,0.039650402882519746,0.00016397269968226264,0.002940363137339537,0.0002928206496285424,0.0019080151322485928,0.6417993541921836,0.9802721088435374,2.1741915907829652e-05,0.00013836015650330136,3.0781577594694684e-05,0.4770733322297633,2.8536855451239535e-05,0.002940363137339537,0.00020380406575902884,4.6601459359695914e-05,0.002940363137339537,0.0004259340490528245,0.00012557265475570233,0.5927535829832777,0.015235615182982606,3.0349561814380598e-05,0.00031622119534070736,4.3039530010971756e-05,0.00048540051479870104,0.002940363137339537,0.0005855645612129407,16,0.2478650137741047,4.529437797558891e-07,5.853139159144906e-05,9.005342850944113e-05,8.102899705465729e-05,9.005342850944113e-05,put,9.005342850944113e-05,raw,9.005342850944113e-05,0.6594070217907297,0.6653912645256119,0.0,0.975,3.0,4.235937935909648e-05,0.0001935859956683772,5.603421424340523e-05,0.03957747053101476,6.892712117575514e-05,0.00020010028304581762,8.077083980221598e-05,0.000652319470067826,0.6407148841105836,0.9755102040816327,2.1613862338443208e-05,0.00013706579122384563,3.0501326947817688e-05,0.477006237006237,7.722144120852222e-06,0.00015179979894563989,1.9760306000947306e-05,3.0067621311082236e-05,0.00020010028304581762,0.00014900672114232503,4.3929197384841435e-05,0.01217941208929662,3.09702614402058e-05,0.00017112609491895525,4.3526079267250326e-05,6.671787601367777e-05,0.00020010028304581762,7.948950348436565e-05,put_T050_s020_r005_q006,validation
O,0.008489582920446992,0.013770707999356091,0.0018062933301001747,0.00011809109606864268,0.012477181618928255,0.2905062851586916,0.6522034449797486,0.6582260705023785,0.0,0.975,3.0,2.8410940769120023e-05,0.00013941710224429915,3.9547026280147715e-05,0.038837630310334284,0.00016316295809647331,0.002940363137339537,0.0002927413015276289,0.0019050934614797553,0.6417993541921836,0.9802721088435374,1.3720321953057381e-05,0.00013836015650330136,2.475474940937233e-05,0.4770733322297633,2.741537493187786e-05,0.002940363137339537,0.00020375182688552873,3.984037563047022e-05,0.002940363137339537,0.0004220764923310444,0.000124435380946525,0.5927535829832777,0.015078081186350668,2.250453522792566e-05,0.00031622119534070736,3.8965734388027865e-05,0.00048538212081644487,0.002940363137339537,0.0005855643540696381,16,0.12458677685950413,4.529437797558891e-07,5.853139159144906e-05,5.853139159144906e-05,2.6501465804077295e-05,0.0,put,0.0,hard,9.005342850944113e-05,0.6595267388197997,0.6654363079189507,0.0,0.975,3.0,4.159428354104805e-05,0.0001935859956683772,5.5908823680804316e-05,0.03876053615310232,6.796628371524981e-05,0.00020010028304581762,8.034534157898542e-05,0.0006424223864390209,0.6407148841105836,0.9755102040816327,1.3590953724479672e-05,0.00013706579122384563,2.4388342313951007e-05,0.477006237006237,6.6006636014905445e-06,0.00015179979894563989,1.9023498495195132e-05,2.3306537581856536e-05,0.00020010028304581762,0.0001374456641593725,4.052084137050819e-05,0.012132875659562307,2.30884132411881e-05,0.00017112609491895525,3.944819216311711e-05,6.66994820314216e-05,0.00020010028304581762,7.948371014022412e-05,put_T050_s020_r005_q006,validation
O,0.008435375057160854,0.013770707999356091,0.0018062933301001747,0.00011809109606864268,0.012477181618928255,0.364955899715258,nan,nan,0.0,0.0,120.0,7.227360963476143e-05,0.00014811978725320918,7.675666148474809e-05,nan,0.00016802965683245929,0.002940363137339537,0.00029388819850036465,0.001974171064317489,0.05802459214015913,1.0,7.1252051944765e-05,0.00016057361628200818,7.405500243407347e-05,0.029879159079622578,8.419870890357858e-05,0.002940363137339537,0.00021372945610267073,8.816714592110607e-05,0.002940363137339537,0.0004751331437702567,0.0001400773907564605,0.5927535829832777,0.015042358261081926,7.197718884751145e-05,0.00031622119534070736,7.637116983624875e-05,0.0004857667623700205,0.002940363137339537,0.0005855936824974465,16,0.24648760330578512,4.529437797558891e-07,8.155076000016984e-05,8.155076000016984e-05,2.8700254616463035e-05,0.0,put,0.0,softplus,9.005342850944113e-05,nan,nan,0.0,0.0,120.0,7.679328271473322e-05,0.00020228868067728722,8.391499069944271e-05,nan,7.192705632982067e-05,0.00020228868067728722,8.344582808269073e-05,0.0007905185243816991,0.0582916195704828,1.0,7.115567774377372e-05,0.0001594943081703456,7.39196974897681e-05,0.03002079002079002,6.273814306420794e-05,0.00014207903626553553,6.676022398723117e-05,7.129350483079638e-05,0.00020228868067728722,0.0002568056900339224,7.570979188432167e-05,0.013119552376444504,7.240788090824862e-05,0.00016966811587790231,7.636090797188683e-05,6.642125760890973e-05,0.00020010028304581762,7.926085103051561e-05,put_T050_s020_r005_q006,validation
O,0.008484916994348168,0.013770707999356091,0.0018062933301001747,0.00011809109606864268,0.012477181618928255,0.49357594277380373,0.3639766410773078,0.3902685793814188,0.0,0.9666666666666667,4.0,2.1052557538702466e-05,9.492358495188924e-05,2.831576494058993e-05,0.03512834764856197,0.00014649242839623268,0.002975256853434926,0.00028549629918912095,0.0018254647105814357,0.8148293256280914,0.9978409499820079,4.596791147441626e-06,4.35572519904559e-05,7.296955811098308e-06,0.6885449428902499,2.616785225489621e-05,0.002975256853434926,0.00020450551361890726,2.9397756636114284e-05,0.002975256853434926,0.00040547702041421986,0.00011954157224357279,0.5927535829832777,0.014808298818301634,1.122497240138156e-05,0.0003367912776469223,3.573690429004392e-05,0.00046926242365151244,0.002975256853434926,0.0005651488612543447,24,0.37114325068870524,2.1413040402806772e-07,5.9741249694156284e-05,5.9741249694156284e-05,4.328085775700818e-05,4.35572519904559e-05,put,4.35572519904559e-05,raw,4.3557251990442025e-05,0.37131403062071994,0.39790763496326126,0.0,0.9666666666666667,4.0,2.8381798608078865e-05,0.00014909247837596729,4.042633281937229e-05,0.03542941268764173,2.6638762689112412e-05,0.00014909247837596729,3.48225018329833e-05,0.000324853420669797,0.8171103035065318,0.9978409499820079,4.538395965424975e-06,9.920115738570878e-05,7.366986354074059e-06,0.6918087318087318,3.7930348170040936e-06,0.00010581743064174559,1.1911177900577055e-05,8.487208160573282e-06,0.00014909247837596729,5.4824149611883275e-05,1.616290105099429e-05,0.00678610072463489,7.812073598296922e-06,9.726504017737447e-05,1.413785874308575e-05,2.9376477865242603e-05,0.0001089555601048453,3.79948978139377e-05,put_T050_s020_r005_q006,validation
O,0.008607374969869852,0.013770707999356091,0.0018062933301001747,0.00011809109606864268,0.012477181618928255,0.2461282033474547,0.3744676392119869,0.400506683784059,0.0,0.9666666666666667,4.0,1.3055389404563351e-05,9.492358495188924e-05,2.393526994444355e-05,0.033913806553346956,0.000146451324143771,0.002975256853434926,0.00028549318454886214,0.0018236193227897444,0.8148293256280914,0.9978409499820079,2.3420821123632656e-06,3.467297839791612e-05,5.5045229611618275e-06,0.6885449428902499,2.551253541166741e-05,0.002975256853434926,0.00020449221161125634,2.7529948402806024e-05,0.002975256853434926,0.0004052038792245013,0.0001194610455413935,0.5927535829832777,0.014631805489137385,9.233906890426289e-06,0.0003367912776469223,3.548585779233582e-05,0.0004692506106977979,0.002975256853434926,0.0005651482641541397,24,0.08774104683195592,2.1413040402806772e-07,5.9741249694156284e-05,5.9741249694156284e-05,1.928110031173616e-05,0.0,put,0.0,hard,4.3557251990442025e-05,0.38180502875539885,0.4082229214636535,0.0,0.9666666666666667,4.0,2.3921096003444788e-05,0.00014909247837596729,3.9230326882993135e-05,0.03423266965649111,2.659855405683051e-05,0.00014909247837596729,3.4798156982643405e-05,0.00031170455997061404,0.8171103035065318,0.9978409499820079,2.272999328267657e-06,9.920115738570878e-05,5.58719776621863e-06,0.6918087318087318,3.1377179737752972e-06,0.00010581743064174559,1.1683753953124362e-05,6.619399927265023e-06,0.00014909247837596729,5.276677721625799e-05,1.5556359833466112e-05,0.006382685882824399,5.751458808283493e-06,9.726504017737447e-05,1.3393385458697886e-05,2.9364664911528003e-05,0.0001089555601048453,3.798530545416745e-05,put_T050_s020_r005_q006,validation
O,0.008317207917571068,0.013770707999356091,0.0018062933301001747,0.00011809109606864268,0.012477181618928255,0.49336759497187305,nan,nan,0.0,0.0,120.0,5.9940973057156835e-05,0.00010819117783378296,6.283464553689373e-05,nan,0.0001607249281487886,0.002975256853434926,0.0002874191480305435,0.0018899125145802325,0.05802459214015913,1.0,6.734904888222194e-05,8.809938654842109e-05,6.847681402919416e-05,0.029879159079622578,8.360274096884286e-05,0.002975256853434926,0.00021428506063723263,8.366957856210338e-05,0.002975256853434926,0.00045895622529123467,0.00013530815804615085,0.5927535829832777,0.014207941422883666,6.776662201515713e-05,0.0003367912776469223,7.40131142805954e-05,0.000469846348849515,0.002975256853434926,0.0005652069806676927,24,0.36494490358126724,2.1413040402806772e-07,6.571332686416964e-05,6.571332686416964e-05,2.2291837338542254e-05,0.0,put,0.0,softplus,4.3557251990442025e-05,nan,nan,0.0,0.0,120.0,6.200394627985268e-05,0.000162360071257861,6.899690797445966e-05,nan,3.864022610694244e-05,0.000162360071257861,4.724272463107912e-05,0.0005523450503077909,0.0582916195704828,1.0,6.72997388770825e-05,0.0001307071859081299,6.843613362771272e-05,0.03002079002079002,6.0914681147409065e-05,0.0001058173744007268,6.470445928582044e-05,6.217896260451324e-05,0.000162360071257861,0.00022101145104842267,6.515716595188269e-05,0.007375100897210796,6.380528639419924e-05,9.726504017737447e-05,6.608455631499991e-05,2.9660258853391196e-05,0.0001089555601048453,3.8239416532026465e-05,put_T050_s020_r005_q006,validation
O,0.008529125014320016,0.013770707999356091,0.0018062933301001747,0.00011809109606864268,0.012477181618928255,0.33162025140634765,0.6574910905997644,0.6611037033522549,0.0,0.625,45.0,1.3056696903621564e-05,4.211312736202011e-05,1.5771668896311155e-05,0.090383030046378,0.00014470381694266108,0.0029582207599904015,0.00028342090682480014,0.0018141117133573061,0.8290090351258637,0.995821242019733,4.559477310775326e-06,3.933561892733019e-05,6.800108515728757e-06,0.7100645588478729,2.618992606219675e-05,0.0029582207599904015,0.00020310074637176943,2.9054345497237702e-05,0.0029582207599904015,0.00040245592623343,0.00011865090192174149,0.5927535829832777,0.01320947984371981,1.0896841400535827e-05,0.00028195164615228696,3.19373766066842e-05,0.00046980530285173057,0.0029582207599904015,0.0005653667244512813,32,0.31446280991735537,1.2958652129815217e-07,3.47411422685906e-05,3.49533937400448e-05,3.123777406212891e-05,3.49533937400448e-05,put,3.49533937400448e-05,raw,3.495339374004827e-05,0.6623736810986921,0.6659812312929807,0.0,0.625,45.0,1.9283669730554958e-05,8.778609354970213e-05,2.6438198331541694e-05,0.09176268933909387,1.4051070408426637e-05,8.778609354970213e-05,1.8480194647725573e-05,0.0001669192535977753,0.8326550387596899,0.9974463145676147,4.488357586183375e-06,5.051105534936706e-05,6.646716391365709e-06,0.7145945945945946,3.3201796975750713e-06,8.066994755490109e-05,9.811308393502353e-06,6.196987921747091e-06,8.778609354970213e-05,3.345976763866365e-05,9.864392195073102e-06,0.003595029821550058,6.020772288094142e-06,8.20012224578004e-05,8.826830659437757e-06,1.3811383634471584e-05,5.0980668016446795e-05,1.7668263857041502e-05,put_T050_s020_r005_q006,validation
O,0.008403416955843568,0.013770707999356091,0.0018062933301001747,0.00011809109606864268,0.012477181618928255,0.17070629904854503,0.6580864331754707,0.6616927443304014,0.0,0.625,45.0,6.7883706859020456e-06,4.211312736202011e-05,1.216004242618872e-05,0.0902273751183199,0.00014463570849461137,0.0029582207599904015,0.0002834166691971697,0.0018128829188079722,0.8290090351258637,0.995821242019733,2.0662290344924394e-06,3.933561892733019e-05,4.910210652862959e-06,0.7100645588478729,2.5560813258419886e-05,0.0029582207599904015,0.0002030803125467332,2.698497078290063e-05,0.0029582207599904015,0.00040218878790551556,0.00011857214496606301,0.5927535829832777,0.013019073408395698,8.62422547106135e-06,0.00028195164615228696,3.163131638028248e-05,0.00046979637834801766,0.0029582207599904015,0.0005653662873177513,32,0.05426997245179063,1.2958652129815217e-07,3.445975738237267e-05,3.445975738237267e-05,1.105795503263201e-05,0.0,put,0.0,hard,3.495339374004827e-05,0.6629690236743984,0.6665721109044793,0.0,0.625,45.0,1.4526828379072983e-05,8.778609354970213e-05,2.5007779105734808e-05,0.09160699684458598,1.4004333200676516e-05,8.778609354970213e-05,1.8424214782231803e-05,0.0001513851513538134,0.8326550387596899,0.9974463145676147,1.9789646001430668e-06,5.051105534936706e-05,4.679840507137075e-06,0.7145945945945946,2.691066893798207e-06,8.066994755490109e-05,9.383657255168066e-06,4.127613207410023e-06,8.778609354970213e-05,3.0079703311458058e-05,8.867903500704408e-06,0.0030197939758632806,3.718773204068678e-06,8.20012224578004e-05,7.611469116537432e-06,1.380245913075871e-05,5.0980668016446795e-05,1.765311655304044e-05,put_T050_s020_r005_q006,validation
O,0.008413875009864569,0.013770707999356091,0.0018062933301001747,0.00011809109606864268,0.012477181618928255,0.33689839572192515,nan,nan,0.0,0.0,120.0,5.258356541055174e-05,6.906652079238795e-05,5.5822637351381336e-05,nan,0.00015910024896109243,0.0029582207599904015,0.00028543940294844367,0.001876821077905056,0.05802459214015913,1.0,6.708157896183598e-05,9.059241342538765e-05,6.819250910696809e-05,0.029879159079622578,8.349463488629222e-05,0.0029582207599904015,0.0002129707843302557,8.316489133995886e-05,0.0029582207599904015,0.00045606063192247826,0.00013445448751378482,0.5927535829832777,0.012332160184199177,6.724338745597976e-05,0.00028195164615228696,7.213027918078526e-05,0.0004703465574201412,0.0029582207599904015,0.0005654286275798549,32,0.30433884297520664,1.3963545113122802e-07,3.9899126922648964e-05,3.9899126922648964e-05,1.6579524374132777e-05,0.0,put,0.0,softplus,3.495339374004827e-05,nan,nan,0.0,0.0,120.0,5.2896512676707995e-05,0.00011104964633257275,5.872914620831426e-05,nan,2.789463303868452e-05,0.00011104964633257275,3.79188296251145e-05,0.0004736822450390893,0.0582916195704828,1.0,6.701565947885749e-05,9.767657197079505e-05,6.812609478707506e-05,0.03002079002079002,6.048571308186791e-05,8.778668042461855e-05,6.448253147743216e-05,6.002565844289734e-05,0.00011104964633257275,0.0002163645400919528,6.378719373135738e-05,0.004324554310584847,6.21648907365332e-05,8.753826125448192e-05,6.507562131588092e-05,1.4203205477042756e-05,7.38765445358227e-05,1.844581004370436e-05,put_T050_s020_r005_q006,validation
O,0.00846366595942527,0.0140657500596717,0.0018115710001545557,0.00011842068875912091,0.012321385450898507,0.44787832488367246,0.3800258998941585,0.3801854879570218,0.0,1.0,0.0,0.0026583806049469785,0.005323505342262003,0.003039380580778304,0.0012895731550199207,0.0017221241897078998,0.006022420793790256,0.0022288842211600395,0.010074105000862291,0.486178435739552,0.8622211895910781,0.00022671023050262917,0.004817478378158824,0.0005790843433484776,0.33853311439518335,6.738029464731009e-05,0.0022599749821457203,0.00019627954963009284,0.0006024788225329679,0.006022420793790256,0.004147369151248939,0.0012245072265763392,0.5978599999798462,0.09163845397645556,0.0005826731191810496,0.006022420793790256,0.0011873566261605603,0.001558963347824372,0.005339762425817948,0.0019707961482080152,4,0.24173553719008264,3.989957366009948e-06,0.0002681138385043566,0.0007187550547469376,0.0007163293360668858,0.0007187550547469376,put,0.0007187550547469376,raw,0.0007187550547469376,0.3904690854080293,0.3906003774939746,0.0,1.0,0.0,0.002746694241981122,0.005341052423141424,0.0031548763677309967,0.0015275301606657154,0.0016631947509820782,0.005813780913803135,0.002149831608028282,0.010193332689668204,0.47516425755584757,0.8401486988847584,0.00024169847850864036,0.005341052423141424,0.0006471419135109259,0.3312568706485892,7.380793429311394e-05,0.0017433808549353232,0.00022170515683885188,0.0006033591311255077,0.005813780913803135,0.0041317730126761544,0.0012198877909161796,0.08945755603479896,0.0005807893830281111,0.005813780913803135,0.0011794310242850205,0.0015826732368663834,0.005024035935456722,0.0019254726353256006,put_T050_s020_r005_q010,validation
O,0.008993791998364031,0.0140657500596717,0.0018115710001545557,0.00011842068875912091,0.012321385450898507,0.35162164039169386,0.3800258998941585,0.3801854879570218,0.0,1.0,0.0,0.0026583806049469785,0.005323505342262003,0.003039380580778304,0.0012895731550199207,0.0016443750816948469,0.006022420793790256,0.00221865958254461,0.010005218103700749,0.486178435739552,0.8622211895910781,0.00017814565104094023,0.004817478378158824,0.0005603303401729737,0.33853311439518335,5.769341625147314e-05,0.0022599749821457203,0.00018897631148223263,0.0005465807357602711,0.006022420793790256,0.00410926421372928,0.0012132567760715872,0.5978599999798462,0.09333279602541447,0.0005174386789014521,0.006022420793790256,0.0011736955552973866,0.0015582647031921614,0.005339762425817948,0.0019707670566994164,4,0.11549586776859504,3.989957366009948e-06,0.0002681138385043566,0.0002681138385043566,0.00013731978804742135,0.0,put,0.0,hard,0.0007187550547469376,0.3904690854080293,0.3906003774939746,0.0,1.0,0.0,0.002746694241981122,0.005341052423141424,0.0031548763677309967,0.0015275301606657154,0.0015712636271042607,0.005813780913803135,0.0021369570807853394,0.010125962896499505,0.47516425755584757,0.8401486988847584,0.0001980963850683522,0.005341052423141424,0.0006328981011476302,0.3312568706485892,6.412105589727699e-05,0.0017433808549353232,0.00021494138539334212,0.0005474610443528108,0.005813780913803135,0.004093228289806925,0.001208507631191005,0.0914757029658275,0.0005155549427485135,0.005813780913803135,0.0011655778247351316,0.0015819745922341726,0.005024035935456722,0.001925431612135475,put_T050_s020_r005_q010,validation
O,0.008603667025454342,0.0140657500596717,0.0018115710001545557,0.00011842068875912091,0.012321385450898507,0.31710535453850963,nan,nan,0.0,0.0,120.0,0.002659641885012919,0.005323505342262003,0.0030394407035998026,nan,0.0016434930612637226,0.006022420793790256,0.002218632085602423,0.010003596767067958,0.13793103448275862,0.6896551724137931,0.00021526956700397123,0.004817478378158824,0.0005643160019548836,0.07662835249042145,0.00010519115659149459,0.0022599749821457095,0.00019800412143760666,0.000574154495313624,0.006022420793790256,0.004113903309575854,0.001214626465188168,0.5978599999798462,0.09307156273375769,0.0005441599009270507,0.006022420793790256,0.0011751890187619801,0.00155792555433703,0.005339762425817948,0.0019707032317228387,4,0.24173553719008264,3.96300713690451e-06,0.0002345477702194801,0.0002345477702194801,0.00014099407328779993,0.0,put,0.0,softplus,0.0007187550547469376,nan,nan,0.0,0.0,120.0,0.0027479335202563976,0.005341052423141424,0.00315493350281188,nan,0.0015702276813678213,0.005813780913803135,0.002136913819564531,0.01012274194482528,0.12477336410087357,0.6215106732348111,0.00023536397286683038,0.005341052423141424,0.0006364446147820458,0.06934774642726273,0.00011145759450857486,0.0017433808549353232,0.00022284431612077938,0.0005749833509261291,0.005813780913803135,0.004097863130997768,0.0012098760476466524,0.0912193528475685,0.0005422355740689948,0.005813780913803135,0.0011670753287455358,0.0015813506295748265,0.005024035935456722,0.0019253505828818124,put_T050_s020_r005_q010,validation
O,0.008924791938625276,0.0140657500596717,0.0018115710001545557,0.00011842068875912091,0.012321385450898507,0.32023057156747,0.14955193379380674,0.1868249153578745,0.0,0.9583333333333334,5.0,0.00011892600832053314,0.0007115094358280949,0.00019599462957377496,0.02062157364496737,0.00031879509633029316,0.0032590392891024183,0.00043808177983148286,0.0032562209253599083,0.8421901784813955,0.9413886384129847,8.190088576150604e-05,0.00042043205399681504,0.00012113227087257919,0.7619047619047619,5.476388374909584e-05,0.0032590392891024183,0.0002489701210250286,0.00014142781702867138,0.0032590392891024183,0.0008241595950774875,0.0002433324218850173,0.5978599999798462,0.03971090329656172,0.00012874403828137172,0.000941132716865023,0.00018962611033816369,0.0006895452453133042,0.0032590392891024183,0.0008183538187646038,8,0.4038567493112948,1.1914961844537285e-06,0.00020822539493109177,0.0006076800019611736,0.0005487048046740745,0.0006076800019611736,put,0.0006076800019611736,raw,0.0006076800019611736,0.16044659314282697,0.18946033598043024,0.0,0.9583333333333334,5.0,0.00020490757798280584,0.0009310620757365662,0.0003139103267865231,0.020806178923584575,0.0002614081596169766,0.0009310620757365662,0.00032425574554446743,0.002174436492469709,0.8427329694764504,0.9398106402164111,8.203782797202398e-05,0.0007290565167075158,0.00012251374578211023,0.76383290582631,3.2016210015126444e-05,0.0005300136126449688,8.876552677653558e-05,0.00012767367834955616,0.0009310620757365662,0.000659739532764041,0.00019478519239427507,0.03313431359356775,0.00013223394280459863,0.0009055731833510494,0.00019507743243996132,0.0002522316744397414,0.0005775068296812666,0.0002976748146285048,put_T050_s020_r005_q010,validation
O,0.00880333292298019,0.0140657500596717,0.0018115710001545557,0.00011842068875912091,0.012321385450898507,0.1322314049586777,0.15971841486274121,0.1944193651857544,0.0,0.9583333333333334,5.0,0.00011817166430369632,0.0007115094358280949,0.00019596109269060072,0.021720967881924364,0.00028490002955745743,0.0032590392891024183,0.0004185909317385133,0.00322674792906886,0.8421901784813955,0.9413886384129847,3.718691476400084e-05,0.00042043205399681504,9.698822518224466e-05,0.7619047619047619,5.392838545233831e-05,0.0032590392891024183,0.00024895169363045464,9.943242731950435e-05,0.0032590392891024183,0.0007654250470221613,0.00022599109635536584,0.5978599999798462,0.0404519640488204,7.89260380095171e-05,0.000941132716865023,0.0001621149046680482,0.0006895452453133042,0.0032590392891024183,0.0008183538187646038,8,0.05647382920110193,1.1914961844537285e-06,0.00020822539493109177,0.00020822539493109177,7.319759891017347e-05,0.0,put,0.0,hard,0.0006076800019611736,0.17061307421176147,0.19761503755650064,0.0,0.9583333333333334,5.0,0.00020490757798280584,0.0009310620757365662,0.0003139103267865231,0.02189476924026414,0.00022762788062879278,0.0009310620757365662,0.0002966187154266576,0.002132510560674423,0.8427329694764504,0.9398106402164111,3.723909569821218e-05,0.0007290565167075158,9.865099129491825e-05,0.76383290582631,3.118071171836892e-05,0.0005300136126449688,8.871382835929028e-05,8.567828864038914e-05,0.0009310620757365662,0.0005831242694598859,0.00017216487321995732,0.03433765753964839,8.24012379710123e-05,0.0009055731833510494,0.00016788591260292535,0.0002522316744397414,0.0005775068296812666,0.0002976748146285048,put_T050_s020_r005_q010,validation
O,0.008464207989163697,0.0140657500596717,0.0018115710001545557,0.00011842068875912091,0.012321385450898507,0.2849503437738732,nan,nan,0.0,0.0,120.0,0.00014729682356909578,0.0007115776068395974,0.00020688906451097241,nan,0.0002851804966105857,0.0032590392891024183,0.00041810967609471624,0.0032444352488163524,0.06342234715390022,0.8554502369668247,7.833065566007454e-05,0.0004219139392466128,0.00011195368961006995,0.032931946725050176,0.00010372811079036001,0.0032590392891024183,0.0002560818297158242,0.00013030801819384483,0.0032590392891024183,0.0007820305509614246,0.00023089385731852883,0.5978599999798462,0.03998708062983061,0.00010880958278748324,0.0009411327368139544,0.00016855572141353747,0.0006897767084536131,0.0032590392891024183,0.0008183851961593608,8,0.3940082644628099,1.1914961844537285e-06,0.00020896696850465721,0.00020896696850465721,7.319759891030591e-05,0.0,put,0.0,softplus,0.0006076800019611736,nan,nan,0.0,0.0,120.0,0.0002264861169797861,0.0009310620956854976,0.0003192556171218929,nan,0.0002277845183026092,0.0009310620956854976,0.0002958018048039599,0.0021560388621245266,0.06367966131592873,0.8554502369668247,7.844078561655667e-05,0.0007291246877190183,0.00011336707146059169,0.033070721876145105,8.09027599172277e-05,0.0005300136126449688,0.0001070102078500839,0.00011643719325644096,0.0009310620956854976,0.0006044070281762012,0.00017844851402873253,0.033923538619687776,0.00011230238925314943,0.0009055731833513825,0.00017405234111768375,0.00025240149121755624,0.0005775068296812666,0.00029772445017778077,put_T050_s020_r005_q010,validation
O,0.008440083009190857,0.0140657500596717,0.0018115710001545557,0.00011842068875912091,0.012321385450898507,0.45239252725883744,0.07308478979483783,0.08123874756297897,0.0,1.0,0.0,0.00016860337007290545,0.00028930087017331463,0.00019389836185807778,0.0015358924006857952,0.00019912708079301158,0.00330603208430908,0.0003209363473508523,0.0027537512480653946,0.8080680078145626,0.9592578663658017,2.1639923046656224e-05,0.0002470373550454985,4.0707696990760505e-05,0.6980478014960774,3.72358869502997e-05,0.00330603208430908,0.00024668580151503074,6.623901145242369e-05,0.00330603208430908,0.0005577986486365785,0.00016468957821714987,0.5978599999798462,0.03507183620261152,4.7968282733068e-05,0.0006886465816151044,8.76422067418168e-05,0.0005427178614128507,0.00330603208430908,0.000695664906520487,12,0.34917355371900827,8.799645903564256e-07,0.00032064665294647093,0.00032064665294647093,0.00019496924242608514,0.00020831347055394467,put,0.00020831347055394467,raw,0.00020831347055394467,0.08352433666273448,0.08689226877937219,0.0,1.0,0.0,0.00020852824830017923,0.0002941039538694179,0.0002236475174216261,0.0020507698222398127,0.00013571356592851394,0.0006018409700391247,0.00016894962069623434,0.0016698978485990704,0.8086592918011962,0.9576281810204338,2.2240571487853575e-05,0.0002581404370555207,4.33933697856642e-05,0.699798460974716,1.5429786121045095e-05,0.0005436706327168472,5.706735708509212e-05,5.1110655791621064e-05,0.0006018409700391247,0.0003153039662196412,9.309210782846443e-05,0.03240776714976379,4.818201839145223e-05,0.0006018409700391247,8.626993210040631e-05,0.00015590273464567987,0.0005438098488760208,0.00019268057884076013,put_T050_s020_r005_q010,validation
O,0.008697082987055182,0.0140657500596717,0.0018115710001545557,0.00011842068875912091,0.012321385450898507,0.25237863740537536,0.08687240126245363,0.09459391662520625,0.0,1.0,0.0,0.00016837570919407848,0.00028930087017331463,0.0001938913407559573,0.004064008094690075,0.0001930316025972584,0.00330603208430908,0.00031899922059389345,0.002739212833380505,0.8080680078145626,0.9592578663658017,9.457792969675054e-06,0.0002470373550454985,2.9129414110396773e-05,0.6980478014960774,3.4895451677348644e-05,0.00330603208430908,0.00024657959691298624,5.558633921787389e-05,0.00330603208430908,0.0005482891391109997,0.0001618819035900285,0.5978599999798462,0.03475104253876253,3.560395273869072e-05,0.0006886465816151044,8.122530033248024e-05,0.0005426758974922591,0.00330603208430908,0.0006956644889260106,12,0.11914600550964187,8.799645903564256e-07,0.00032064665294647093,0.00032064665294647093,5.7184965615938906e-05,0.0,put,0.0,hard,0.00020831347055394467,0.09731558677632449,0.10086886941253509,0.0,1.0,0.0,0.00020852824830017923,0.0002941039538694179,0.0002236475174216261,0.0042113226332396855,0.00012963312220695518,0.0006018409700391247,0.00016501643620687632,0.0016450033093445163,0.8086592918011962,0.9576281810204338,1.0027661875977688e-05,0.0002581404370555207,3.273455635539196e-05,0.699798460974716,1.3089350848094036e-05,0.0005436706327168472,5.651524033596701e-05,4.0457983557071274e-05,0.0006018409700391247,0.00029772878704059446,8.790311355460017e-05,0.03214018003964472,3.5813250563179685e-05,0.0006018409700391247,7.958435417005587e-05,0.00015586077072508826,0.0005438098488760208,0.0001926763835280537,put_T050_s020_r005_q010,validation
O,0.008460375014692545,0.0140657500596717,0.0018115710001545557,0.00011842068875912091,0.012321385450898507,0.43107160219459684,nan,nan,0.0,0.0,120.0,0.0001902962649910608,0.0002902327625231571,0.0002049635643708928,nan,0.00019526893117565052,0.00330603208430908,0.0003192152025702721,0.002773067490259593,0.06376402013600636,1.0,6.76134146620419e-05,0.0002551244713352441,7.207331101240435e-05,0.032931946725050176,8.754943058580274e-05,0.00330603208430908,0.0002537970932066548,9.9690775856876e-05,0.00330603208430908,0.0005816754948987905,0.00017173919683793898,0.5978599999798462,0.03449473505818536,8.100531147020613e-05,0.0006886465816151044,9.985888903558653e-05,0.0005428764209760029,0.00330603208430908,0.000695663973878966,12,0.3471763085399449,8.799645903564256e-07,0.0003227869500986309,0.0003227869500986309,6.19211056873475e-05,0.0,put,0.0,softplus,0.00020831347055394467,nan,nan,0.0,0.0,120.0,0.0002214930788412397,0.00029508651853382695,0.00023067387428189726,nan,0.00013164726163954337,0.0006018409700391247,0.00016510797046280767,0.0016910661746970795,0.06402411989004168,1.0,6.809517238499914e-05,0.000265434592206959,7.346975500273341e-05,0.033070721876145105,6.527495018303269e-05,0.0005436706327168472,8.211209579918876e-05,8.426425458383648e-05,0.0006018409700391247,0.00035458949509240196,0.00010469098726461366,0.032127009322454325,8.109343511387107e-05,0.0006018409700391247,9.835800554924228e-05,0.0001555962184297398,0.0005438098488760208,0.00019250247382295298,put_T050_s020_r005_q010,validation
O,0.008472666959278286,0.0140657500596717,0.0018115710001545557,0.00011842068875912091,0.012321385450898507,0.42641850128481146,0.18298378753574832,0.193044265396546,0.0,1.0,0.0,9.671598731833773e-05,0.00022061913678084188,0.00010942050969477905,0.002770309192972773,0.00015541360765346444,0.003169292611761584,0.0002718947662324425,0.0021849988901566043,0.6364585252041506,0.9733333333333334,2.6261713876097557e-05,0.0003045813181978829,3.851959042941029e-05,0.4728151797117314,3.68459245538567e-05,0.003169292611761584,0.00023091716352684945,5.871508572275644e-05,0.003169292611761584,0.0004752304353320538,0.0001403113832242011,0.5978599999798462,0.021129897180068302,4.225831110484725e-05,0.00039287569401316724,6.449713398536501e-05,0.0005014360215191153,0.003169292611761584,0.0006210273356786667,16,0.2545454545454545,7.292962033409915e-07,0.0002596455237504655,0.0003045813181978829,0.00027089882021638087,0.0003045813181978829,put,0.0003045813181978829,raw,0.00030458131819786297,0.19342697304961917,0.20562068685573162,0.0,1.0,0.0,0.00011389335449883247,0.00035462171844835577,0.0001344735983791981,0.003835571487246419,8.556508508807909e-05,0.00035462171844835577,0.00010590380624137789,0.0008957394463697831,0.6349362723970199,0.9682629107981221,2.6128183884618793e-05,0.0003045813181978829,3.84472961378889e-05,0.47233418834738,1.5213720800417171e-05,0.0002921664251706868,4.5355784401583856e-05,4.125026960163878e-05,0.00035462171844835577,0.00021302153705941772,6.289367094071535e-05,0.015622180013496063,4.158233569694029e-05,0.0003377387121844544,6.0656360491133496e-05,8.510934051516183e-05,0.0002921664251706868,0.00011007891391794395,put_T050_s020_r005_q010,validation
O,0.008408499998040497,0.0140657500596717,0.0018115710001545557,0.00011842068875912091,0.012321385450898507,0.33669004791999446,0.19525145894378262,0.2059752202390465,0.0,1.0,0.0,6.804761114970886e-05,0.0001570097409893112,8.502072313933641e-05,0.004973929498441417,0.00015410512008722643,0.003169292611761584,0.00027157795548409734,0.0021474795736153083,0.6364585252041506,0.9733333333333334,1.4889877375658307e-05,0.00011336012752882763,2.6354939394957288e-05,0.4728151797117314,3.219867183663514e-05,0.003169292611761584,0.0002302553761303846,4.987197408598268e-05,0.003169292611761584,0.00046751409613825424,0.00013803314061763778,0.5978599999798462,0.019024609595686734,3.289496975743463e-05,0.00039287569401316724,5.947488592736056e-05,0.0005011456402821485,0.003169292611761584,0.0006210102469654315,16,0.14827823691460054,7.292962033409915e-07,0.0002596455237504655,0.0002596455237504655,3.6746061238606075e-05,0.0,put,0.0,hard,0.00030458131819786297,0.20569464445765348,0.2185403205363064,0.0,1.0,0.0,0.00011389335449883247,0.00035462171844835577,0.0001344735983791981,0.005738850870602755,8.389057115919183e-05,0.00035462171844835577,0.00010478950816036797,0.0007889216794569944,0.6349362723970199,0.9682629107981221,1.4838844099999947e-05,0.00017455682186873211,2.6345561633178382e-05,0.47233418834738,1.0566468083195605e-05,0.0002921664251706868,4.139609945964091e-05,3.2407157964865035e-05,0.00035462171844835577,0.0001949009102857504,5.754363566599727e-05,0.012903177022057484,3.1660156607449135e-05,0.0003377387121844544,5.437692783307885e-05,8.4818959278195e-05,0.0002921664251706868,0.00010990921852555711,put_T050_s020_r005_q010,validation
O,0.008242417010478675,0.0140657500596717,0.0018115710001545557,0.00011842068875912091,0.012321385450898507,0.4009306201819571,nan,nan,0.0,0.0,120.0,9.796196653968358e-05,0.00017309789130570685,0.00010732883238939518,nan,0.0001585620478359785,0.003169292611761584,0.00027264417562488795,0.002198114382577644,0.06376402013600636,1.0,7.056101350283545e-05,0.00014126502018685372,7.401839696838356e-05,0.032931946725050176,8.390454168375239e-05,0.003169292611761584,0.00023774417146059284,9.267397063087542e-05,0.003169292611761584,0.0005112073727367002,0.0001509335434986989,0.5978599999798462,0.018824045502806124,7.672128352480263e-05,0.00039287569401316724,8.630763372639612e-05,0.0005011525909952024,0.003169292611761584,0.0006209921980063979,16,0.2545454545454545,7.292962033409915e-07,0.0002624507336528978,0.0002624507336528978,4.8681135818177184e-05,0.0,put,0.0,softplus,0.00030458131819786297,nan,nan,0.0,0.0,120.0,0.00013902724097866886,0.0003546280769272103,0.00014958653355805616,nan,8.7580785265348e-05,0.0003546280769272103,0.00010685727255578835,0.0009027586282553508,0.06402411989004168,1.0,7.055734714353368e-05,0.00019064497218512777,7.402237204333673e-05,0.033070721876145105,6.186713088406934e-05,0.0002921664251706868,7.185274081880066e-05,7.488849303546444e-05,0.0003546280769272103,0.00028318263385853867,8.36084258703672e-05,0.013027206298676194,7.524912530786087e-05,0.0003377387122859843,8.257175619925642e-05,8.444054251211847e-05,0.0002921664251706868,0.00010950025954882215,put_T050_s020_r005_q010,validation
O,0.008356874925084412,0.0140657500596717,0.0018115710001545557,0.00011842068875912091,0.012321385450898507,0.34689909021459825,0.16556708482697957,0.1932298475729078,0.0,0.7,36.0,3.7949448795780946e-05,0.00010386912417859051,4.76344002397592e-05,0.023262456271422108,0.00011945013312091951,0.0029617347432080105,0.00024194128017490825,0.0018489765121457438,0.7890917088190016,0.9930805424854692,4.522454662667673e-06,9.368605395609908e-05,9.844326504688094e-06,0.6546250684181719,2.7605353791113834e-05,0.0029617347432080105,0.0002046158430914064,3.340155643494474e-05,0.0029617347432080105,0.00041178393049638435,0.00012157885644903037,0.5978599999798462,0.016834391634565102,1.5195448321449825e-05,0.0003746372637085729,4.027128669263213e-05,0.000475242624152252,0.0029617347432080105,0.000568758064172535,24,0.2636363636363636,3.6452475881092715e-07,4.4944638011475135e-05,9.368605395609908e-05,7.992262463519806e-05,9.368605395609908e-05,put,9.368605395609908e-05,raw,9.368605395604877e-05,0.16905833082828434,0.19876186792986186,0.0,0.7,36.0,4.302438974430635e-05,0.00010954386036232666,5.179536183531849e-05,0.023248823007211913,3.2378046258668744e-05,0.00016433824958068943,4.223552125912831e-05,0.0004778846171691639,0.7912027339874326,0.9932189316357598,4.509577885587821e-06,9.368605395609908e-05,9.885835023057513e-06,0.6574752656650787,5.2050306307802136e-06,0.00012486360096381627,1.567866114120525e-05,1.1599943618101068e-05,0.00016433824958068943,7.773274101861845e-05,2.2950249549561664e-05,0.011171370639401702,1.0826232213984487e-05,0.00012672105576172488,2.1115008328586705e-05,3.4502700794116e-05,0.00016433824958068943,4.775255061263512e-05,put_T050_s020_r005_q010,validation
O,0.008519790950231254,0.0140657500596717,0.0018115710001545557,0.00011842068875912091,0.012321385450898507,0.2540454198208209,0.16762167560277522,0.20057392252815553,0.0,0.7,36.0,2.3141159420696687e-05,0.00010386912417859051,3.8984203897608214e-05,0.022306555095116733,0.00011939504572390745,0.0029617347432080105,0.00024193823513681215,0.0018413477246031359,0.7890917088190016,0.9930805424854692,2.0222850244846545e-06,7.51539098996501e-05,5.968558382901524e-06,0.6546250684181719,2.706523015893743e-05,0.0029617347432080105,0.00020459808452488127,3.151578865218608e-05,0.0029617347432080105,0.0004111391060050906,0.0001213884725645322,0.5978599999798462,0.01646958789208081,1.329002905199352e-05,0.0003746372637085729,3.977238503903794e-05,0.000475242624152252,0.0029617347432080105,0.000568758064172535,24,0.0981404958677686,3.6452475881092715e-07,4.4944638011475135e-05,4.4944638011475135e-05,2.175909975150464e-05,0.0,put,0.0,hard,9.368605395604877e-05,0.17114179124677578,0.2060237431040382,0.0,0.7,36.0,3.6578376436186e-05,0.00010954386036232666,4.931234929281625e-05,0.022280465754564018,3.232498781403817e-05,0.00016433824958068943,4.2216299070729374e-05,0.0004472977378378464,0.7912027339874326,0.9932189316357598,1.9984123120150136e-06,7.51539098996501e-05,6.015131804607307e-06,0.6574752656650787,4.664906998603808e-06,0.00012486360096381627,1.544976385294592e-05,9.7141758353424e-06,0.00016433824958068943,7.42375413232606e-05,2.1918307227923975e-05,0.010508917370779518,8.758292243255762e-06,0.00012672105576172488,1.9903457037240362e-05,3.4502700794116e-05,0.00016433824958068943,4.775255061263512e-05,put_T050_s020_r005_q010,validation
O,0.008571624988690019,0.0140657500596717,0.0018115710001545557,0.00011842068875912091,0.012321385450898507,0.3457184526703243,nan,nan,0.0,0.0,120.0,6.806163794310811e-05,0.0001105863860541012,7.051613693892838e-05,nan,0.00012929368219964947,0.0029617347432080105,0.00024358654997816415,0.0018968002800185007,0.06376402013600636,1.0,6.690802495363527e-05,0.0001137916587399257,6.820571880747105e-05,0.032931946725050176,8.104018663993285e-05,0.0029617347432080105,0.0002135795266482254,8.258433347136536e-05,0.0029617347432080105,0.0004593391320225891,0.00013561948939162625,0.5978599999798462,0.016375645898115035,6.635344771140536e-05,0.0003746372637085764,7.34218625580347e-05,0.0004756721836530374,0.0029617347432080105,0.0005688004479942104,24,0.25626721763085397,3.6452475881092715e-07,5.22009258339394e-05,5.22009258339394e-05,2.2546755902818794e-05,0.0,put,0.0,softplus,9.368605395604877e-05,nan,nan,0.0,0.0,120.0,7.232614693834747e-05,0.0001166133902528177,7.485301666543708e-05,nan,4.127927338832486e-05,0.00016433824958068943,4.997515163480723e-05,0.0006262279266684653,0.06402411989004168,1.0,6.68812911149862e-05,0.0001137916587399257,6.818527287842157e-05,0.033070721876145105,5.847727012045171e-05,0.00012486360096368443,6.292499142040506e-05,6.036756144953893e-05,0.00016433824958068943,0.00021692174901098926,6.404519134784097e-05,0.010827354292045144,6.153583744339292e-05,0.00012672105576172488,6.459573622496702e-05,3.4750256881582985e-05,0.00016433824958068943,4.7903360773127876e-05,put_T050_s020_r005_q010,validation
O,0.008353000041097403,0.0140657500596717,0.0018115710001545557,0.00011842068875912091,0.012321385450898507,0.2762691853600944,0.3628758838727033,0.36703452060061736,0.0,0.8083333333333333,23.0,2.4071729958863076e-05,6.563823098848509e-05,3.0088877695342943e-05,0.0158780268234064,0.00011244244814204468,0.002922316895438871,0.00023780212906169797,0.0018232477072011811,0.8046879258653584,0.9997291074089124,4.7496256150050725e-06,6.563823098848509e-05,7.469174801143404e-06,0.6733260353950009,2.7267099345151827e-05,0.002922316895438871,0.00020070787466973372,3.181074808457537e-05,0.002922316895438871,0.00040433745306271706,0.00011938029029840996,0.5978599999798462,0.013777985278629848,1.3576850054100828e-05,0.00029655974563693593,3.447813533271621e-05,0.00047395378894704403,0.002922316895438871,0.0005656931948549018,32,0.2818870523415978,1.9577168833786196e-07,2.9210486463593366e-05,6.563823098848509e-05,5.529882425930887e-05,6.563823098848509e-05,put,6.563823098848509e-05,raw,6.563823098851111e-05,0.37575761884648023,0.3799919983115479,0.0,0.8083333333333333,23.0,3.056553909016232e-05,9.530875228680458e-05,3.706005390498074e-05,0.0165081482914841,1.544949416123594e-05,0.00010595146013220313,2.2450157373099585e-05,0.0002560454677966211,0.8058363845018853,0.9986455370445618,4.715859041064776e-06,6.563823098848509e-05,7.387725036262787e-06,0.6754305606449249,4.301619699646193e-06,6.806521525518083e-05,1.0218975484488497e-05,7.44673745255563e-06,0.00010595146013220313,4.402122027277853e-05,1.299707147203911e-05,0.005961987857349189,7.155540228053031e-06,0.00010595146013220313,1.1987591638727929e-05,1.3634209884420934e-05,7.478230681819131e-05,2.0360922921261823e-05,put_T050_s020_r005_q010,validation
O,0.008261499926447868,0.0140657500596717,0.0018115710001545557,0.00011842068875912091,0.012321385450898507,0.1929300645878186,0.3628758838727033,0.36703452060061736,0.0,0.8083333333333333,23.0,1.3560759869685885e-05,5.881517140982062e-05,2.3018976380697903e-05,0.0158780268234064,0.00011244235634119514,0.002922316895438871,0.0002378021285865092,0.0018199627462199234,0.8046879258653584,0.9997291074089124,2.3426159963247506e-06,4.149291858945858e-05,5.109043219243603e-06,0.6733260353950009,2.7250072668959027e-05,0.002922316895438871,0.0002007078007417019,3.0008550340206873e-05,0.002922316895438871,0.00040402202985438223,0.0001192871618635033,0.5978599999798462,0.013515075277413682,1.1640807056030214e-05,0.00029655974563693593,3.4199903683964725e-05,0.00047395378894704403,0.002922316895438871,0.0005656931948549018,32,0.07203856749311295,1.9577168833786196e-07,2.9210486463593366e-05,2.9210486463593366e-05,1.557128142496803e-05,0.0,put,0.0,hard,6.563823098851111e-05,0.37575761884648023,0.3799919983115479,0.0,0.8083333333333333,23.0,2.6481036682024042e-05,9.530875228680458e-05,3.537370375926198e-05,0.0165081482914841,1.5449204742830895e-05,0.00010595146013220313,2.245014071467769e-05,0.00023259497741268066,0.8058363845018853,0.9986455370445618,2.298774111444e-06,4.149291858945858e-05,4.9743266140506925e-06,0.6754305606449249,4.284593023453391e-06,6.806521525518083e-05,1.0217523382980697e-05,5.644539708187131e-06,0.00010595146013220313,4.102055965462838e-05,1.2111139635625507e-05,0.005217348034597438,5.09422495549823e-06,0.00010595146013220313,1.093778902967181e-05,1.3634209884420934e-05,7.478230681819131e-05,2.0360922921261823e-05,put_T050_s020_r005_q010,validation
O,0.008328625001013279,0.0140657500596717,0.0018115710001545557,0.00011842068875912091,0.012321385450898507,0.28113063407181055,nan,nan,0.0,0.0,120.0,6.31469448774985e-05,7.777217716842255e-05,6.367803399919431e-05,nan,0.0001237180637339737,0.002922316895438871,0.00023962321329608344,0.0018744094154019616,0.06376402013600636,1.0,6.706115737280838e-05,9.219799199811085e-05,6.82936287263318e-05,0.032931946725050176,8.086908753350894e-05,0.002922316895438871,0.00021017105115296843,8.129794164319478e-05,0.002922316895438871,0.000453403797075189,0.00013386708677922462,0.5978599999798462,0.01341197978963604,6.49349091927141e-05,0.0002965597456369394,7.073379623315211e-05,0.00047427538798218693,0.002922316895438871,0.0005657399035367946,32,0.2722451790633609,1.957714674564338e-07,3.191170513032471e-05,3.191170513032471e-05,1.4684414265635203e-05,0.0,put,0.0,softplus,6.563823098851111e-05,nan,nan,0.0,0.0,120.0,6.529315331925805e-05,9.539374161027236e-05,6.661027288627819e-05,nan,2.626714963388812e-05,0.00010595146116354481,3.6187416483555174e-05,0.0004957852449875217,0.06402411989004168,1.0,6.702010695379008e-05,9.219799199811085e-05,6.825430095521926e-05,0.033070721876145105,5.790028694801413e-05,8.662925213727491e-05,6.300363116879637e-05,5.66516371759993e-05,0.00010595146116354481,0.0002089694467185058,6.169730910781637e-05,0.0056641907576903535,5.8261984693445317e-05,0.00010595146116354481,6.266001487929356e-05,1.3948121947009683e-05,7.478230681819131e-05,2.1064228123844163e-05,put_T050_s020_r005_q010,validation
O,0.00908775010611862,0.014391500037163496,0.0008771181670257843,9.172395697052708e-05,0.003469475244008058,0.27835266337940134,0.014788106410525022,0.02069341660818307,0.0,1.0,0.0,0.0006890979351071493,0.0018289261011520952,0.0008494332838976586,0.006461402542760823,0.0004969144343076127,0.002652614386722152,0.000706105406001814,0.005096332721752887,0.5943045220377791,0.8510245901639344,0.00019347839402159987,0.002147523740074042,0.00038643690244552313,0.45657431838170626,5.723869497855468e-05,0.0022267155808010242,0.0001639328287058931,0.00030839901716113547,0.002652614386722152,0.0017965233389184525,0.0005306654168098464,0.6157275419682264,0.07136954838937264,0.000328461540934613,0.002652614386722152,0.0005538063871967407,0.00041495041857885943,0.0022267155808010242,0.0005086514175058882,4,0.11694214876033057,4.760973443253416e-06,0.00037816373949472147,0.002147523740074042,0.002053653510211614,0.002147523740074042,put,0.002147523740074042,raw,0.002147523740074063,0.02351159657617047,0.02774759708676172,0.0,1.0,0.0,0.0010251653165502523,0.0023649243241286033,0.0012079362211065625,0.00706099556001704,0.0004907114670242803,0.0027857388637961833,0.0007205877036543494,0.005045563626638764,0.5941883767535071,0.8506147540983606,0.0001967329810366694,0.002147523740074042,0.00039171161166632804,0.4565552133743951,5.374646520411498e-05,0.0010340641164302417,0.00014576176670599768,0.0003081520520526692,0.0027857388637961833,0.0018296852495525919,0.0005404451775152352,0.06899603020240026,0.00032554687495111245,0.0027857388637961833,0.0005559533993911578,0.00033584858665639444,0.0010008002342731387,0.0004122572969433373,put_T050_s040_r005_q000,validation
O,0.008704583044163883,0.014391500037163496,0.0008771181670257843,9.172395697052708e-05,0.003469475244008058,0.16167789429821516,0.025551125892418942,0.032400033519699466,0.0,1.0,0.0,0.0006387053722310457,0.0018289261011520952,0.0008376301441430109,0.009490737842042355,0.0004769488845208274,0.002652614386722152,0.0007003771103326261,0.004233335192026379,0.5943045220377791,0.8510245901639344,6.183929974650183e-05,0.0006958388745655908,0.0001106750051685146,0.45657431838170626,4.9358238815564076e-05,0.0022267155808010242,0.00016208528508470868,0.00021905415170836478,0.002652614386722152,0.0014887676491637473,0.0004397591102557652,0.6157275419682264,0.0636578716507065,0.0002242048805659185,0.002652614386722152,0.0004497346038275752,0.00041495041857885943,0.0022267155808010242,0.0005086514175058882,4,0.0640495867768595,4.760973443253416e-06,0.00037816373949472147,0.00037816373949472147,0.00013181462552500498,0.0,put,0.0,hard,0.002147523740074063,0.03717196250130668,0.04034400057133754,0.0,1.0,0.0,0.0010204265625972412,0.0023649243241286033,0.0012075728122910628,0.008910348285038047,0.000470725739408095,0.0027857388637961833,0.0007149410810768337,0.004147553274727418,0.5941883767535071,0.8506147540983606,6.505707116515554e-05,0.001384021244035527,0.00012765264192163408,0.4565552133743951,4.586600904112438e-05,0.0010340641164302417,0.00014368075705093323,0.00021880718659989852,0.0027857388637961833,0.001528528048449465,0.00045149055701426666,0.06544399211559607,0.0002204002767866461,0.0027857388637961833,0.00045193979196104904,0.00033584858665639444,0.0010008002342731387,0.0004122572969433373,put_T050_s040_r005_q000,validation
O,0.008563207928091288,0.014391500037163496,0.0008771181670257843,9.172395697052708e-05,0.003469475244008058,0.2012639766650462,nan,nan,0.0,0.0,120.0,0.0006463088334860342,0.0018289261011527613,0.0008384321129403185,nan,0.00047899518291416083,0.002652614386722152,0.0007003752225426393,0.00424093127019822,0.248917123881028,1.0,9.650557410782518e-05,0.0006959338921139757,0.0001277848105852908,0.1421503957783641,9.975519490513376e-05,0.0022267155808010242,0.00017344780289139553,0.00024136623122353665,0.002652614386722152,0.0014984888519565965,0.00044263060433558386,0.6157275419682264,0.06342594183192907,0.0002441681079420756,0.002652614386722152,0.00045251111087877627,0.00041500964431545026,0.0022267155808010242,0.0005086683484598872,4,0.11611570247933885,4.760986461396039e-06,0.000378164773524748,0.000378164773524748,9.547044948320525e-05,0.0,put,0.0,softplus,0.002147523740074063,nan,nan,0.0,0.0,120.0,0.0010244004315775634,0.0023649243241286033,0.0012079872053154402,nan,0.00047279487195354714,0.0027857388637961833,0.000714946239259851,0.00415375243671607,0.24901299951853637,1.0,9.968408546818468e-05,0.0013840213415955427,0.00014268014481291376,0.14221293444786626,9.626297397003312e-05,0.0010340641164302417,0.0001563715944837926,0.00024109462806823088,0.0027857388637961833,0.001537967837453475,0.00045427884447804003,0.0651351547129184,0.00024039942491432348,0.0027857388637961833,0.0004546987863007091,0.000335907835375267,0.0010008002342731387,0.00041227628534096515,put_T050_s040_r005_q000,validation
O,0.008719874895177782,0.014391500037163496,0.0008771181670257843,9.172395697052708e-05,0.003469475244008058,0.38863809986804637,0.32269871220755525,0.327211206685005,0.0,0.9666666666666667,4.0,0.00030608302142200194,0.000699947776980514,0.000359402001988744,0.018534508285634032,0.00015219826153114956,0.002370025761906938,0.0002267392280481261,0.0027757678859778195,0.5576133169993515,0.8092449278393642,6.55301970934254e-05,0.0006996398868007181,0.0001282916256473081,0.42535180299032543,3.411183522228205e-05,0.002370025761906938,0.00013902167825770713,9.835407642592868e-05,0.002370025761906938,0.0005833939815801094,0.00017232562677751964,0.6157275419682264,0.0557044371621255,9.893714459215671e-05,0.0010394745828851137,0.0001670554931949302,0.0002200043243915954,0.002370025761906938,0.0003115448175566306,8,0.18822314049586777,5.037075709589692e-06,7.808546278581345e-05,0.0006996398868007181,0.0006969036549457852,0.0006996398868007181,put,0.0006996398868007181,raw,0.0006996398868006973,0.33471471802381736,0.3394483340657182,0.0,0.9666666666666667,4.0,0.00034976893695415204,0.001077306508067033,0.0004328173465860511,0.018765426346676477,0.00012243372920678065,0.0011712466256680876,0.00018290216197578533,0.0027409273171385322,0.5550349599942334,0.8052708638360175,6.641429823797115e-05,0.0007026922102678079,0.00012985293410640322,0.4234491860976683,1.3636562600312076e-05,0.00036099621244006785,4.025275336534936e-05,8.764589597350316e-05,0.0011712466256680876,0.0005151103102628766,0.00015215124193520275,0.05470737405313247,8.895173667409631e-05,0.0011712466256680876,0.0001494707795700747,0.00014653936532906236,0.0003002724895547343,0.00016914349252720407,put_T050_s040_r005_q000,validation
O,0.0088782919337973,0.014391500037163496,0.0008771181670257843,9.172395697052708e-05,0.003469475244008058,0.3216890061809848,0.33581672470652313,0.3405012665922811,0.0,0.9666666666666667,4.0,0.00011200095598532913,0.000699947776980514,0.00021671046757969702,0.020500071224625972,0.00014171895634324522,0.002370025761906938,0.00022329530898264737,0.002153451427006973,0.5576133169993515,0.8092449278393642,3.50786143350513e-05,0.0003787108622214097,6.490908013177467e-05,0.42535180299032543,2.5367409976542294e-05,0.002370025761906938,0.00013495508146400278,7.546661354517597e-05,0.002370025761906938,0.0004964150584985957,0.00014663338806799613,0.6157275419682264,0.0425755927607369,7.639094721183833e-05,0.0010394745828851137,0.00014089802324304768,0.00021994023486398025,0.002370025761906938,0.0003115408293121891,8,0.13395316804407714,5.037075709589692e-06,7.808546278581345e-05,7.808546278581345e-05,7.341686842644301e-05,0.0,put,0.0,hard,0.0006996398868006973,0.3478327305227852,0.3527176812519109,0.0,0.9666666666666667,4.0,0.00024864013840372707,0.001077306508067033,0.0003912098739553653,0.020684599589574415,0.00011202118064693805,0.0011712466256680876,0.0001785926439522036,0.0020262173894793354,0.5550349599942334,0.8052708638360175,3.591318604279585e-05,0.0007026922102678079,6.77351256891745e-05,0.4234491860976683,4.892137354572326e-06,0.00025416029815557295,2.1945109291003216e-05,6.475843309275043e-05,0.0011712466256680876,0.0004137761700949797,0.00012221956522480437,0.041222399182161557,6.464385113229901e-05,0.0011712466256680876,0.00011554588211476205,0.00014647527580144721,0.0003002724895547343,0.00016913614648097144,put_T050_s040_r005_q000,validation
O,0.008502000011503696,0.014391500037163496,0.0008771181670257843,9.172395697052708e-05,0.003469475244008058,0.33432877283144663,nan,nan,0.0,0.0,120.0,0.00011477382747325484,0.0006999574107188211,0.00021736758677963418,nan,0.0001450577707670295,0.002370025761906938,0.00022391782068544296,0.002182339746000365,0.12240685313241821,1.0,8.220960475119991e-05,0.00038095167041418687,9.548034078577402e-05,0.06519349164467898,7.897083808594991e-05,0.002370025761906938,0.00014771077367465988,0.0001060121510634583,0.002370025761906938,0.0005315541283459247,0.00015701292989909145,0.6157275419682264,0.04199016318588914,0.00010581114898543977,0.0010394745828851137,0.00015209472496131217,0.00022004583836480272,0.002370025761906938,0.00031155009404366826,8,0.18822314049586777,5.037075709589692e-06,8.096268039272113e-05,8.096268039272113e-05,7.361629590193416e-05,0.0,put,0.0,softplus,0.0006996398868006973,nan,nan,0.0,0.0,120.0,0.00025741761129578273,0.0010773065080674216,0.00039236587399922135,nan,0.00011545511985759572,0.0011712466256680876,0.00017926958516152733,0.0020517547079184025,0.12245740836344864,1.0,8.2904825086272e-05,0.0007027809368647109,9.740574602759068e-05,0.0652221733391993,5.8263592521579694e-05,0.00025416029815557295,6.36977181852728e-05,9.524152242156844e-05,0.0011712466256680876,0.0004551246892792223,0.0001344329269469828,0.04063466372951293,9.392363848504029e-05,0.0011712466256680876,0.00012885864947890033,0.00014646335158078147,0.0003002724895547343,0.00016913715063040382,put_T050_s040_r005_q000,validation
O,0.008245334029197693,0.014391500037163496,0.0008771181670257843,9.172395697052708e-05,0.003469475244008058,0.13903743315508021,0.6369789654843051,0.6393830840756046,0.0,1.0,0.0,0.0001487947800562115,0.00031783835058890597,0.00017941805855942124,0.006665909913514263,8.74056991129497e-05,0.002490067758597071,0.00016216120152069227,0.0014731399843426138,0.768696099884155,0.9270412915243713,1.9152034306091265e-05,0.00031783835058890597,4.891982769523547e-05,0.6565523306948109,2.9728928724584112e-05,0.002490067758597071,0.00015222088549323142,4.500181037015998e-05,0.002490067758597071,0.0003621920119949416,0.00010698596051983548,0.6157275419682264,0.026235438596534606,3.293586225993832e-05,0.000491271487752909,7.038157916098469e-05,0.00034763316225314784,0.002490067758597071,0.0004035207815348886,12,0.11522038567493113,1.8356535740296908e-06,0.00014698728699247265,0.00031783835058890597,0.0003155083504744194,0.00031783835058890597,put,0.00031783835058890597,raw,0.0003178383505889129,0.6485998020931928,0.6507213414229239,0.0,1.0,0.0,0.0001719810536172707,0.00042696008206866143,0.00019613926962330777,0.007321517963722868,3.477268202424186e-05,0.00042696008206866143,5.968544874076832e-05,0.001199433937912022,0.7713402858246426,0.9299906861223223,1.9550615455860918e-05,0.0003427187669527987,4.972522219409348e-05,0.6589309282886053,8.070322214349199e-06,0.00016405483829890627,2.413476995587446e-05,2.531984210622263e-05,0.00042696008206866143,0.0001818629653226685,5.371796192885662e-05,0.027283550365601716,2.3663815506824844e-05,0.00038653401430333023,4.954241194424618e-05,5.3229669494627734e-05,0.00016405483829890627,6.568448510766463e-05,put_T050_s040_r005_q000,validation
O,0.008154125069268048,0.014391500037163496,0.0008771181670257843,9.172395697052708e-05,0.003469475244008058,0.11486908813112022,0.6369789654843051,0.6393830840756046,0.0,1.0,0.0,3.5920262579835095e-05,0.0002649589037521105,7.221240734643667e-05,0.006665909913514263,8.682302390879498e-05,0.002490067758597071,0.00016208730025409816,0.0012391325629493278,0.768696099884155,0.9270412915243713,8.926993588219798e-06,0.00020534095731750135,2.6949828543850156e-05,0.6565523306948109,2.8467040720544663e-05,0.002490067758597071,0.00015200157158204496,3.842863200961105e-05,0.002490067758597071,0.00034526855068236345,0.0001019870298314587,0.6157275419682264,0.018530074218897685,2.741389340149366e-05,0.000491271487752909,6.511518246832951e-05,0.0003476321039616249,0.002490067758597071,0.00040352078069529307,12,0.0,1.8356535740296908e-06,0.00014698728699247265,0.00014698728699247265,4.351116851859654e-05,0.0,put,0.0,hard,0.0003178383505889129,0.6485998020931928,0.6507213414229239,0.0,1.0,0.0,0.00010969169608892016,0.00042696008206866143,0.00016054218067557198,0.007321517963722868,3.437861727463612e-05,0.00042696008206866143,5.9640625540975625e-05,0.0008038439777457088,0.7713402858246426,0.9299906861223223,9.206220484321703e-06,0.0003427187669527987,2.8212181273620243e-05,0.6589309282886053,6.80843421030975e-06,0.00016405483829890627,2.272059641718542e-05,1.8746663745673705e-05,0.00042696008206866143,0.00014531657608560494,4.2923034318440866e-05,0.018051701766283595,1.7170997665133578e-05,0.00038653401430333023,3.828470104501643e-05,5.3228611203104885e-05,0.00016405483829890627,6.56844799497609e-05,put_T050_s040_r005_q000,validation
O,0.008072042022831738,0.014391500037163496,0.0008771181670257843,9.172395697052708e-05,0.003469475244008058,0.13966247656087227,nan,nan,0.0,0.0,120.0,4.7573544291210396e-05,0.0002657024924043183,7.644738953032437e-05,nan,0.00010347784951629471,0.00249006775859707,0.0001656422527668764,0.0013070689094773086,0.0763455641323887,1.0,6.846111370275538e-05,0.00021741187412593899,7.289069287561623e-05,0.03968777484608619,8.491241649088235e-05,0.00249006775859707,0.00016489720749098636,8.172303570849783e-05,0.00249006775859707,0.0003961401651392257,0.00011701372383800176,0.6157275419682264,0.017762132481714717,7.151544304210782e-05,0.000491271487752909,8.73023699929827e-05,0.00034780401694054993,0.00249006775859707,0.00040354002828986733,12,0.10764462809917355,1.8357799435141438e-06,0.00014699740584492998,0.00014699740584492998,4.351116851859654e-05,0.0,put,0.0,softplus,0.0003178383505889129,nan,nan,0.0,0.0,120.0,0.00012470250801799497,0.00042770367072086923,0.00016496526504763333,nan,5.1017505253820854e-05,0.00042770367072086923,6.867966245515743e-05,0.0008896201798290347,0.07637786945943087,1.0,6.861968925583927e-05,0.00034591495546254514,7.331881801959644e-05,0.03970523537175539,6.328551288056572e-05,0.00016405483829890627,6.767884954284162e-05,6.194838818165033e-05,0.00042770367072086923,0.00024238913525942752,7.159594212451474e-05,0.017489319597517722,6.109141886424975e-05,0.0003865340143300866,6.947507713937703e-05,5.340095468643035e-05,0.00016405483829890627,6.57707718070468e-05,put_T050_s040_r005_q000,validation
O,0.008395957993343472,0.014391500037163496,0.0008771181670257843,9.172395697052708e-05,0.003469475244008058,0.2584901729286756,0.5841315130060314,0.584886715010975,0.0,0.16666666666666666,100.0,0.00013228613764503997,0.00032344990411048435,0.00015492038944522107,0.013203842335203114,8.423782012765445e-05,0.0024665870171114972,0.00015556050114415803,0.0012848283637992913,0.6297971691230119,0.9362255965292842,1.2965881140465915e-05,0.0002593083833703491,3.2952512093760225e-05,0.4744942832014072,2.8231996635528033e-05,0.0024665870171114972,0.00014697532789117453,3.995877108541234e-05,0.0024665870171114972,0.00033581474683671815,9.919452129594025e-05,0.6157275419682264,0.022708089756697997,2.7725053625572895e-05,0.0004313666920069126,6.143132801313204e-05,0.00034072730013550605,0.0024665870171114972,0.0003889409625740373,16,0.0721763085399449,1.747253441995017e-06,9.147381339616716e-05,0.0002593083833703491,0.0002535808283534613,0.0002593083833703491,put,0.0002593083833703491,raw,0.00025930838337034565,0.5903196769467269,0.5909448478983909,0.0,0.16666666666666666,100.0,0.00014803849502453015,0.0004854510824270353,0.00018041163177287152,0.012030192832006481,2.9018249520087503e-05,0.0004854510824270353,5.287065075331735e-05,0.0009926809380140797,0.6310027733177639,0.9377440347071584,1.3551379288901676e-05,0.00040308252380566456,3.4790118507404015e-05,0.4754729432468104,6.140833510829655e-06,0.0001299131038311474,1.8415167366540293e-05,1.9413387547412034e-05,0.0004854510824270353,0.00014407569182571455,4.2556506843687324e-05,0.023605182522747136,1.756885886949391e-05,0.00036076177297494905,3.652288978161807e-05,4.576122346632191e-05,0.00017913762896382135,5.955071132724142e-05,put_T050_s040_r005_q000,validation
O,0.008353416924364865,0.014391500037163496,0.0008771181670257843,9.172395697052708e-05,0.003469475244008058,0.23418292937009513,0.5866694548428506,0.5873723730747149,0.0,0.16666666666666666,100.0,4.133181540213535e-05,0.00032344990411048435,8.133513144689897e-05,0.01312957778610828,8.390663344867994e-05,0.0024665870171114972,0.00015545272219580133,0.0011634972978645664,0.6297971691230119,0.9362255965292842,6.121647362529992e-06,0.00013498578401405226,1.5820968929122355e-05,0.4744942832014072,2.684647464059879e-05,0.0024665870171114972,0.00014667734518604287,3.5581229894303874e-05,0.0024665870171114972,0.0003266136751478459,9.647666595997108e-05,0.6157275419682264,0.01788662498373406,2.43823832138716e-05,0.0004313666920069126,5.901560433083193e-05,0.0003407146547153784,0.0024665870171114972,0.00038894083820614067,16,0.06487603305785124,1.747253441995017e-06,9.147381339616716e-05,9.147381339616716e-05,3.974641455566502e-05,0.0,put,0.0,hard,0.00025930838337034565,0.5928576187835461,0.5934372476318435,0.0,0.16666666666666666,100.0,9.324873706778869e-05,0.0004854510824270353,0.00015113140520090943,0.01196183658820614,2.893986488438922e-05,0.0004854510824270353,5.285823703607859e-05,0.0007532082188353754,0.6310027733177639,0.9377440347071584,6.549990789613383e-06,0.00040308252380566456,1.8963045308883125e-05,0.4754729432468104,4.755311515900412e-06,0.00011712877874918773,1.591279922816067e-05,1.5035846356303576e-05,0.0004854510824270353,0.00012122996263047784,3.5808425897303874e-05,0.017724524219728484,1.35366425264865e-05,0.00036076177297494905,2.997348539508432e-05,4.574857804619422e-05,0.00017913762896382135,5.9549899043214714e-05,put_T050_s040_r005_q000,validation
O,0.008251875056885183,0.014391500037163496,0.0008771181670257843,9.172395697052708e-05,0.003469475244008058,0.26092089728453366,nan,nan,0.0,0.0,120.0,5.102493521518207e-05,0.00032386488091962207,8.43849786229913e-05,nan,9.982735293497731e-05,0.0024665870171114964,0.00015895236227610914,0.0012458688175379924,0.0763455641323887,1.0,6.741350825634204e-05,0.00015803956796595076,7.002176248601718e-05,0.03968777484608619,8.338480455376924e-05,0.0024665870171114964,0.00015982966048886068,7.96896348011841e-05,0.0024665870171114964,0.0003802392559548277,0.00011231683935161707,0.6157275419682264,0.017682533718022853,6.945724647131506e-05,0.0004313666920069126,8.302058347669167e-05,0.00034084232943397424,0.0024665870171114964,0.00038895813545982886,16,0.0721763085399449,1.747253441995017e-06,9.148562568910609e-05,9.148562568910609e-05,3.974641455566502e-05,0.0,put,0.0,softplus,0.00025930838337034565,nan,nan,0.0,0.0,120.0,0.00010943015684966775,0.000485866059236173,0.00015565721932892502,nan,4.4416218153000834e-05,0.000485866059236173,6.23185925933195e-05,0.0008563536098682549,0.07637786945943087,1.0,6.767059592877179e-05,0.00040484290457498684,7.075544156674672e-05,0.03970523537175539,6.09351144535862e-05,0.00011712877874918773,6.525022137582146e-05,5.885708986513181e-05,0.000485866059236173,0.00022913746848390114,6.768171731201032e-05,0.017646254762959755,5.820548885542362e-05,0.0003607617730095325,6.546026673217237e-05,4.591426120812355e-05,0.00017913762896382135,5.962610154985679e-05,put_T050_s040_r005_q000,validation
O,0.008136166026815772,0.014391500037163496,0.0008771181670257843,9.172395697052708e-05,0.003469475244008058,0.15237169247864435,0.6592351337278187,0.6597353878605208,0.0,0.125,105.0,9.48340917714105e-05,0.0002668783970771055,0.00010719648799530216,0.013412610538979044,8.043538972151871e-05,0.002361335195938839,0.00014801627355867577,0.0009945336338249822,0.8383645395491021,0.9963669391462306,8.084635208697261e-06,0.0001855787738562764,2.0535978145405702e-05,0.7236147757255936,2.5840127067240868e-05,0.002361335195938839,0.0001339972361474431,3.548610599440828e-05,0.002361335195938839,0.00031321144234858244,9.251785212185784e-05,0.6157275419682264,0.013097261708984873,2.3868567588486694e-05,0.00032467758883232556,5.820618290426255e-05,0.0003260105168370306,0.002361335195938839,0.00036502417041598214,24,0.16673553719008263,1.2524427631316995e-06,3.968441538548806e-05,0.0001855787738562764,0.00017330741605708078,0.0001855787738562764,put,0.0001855787738562764,raw,0.0001855787738563007,0.6656025069117698,0.6659788896395836,0.0,0.125,105.0,9.490468188815664e-05,0.0003572364063847977,0.00011860900992969002,0.013978061457855547,1.3697176221811607e-05,0.0003572364063847977,2.529765776642971e-05,0.0005686358339279345,0.8415084724168684,0.9998486224644263,8.510966382938587e-06,0.0002982144211838844,2.2162234594200632e-05,0.7264628244610647,4.6607007886020854e-06,0.00011116857862081275,1.2715703006444255e-05,1.0476561519603189e-05,0.0003572364063847977,7.922127189537386e-05,2.3400065318856026e-05,0.013640663754124158,9.446486049062e-06,0.00017582294970219792,1.8623725783542557e-05,1.6534192867478723e-05,6.050936687568287e-05,2.0778468038783714e-05,put_T050_s040_r005_q000,validation
O,0.008110916940495372,0.014391500037163496,0.0008771181670257843,9.172395697052708e-05,0.003469475244008058,0.09674282936315022,0.6613188784979817,0.6617847335069761,0.0,0.125,105.0,2.9655644246689637e-05,0.0002668783970771055,5.348340549038713e-05,0.013292142171092402,8.015085603367503e-05,0.002361335195938839,0.00014789144765114387,0.0009512988836414553,0.8383645395491021,0.9963669391462306,3.7734421854445235e-06,8.515967870320607e-05,1.1355352174113042e-05,0.7236147757255936,2.5309751593798907e-05,0.002361335195938839,0.0001338498081044815,3.2699933530874354e-05,0.002361335195938839,0.0003096067700621417,9.145308726191534e-05,0.6157275419682264,0.009934543547123316,2.183077047407558e-05,0.00032467758883232556,5.764822473274746e-05,0.00032599210271783396,0.002361335195938839,0.0003650238894163032,24,0.0,1.2524427631316995e-06,3.968441538548806e-05,3.968441538548806e-05,3.7752997943826805e-05,0.0,put,0.0,hard,0.0001855787738563007,0.6676862516819325,0.6680352910916292,0.0,0.125,105.0,5.027083728159551e-05,0.0003572364063847977,9.004006702162394e-05,0.013879005724767916,1.3697137932064943e-05,0.0003572364063847977,2.5297644522022567e-05,0.00040951977927636144,0.8415084724168684,0.9998486224644263,4.02436953199315e-06,0.0002982144211838844,1.3498577663940213e-05,0.7264628244610647,4.130325315160123e-06,8.494048142183852e-05,1.1126188237208245e-05,7.690389056069265e-06,0.0003572364063847977,6.385123008602389e-05,1.88601232845078e-05,0.009697640116246008,7.014523469896542e-06,0.00017582294970219792,1.5336913423569746e-05,1.6515778748282097e-05,6.050936687568287e-05,2.0773531013488175e-05,put_T050_s040_r005_q000,validation
O,0.008083083084784448,0.014391500037163496,0.0008771181670257843,9.172395697052708e-05,0.003469475244008058,0.15473296756719215,nan,nan,0.0,0.0,120.0,4.333341204445484e-05,0.00026680605924454814,5.755867125944575e-05,nan,9.838104367957762e-05,0.002361335195938839,0.0001519871187992503,0.0010583827182059555,0.0763455641323887,1.0,6.67750539328433e-05,0.00012069839923450898,6.872743900324945e-05,0.03968777484608619,8.209178333345401e-05,0.002361335195938839,0.00014839682719983957,7.874522080297799e-05,0.002361335195938839,0.00036592665435810436,0.00010808911654533783,0.6157275419682264,0.01005676238365333,6.910723946613498e-05,0.00032467758883232556,8.209483795818371e-05,0.00032611402935217587,0.002361335195938839,0.0003650423747437349,24,0.15702479338842976,1.2524427631316995e-06,3.968441543467094e-05,3.968441543467094e-05,3.775299955285361e-05,0.0,put,0.0,softplus,0.0001855787738563007,nan,nan,0.0,0.0,120.0,6.970048798324909e-05,0.00035872412217813343,9.793074013680568e-05,nan,3.193089848735265e-05,0.00035872412217813343,4.333132944548997e-05,0.0005830580677567557,0.07637786945943087,1.0,6.688562910736876e-05,0.0003031585630514644,6.906113691983045e-05,0.03970523537175539,6.108854863852402e-05,9.341440250626443e-05,6.48793074965924e-05,5.363764056761948e-05,0.00035872412217813343,0.0002051918865392505,6.0608766219494916e-05,0.00975729036331651,5.405384043095849e-05,0.00017582294992202208,6.027253232732504e-05,1.668380414390141e-05,6.389950643592712e-05,2.100664729528819e-05,put_T050_s040_r005_q000,validation
O,0.00820745900273323,0.014391500037163496,0.0008771181670257843,9.172395697052708e-05,0.003469475244008058,0.15889992360580596,0.3996202490113645,0.4326504102817198,0.0,0.325,81.0,5.8966114862025847e-05,0.0002902916713950071,6.793152377208064e-05,0.06992178176983764,7.880365448657649e-05,0.0024024903822684506,0.00014881456197501775,0.0008940944775268045,0.9104156712852365,0.9966004184100419,3.652969273129387e-06,0.00010292179514426181,9.765394148861914e-06,0.8379507475813545,2.6215797181778535e-05,0.0024024903822684506,0.00013896594006408325,3.211486050382157e-05,0.0024024903822684506,0.000311136815796449,9.190503928488381e-05,0.6157275419682264,0.005589564096102674,2.045001890859756e-05,0.00032632019719490424,5.630632317425156e-05,0.0003293881050382092,0.0024024903822684506,0.00037077592434449797,32,0.1944214876033058,4.304197484696795e-07,2.62532819017558e-05,0.00010292179514426181,9.993768651178347e-05,0.00010292179514426181,put,0.00010292179514426181,raw,0.00010292179514424099,0.41290782617377386,0.4465989640699181,0.0,0.325,81.0,5.0231904740206196e-05,0.00023355809529929106,6.631609584086131e-05,0.06987441392687548,5.594986839863413e-06,0.00023355809529929106,1.1110672165400046e-05,0.0002388129897743901,0.9125448028673836,0.9986924686192469,3.954433752361571e-06,0.00020411207706783063,1.1259961768723153e-05,0.8400791904971403,2.336100362844954e-06,6.62369577005828e-05,7.2652152659052945e-06,4.57621020769575e-06,0.00023355809529929106,3.793000479638485e-05,1.120361449071556e-05,0.0046821646442509945,3.920585643338814e-06,6.626893244421339e-05,7.461568445531436e-06,6.916595821458101e-06,2.301245701198662e-05,8.872921368219739e-06,put_T050_s040_r005_q000,validation
O,0.008348916075192392,0.014391500037163496,0.0008771181670257843,9.172395697052708e-05,0.003469475244008058,0.0636849781234808,0.41816270769010516,0.4512432363452698,0.0,0.325,81.0,3.054652761759647e-05,0.0002902916713950071,4.963386756501827e-05,0.07074523488814825,7.859180557463922e-05,0.0024024903822684506,0.00014874184112497515,0.0008942734123167216,0.9104156712852365,0.9966004184100419,1.3202628234550172e-06,4.286256348062789e-05,4.809045368016239e-06,0.8379507475813545,2.4963691004962646e-05,0.0024024903822684506,0.0001388539118991194,3.058538846755832e-05,0.0024024903822684506,0.00031015777287933934,9.161584503595439e-05,0.6157275419682264,0.004548324122930099,1.9323176707060396e-05,0.00032632019719490424,5.6143387393938665e-05,0.0003293881050382092,0.0024024903822684506,0.00037077592434449797,32,0.006060606060606061,4.304197484696795e-07,2.62532819017558e-05,2.62532819017558e-05,1.9613348789132565e-05,0.0,put,0.0,hard,0.00010292179514424099,0.4314502848525146,0.46520983101809293,0.0,0.325,81.0,2.53678151615434e-05,0.00023355809529929106,5.0512043804364e-05,0.07079897838151095,5.594978338055018e-06,0.00023355809529929106,1.1110671160506254e-05,0.0001725932364915669,0.9125448028673836,0.9986924686192469,1.491504484170261e-06,0.00020411207706783063,6.79933591703766e-06,0.8400791904971403,1.0839941860290613e-06,4.7971785310435555e-05,4.735908169547533e-06,3.0467381714325053e-06,0.00023355809529929106,2.9416243071520283e-05,8.68885329457979e-06,0.003287993895087445,2.724435495100545e-06,4.883684901396679e-05,5.919152552774914e-06,6.916595821458101e-06,2.301245701198662e-05,8.872921368219739e-06,put_T050_s040_r005_q000,validation
O,0.008164333994500339,0.014391500037163496,0.0008771181670257843,9.172395697052708e-05,0.003469475244008058,0.16140009722897422,nan,nan,0.0,0.0,120.0,5.373770526013273e-05,0.00029020025867659144,6.040401040264554e-05,nan,9.789794379211477e-05,0.0024024903822684514,0.0001528104582162888,0.0010225507453999758,0.0763455641323887,1.0,6.614836894995081e-05,9.30251316443309e-05,6.76463523004999e-05,0.03968777484608619,8.209937635299947e-05,0.0024024903822684514,0.00015247453673363225,7.817291594126283e-05,0.0024024903822684514,0.0003659806528679852,0.00010810506687625326,0.6157275419682264,0.005580696722041323,6.821821846448846e-05,0.00032632019719490424,8.088743313336732e-05,0.00032952360353953033,0.0024024903822684514,0.00037079713767100895,32,0.1865702479338843,4.304197484696795e-07,3.468162628011626e-05,3.468162628011626e-05,2.443601324083888e-05,0.0,put,0.0,softplus,0.00010292179514424099,nan,nan,0.0,0.0,120.0,5.139994786712949e-05,0.00023965961421307247,6.70762393541142e-05,nan,2.5225433240959746e-05,0.00023965961421307247,3.695624325964995e-05,0.00047157159563194606,0.07637786945943087,1.0,6.620124069483002e-05,0.00021632349114525384,6.77884010618671e-05,0.03970523537175539,5.8126996611648776e-05,8.901348488579708e-05,6.2971495487811e-05,5.0671238948943385e-05,0.00023965961421307247,0.00019657199373600184,5.8062656446049897e-05,0.004305297659072127,5.1627750378916534e-05,9.30251316443309e-05,5.8458906521039856e-05,7.081409174211654e-06,7.467574653281794e-05,9.489887588622636e-06,put_T050_s040_r005_q000,validation
O,0.008327833958901465,0.014043665956705809,0.0008626232158522614,8.8383383301624e-05,0.0032238602886080184,0.2727272727272727,0.04331391101314518,0.08706660764415321,0.0,1.0,0.0,0.00045779743941253004,0.0011396984760541073,0.0005585123165041302,0.009017867991604044,0.0003676764076998211,0.0019382476396991935,0.00047822485742063945,0.0030937128399235177,0.5890831252229753,0.8098881695114774,0.00010831469428255817,0.0011996914140703918,0.00020225350941328112,0.4628840547207894,4.376541117233267e-05,0.0019382476396991935,0.00013410682243024223,0.00020969623146492247,0.0019382476396991935,0.0011441013708929125,0.00033810123064129,0.6036072089336812,0.0495658158774247,0.00022141908541679147,0.001433767080317505,0.0003484682508781882,0.00030967939890635927,0.0019382476396991935,0.00037951866343731054,4,0.13698347107438016,4.2909668266908e-06,6.643845171422358e-05,0.0011996914140703918,0.0011511827689605818,0.0011996914140703918,put,0.0011996914140703918,raw,0.0011996914140703458,0.050815948676801066,0.09044279817678792,0.0,1.0,0.0,0.0006309898245949289,0.0013647661116159004,0.0007365425112472255,0.00977306484562257,0.0003850562222146209,0.0015299016671131427,0.0004992025442260169,0.0030205207812043053,0.589034241189506,0.8083186187953698,0.00010985734543599982,0.0011996914140703918,0.00020564499496906037,0.4633378317588844,5.6711948614442666e-05,0.0008245743941485348,0.0001643089021685663,0.0002179181570335883,0.0015299016671131427,0.0011894049434370466,0.0003514788250507439,0.047784078392637305,0.00022133099703871225,0.0015299016671131427,0.00034991525398858864,0.0004407768440227087,0.0008623869943272036,0.0005021815044541639,put_T050_s040_r005_q003,validation
O,0.008333458099514246,0.014043665956705809,0.0008626232158522614,8.8383383301624e-05,0.0032238602886080184,0.15098270713243975,0.053927583564241,0.09131046104246225,0.0,1.0,0.0,0.0004405011379326756,0.0011396984760541073,0.0005554837350197914,0.010172216127522013,0.00033740844816405484,0.0019382476396991935,0.0004649486898672583,0.0026535687509201852,0.5890831252229753,0.8098881695114774,4.6976985782812454e-05,0.0004734274623592327,8.420007834167359e-05,0.4628840547207894,4.222279341005185e-05,0.0019382476396991935,0.0001339821912297405,0.00016050333365576173,0.0019382476396991935,0.001008491451459928,0.00029802621472580805,0.6036072089336812,0.045827847318166345,0.00016345485809964646,0.001433767080317505,0.00030196852468304127,0.00030967939890635927,0.0019382476396991935,0.00037951866343731054,4,0.06088154269972452,4.2909668266908e-06,0.00014756011819279133,0.00014756011819279133,8.56555355911599e-05,0.0,put,0.0,hard,0.0011996914140703458,0.06317839707038782,0.09558108019367982,0.0,1.0,0.0,0.0006282142926186458,0.0013647661116159004,0.0007363507290018814,0.010867150455683667,0.0003548237315161558,0.0015299016671131427,0.00048646256092399937,0.0025529183824441405,0.589034241189506,0.8083186187953698,4.840585782933694e-05,0.0008234057117729732,9.154730369926583e-05,0.4633378317588844,5.516933085216184e-05,0.0008245743941485348,0.0001642071955677513,0.00016872525922442754,0.0015299016671131427,0.0010594272394698241,0.00031306935742134455,0.04541604570266979,0.00016308371378582508,0.0015299016671131427,0.000303475026138603,0.0004407768440227087,0.0008623869943272036,0.0005021815044541639,put_T050_s040_r005_q003,validation
O,0.008512417087331414,0.014043665956705809,0.0008626232158522614,8.8383383301624e-05,0.0032238602886080184,0.21230641016737273,nan,nan,0.0,0.0,120.0,0.00045166228740825163,0.0011396984779482588,0.0005573664943156959,nan,0.00033974003625729355,0.0019382476396991935,0.00046491926013906,0.002662579609332206,0.1606019997938357,0.9948914431673053,8.710910193327757e-05,0.00047430250484342684,0.00010727721013522217,0.08735142408611796,9.47022128143567e-05,0.0019382476396991935,0.00014861295903475177,0.0001858596542955714,0.0019382476396991935,0.0010235977856451056,0.0003024903909853829,0.6036072089336812,0.04541128519934765,0.00018670991936114813,0.001433767080317505,0.00030628584792394617,0.0003097335939111954,0.0019382476396991935,0.0003795402454366072,4,0.1356749311294766,4.290961953440645e-06,6.643845171422358e-05,6.643845171422358e-05,6.641250499552775e-05,0.0,put,0.0,softplus,0.0011996914140703458,nan,nan,0.0,0.0,120.0,0.0006350580697478644,0.001364766111618232,0.000737417810274368,nan,0.0003572713823438519,0.0015299016671131427,0.0004864579584813268,0.002560051958835579,0.16103359173126613,0.9948914431673053,8.851803591403373e-05,0.0008234322539653616,0.00011304795859828042,0.0876068376068376,0.0001076487552389687,0.0008245743941485348,0.00017633069981840037,0.00019404791697577985,0.0015299016671131427,0.0010737597503062651,0.00031730473082938016,0.04490977403776269,0.00018637866241221212,0.0015299016671131427,0.0003077660389696407,0.00044083105198204983,0.0008623869943272036,0.0005021956384024075,put_T050_s040_r005_q003,validation
O,0.008427459048107266,0.014043665956705809,0.0008626232158522614,8.8383383301624e-05,0.0032238602886080184,0.3775262170984096,0.25746061187895825,0.26001781767589305,0.0,1.0,0.0,0.00019409211219236557,0.000521517875287314,0.00022689112596496958,0.007264253621543403,0.00014338767363147168,0.0023323137683536332,0.0001901667925488778,0.0018304167834988306,0.5239723535831211,0.746012015744769,6.133161781242181e-05,0.00037197001981797984,9.096713880386881e-05,0.4037900874635568,3.008318608273913e-05,0.0023323137683536332,0.00012867604572775534,9.340639463452564e-05,0.0023323137683536332,0.0004685973870517548,0.0001384784226889284,0.6036072089336812,0.033653899496754736,9.545323468613142e-05,0.0006045507265770023,0.0001327629107674105,0.00021800004708118285,0.0023323137683536332,0.00028913902639531903,8,0.1859504132231405,2.0261991754673875e-06,0.0001240494230366311,0.00037197001981797984,0.00036756783251091775,0.00037197001981797984,put,0.00037197001981797984,raw,0.00037197001981797463,0.26671142538510506,0.2694653057926075,0.0,1.0,0.0,0.00019700835111758497,0.0006020885115122221,0.00024603528621866023,0.008450555162722773,0.00011561246717247408,0.0007006853133726398,0.00014330279331232305,0.0016897640364980343,0.5235075442816532,0.7439403356121814,6.172314396187106e-05,0.0003745941444363021,9.160281004519478e-05,0.40384615384615385,1.4109687506982158e-05,0.0002313641205926864,3.390422529074313e-05,8.288356463926719e-05,0.0007006853133726398,0.00038820021407763854,0.00011471631750089276,0.033645532491372296,8.766104090602205e-05,0.0007006853133726398,0.00011610500260200886,0.00011837313767274804,0.00021762826541697755,0.00013561242109861498,put_T050_s040_r005_q003,validation
O,0.008448541979305446,0.014043665956705809,0.0008626232158522614,8.8383383301624e-05,0.0032238602886080184,0.31988332523091884,0.2714668620272061,0.2742579379948865,0.0,1.0,0.0,6.877436483121828e-05,0.000521517875287314,0.00013690131976988005,0.00886184114048947,0.00013150277374714554,0.0023323137683536332,0.0001851803696466077,0.0015425881257164471,0.5239723535831211,0.746012015744769,3.942857751501295e-05,0.0002628458198324912,6.460198454413384e-05,0.4037900874635568,2.286662799354234e-05,0.0023323137683536332,0.00012634433562678352,7.541933122285359e-05,0.0023323137683536332,0.00042731508691756434,0.00012627880748509408,0.6036072089336812,0.026578148538153074,7.724546206033036e-05,0.0006045507265770023,0.00012028307477307665,0.00021798749807602755,0.0023323137683536332,0.0002891386516554185,8,0.12830578512396695,2.0261991754673875e-06,0.0001240494230366311,0.0001240494230366311,6.677664954829307e-05,0.0,put,0.0,hard,0.00037197001981797463,0.2807176755333529,0.28371391441631716,0.0,1.0,0.0,0.00011674870712349949,0.0006020885115122221,0.00020501704703044797,0.011593932053694606,0.00010403391033002407,0.0007006853133726398,0.00013670300344080117,0.001327918604329365,0.5235075442816532,0.7439403356121814,3.959274898626988e-05,0.0003745941444363021,6.509744875003655e-05,0.40384615384615385,6.893129417785372e-06,0.00013848166159356745,2.3177669222144807e-05,6.489650122759512e-05,0.0007006853133726398,0.0003369026852582982,9.955748092726396e-05,0.02582249828578848,6.859849421826681e-05,0.0007006853133726398,0.00010015003093103392,0.00011836058866759276,0.00021762826541697755,0.00013561111823636395,put_T050_s040_r005_q003,validation
O,0.008150915964506567,0.014043665956705809,0.0008626232158522614,8.8383383301624e-05,0.0032238602886080184,0.30738245711507745,nan,nan,0.0,0.0,120.0,7.443164013311571e-05,0.0005215333451600856,0.0001375577885171501,nan,0.00013235032210309378,0.0023323137683536332,0.00018447841725373248,0.0015855105252452495,0.0778101088479362,1.0,8.436140814852007e-05,0.00026981611843590603,9.567728665472536e-05,0.04047992823503028,7.612312017677321e-05,0.0023323137683536332,0.0001400329823691746,0.00010311972756399889,0.0023323137683536332,0.0004649476891623522,0.00013739987547338502,0.6036072089336812,0.025789200409026786,0.00010327935977378429,0.0006045507265778349,0.0001322285966204881,0.0002181183147786555,0.0023323137683536332,0.00028915738699027604,8,0.1859504132231405,2.026199175467671e-06,0.00012404942303664845,0.00012404942303664845,4.785626590720539e-05,0.0,put,0.0,softplus,0.00037197001981797463,nan,nan,0.0,0.0,120.0,0.00012706411736579382,0.0006021039813849938,0.00020710347055404084,nan,0.00010505493006107526,0.0007006853133734725,0.0001356936838391389,0.0013698753820392715,0.07802874743326488,1.0,8.443743630723609e-05,0.0003769280348800419,9.597060646355569e-05,0.0405982905982906,5.9750257437908795e-05,0.00013848166159356745,6.438602315583966e-05,9.253319285329317e-05,0.0007006853133734725,0.0003832121553529931,0.00011324230561831537,0.025110043043316873,9.451755331103821e-05,0.0007006853133734725,0.00011408187980796012,0.00011838339334802262,0.00021762826541697755,0.00013561970490934773,put_T050_s040_r005_q003,validation
O,0.00818904209882021,0.014043665956705809,0.0008626232158522614,8.8383383301624e-05,0.0032238602886080184,0.47336620598652684,0.5820050368213063,0.5873451423515625,0.0,0.9666666666666667,4.0,0.00010436791471297932,0.0003719535192594492,0.00013216640347921387,0.05562007706304457,8.795249665566619e-05,0.0024138470800461245,0.00015420888369364715,0.0013597101420536536,0.719493295600027,0.9014013169002195,1.1805662840477504e-05,0.00016553584633260954,2.572709849583564e-05,0.5986768333707109,2.596551691820839e-05,0.0024138470800461245,0.00014023847077780633,4.157059214341617e-05,0.0024138470800461245,0.00033325231818235294,9.848167457712316e-05,0.6036072089336812,0.024459062686927772,3.0270251285047247e-05,0.00047966610632382833,6.19890360610259e-05,0.00033992165079922584,0.0024138470800461245,0.00038622508279319306,12,0.2683884297520661,2.2318282098754514e-06,9.550953272343884e-05,0.00016553584633260954,0.00016438336926746233,0.00016553584633260954,put,0.00016553584633260954,raw,0.00016553584633263556,0.5913907762848309,0.5967198131224389,0.0,0.9666666666666667,4.0,0.00012865197916560144,0.0004525241554843573,0.00017276905901964217,0.05570866068517185,4.0429329742199646e-05,0.0004525241554843573,6.614124611821683e-05,0.0010544425654163841,0.7165710428619642,0.8961674826945805,1.2144451687290446e-05,0.00034123042488104494,2.7319180342489793e-05,0.5969410706252811,5.45838075322913e-06,0.0001277284514177024,1.655545548758478e-05,2.3250917361607297e-05,0.0004525241554843573,0.0001576760522404666,4.659455460137173e-05,0.02468048905705944,2.2203800845470692e-05,0.00038434583579421977,4.237422112672036e-05,5.165235384871402e-05,0.00015829127996180858,6.231120330968203e-05,put_T050_s040_r005_q003,validation
O,0.008305958006531,0.014043665956705809,0.0008626232158522614,8.8383383301624e-05,0.0032238602886080184,0.2757830404889228,0.582068565643341,0.5873574691108583,0.0,0.9666666666666667,4.0,5.7319303308812275e-05,0.0003719535192594492,0.00010935448226603963,0.05496644937402623,8.606207599240106e-05,0.0024138470800461245,0.00015395197943484997,0.0012842763817122725,0.719493295600027,0.9014013169002195,5.6774252518721274e-06,0.00010994798903485314,1.1808612932105162e-05,0.5986768333707109,2.4056044493457006e-05,0.0024138470800461245,0.00014000494070880339,3.709886888195525e-05,0.0024138470800461245,0.0003271984616281206,9.669265797144044e-05,0.6036072089336812,0.02196986091342254,2.604988201262681e-05,0.00047966610632382833,5.948639350848338e-05,0.00033992165079922584,0.0024138470800461245,0.00038622508279319306,12,0.09077134986225896,2.2318282098754514e-06,9.550953272343884e-05,9.550953272343884e-05,4.434036621284443e-05,0.0,put,0.0,hard,0.00016553584633263556,0.5914543051068657,0.5967319414930559,0.0,0.9666666666666667,4.0,0.0001011357609990721,0.0004525241554843573,0.00016430553444948722,0.055055944929344014,3.848397076113851e-05,0.0004525241554843573,6.552284005325143e-05,0.0009290146125114011,0.7165710428619642,0.8961674826945805,6.039342433024961e-06,0.00034123042488104494,1.488684218554919e-05,0.5969410706252811,3.5489083284777403e-06,0.0001277284514177024,1.436949469548935e-05,1.8779194100146388e-05,0.0004525241554843573,0.00014438231840569027,4.2666148237696804e-05,0.022014787069692336,1.7612464062647545e-05,0.00038434583579421977,3.793401715485831e-05,5.165235384871402e-05,0.00015829127996180858,6.231120330968203e-05,put_T050_s040_r005_q003,validation
O,0.00818820798303932,0.014043665956705809,0.0008626232158522614,8.8383383301624e-05,0.0032238602886080184,0.46565733731509135,nan,nan,0.0,0.0,120.0,7.942656763048779e-05,0.0003720225305604563,0.0001163938166923116,nan,9.830031356809356e-05,0.0024138470800461245,0.00015718376468602818,0.0013546796609962277,0.0778101088479362,1.0,6.703504835480917e-05,0.0001385497347788367,6.921582318189115e-05,0.04047992823503028,8.055270095679373e-05,0.0024138470800461245,0.00015326837506375476,7.9256284118461e-05,0.0024138470800461245,0.00037947604758757994,0.00011214156538255076,0.6036072089336812,0.0217585944744793,6.858812799211584e-05,0.00047966610632382833,8.276567774423934e-05,0.0003400630881924174,0.0024138470800461245,0.00038624483584472893,12,0.2640495867768595,2.2318282098754514e-06,9.550953272345446e-05,9.550953272345446e-05,4.4363317331183596e-05,0.0,put,0.0,softplus,0.00016553584633263556,nan,nan,0.0,0.0,120.0,0.0001242004403113602,0.00045259316678536443,0.00017043946859826044,nan,5.022986839061719e-05,0.00045259316678536443,7.258952954097287e-05,0.0010103804190098075,0.07802874743326488,1.0,6.730421521839046e-05,0.0003444737704476619,6.9822357661213e-05,0.0405982905982906,5.9600024944911356e-05,0.0001277284514177024,6.374414865494963e-05,6.0599726459913005e-05,0.00045259316678536443,0.00023999950161159099,7.092180279278525e-05,0.02192236086078458,5.980203429146204e-05,0.00038434583601870687,6.874781344953005e-05,5.1791317700609275e-05,0.00015829127996180858,6.237569915682759e-05,put_T050_s040_r005_q003,validation
O,0.008335958002135158,0.014043665956705809,0.0008626232158522614,8.8383383301624e-05,0.0032238602886080184,0.3417598444336412,0.6279199601011854,0.6285388023591567,0.0,0.125,105.0,0.00010257567740647357,0.00028363687358290424,0.0001193240937172182,0.014964070727155136,8.410306803350208e-05,0.0024112958369053184,0.00014857050123666255,0.0011878388220175383,0.5786648521962652,0.8881411000232072,1.4940259365622039e-05,0.00020129932369905568,3.2203855298684175e-05,0.4291320923973985,2.7881080033595e-05,0.0024112958369053184,0.00014024184141392051,4.197521285283448e-05,0.0024112958369053184,0.00032562670542589573,9.622817753311566e-05,0.6036072089336812,0.019328051966697103,3.091525003232873e-05,0.0003294062090772043,6.0382531621486964e-05,0.00033332035481039224,0.0024112958369053184,0.0003789260243721035,16,0.12486225895316805,1.611490815918958e-06,6.516688185156765e-05,0.00020129932369905568,0.00018094462437042713,0.00020129932369905568,put,0.00020129932369905568,raw,0.0002012993236990392,0.6334915968785573,0.6339948980017129,0.0,0.125,105.0,0.00010832052712965613,0.00036420750980781236,0.00013944060161894035,0.014863698753007332,2.9846262487614877e-05,0.00036420750980781236,4.6849021977235656e-05,0.0008389055328582026,0.5769259904552685,0.883731724297981,1.5285763773050786e-05,0.0002622818329130472,3.299619350386028e-05,0.42825011246063877,5.897069562455689e-06,0.00011355807957821873,1.4662415158600273e-05,2.1003153781248927e-05,0.00036420750980781236,0.0001320657502301425,3.902650226608239e-05,0.019977541778739928,2.0433223742113594e-05,0.00031845435394639576,3.62339705133321e-05,3.889672328166643e-05,0.00010720813660047845,4.5951987194013955e-05,put_T050_s040_r005_q003,validation
O,0.008076417027041316,0.014043665956705809,0.0008626232158522614,8.8383383301624e-05,0.0032238602886080184,0.30189596499756927,0.6335635019559629,0.6339931545473634,0.0,0.125,105.0,3.969842691630097e-05,0.00028363687358290424,7.591684618626882e-05,0.01469219549035993,8.31624720768206e-05,0.0024112958369053184,0.00014842477303064072,0.0011036506136364878,0.5786648521962652,0.8881411000232072,9.16353038508843e-06,0.00010879297910237895,1.9785367966452604e-05,0.4291320923973985,2.691030294110718e-05,0.0024112958369053184,0.0001400553918694805,3.808887314185254e-05,0.0024112958369053184,0.0003183330023094827,9.407276537967432e-05,0.6036072089336812,0.01581279526254361,2.7573404912876186e-05,0.0003294062090772043,5.76598087072905e-05,0.00033332035481039224,0.0024112958369053184,0.0003789260243721035,16,0.09242424242424242,1.611490815918958e-06,6.516688185156765e-05,6.516688185156765e-05,3.4883922965154436e-05,0.0,put,0.0,hard,0.0002012993236990392,0.6391351387333345,0.6394701909061913,0.0,0.125,105.0,6.728316735613767e-05,0.00036420750980781236,0.00011981676806459712,0.01463361523454945,2.9073938264040715e-05,0.00036420750980781236,4.6612260229701015e-05,0.0006748671288522429,0.5769259904552685,0.883731724297981,9.386100283716682e-06,0.0002622818329130472,2.0743621462595236e-05,0.42825011246063877,4.926292469967865e-06,7.452219185472009e-05,1.2771545965281558e-05,1.711681407026698e-05,0.00036420750980781236,0.00011297084596024058,3.338380290261132e-05,0.016063992467143944,1.6674445984902376e-05,0.00031845435394639576,3.04635346067269e-05,3.889672328166643e-05,0.00010720813660047845,4.5951987194013955e-05,put_T050_s040_r005_q003,validation
O,0.00803308398462832,0.014043665956705809,0.0008626232158522614,8.8383383301624e-05,0.0032238602886080184,0.3400236127508855,nan,nan,0.0,0.0,120.0,5.541185072728191e-05,0.00028380369895086854,8.107199066357282e-05,nan,9.663473246503568e-05,0.0024112958369053184,0.0001517891600599937,0.0011880414120131657,0.0778101088479362,1.0,6.940262076563384e-05,0.00013782932052736063,7.225651324724456e-05,0.04047992823503028,8.272149542723081e-05,0.0024112958369053184,0.0001539023801595534,8.004734279662057e-05,0.0024112958369053184,0.00037355312553413576,0.00011039124212780367,0.6036072089336812,0.015576416431182655,7.007529104901968e-05,0.0003294062090772043,8.221093157880035e-05,0.00033345801901911085,0.0024112958369053184,0.00037894611032689455,16,0.12479338842975207,1.611490815918958e-06,7.247731663084789e-05,7.247731663084789e-05,3.606575250435229e-05,0.0,put,0.0,softplus,0.0002012993236990392,nan,nan,0.0,0.0,120.0,8.71049863226833e-05,0.00036437433517577666,0.00012607247908576243,nan,4.2099008082784365e-05,0.00036437433517577666,5.6319574804507296e-05,0.0007886591390786735,0.07802874743326488,1.0,6.95011417659007e-05,0.0002692902043410217,7.250245841497226e-05,0.0405982905982906,6.0194592238697774e-05,0.0001062907543347702,6.481233403010864e-05,5.874129841201531e-05,0.00036437433517577666,0.000225436855639203,6.661842258216164e-05,0.015972236028394513,5.877363624479414e-05,0.00031845435407718004,6.585650934920459e-05,3.901959957489527e-05,0.00010720813660047845,4.6039609995498046e-05,put_T050_s040_r005_q003,validation
O,0.008223084034398198,0.014043665956705809,0.0008626232158522614,8.8383383301624e-05,0.0032238602886080184,0.13021737620668103,0.6015931361463203,0.6040539302912212,0.0,1.0,0.0,5.229514576517002e-05,0.00010839216120306361,5.9156693689078355e-05,0.007940277906122832,7.456850213531419e-05,0.002368288178874134,0.00014017930578413728,0.0009117084646878876,0.8366829268292684,0.9961282329255072,7.475839144907779e-06,0.00010839216120306361,1.457982945082366e-05,0.7212379457277417,2.5582496302053067e-05,0.002368288178874134,0.00013352685318115593,3.3701596285410196e-05,0.002368288178874134,0.00029905984751341027,8.837722342799698e-05,0.6036072089336812,0.008533780879756188,2.2934337826024368e-05,0.00029830218682277976,5.3764952105871854e-05,0.0003175865273893568,0.002368288178874134,0.0003581927213129627,24,0.17052341597796145,6.106346840892457e-07,1.8655770505193736e-05,0.00010839216120306361,0.00010216829853721687,0.00010839216120306361,put,0.00010839216120306361,raw,0.000108392161203048,0.6108439496524671,0.6131717136942377,0.0,1.0,0.0,5.126548859477846e-05,0.0001714160381326435,6.673013608768116e-05,0.008952375629050973,9.614127636321647e-06,0.0001714160381326435,1.5073133839207857e-05,0.0003439943835453917,0.8409668382305036,0.9995353879510609,7.638034494677285e-06,0.00014023546981067891,1.5049154020713678e-05,0.725820962663068,3.846829930353805e-06,5.520750699869459e-05,8.681369499763853e-06,8.413975992615503e-06,0.0001714160381326435,5.095824211579489e-05,1.5058574595926848e-05,0.008418708860085188,8.222398583842984e-06,8.113771069889752e-05,1.3054210560514334e-05,8.826918150345258e-06,3.7917336118735434e-05,1.1356801365275698e-05,put_T050_s040_r005_q003,validation
O,0.008312250021845102,0.014043665956705809,0.0008626232158522614,8.8383383301624e-05,0.0032238602886080184,0.08945065629557608,0.6015931361463203,0.6040539302912212,0.0,1.0,0.0,1.686824695389082e-05,7.286361950215037e-05,2.8940982608186668e-05,0.007940277906122832,7.440590170533131e-05,0.002368288178874134,0.0001401357835230937,0.0008893490300955516,0.8366829268292684,0.9961282329255072,3.4630002476745955e-06,7.007354240273767e-05,9.36981699012515e-06,0.7212379457277417,2.493143993741385e-05,0.002368288178874134,0.00013347402974453563,3.119377171425265e-05,0.002368288178874134,0.0002975094677215948,8.791906007909275e-05,0.6036072089336812,0.006091027893318027,2.0707764293549774e-05,0.00029830218682277976,5.3363427889853646e-05,0.0003175865273893568,0.002368288178874134,0.0003581927213129627,24,0.0,6.106346840892457e-07,1.8655770505193736e-05,1.8655770505193736e-05,1.6924933022630096e-05,0.0,put,0.0,hard,0.000108392161203048,0.6108439496524671,0.6131717136942377,0.0,1.0,0.0,2.4564438307829393e-05,0.0001714160381326435,4.925868540758731e-05,0.008952375629050973,9.610867449448177e-06,0.0001714160381326435,1.5071032779001419e-05,0.0002352949266661524,0.8409668382305036,0.9995353879510609,3.5109183529789077e-06,0.00014023546981067891,9.792359547092149e-06,0.725820962663068,3.195773565714586e-06,5.0229120969316754e-05,7.839163541059959e-06,5.906151421457961e-06,0.0001714160381326435,4.108822394123418e-05,1.2141904028542661e-05,0.005572518311599713,5.826112949717289e-06,7.449555658894935e-05,1.0803815390649843e-05,8.826918150345258e-06,3.7917336118735434e-05,1.1356801365275698e-05,put_T050_s040_r005_q003,validation
O,0.008049875032156706,0.014043665956705809,0.0008626232158522614,8.8383383301624e-05,0.0032238602886080184,0.13424543371067435,nan,nan,0.0,0.0,120.0,4.038058732127759e-05,7.984969876673187e-05,4.4799909203312074e-05,nan,9.233713001390677e-05,0.002368288178874134,0.0001445469291658417,0.0010029990587896507,0.0778101088479362,1.0,6.646520231275063e-05,0.00011036775101797014,6.821684813918441e-05,0.04047992823503028,8.150483597668201e-05,0.002368288178874134,0.00014795671186433953,7.657824392423321e-05,0.002368288178874134,0.0003549336742490226,0.00010488888057705297,0.6036072089336812,0.006238611993472963,6.7070172295038e-05,0.00029830218682277976,7.874354758507538e-05,0.00031772577528243405,0.002368288178874134,0.0003582162880217638,24,0.16115702479338842,6.106346840892457e-07,4.6851198607686384e-05,4.6851198607686384e-05,2.419149558505612e-05,0.0,put,0.0,softplus,0.000108392161203048,nan,nan,0.0,0.0,120.0,5.265997161273695e-05,0.00018051060115814588,6.613047471988834e-05,nan,2.7585787534623056e-05,0.00018051060115814588,3.867076731156261e-05,0.00048614252622837745,0.07802874743326488,1.0,6.643865723697993e-05,0.00016223067505155564,6.822551949427195e-05,0.0405982905982906,5.9891154144293554e-05,8.721962559055108e-05,6.410394499021651e-05,5.118251708816157e-05,0.00018051060115814588,0.00019773053539046825,5.843097982665711e-05,0.005732728522753903,5.1959941087063605e-05,0.00011036775101797014,5.875264223084297e-05,8.966327504763083e-06,7.440451846298102e-05,1.1804662674502487e-05,put_T050_s040_r005_q003,validation
O,0.008042584056966007,0.014043665956705809,0.0008626232158522614,8.8383383301624e-05,0.0032238602886080184,0.1345926800472255,0.5740748560012864,0.5789662096573268,0.0,0.975,3.0,4.011129278925028e-05,9.0669274074473e-05,4.557156755633438e-05,0.04274781745333717,7.381538944587935e-05,0.0024019515740397526,0.00014184501517618603,0.00089378359236204,0.8770805853903649,0.9970012851635014,3.751666959561612e-06,9.0669274074473e-05,7.963653353112113e-06,0.7829109665844359,2.532813098381955e-05,0.0024019515740397526,0.00013800888901748187,3.113877738843918e-05,0.0024019515740397526,0.0003008308058775519,8.890057146127784e-05,0.6036072089336812,0.005897249404636999,2.0115356391543365e-05,0.00030480832266489843,5.314390296476556e-05,0.00032077161932326327,0.0024019515740397526,0.0003638182518431248,32,0.18787878787878787,4.319570971226287e-07,1.6462161643249207e-05,9.0669274074473e-05,8.23710269590383e-05,9.0669274074473e-05,put,9.0669274074473e-05,raw,9.0669274074473e-05,0.5833089545167517,0.5882941711900519,0.0,0.975,3.0,3.9872059179740156e-05,0.0001512228995954601,5.3764610306361826e-05,0.0431770605520738,6.734115244541537e-06,0.0001512228995954601,1.1875233264981845e-05,0.0002291182854547128,0.8811575967285309,1.0,3.88850328106552e-06,0.00012996843563989335,8.606637413762543e-06,0.787561853351327,1.8284703301829327e-06,4.614289131096849e-05,5.217916628571555e-06,5.005873896325654e-06,0.0001512228995954601,3.390119473447191e-05,1.0018078501217631e-05,0.0048607430384006185,4.6880113930893315e-06,6.153905404382431e-05,7.5580390991238396e-06,6.747514356906794e-06,2.460517360833303e-05,8.760438034292929e-06,put_T050_s040_r005_q003,validation
O,0.008098708000034094,0.014043665956705809,0.0008626232158522614,8.8383383301624e-05,0.0032238602886080184,0.06861587610250712,0.574121251014421,0.5789698262024763,0.0,0.975,3.0,1.7311946793502862e-05,7.126482100111575e-05,2.6769675297310588e-05,0.04232204312691747,7.369859877774598e-05,0.0024019515740397526,0.00014181885076843654,0.0008902884130746186,0.8770805853903649,0.9970012851635014,1.382057597258209e-06,4.200370412932308e-05,4.2531605198072764e-06,0.7829109665844359,2.5015519151786295e-05,0.0024019515740397526,0.0001379958429660295,2.9649769172692373e-05,0.0024019515740397526,0.0003002495339707181,8.872879581968033e-05,0.6036072089336812,0.00512668761255248,1.8823198982908752e-05,0.00030480832266489843,5.305506168806882e-05,0.00032077161932326327,0.0024019515740397526,0.0003638182518431248,32,0.0,4.319570971226287e-07,1.6462161643249207e-05,1.6462161643249207e-05,1.5755253819191296e-05,0.0,put,0.0,hard,9.0669274074473e-05,0.5833553495298864,0.588297442690206,0.0,0.975,3.0,2.1641346943734584e-05,0.0001512228995954601,4.1996768427112233e-05,0.04275156544144934,6.734115244541537e-06,0.0001512228995954601,1.1875233264981845e-05,0.00018296248993837782,0.8811575967285309,1.0,1.4367973333879505e-06,0.00012996843563989335,5.038840443555853e-06,0.787561853351327,1.5158584981496817e-06,4.614289131096849e-05,4.862148210428089e-06,3.51686568057885e-06,0.0001512228995954601,2.847274850222921e-05,8.413928531867193e-06,0.003909029986372571,3.3067967961556568e-06,6.153905404382431e-05,6.653252361837211e-06,6.747514356906794e-06,2.460517360833303e-05,8.760438034292929e-06,put_T050_s040_r005_q003,validation
O,0.008086833055131137,0.014043665956705809,0.0008626232158522614,8.8383383301624e-05,0.0032238602886080184,0.14000972289742344,nan,nan,0.0,0.0,120.0,4.553608210920521e-05,8.267294150574034e-05,4.920977684482778e-05,nan,9.252745364494134e-05,0.0024019515740397526,0.00014615150373301536,0.0010088970317871596,0.0778101088479362,1.0,6.606268117504637e-05,9.250593477821978e-05,6.754212572573567e-05,0.04047992823503028,8.22869669874552e-05,0.0024019515740397526,0.00015193440794732317,7.640745904849823e-05,0.0024019515740397526,0.0003569689538581582,0.0001054903399914498,0.6036072089336812,0.005609214132729999,6.66507139585933e-05,0.00030480832266489843,7.838119281830541e-05,0.0003209105605530692,0.0024019515740397526,0.0003638416922619381,32,0.17830578512396694,4.319570971226287e-07,4.5534732042704085e-05,4.5534732042704085e-05,2.010017899211731e-05,0.0,put,0.0,softplus,9.0669274074473e-05,nan,nan,0.0,0.0,120.0,5.3144374328027015e-05,0.00016569360782608955,6.412169020141274e-05,nan,2.543146693718942e-05,0.00016569360782608955,3.7405469053387174e-05,0.00047070957676523457,0.07802874743326488,1.0,6.605168892236658e-05,0.0001540760418433651,6.756072965289204e-05,0.0405982905982906,5.867656659138712e-05,8.709384363911332e-05,6.351408244114252e-05,5.0101572387103725e-05,0.00016569360782608955,0.00019503003554130325,5.763296017887308e-05,0.004469878084531039,5.087110698604191e-05,9.250593477821978e-05,5.795380163566312e-05,6.885181685421259e-06,7.673864482983517e-05,9.327029354017078e-06,put_T050_s040_r005_q003,validation
O,0.008084625005722046,0.013878499972634017,0.00086096760281794,8.17469011521412e-05,0.003401852173582709,0.26515730259045767,0.497591342028015,0.5032970897893908,0.0,1.0,0.0,0.0006488242534275599,0.0011558428956760514,0.0006965922813157322,0.005750039293436882,0.00038481045741696593,0.0022921854498166028,0.0005133306659053608,0.0029869241399306827,0.4202279202279202,0.6639159789947486,6.965219437457762e-05,0.0008851389470059257,0.00012051853974121898,0.3073984022229941,5.091589001315571e-05,0.0016916255075345044,0.00013685784750450372,0.0001988926978447299,0.0022921854498166028,0.0011549235318803525,0.0003415087900198937,0.5950917080044746,0.04434076235169061,0.0001941225228233896,0.0022921854498166028,0.0003315834485305906,0.0005152675891808548,0.0016916255075345044,0.0006043333114674881,4,0.17224517906336087,7.840456828745572e-06,9.769771819964634e-05,0.000514246742747972,0.00044240883514887,0.000514246742747972,put,0.000514246742747972,raw,0.000514246742747972,0.5056525213080237,0.510737377052325,0.0,1.0,0.0,0.0007210902028705572,0.0012520010300983153,0.0007773578800241894,0.006469192674862626,0.00039376177368539175,0.0021383082202657833,0.0005252814530060073,0.002982637319898749,0.41881494407868636,0.660165041260315,7.219168526781653e-05,0.0011061550133838471,0.00013076697548750462,0.3066914498141264,6.714312857060027e-05,0.0013915722227023294,0.00019731471189595275,0.00020469850470796619,0.0021383082202657833,0.0011896944427777208,0.00035178138346125565,0.042428384157385424,0.00019139968537715342,0.0021383082202657833,0.0003206848957035635,0.0006823845115400635,0.0014543304366059912,0.0007955283936309366,put_T050_s040_r005_q006,validation
O,0.008159832912497222,0.013878499972634017,0.00086096760281794,8.17469011521412e-05,0.003401852173582709,0.18494339884714217,0.5105007973495764,0.5157163622034631,0.0,1.0,0.0,0.0006488242534275599,0.0011558428956760514,0.0006965922813157322,0.005815097416263908,0.00033882620290448024,0.0022921854498166028,0.0004943814299361201,0.002990700863610209,0.4202279202279202,0.6639159789947486,6.4417204586337e-05,0.0008851389470059257,0.00011839517963832084,0.3073984022229941,5.0913677744248335e-05,0.0016916255075345044,0.00013685784354912201,0.00017694719747631254,0.0022921854498166028,0.00111394276130463,0.00032939085061778296,0.5950917080044746,0.044409692583874956,0.00016802598359377566,0.0022921854498166028,0.0003166698050056427,0.0005152675891808548,0.0016916255075345044,0.0006043333114674881,4,0.056818181818181816,7.840456828745572e-06,0.00014985179310174525,0.00014985179310174525,0.0001204680409648527,0.0,put,0.0,hard,0.000514246742747972,0.518561976629585,0.5231621185599441,0.0,1.0,0.0,0.0007210902028705572,0.0012520010300983153,0.0007773578800241894,0.006413116922842545,0.0003477342547901293,0.0021383082202657833,0.0005067074820875871,0.0029865162455129006,0.41881494407868636,0.660165041260315,6.712430034694289e-05,0.0011061550133838471,0.00012891264097053795,0.3066914498141264,6.71409163016929e-05,0.0013915722227023294,0.00019731470915249278,0.00018275300433954884,0.0021383082202657833,0.0011496944952014562,0.0003399537776569432,0.0425007083627494,0.00016530314614753946,0.0021383082202657833,0.00030513859879871004,0.0006823845115400635,0.0014543304366059912,0.0007955283936309366,put_T050_s040_r005_q006,validation
O,0.008128291927278042,0.013878499972634017,0.00086096760281794,8.17469011521412e-05,0.003401852173582709,0.21286200430585459,nan,nan,0.0,0.0,120.0,0.000650939609413366,0.0011558429104719936,0.0006971596251556266,nan,0.00034124828823594406,0.0022921854498166028,0.0004941755180614864,0.0030109557180965497,0.07985842274084726,0.8935643564356436,0.00010935719636549413,0.000885153256528326,0.0001385984231413025,0.04179692022693065,0.00010132599042171996,0.0016916255075345044,0.00015192449662657212,0.0002044513918159539,0.0022921854498166028,0.0011291340266402661,0.00033388288017682885,0.5950917080044746,0.04435940283759079,0.00019428555943681533,0.0022921854498166028,0.00032134227528075475,0.0005153171697300856,0.0016916255075345044,0.000604343742914355,4,0.17024793388429751,7.840456828745572e-06,9.769771819964634e-05,9.769771819964634e-05,9.758877169430274e-05,0.0,put,0.0,softplus,0.000514246742747972,nan,nan,0.0,0.0,120.0,0.0007230833350247395,0.0012520010303851414,0.0007777930387582366,nan,0.0003503328258730574,0.0021383082202657833,0.0005065245071444605,0.0030063408559798995,0.08011540168664004,0.8935643564356436,0.00011198977611703032,0.0011061565770070225,0.00014761009251079262,0.041937732342007435,0.00011755323196875516,0.0013915722227023294,0.0002080121641332377,0.0002102018940856193,0.0021383082202657833,0.0011643414008673718,0.00034428472899479437,0.04245864115947994,0.0001914989390827374,0.0021383082202657833,0.00030996017795005315,0.0006824340998622299,0.0014543304366059912,0.0007955322805782982,put_T050_s040_r005_q006,validation
O,0.008562291041016579,0.013878499972634017,0.00086096760281794,8.17469011521412e-05,0.003401852173582709,0.35294117647058826,0.1513560026841659,0.15228493662015005,0.0,1.0,0.0,0.00028570053327044295,0.0006824754067474292,0.0003255929029277922,0.005072418020009217,0.00017676633710767234,0.002285289878031095,0.00023819587765400532,0.002099301094031689,0.4825612052730696,0.6905993962915049,6.956425082977104e-05,0.0004826454958282156,0.00010396878351005347,0.3708463586893597,2.8551320255210234e-05,0.002285289878031095,0.00012294811579431815,0.00011352581943932772,0.002285289878031095,0.0005822600662688341,0.0001721732436991965,0.5950917080044746,0.031197636766403553,0.00011533566725713512,0.0008878125517907676,0.00016660862388302497,0.0002581438822468371,0.002285289878031095,0.00032885557466864006,8,0.1818870523415978,3.74682935075644e-06,0.0002212053759667442,0.00032791681993304955,0.0003277390837252425,0.00032791681993304955,put,0.00032791681993304955,raw,0.0003279168199330257,0.15941718196417456,0.1600502061195795,0.0,1.0,0.0,0.0003172988186756976,0.0007486990554466111,0.00036878819637708234,0.006106285293938624,0.00016490849564542535,0.0007721067076626453,0.00021116124545347636,0.0019354501219285539,0.4802959383964971,0.6858559724018973,7.09488886445742e-05,0.0006700153459486269,0.000107255614296345,0.3695399628252788,1.8998751708242924e-05,0.00030746778136126005,4.9909735264733964e-05,0.00010966607388029137,0.0007721067076626453,0.0005361903506147401,0.00015854641036855763,0.030739583354058592,0.0001134931807113369,0.0007721067076626453,0.00015684545929463113,0.00018547048648964682,0.0004126526516117779,0.00022432877222191357,put_T050_s040_r005_q006,validation
O,0.008621040964499116,0.013878499972634017,0.00086096760281794,8.17469011521412e-05,0.003401852173582709,0.2910618792971734,0.16535440586839065,0.16640045005297974,0.0,1.0,0.0,0.00028570053327044295,0.0006824754067474292,0.0003255929029277922,0.007618768598488072,0.00016198276338848876,0.002285289878031095,0.0002320741784353182,0.0020397927808705483,0.4825612052730696,0.6905993962915049,4.549209788854572e-05,0.0004826454958282156,7.44519781776648e-05,0.3708463586893597,2.4048019291229598e-05,0.002285289878031095,0.00012202332894016143,9.326273894186572e-05,0.002285289878031095,0.0005385107224572115,0.00015923664222139463,0.5950917080044746,0.030778253239066262,9.181486891835995e-05,0.0008878125517907676,0.00015062884592744803,0.0002581438822468371,0.002285289878031095,0.00032885557466864006,8,0.1190771349862259,3.74682935075644e-06,0.0002212053759667442,0.0002212053759667442,8.164743967499617e-05,0.0,put,0.0,hard,0.0003279168199330257,0.17341558514839933,0.17412935546927333,0.0,1.0,0.0,0.0003172988186756976,0.0007486990554466111,0.00036878819637708234,0.008558478988229161,0.0001501497871991266,0.0007721067076626453,0.00020410829217502071,0.0018710860395811406,0.4802959383964971,0.6858559724018973,4.6828015792945374e-05,0.0006700153459486269,7.886810491927968e-05,0.3695399628252788,1.4495450744262286e-05,0.00030746778136126005,4.750187385712701e-05,8.940299338282936e-05,0.0007721067076626453,0.0004880239574933704,0.0001443040639312549,0.030315946237112736,8.997238237256174e-05,0.0007721067076626453,0.00013964683249428355,0.00018547048648964682,0.0004126526516117779,0.00022432877222191357,put_T050_s040_r005_q006,validation
O,0.008169416920281947,0.013878499972634017,0.00086096760281794,8.17469011521412e-05,0.003401852173582709,0.2759219390235433,nan,nan,0.0,0.0,120.0,0.00029610283258945817,0.0006825105697568223,0.0003304208735480886,nan,0.00016378868618273072,0.002285289878031095,0.00023106690973963916,0.0020755794166056945,0.08024005334518783,1.0,8.869327626736021e-05,0.00048344336074102046,0.00010281443939579264,0.04179692022693065,7.700597190527726e-05,0.002285289878031095,0.00013679313979856502,0.00011948849798253572,0.002285289878031095,0.0005672094971670059,0.00016772281776085947,0.5950917080044746,0.030679971919741086,0.0001161103598577546,0.0008878125517907676,0.00015953315108972724,0.0002582547364953259,0.002285289878031095,0.00032887230498726333,8,0.1818870523415978,3.74682935075644e-06,0.00022120537596674594,0.00022120537596674594,8.164743967498959e-05,0.0,put,0.0,softplus,0.0003279168199330257,nan,nan,0.0,0.0,120.0,0.0003263510573103128,0.0007487342184560042,0.0003722854985628617,nan,0.0001518851918495585,0.0007721067076626453,0.00020286306262423014,0.0019074271746761908,0.08049949827182518,1.0,8.983649803097292e-05,0.0006701378075833486,0.00010598098229749151,0.041937732342007435,6.659026865256707e-05,0.00030746778136126005,7.752274896094496e-05,0.00011540440799665333,0.0007721067076626453,0.0005191151557526362,0.00015349743690488672,0.030264807508851438,0.00011413119888454174,0.0007721067076626453,0.0001491246196296116,0.00018543241259159795,0.0004126526516117779,0.0002243197293427602,put_T050_s040_r005_q006,validation
O,0.00807529198937118,0.013878499972634017,0.00086096760281794,8.17469011521412e-05,0.003401852173582709,0.4255156608097785,0.2651433406629872,0.2699757395760759,0.0,0.9,12.0,7.323160373431855e-05,0.0002668544869157685,0.00010051467339698303,0.009167837201578667,9.401326371577203e-05,0.00235295630958942,0.00014611729019293766,0.0013323867915042507,0.6267057960381511,0.8553975565792109,2.076974384302508e-05,0.0002499463632648635,3.534458483777593e-05,0.4945004052332986,2.7412636204301014e-05,0.00235295630958942,0.0001328053502017626,5.08055401216927e-05,0.00235295630958942,0.0003294859554853545,9.742839840067355e-05,0.5950917080044746,0.02229350752966385,4.299881535120556e-05,0.0003198925223714677,6.801118246886342e-05,0.0003086766120739699,0.00235295630958942,0.0003617192440701497,12,0.2236914600550964,2.6800518435301493e-06,7.892667473845955e-05,0.0002499463632648635,0.00024793538793149716,0.0002499463632648635,put,0.0002499463632648635,raw,0.0002499463632648774,0.2716238568985597,0.2765751258882989,0.0,0.9,12.0,9.592051566943345e-05,0.0003369972680337674,0.00013486980777183613,0.012524917577996232,5.574207797482989e-05,0.00036670354980294917,7.149073261113789e-05,0.0010278370931343156,0.6227483273288729,0.8481874624474264,2.0954308939566715e-05,0.0002499463632648635,3.5980780600678834e-05,0.4919842007434944,8.673173334643767e-06,9.607820470765782e-05,2.0407542385184654e-05,3.52890272367966e-05,0.00036670354980294917,0.00018108791715620986,5.354598267820178e-05,0.022126111182930803,3.586039965332051e-05,0.00036670354980294917,5.169236006420428e-05,6.829853667087038e-05,0.00015882538091428755,8.336569835915081e-05,put_T050_s040_r005_q006,validation
O,0.008305458934046328,0.013878499972634017,0.00086096760281794,8.17469011521412e-05,0.003401852173582709,0.3154385721230641,0.2766528577264185,0.2814637207375701,0.0,0.9,12.0,5.184611003579131e-05,0.0002668544869157685,8.91314835675206e-05,0.010881072675422754,9.052518076615947e-05,0.00235295630958942,0.00014531330405978822,0.0012491031755073754,0.6267057960381511,0.8553975565792109,1.376289927643216e-05,0.00010339367793787968,2.4296432163673238e-05,0.4945004052332986,2.4830730621910487e-05,0.00235295630958942,0.00013255084405820822,4.5241673818083886e-05,0.00235295630958942,0.00032096184790274176,9.490783527577303e-05,0.5950917080044746,0.019924505550628184,3.7124528341824086e-05,0.0003198925223714677,6.402814631713648e-05,0.0003086766120739699,0.00235295630958942,0.0003617192440701497,12,0.13023415977961433,2.6800518435301493e-06,7.892667473845955e-05,7.892667473845955e-05,6.498238974907837e-05,0.0,put,0.0,hard,0.0002499463632648774,0.283133373961991,0.2880918502047481,0.0,0.9,12.0,8.710561718537739e-05,0.0003369972680337674,0.00013261809450328845,0.014136909891670149,5.206460402328956e-05,0.00036670354980294917,6.968314522178328e-05,0.0009094082245919292,0.6227483273288729,0.8481874624474264,1.4068346323222167e-05,0.0002484310550729951,2.5282800321411705e-05,0.4919842007434944,6.091267752253249e-06,9.607820470765782e-05,1.848253680896637e-05,2.9725160933187777e-05,0.00036670354980294917,0.00016487266966244533,4.87512875099157e-05,0.019787753412300366,2.9741071801551686e-05,0.00036670354980294917,4.5934343373526326e-05,6.829853667087038e-05,0.00015882538091428755,8.336569835915081e-05,put_T050_s040_r005_q006,validation
O,0.008173958980478346,0.013878499972634017,0.00086096760281794,8.17469011521412e-05,0.003401852173582709,0.41836238627682476,nan,nan,0.0,0.0,120.0,8.871324026771046e-05,0.0002669618207863933,0.00010592001780784805,nan,9.744852463847285e-05,0.00235295630958942,0.00014764670147911728,0.001316472035613558,0.08024005334518783,1.0,7.123962844749051e-05,0.00013381840869153283,7.439811970282755e-05,0.04179692022693065,7.939067759205673e-05,0.00235295630958942,0.00014631437184858654,8.198740610821436e-05,0.00235295630958942,0.00037360896167212425,0.00011047549116390687,0.5950917080044746,0.01957406841216676,7.323306843915175e-05,0.00031989279613148236,8.576704179981633e-05,0.0003087878114560397,0.00235295630958942,0.000361734950938711,12,0.22231404958677686,2.6800518435301493e-06,7.892667473844567e-05,7.892667473844567e-05,6.794341339039533e-05,0.0,put,0.0,softplus,0.0002499463632648774,nan,nan,0.0,0.0,120.0,0.00011779810552886584,0.00033699996809111177,0.000144266024130559,nan,5.841756831008773e-05,0.0003667038235629638,7.398704580149651e-05,0.0009942266705656572,0.08049949827182518,1.0,7.149071918237916e-05,0.00025640640889407207,7.478850415858492e-05,0.041937732342007435,5.9662654746510196e-05,0.00011974682621557209,6.410707877626313e-05,6.610377025726925e-05,0.0003667038235629638,0.0002518149564406486,7.445929859611688e-05,0.019547325814158287,6.563920580840883e-05,0.0003667038235629638,7.306987521553355e-05,6.824295119652027e-05,0.00015882538091428755,8.334344083452823e-05,put_T050_s040_r005_q006,validation
O,0.008226125035434961,0.013878499972634017,0.00086096760281794,8.17469011521412e-05,0.003401852173582709,0.4604486422668241,0.5377282012317219,0.5408580535450053,0.0,1.0,0.0,4.6231456830036695e-05,0.00016520979400280744,6.278866392256617e-05,0.018293271211669324,7.887983683075815e-05,0.0023524617804128924,0.0001358142685816971,0.0010112564302635098,0.6801834073649521,0.8921255403119714,1.5372772920498595e-05,0.00020643070015002873,2.97115934583177e-05,0.5496121338427695,2.812141247459342e-05,0.0023524617804128924,0.00013395505988641928,4.141583088902522e-05,0.0023524617804128924,0.00030408110251879135,8.991622953602262e-05,0.5950917080044746,0.010529376550577658,3.205178076500529e-05,0.00026822304203814873,5.506193525083339e-05,0.0003138391293016256,0.0023524617804128924,0.00036262125024842814,16,0.29607438016528925,1.071977269500738e-06,6.630861703940498e-05,0.00020643070015002873,0.00018213738339993568,0.00020643070015002873,put,0.00020643070015002873,raw,0.00020643070015003047,0.5457893805117305,0.5485023095982229,0.0,1.0,0.0,5.45586207642249e-05,0.0001622104408319225,6.994687864966138e-05,0.01809209244000186,2.9743143684260724e-05,0.00017669988685375948,3.819840341912402e-05,0.0005032409947919697,0.6774355660851461,0.8866754369479422,1.533588165416732e-05,0.00020643070015002873,2.9752270944623673e-05,0.5480947955390335,8.245961009549292e-06,0.00010750108716983675,1.9646526935655948e-05,2.12725671146928e-05,0.00020643070015002873,0.00011326577455894162,3.349161720897411e-05,0.010622683456973701,2.149694413472971e-05,0.00020643070015002873,3.302397074100364e-05,3.8164569818310174e-05,0.00010856705423975543,4.666708017030947e-05,put_T050_s040_r005_q006,validation
O,0.008104040985926986,0.013878499972634017,0.00086096760281794,8.17469011521412e-05,0.003401852173582709,0.2802972428640878,0.5377282012317219,0.5408580535450053,0.0,1.0,0.0,1.6822039411613573e-05,0.00010962640591205552,3.0826026137899516e-05,0.018293271211669324,7.703897697485544e-05,0.0023524617804128924,0.00013553821329777502,0.0009629236942572653,0.6801834073649521,0.8921255403119714,9.824067584816442e-06,0.00016085521081699028,2.2296731443068916e-05,0.5496121338427695,2.6530444340947895e-05,0.0023524617804128924,0.00013380991020521665,3.7387643568546666e-05,0.0023524617804128924,0.0002991859218040662,8.846873349263285e-05,0.5950917080044746,0.007534143367813954,2.8023181572006256e-05,0.00026822304203814873,5.27962509375254e-05,0.0003138391293016256,0.0023524617804128924,0.00036262125024842814,16,0.09986225895316804,1.071977269500738e-06,6.630861703940498e-05,6.630861703940498e-05,2.872145073974374e-05,0.0,put,0.0,hard,0.00020643070015003047,0.5457893805117305,0.5485023095982229,0.0,1.0,0.0,3.703129202982519e-05,0.00015654615891852464,5.894703686471419e-05,0.01809209244000186,2.7745317583889782e-05,0.00017669988685375948,3.705907593656454e-05,0.0003821017962843726,0.6774355660851461,0.8866754369479422,9.884696048267152e-06,0.00016085521081699028,2.2411292948190485e-05,0.5480947955390335,6.654992875903767e-06,0.00010750108716983675,1.8500733288015767e-05,1.724437979421424e-05,0.00017669988685375948,9.924734080937156e-05,2.934649906681508e-05,0.007198183147010069,1.723672527927408e-05,0.00017669988685375948,2.8518344175195902e-05,3.8164569818310174e-05,0.00010856705423975543,4.666708017030947e-05,put_T050_s040_r005_q006,validation
O,0.008263375028036535,0.013878499972634017,0.00086096760281794,8.17469011521412e-05,0.003401852173582709,0.4582262657128967,nan,nan,0.0,0.0,120.0,5.337086312888888e-05,0.00011014244395568529,5.783692150373179e-05,nan,8.937897829212165e-05,0.0023524617804128924,0.00013915451383101805,0.0010520616665200223,0.08024005334518783,1.0,6.957326271714595e-05,0.0001791021353508282,7.26496920201733e-05,0.04179692022693065,8.114262168058493e-05,0.0023524617804128924,0.00014789682300412962,7.769521588374347e-05,0.0023524617804128924,0.00035556466738844735,0.00010513982612853571,0.5950917080044746,0.007078839031497616,6.835880348365882e-05,0.00026822304203814873,7.797244110733224e-05,0.00031394919636437046,0.0023524617804128924,0.00036263752439979964,16,0.29228650137741047,1.0719772695007952e-06,6.631093685006278e-05,6.631093685006278e-05,3.387785660232401e-05,0.0,put,0.0,softplus,0.00020643070015003047,nan,nan,0.0,0.0,120.0,6.828355067927452e-05,0.00016723005809970992,7.756316251435102e-05,nan,3.9127434931722046e-05,0.00017670171723732642,4.819220796976313e-05,0.0005613669666279889,0.08049949827182518,1.0,6.964299288841524e-05,0.0001791021353508282,7.27297075978639e-05,0.041937732342007435,6.0572470205823356e-05,0.00013686457247685802,6.514353917015013e-05,5.7068690507926875e-05,0.0001791021353508282,0.00021567419628708,6.377281797637074e-05,0.006999608230714573,5.7169803401660094e-05,0.0001791021353508282,6.39021639576155e-05,3.813224506045306e-05,0.00010856705423975543,4.6639243338362005e-05,put_T050_s040_r005_q006,validation
O,0.008160500088706613,0.013878499972634017,0.00086096760281794,8.17469011521412e-05,0.003401852173582709,0.1299395791374401,0.5370358404784507,0.5403292472665339,0.0,1.0,0.0,2.2227301494861496e-05,8.185394577042704e-05,2.7754648491667706e-05,0.021248682977796564,6.465968595935878e-05,0.0023862535322033886,0.0001280592147229213,0.0008857269466936028,0.876938047356471,0.9971968132192387,3.2753413676438133e-06,5.060558383651603e-05,7.012656194033433e-06,0.7825633900659952,2.4777280023636203e-05,0.0023862535322033886,0.0001345592841155734,2.8447911883910233e-05,0.0023862535322033886,0.00027792772790161515,8.218272417925918e-05,0.5950917080044746,0.006763387919730589,1.838784872571948e-05,0.00027247180995372544,4.70986975584569e-05,0.0002973054055662248,0.0023862535322033886,0.0003427271350135003,24,0.19745179063360882,3.5788771796273237e-07,2.5105802869462845e-05,5.060558383651603e-05,4.99134953864222e-05,5.060558383651603e-05,put,5.060558383651603e-05,raw,5.060558383651256e-05,0.5450970197584594,0.5480567299859996,0.0,1.0,0.0,3.0335847593860576e-05,0.00014807759446960889,4.176650891154533e-05,0.021270061856806403,6.143474263362135e-06,0.00014807759446960889,1.1768572267567611e-05,0.00023711896388401641,0.8808007279344859,0.9997049277072882,3.3574611405263824e-06,0.00011324539427942648,7.454110873400561e-06,0.7871747211895911,1.6110006416510467e-06,4.179425031811124e-05,4.4695957770241495e-06,4.505471329042746e-06,0.00014807759446960889,3.203698342260918e-05,9.47303269234185e-06,0.0059350599021573336,4.350547466972698e-06,8.515177552137487e-05,8.293451202250018e-06,5.311563926381713e-06,2.1592627033065193e-05,6.675691307283549e-06,put_T050_s040_r005_q006,validation
O,0.008577500004321337,0.013878499972634017,0.00086096760281794,8.17469011521412e-05,0.003401852173582709,0.06729634002361275,0.5370358404784507,0.5403292472665339,0.0,1.0,0.0,1.1374129736110387e-05,8.185394577042704e-05,1.9868420856694272e-05,0.021248682977796564,6.4642619246848e-05,0.0023862535322033886,0.00012805807056385965,0.0008794375934730661,0.876938047356471,0.9971968132192387,1.4602398884753823e-06,4.57468571092301e-05,4.7310376539324835e-06,0.7825633900659952,2.4736435099340778e-05,0.0023862535322033886,0.0001345586736142074,2.7370150800822168e-05,0.0023862535322033886,0.00027759983936179145,8.208576813376735e-05,0.5950917080044746,0.006114671541142017,1.7322236245388352e-05,0.00027247180995372544,4.697537480826827e-05,0.0002973054055662248,0.0023862535322033886,0.0003427271350135003,24,0.0,3.5788771796273237e-07,2.5105802869462845e-05,2.5105802869462845e-05,2.0928239961867654e-05,0.0,put,0.0,hard,5.060558383651256e-05,0.5450970197584594,0.5480567299859996,0.0,1.0,0.0,2.3400427331958864e-05,0.00014807759446960889,3.920205152543246e-05,0.021270061856806403,6.143436514115863e-06,0.00014807759446960889,1.1768544923686108e-05,0.00020354891975070117,0.8808007279344859,0.9997049277072882,1.524367242258532e-06,0.00011324539427942648,5.345251508020501e-06,0.7871747211895911,1.5701557173556228e-06,4.179425031811124e-05,4.45133125257631e-06,3.4277102459546786e-06,0.00014807759446960889,2.906645120300744e-05,8.594674438109863e-06,0.005035175191599143,3.208640045458641e-06,8.515177552137487e-05,7.346712567490838e-06,5.311563926381713e-06,2.1592627033065193e-05,6.675691307283549e-06,put_T050_s040_r005_q006,validation
O,0.008289208053611219,0.013878499972634017,0.00086096760281794,8.17469011521412e-05,0.003401852173582709,0.137162302937704,nan,nan,0.0,0.0,120.0,5.4278653004410925e-05,9.519920939987658e-05,5.753381853389522e-05,nan,8.354811282785125e-05,0.0023862535322033886,0.00013275783130281798,0.0009895990463616043,0.08024005334518783,1.0,6.627081417736659e-05,9.478161759063353e-05,6.778962326391235e-05,0.04179692022693065,8.142357565814765e-05,0.0023862535322033886,0.00014876361944093057,7.335591089873192e-05,0.0023862535322033886,0.0003371406013892402,9.969186328688178e-05,0.5950917080044746,0.006666737179215743,6.404106542365137e-05,0.00027247180995372544,7.382578439824053e-05,0.0002973962302746591,0.0023862535322033886,0.00034274702211855624,24,0.18677685950413223,3.5788771796273237e-07,3.7179569231646226e-05,3.7179569231646226e-05,2.9725382669967824e-05,0.0,put,0.0,softplus,5.060558383651256e-05,nan,nan,0.0,0.0,120.0,6.052373368506138e-05,0.00016142285809905843,6.705341811453678e-05,nan,2.466720322609192e-05,0.00016142285809905843,3.6591037888093944e-05,0.0004865977597975581,0.08049949827182518,1.0,6.62894099179368e-05,0.0001410721097240275,6.783058759900181e-05,0.041937732342007435,5.786800939112978e-05,8.436405872269681e-05,6.314227000944391e-05,4.913847945062581e-05,0.00016142285809905843,0.00019300058396092985,5.706844547082688e-05,0.005992904495184705,4.974300930342576e-05,9.478161759063353e-05,5.728743946418208e-05,5.363537798592088e-06,2.7702483807377163e-05,6.797521200921067e-06,put_T050_s040_r005_q006,validation
O,0.008253958076238632,0.013878499972634017,0.00086096760281794,8.17469011521412e-05,0.003401852173582709,0.09959024932286964,0.3452930824360266,0.37526900451759276,0.0,0.9666666666666667,4.0,1.941394529680005e-05,3.9175122320933564e-05,2.2105651006452558e-05,0.044907698844792274,6.390305197245282e-05,0.0023897503955899457,0.00012803453566373823,0.0008705207523139181,0.9121265377855889,0.9960246744345442,2.4756918258755582e-06,3.9175122320933564e-05,5.027658951426043e-06,0.8412643278916291,2.4747153761245874e-05,0.0023897503955899457,0.00013489882348660215,2.7665902215879646e-05,0.0023897503955899457,0.0002775841008925244,8.208111429699998e-05,0.5950917080044746,0.004615430590503516,1.7507659804067224e-05,0.0002585492713866183,4.6566006704843116e-05,0.00029755146014206167,0.0023897503955899457,0.00034374547787095115,32,0.1727961432506887,3.9602231776532106e-07,2.5745422297801523e-05,3.9175122320933564e-05,3.737685037957239e-05,3.9175122320933564e-05,put,3.9175122320933564e-05,raw,3.9175122320930095e-05,0.3535765156944123,0.38373842771763017,0.0,0.9666666666666667,4.0,2.0667729345802293e-05,8.463712571415982e-05,2.563935529061064e-05,0.04487938512010695,4.050230720662479e-06,8.463712571415982e-05,6.5310807017000094e-06,0.00013054139077094023,0.9168081494057725,0.9993145990404386,2.5247623374409764e-06,6.138530029137224e-05,5.227491134924057e-06,0.8468866171003717,1.281833611796825e-06,2.601123041404141e-05,3.4468591334942758e-06,3.1533499172494136e-06,8.463712571415982e-05,1.961594615563866e-05,5.800249566956532e-06,0.0029505503459683973,3.0680690611313145e-06,5.223052338465539e-05,5.029878936432474e-06,3.1618749655693026e-06,1.0567333530567269e-05,4.150193306585477e-06,put_T050_s040_r005_q006,validation
O,0.00838670798111707,0.013878499972634017,0.00086096760281794,8.17469011521412e-05,0.003401852173582709,0.049517327592193905,0.34706632101950224,0.37567102446693507,0.0,0.9666666666666667,4.0,8.846945942063884e-06,3.3432058265725484e-05,1.312488186623814e-05,0.04423586752807068,6.383192375171273e-05,0.0023897503955899457,0.00012802412213487583,0.0008684153983145344,0.9121265377855889,0.9960246744345442,8.759159519438023e-07,3.556419546996148e-05,3.315383636002376e-06,0.8412643278916291,2.4451465234928632e-05,0.0023897503955899457,0.00013488867408295712,2.6692996126099437e-05,0.0023897503955899457,0.00027738789803900945,8.202309746969258e-05,0.5950917080044746,0.004289453448750687,1.6592825592240683e-05,0.0002585492713866183,4.651427332333284e-05,0.00029755146014206167,0.0023897503955899457,0.00034374547787095115,32,0.0,3.9602231776532106e-07,2.6064977451084603e-05,2.6064977451084603e-05,1.335765122174731e-05,0.0,put,0.0,hard,3.9175122320930095e-05,0.3553215853499238,0.384144069423105,0.0,0.9666666666666667,4.0,1.1887535997496858e-05,8.463712571415982e-05,2.0288175968000086e-05,0.044079281845343155,4.046874429814752e-06,8.463712571415982e-05,6.527986409443662e-06,0.00010666212674402191,0.9168081494057725,0.9993145990404386,8.723378999656488e-07,6.138530029137224e-05,3.4577345833006613e-06,0.8468866171003717,9.861450854795866e-07,2.601123041404141e-05,3.0237670760509124e-06,2.1804438274692094e-06,8.463712571415982e-05,1.6770068096199425e-05,4.958750367738523e-06,0.0024322179853868745,2.118620064802279e-06,5.223052338465539e-05,4.434360853548523e-06,3.1618749655693026e-06,1.0567333530567269e-05,4.150193306585477e-06,put_T050_s040_r005_q006,validation
O,0.008250415907241404,0.013878499972634017,0.00086096760281794,8.17469011521412e-05,0.003401852173582709,0.10847975553857907,nan,nan,0.0,0.0,120.0,4.819819481726405e-05,8.345397401277044e-05,5.285069410955361e-05,nan,8.261182735533292e-05,0.0023897503955899457,0.00013268629844836685,0.0009782456875838564,0.08024005334518783,1.0,6.605253372948426e-05,8.866956835090756e-05,6.752322578578048e-05,0.04179692022693065,8.128470705140274e-05,0.0023897503955899457,0.00014895487298394785,7.284319003230479e-05,0.0023897503955899457,0.0003366474881700264,9.954605060388764e-05,0.5950917080044746,0.00475495343380038,6.356154806782121e-05,0.0002585492713866183,7.34498732473852e-05,0.0002976389207170091,0.0023897503955899457,0.00034376561840277533,32,0.16246556473829202,3.9602231776532106e-07,3.3451618360525695e-05,3.3451618360525695e-05,2.119052767173696e-05,0.0,put,0.0,softplus,3.9175122320930095e-05,nan,nan,0.0,0.0,120.0,5.064730741170103e-05,0.000111465031815694,5.6047081146685475e-05,nan,2.272309149408757e-05,0.000111465031815694,3.529464908507226e-05,0.00045190913445996195,0.08049949827182518,1.0,6.601419370062536e-05,0.00010449245241966887,6.749297423257074e-05,0.041937732342007435,5.750682626322626e-05,8.119173371540223e-05,6.281703349577231e-05,4.817557478033013e-05,0.000111465031815694,0.00019105706500147608,5.64937653145142e-05,0.0036661639275244982,4.893615023820137e-05,8.866956835090756e-05,5.68968002456251e-05,3.238642210503339e-06,2.7328994556887333e-05,4.415174891818101e-06,put_T050_s040_r005_q006,validation
O,0.008084708009846509,0.013859999948181212,0.000865082462121365,8.061808388512925e-05,0.0034011294675997433,0.2935620529203417,0.33033582486232227,0.33106522675251726,0.0,1.0,0.0,0.0020785635036263722,0.003907014693866118,0.0023269907141039606,0.001624090735256353,0.0006425751588058834,0.00406681237973186,0.0010028652828455622,0.006018971587024847,0.6235746764603007,0.6902586340405761,0.00016506858456324355,0.003533078055216854,0.0005014840270950554,0.5686399591732585,5.1024878301413835e-05,0.0016421698565641657,0.00013989366146463096,0.00038694394994625555,0.00406681237973186,0.002619459908845442,0.0007758561287258674,0.5928641660138965,0.059239712991161805,0.0003841142882891934,0.00406681237973186,0.0007616970702104567,0.0006375023473394843,0.0017010315815658428,0.00076714562015104,4,0.2774793388429752,1.1176599451549312e-05,0.00011362735032247051,0.0004382198830489431,0.00040947236129371307,0.0004382198830489431,put,0.0004382198830489431,raw,0.0004382198830489431,0.34191619629678305,0.3424021768448816,0.0,1.0,0.0,0.0021435962761749204,0.003958207835329408,0.0024053394812419845,0.0024587565702258035,0.0006398051866832865,0.003958207835329408,0.0009752267930556984,0.006101610743046959,0.615912592800112,0.6809663930617934,0.0001812589554488095,0.0037392872021237977,0.0005487074037664287,0.5622043216979926,6.58495771826643e-05,0.0016043921664866817,0.00020341000869628195,0.00039485674911175143,0.003958207835329408,0.0026236522476601365,0.0007770803363086268,0.057685132113379,0.00038373468508742434,0.0039488009987717065,0.0007475293615995494,0.0008108289301757556,0.0016759043552534506,0.0009594095464609617,put_T050_s040_r005_q010,validation
O,0.008118042023852468,0.013859999948181212,0.000865082462121365,8.061808388512925e-05,0.0034011294675997433,0.12396694214876033,0.3306426546671049,0.33136980495786106,0.0,1.0,0.0,0.0020785635036263722,0.003907014693866118,0.0023269907141039606,0.0016220896552718142,0.0005810731740930744,0.00406681237973186,0.0009922913720381227,0.006019458674498376,0.6235746764603007,0.6902586340405761,0.000149063012575593,0.003533078055216854,0.0004998544240407969,0.5686399591732585,5.1003435205008925e-05,0.0016421698565641657,0.00013989307610325663,0.00034979828535774076,0.00406681237973186,0.0025961267033836237,0.00076894508175804,0.5928641660138965,0.05932255922304125,0.0003399447020928159,0.00406681237973186,0.0007533171253420701,0.0006375023473394843,0.0017010315815658428,0.00076714562015104,4,0.04221763085399449,1.1176599451549312e-05,0.00012872640598497411,0.00012872640598497411,0.00011361566393165712,0.0,put,0.0,hard,0.0004382198830489431,0.34222302610156574,0.3427068321306203,0.0,1.0,0.0,0.0021435962761749204,0.003958207835329408,0.0024053394812419845,0.0024576876096731016,0.0005776341088543614,0.003958207835329408,0.0009642338693260007,0.006102221050235648,0.615912592800112,0.6809663930617934,0.00016593573278582833,0.0037392872021237977,0.0005473086942548679,0.5622043216979926,6.58281340862594e-05,0.0016043921664866817,0.00020340943759661873,0.0003577110845232367,0.003958207835329408,0.002600193279602684,0.000770132196438415,0.05777017076939457,0.00033956509889104694,0.0039488009987717065,0.0007389291953413958,0.0008108289301757556,0.0016759043552534506,0.0009594095464609617,put_T050_s040_r005_q010,validation
O,0.008339000050909817,0.013859999948181212,0.000865082462121365,8.061808388512925e-05,0.0034011294675997433,0.22911313285644835,nan,nan,0.0,0.0,120.0,0.002079802532802112,0.003907014693866118,0.002327067666004637,nan,0.0005799553964744882,0.00406681237973186,0.0009919273012367561,0.006022048498047489,0.0880595194535919,1.0,0.00019873918877905955,0.003533078055216854,0.0005034559971940558,0.04605766777239092,9.930846441171757e-05,0.0016421698565641657,0.00015275210684587772,0.00037587284501510896,0.00406681237973186,0.002599634284747513,0.0007699839900035866,0.5928641660138965,0.059270368826719794,0.0003647799912746678,0.00406681237973186,0.0007542592182277172,0.0006375111443414714,0.0017010315815658428,0.0007671498411076442,4,0.27396694214876033,1.1176599451549312e-05,0.00011362735032247051,0.00011362735032247051,0.00011350469559186921,0.0,put,0.0,softplus,0.0004382198830489431,nan,nan,0.0,0.0,120.0,0.002144816871882683,0.003958207835329408,0.002405413287631907,nan,0.000576595737831551,0.003958207835329408,0.000963843776121204,0.006104646321155827,0.08824248350036666,1.0,0.00021537028669929293,0.0037392872021237977,0.0005505903368309281,0.04615778033499553,0.00011408612915608907,0.0016043921664866817,0.00021238756740675399,0.0003836345839960623,0.003958207835329408,0.002603641822990098,0.0007711535952376104,0.05771806344063627,0.00036422676970939924,0.0039488009987717065,0.000739872492869547,0.0008108323749205916,0.0016759043552534506,0.0009594096299927466,put_T050_s040_r005_q010,validation
O,0.008572750026360154,0.013859999948181212,0.000865082462121365,8.061808388512925e-05,0.0034011294675997433,0.2775192721716786,0.018181874057410993,0.024141642109109743,0.0,1.0,0.0,0.00013488447394544346,0.0006692653923268121,0.00019380527813085569,0.0018051628698722544,0.0001851738781501981,0.002283442641621747,0.00024721152567721015,0.001994906459425491,0.5374110720418678,0.7483488954680028,7.511748501078286e-05,0.0006482739644516622,0.0001290878339193345,0.41923960193927023,3.769964148559083e-05,0.002283442641621747,0.00012811059386407423,0.0001262556342169465,0.002283442641621747,0.0006522088996853835,0.00019317733030451063,0.5928641660138965,0.02522503875389398,0.00013378235834049369,0.001091720883086622,0.00019743120974070286,0.00022543778345500298,0.002283442641621747,0.0002966775318191341,8,0.17017906336088154,2.9023941853515673e-06,0.00013984476994761963,0.0006482739644516622,0.0006302688865431894,0.0006482739644516622,put,0.0006482739644516622,raw,0.000648273964451657,0.020685562942061888,0.023198598429335183,0.0,1.0,0.0,0.00020323593828912347,0.0008498637536120679,0.0002993495590354446,0.002616098435503621,0.00017013471721148327,0.0010898609876699439,0.00022311629666687407,0.0018073411113537648,0.5397969210612512,0.7506262810293782,7.611207844120892e-05,0.0006482739644516622,0.00013108128641919613,0.42142948472062397,2.7095334613565284e-05,0.000329560263460954,6.274397318612886e-05,0.00011990925052052532,0.0010898609876699439,0.0006074255074377438,0.0001799089105742282,0.02448379474793765,0.00012850158963485502,0.0010898609876699439,0.0001866568274203742,0.00014998396186063738,0.00035555916418447686,0.0001757382021988521,put_T050_s040_r005_q010,validation
O,0.008492291904985905,0.013859999948181212,0.000865082462121365,8.061808388512925e-05,0.0034011294675997433,0.2022362664073894,0.01774026831112411,0.022695342909312823,0.0,1.0,0.0,9.015949819999221e-05,0.0006692653923268121,0.00017957848220956398,0.0051221967043286925,0.00016847068675216793,0.002283442641621747,0.00023789665409550663,0.0017895846987217698,0.5374110720418678,0.7483488954680028,3.760923544049549e-05,0.00015704602006104756,6.173825391238507e-05,0.41923960193927023,3.501259386064508e-05,0.002283442641621747,0.00012764773040216612,9.841453926354771e-05,0.002283442641621747,0.0005683444902820082,0.00016833758536401142,0.5928641660138965,0.022422275723877602,0.00010186630783542108,0.001091720883086622,0.000168577723877817,0.00022543778345500298,0.002283442641621747,0.0002966775318191341,8,0.10144628099173554,2.9023941853515673e-06,0.00013984476994761963,0.00013984476994761963,9.076773242272512e-05,0.0,put,0.0,hard,0.000648273964451657,0.02150986075159435,0.027739800872228028,0.0,1.0,0.0,0.00018078592349370649,0.0008498637536120679,0.0002957408121001565,0.005455879922887509,0.00015358243454779167,0.0010898609876699439,0.00021268698848029384,0.0015735645500385346,0.5397969210612512,0.7506262810293782,3.8427012152200554e-05,0.0005868748170831939,6.554163885108781e-05,0.42142948472062397,2.4408286988619536e-05,0.000329560263460954,6.179446004809663e-05,9.206815556712654e-05,0.0010898609876699439,0.0005161006650192822,0.00015286007461543788,0.022736489923476655,9.615159461530603e-05,0.0010898609876699439,0.0001555422442491072,0.00014998396186063738,0.00035555916418447686,0.0001757382021988521,put_T050_s040_r005_q010,validation
O,0.008271500002592802,0.013859999948181212,0.000865082462121365,8.061808388512925e-05,0.0034011294675997433,0.22300159733314814,nan,nan,0.0,0.0,120.0,0.0001125452602014974,0.0006693258359883325,0.00018458558500799246,nan,0.0001718816219729085,0.002283442641621747,0.00023783117341194483,0.0018302971721469022,0.1237582286056254,1.0,8.122198244802505e-05,0.00017593128504547927,9.31585138813986e-05,0.06596070426129115,8.30429715910987e-05,0.002283442641621747,0.00014059391605979462,0.0001233473514588701,0.002283442641621747,0.0005937591044938749,0.0001758651234373738,0.5928641660138965,0.022407634276794083,0.0001250262431156619,0.001091720883086733,0.00017614074064547876,0.00022547901446233305,0.002283442641621747,0.00029669139726767657,8,0.16921487603305785,2.9023941853515673e-06,0.00013984476994761963,0.00013984476994761963,5.478351270886781e-05,0.0,put,0.0,softplus,0.000648273964451657,nan,nan,0.0,0.0,120.0,0.00019763775245148035,0.000849863864099909,0.0002981157535206011,nan,0.00015711353741458157,0.001089860987670055,0.00021259832783867774,0.0016197033848591887,0.12401055408970978,1.0,8.193215052988542e-05,0.0005871554612576491,9.557545068215164e-05,0.06610407876230662,7.244577150544039e-05,0.000329560263460954,8.523843525670785e-05,0.00011695278153552903,0.001089860987670055,0.0005437148972241748,0.00016103893172876905,0.022564153269527376,0.0001193638090115548,0.001089860987670055,0.00016365775994558275,0.00015000177196231802,0.00035555916418447686,0.00017574508466697023,put_T050_s040_r005_q010,validation
O,0.008198875002563,0.013859999948181212,0.000865082462121365,8.061808388512925e-05,0.0034011294675997433,0.29342315438572125,0.15435415265107622,0.19432934776805325,0.0,0.8083333333333333,23.0,7.491749457412313e-05,0.00014169821319687248,7.900231901853286e-05,0.025101030295982884,9.78514659226272e-05,0.0025000606419019276,0.00015725360670701616,0.0013770595869714046,0.5131499001822758,0.8026065707303829,2.0200370535738238e-05,0.00026476163154220966,3.3529949248337144e-05,0.377137024751212,3.3060842305094886e-05,0.0025000606419019276,0.0001555055547058215,5.628126678032574e-05,0.0025000606419019276,0.0003712636499133151,0.00010996433928448272,0.5928641660138965,0.017346332670598073,4.889887146504553e-05,0.0004728310967327884,7.984865378453825e-05,0.00031775083902383316,0.0025000606419019276,0.0003986239243396493,12,0.15289256198347106,3.5067427087950676e-06,0.00014398834440477928,0.00026476163154220966,0.00023549336453588808,0.00026476163154220966,put,0.00026476163154220966,raw,0.000264761631542188,0.15929993441453566,0.197577036060922,0.0,0.8083333333333333,23.0,9.073007347203006e-05,0.00020259481720652506,0.0001006126976401375,0.023291646039804,6.725496115631161e-05,0.00029554821150967747,8.657537237845933e-05,0.0009558381402742137,0.5126912378303199,0.8007059462394787,2.0673417273918682e-05,0.00026476163154220966,3.451630943746316e-05,0.3770617568085923,1.0690477285305077e-05,0.0002118848323124905,3.183956952428155e-05,4.237180736188533e-05,0.00029554821150967747,0.00021692101127684978,6.424824499731395e-05,0.016494469568627518,4.2367328597208914e-05,0.00029554821150967747,6.209469348029152e-05,0.00011117179025269542,0.0002518834969756495,0.00012819820032151992,put_T050_s040_r005_q010,validation
O,0.008320042048580945,0.013859999948181212,0.000865082462121365,8.061808388512925e-05,0.0034011294675997433,0.23911382734912145,0.15787106005460427,0.20141550011093795,0.0,0.8083333333333333,23.0,6.0201796244718314e-05,0.00014169821319687248,7.03557434762287e-05,0.02354659685281476,9.422770067377507e-05,0.0025000606419019276,0.00015611357896758805,0.0013432287991310126,0.5131499001822758,0.8026065707303829,1.5790440570038625e-05,8.075883758607016e-05,2.4831101282076106e-05,0.377137024751212,3.305837282920552e-05,0.0025000606419019276,0.00015550555036280626,5.223663143717331e-05,0.0025000606419019276,0.00036448118742010135,0.00010795544612469675,0.5928641660138965,0.016291412558907457,4.437630372832821e-05,0.0004728310967327884,7.668371464802832e-05,0.00031775083902383316,0.0025000606419019276,0.0003986239243396493,12,0.10316804407713498,3.5067427087950676e-06,0.00014398834440477928,0.00014398834440477928,9.311564810077013e-05,0.0,put,0.0,hard,0.000264761631542188,0.16932773322214917,0.20529999761644563,0.0,0.8083333333333333,23.0,8.724413857718721e-05,0.00020259481720652506,9.878438576852683e-05,0.021826277777226975,6.36229509144526e-05,0.00029554821150967747,8.445565043273785e-05,0.0009031464893711843,0.5126912378303199,0.8007059462394787,1.6268968199680566e-05,0.0001680304841725766,2.613350650746938e-05,0.3770617568085923,1.0688007809415707e-05,0.0002118848323124905,3.183954831283875e-05,3.8327172018732904e-05,0.00029554821150967747,0.00020502126485948713,6.0723746292793034e-05,0.015448743194292092,3.7625857089837376e-05,0.00029554821150967747,5.778471790922705e-05,0.00011117179025269542,0.0002518834969756495,0.00012819820032151992,put_T050_s040_r005_q010,validation
O,0.00819516705814749,0.013859999948181212,0.000865082462121365,8.061808388512925e-05,0.0034011294675997433,0.27140773664837836,nan,nan,0.0,0.0,120.0,9.419335265987103e-05,0.00015287169118771704,9.912363373497516e-05,nan,0.00010259651553722548,0.0025000606419019276,0.00015808633107071565,0.0014083812308804584,0.0880595194535919,1.0,7.311281164345012e-05,0.00011733706417182965,7.613442506585805e-05,0.04605766777239092,8.453347111280474e-05,0.0025000606419019276,0.00016703370238015602,8.681253417533687e-05,0.0025000606419019276,0.00040955925051683654,0.00012130708834933708,0.5928641660138965,0.01634810279379683,7.835632412743474e-05,0.0004728310967327884,9.4663790056442e-05,0.000317801183093701,0.0025000606419019276,0.00039863440463655823,12,0.15206611570247933,3.5067427087950676e-06,0.00014398954666291347,0.00014398954666291347,9.311679024600174e-05,0.0,put,0.0,softplus,0.000264761631542188,nan,nan,0.0,0.0,120.0,0.00011412468536947246,0.0002040648326510075,0.00011985485840678535,nan,7.189671612642016e-05,0.00029554821150967747,8.777422563036035e-05,0.0009967124839604187,0.08824248350036666,1.0,7.342626328884495e-05,0.00018502676318199462,7.66040942640916e-05,0.04615778033499553,6.212362924780543e-05,0.0002118848323124905,6.851903520692693e-05,7.271377700732477e-05,0.00029554821150967747,0.0002768455302069137,8.199684920537393e-05,0.015507191042279024,7.15239835889775e-05,0.00029554821150967747,8.00023717862174e-05,0.00011121311218630817,0.0002518834969756495,0.00012820264261562578,put_T050_s040_r005_q010,validation
O,0.00834616704378277,0.013859999948181212,0.000865082462121365,8.061808388512925e-05,0.0034011294675997433,0.4257934578790194,0.22434484938074753,0.22476770292772438,0.0,0.8916666666666667,13.0,7.908401663021212e-05,0.00015566675373335226,8.583693456186927e-05,0.003717571316437601,7.032387652105399e-05,0.0024304243995685454,0.0001254778407771064,0.0010082294472761098,0.6902234194263983,0.9105351170568562,1.2756894582813213e-05,0.00024957268951852907,2.545761835796637e-05,0.555754018882368,3.181564094990977e-05,0.0024304243995685454,0.00014257779193772873,3.950562609881978e-05,0.0024304243995685454,0.0002955451970452749,8.753733991834125e-05,0.5928641660138965,0.009919577271701204,2.9345189860015904e-05,0.0002990366497319097,5.1751784274537166e-05,0.00030513010870741734,0.0024304243995685454,0.00035541413928353866,16,0.2581267217630854,1.234558384383492e-06,4.6426480720849865e-05,0.00024957268951852907,0.0002198297021178852,0.00024957268951852907,put,0.00024957268951852907,raw,0.0002495726895184831,0.23538799760795032,0.235630940517461,0.0,0.8916666666666667,13.0,8.233495408536823e-05,0.00015566675373335226,8.814413854303028e-05,0.0037916256429910513,2.8738912560876947e-05,0.00017751010290345537,3.932265114684746e-05,0.0004813964784077171,0.6846489488298294,0.9019648829431438,1.3112332393397379e-05,0.00024957268951852907,2.6391913476429212e-05,0.5517197289349188,1.0043937187659277e-05,0.00014940206446872883,2.4028221313433818e-05,2.03914305931249e-05,0.00024957268951852907,0.00011158916426207557,3.305077697339905e-05,0.009146887697474324,2.0212047541937657e-05,0.00024957268951852907,3.195619995826652e-05,2.822988370329984e-05,0.00010934812735396982,3.595866109938082e-05,put_T050_s040_r005_q010,validation
O,0.008341875043697655,0.013859999948181212,0.000865082462121365,8.061808388512925e-05,0.0034011294675997433,0.27863046044864226,0.22853594564706778,0.22911166391596088,0.0,0.8916666666666667,13.0,6.243551735767618e-05,0.00012746571395316764,7.414120807576061e-05,0.003772251274928085,6.919150858065514e-05,0.0024304243995685454,0.0001252962823498978,0.0009755029056920785,0.6902234194263983,0.9105351170568562,8.154788750734104e-06,0.00011739381540354366,1.7033371598406527e-05,0.555754018882368,3.0124752052456854e-05,0.0024304243995685454,0.0001424195469960657,3.651574804333385e-05,0.0024304243995685454,0.0002914128604520197,8.631338582726745e-05,0.5928641660138965,0.00828415007873611,2.6330294103902565e-05,0.0002990366497319097,4.9673385329110176e-05,0.00030513010870741734,0.0024304243995685454,0.00035541413928353866,16,0.12024793388429753,1.234558384383492e-06,4.6426480720849865e-05,4.6426480720849865e-05,2.354481397177169e-05,0.0,put,0.0,hard,0.0002495726895184831,0.2395790938742706,0.2399364595136858,0.0,0.8916666666666667,13.0,7.734807719424059e-05,0.00014451929277536912,8.380114444314273e-05,0.0038493057658608924,2.7448708273852947e-05,0.00017751010290345537,3.8611781415734995e-05,0.000402181790791968,0.6846489488298294,0.9019648829431438,8.640319687494574e-06,0.0001443649479992981,1.8498273967213016e-05,0.5517197289349188,8.353048290206363e-06,0.00014940206446872883,2.2940023455729418e-05,1.740155253763897e-05,0.00017751010290345537,0.00010000106009620558,2.961858130401317e-05,0.0072466101417703425,1.6969829712112654e-05,0.00017751010290345537,2.804467338171649e-05,2.822988370329984e-05,0.00010934812735396982,3.595866109938082e-05,put_T050_s040_r005_q010,validation
O,0.008298957953229547,0.013859999948181212,0.000865082462121365,8.061808388512925e-05,0.0034011294675997433,0.42009861795958053,nan,nan,0.0,0.0,120.0,9.49001717611637e-05,0.00015052453671038357,0.00010155292022632923,nan,8.119558232766033e-05,0.0024304243995685454,0.00012907329681849985,0.0010695229722649151,0.0880595194535919,1.0,6.862782439344871e-05,0.00014433139891489866,7.119293152137633e-05,0.04605766777239092,8.06749665784357e-05,0.0024304243995685454,0.00015436725672782084,7.446748406331016e-05,0.0024304243995685454,0.0003452084531511639,0.00010224706748169211,0.5928641660138965,0.008557741998633626,6.446784002791109e-05,0.0002990366497319097,7.41928295022839e-05,0.0003051890043435399,0.0024304243995685454,0.0003554251756054177,16,0.25523415977961433,1.234558384383492e-06,5.0060750724374096e-05,5.0060750724374096e-05,2.4233787809390077e-05,0.0,put,0.0,softplus,0.0002495726895184831,nan,nan,0.0,0.0,120.0,0.00010340422737423148,0.0001654518806354366,0.00010801784624237547,nan,3.8477987052358885e-05,0.0001775099618252507,4.886923555469847e-05,0.0005938362648687431,0.08824248350036666,1.0,6.89838553290847e-05,0.0001654518806354366,7.168339433504774e-05,0.04615778033499553,5.810937022476717e-05,0.00014938104592127077,6.34560668424706e-05,5.477375891167673e-05,0.0001775099618252507,0.00020969411677924555,6.210776406594293e-05,0.00763557186256946,5.464413579045006e-05,0.0001775099618252507,6.167596443632028e-05,2.8213367497204416e-05,0.00010934812735396982,3.594841700310972e-05,put_T050_s040_r005_q010,validation
O,0.008167083957232535,0.013859999948181212,0.000865082462121365,8.061808388512925e-05,0.0034011294675997433,0.10334050975762206,0.3086715270328809,0.32169481223792457,0.0,0.35833333333333334,77.0,3.323205300812398e-05,0.00011459190726315072,4.223815798519004e-05,0.04690567276732214,5.757895898753385e-05,0.0023477870119180764,0.00011759716891622653,0.0008815748365069001,0.9071662372031479,0.9987731942953535,3.4000307357246408e-06,0.00010735369227865554,9.000888962596845e-06,0.8309517734115845,2.4662200520100916e-05,0.0023477870119180764,0.00013017450354505086,2.8574489372228844e-05,0.0023477870119180764,0.00027155202024766183,8.043081646930086e-05,0.5928641660138965,0.006380219667301149,1.8491791493993437e-05,0.00024452919537442525,4.572661309848082e-05,0.0002917149320170355,0.0023477870119180764,0.0003357256244151997,24,0.19676308539944903,5.146029163523865e-07,2.0437742238199608e-05,0.00010735369227865554,0.00010167804700274563,0.00010735369227865554,put,0.00010735369227865554,raw,0.00010735369227867332,0.31953635690627086,0.33272456077890383,0.0,0.35833333333333334,77.0,3.4433839085341174e-05,0.00016578504872644118,4.924798722061248e-05,0.046777105270112446,8.276232985023582e-06,0.00016578504872644118,1.3317856023022374e-05,0.0002606349195836937,0.9079626272486403,0.9984664928691919,3.760978642659843e-06,0.00013667554687457617,1.0614295314655583e-05,0.8325022375655287,3.0277427576784025e-06,4.4310018700262355e-05,7.49466938243812e-06,5.864252641356702e-06,0.00016578504872644118,4.034671497995016e-05,1.1949997898360709e-05,0.005898379549148189,5.6622817915420525e-06,0.00010735369227865554,1.0619201781176423e-05,7.923875622067995e-06,4.4310018700262355e-05,1.1301045882815524e-05,put_T050_s040_r005_q010,validation
O,0.008193665998987854,0.013859999948181212,0.000865082462121365,8.061808388512925e-05,0.0034011294675997433,0.024793388429752067,0.3086715270328809,0.32169481223792457,0.0,0.35833333333333334,77.0,2.3958852652007644e-05,0.00011459190726315072,3.58616095605425e-05,0.04690567276732214,5.75789468907767e-05,0.0023477870119180764,0.00011759716880521126,0.0008677837288683926,0.9071662372031479,0.9987731942953535,1.2671694134332995e-06,4.7869627499363965e-05,4.876737217187835e-06,0.8309517734115845,2.440558280562633e-05,0.0023477870119180764,0.0001301670260109234,2.7432665088480577e-05,0.0023477870119180764,0.00027090818054678807,8.024011800655547e-05,0.5928641660138965,0.005214309165821271,1.7347523983595298e-05,0.00024452919537442525,4.5436152322443406e-05,0.0002917149320170355,0.0023477870119180764,0.0003357256244151997,24,0.0,5.146029163523865e-07,2.0437742238199608e-05,2.0437742238199608e-05,1.22281699248071e-05,0.0,put,0.0,hard,0.00010735369227867332,0.31953635690627086,0.33272456077890383,0.0,0.35833333333333334,77.0,3.273440390659128e-05,0.00016578504872644118,4.8353031470845525e-05,0.046777105270112446,8.27621737618516e-06,0.00016578504872644118,1.3317854714717572e-05,0.00020312473117466712,0.9079626272486403,0.9984664928691919,1.623484347035195e-06,0.00013667554687457617,7.436651116045551e-06,0.8325022375655287,2.7711250432038198e-06,4.4310018700262355e-05,7.363651020905205e-06,4.7224283576084315e-06,0.00016578504872644118,3.5757155770981295e-05,1.0590649982952113e-05,0.004310345423468295,4.370377533047096e-06,8.837346605783392e-05,8.847720229789498e-06,7.923875622067995e-06,4.4310018700262355e-05,1.1301045882815524e-05,put_T050_s040_r005_q010,validation
O,0.008307417039759457,0.013859999948181212,0.000865082462121365,8.061808388512925e-05,0.0034011294675997433,0.11070213209250643,nan,nan,0.0,0.0,120.0,6.896979374165917e-05,0.00012900400174076232,7.395644826194088e-05,nan,7.469766428234763e-05,0.0023477870119180764,0.00012232913977616025,0.0009739523757592366,0.0880595194535919,1.0,6.57563916854026e-05,9.60869701743805e-05,6.745253401302524e-05,0.04605766777239092,7.68262926632434e-05,0.0023477870119180764,0.0001435462794987696,6.991099024267443e-05,0.0023477870119180764,0.0003271452780963282,9.68969473965485e-05,0.5928641660138965,0.00576568490333926,6.040610256731771e-05,0.00024452919537442525,7.09418225338167e-05,0.0002917642786836231,0.0023477870119180764,0.00033573801046287533,24,0.1859504132231405,5.146029163523865e-07,3.047317311301339e-05,3.047317311301339e-05,1.752727808266716e-05,0.0,put,0.0,softplus,0.00010735369227867332,nan,nan,0.0,0.0,120.0,7.077157157380614e-05,0.00018019714320405278,7.951826361223806e-05,nan,2.494226246076118e-05,0.00018019714320405278,3.5624818362898365e-05,0.0004858404567812913,0.08824248350036666,1.0,6.596183613491113e-05,0.00015926849607417193,6.775423212119046e-05,0.04615778033499553,5.517130323380499e-05,7.61506110726895e-05,6.066972792038152e-05,4.685429618151295e-05,0.00018019714320405278,0.00018626094246195166,5.516726385464349e-05,0.00504574650548493,4.7154951608067305e-05,9.60869701743805e-05,5.506557427041396e-05,7.961895391834377e-06,4.4310018700262355e-05,1.1358414407421114e-05,put_T050_s040_r005_q010,validation
O,0.00817475002259016,0.013859999948181212,0.000865082462121365,8.061808388512925e-05,0.0034011294675997433,0.15466351829988192,0.333261309426533,0.33849508379114884,0.0,0.9,12.0,1.8244987163642164e-05,5.4281623584118144e-05,2.2823122458172635e-05,0.023897294174297673,5.6669722589725125e-05,0.0023789534569833484,0.00011842260890281781,0.0008656423286217514,0.8977927737944609,0.9996869129618033,2.427840484057945e-06,5.4281623584118144e-05,4.886149850478916e-06,0.814748660372544,2.4694433604343685e-05,0.0023789534569833484,0.00013414262816563357,2.763155088395234e-05,0.0023789534569833484,0.0002728070245443899,8.080253537666255e-05,0.5928641660138965,0.004308997839344126,1.7628038817813098e-05,0.0002582956014584685,4.506232433125282e-05,0.0002942977895811273,0.0023789534569833484,0.0003404432507678375,32,0.21253443526170798,2.9206466955836664e-07,1.2989687688091944e-05,5.4281623584118144e-05,5.3419608247434744e-05,5.4281623584118144e-05,put,5.4281623584118144e-05,raw,5.4281623584120746e-05,0.34550844934433367,0.35121743636340597,0.0,0.9,12.0,2.3005431645263993e-05,9.78385473091592e-05,3.0910533856994595e-05,0.02429697065153312,4.768721993539742e-06,9.78385473091592e-05,7.683222767004439e-06,0.00014600212620260986,0.8981631360405378,0.9989041953663118,2.6113417432608648e-06,8.016193948356953e-05,5.7036433018467375e-06,0.8158803222094362,1.197676735736966e-06,2.3673391908729524e-05,3.2598217085514063e-06,3.6162822054493723e-06,9.78385473091592e-05,2.261760141027013e-05,6.698941647492268e-06,0.003284039474179919,3.528397522237252e-06,5.7809707349809614e-05,5.681307462488092e-06,3.980435311856668e-06,1.6471214443175564e-05,5.1118513701720406e-06,put_T050_s040_r005_q010,validation
O,0.00811137503478676,0.013859999948181212,0.000865082462121365,8.061808388512925e-05,0.0034011294675997433,0.03896103896103896,0.33317964141939993,0.33849282643014666,0.0,0.9,12.0,1.2112684201569247e-05,4.664540584586874e-05,1.6824468839827696e-05,0.023411904616346617,5.666967278966717e-05,0.0023789534569833484,0.00011842260833147364,0.0008622082294800184,0.8977927737944609,0.9996869129618033,9.269126679576943e-07,2.6056703399945924e-05,2.9145500428761318e-06,0.814748660372544,2.4532289316673092e-05,0.0023789534569833484,0.0001341415986792109,2.6828012122092624e-05,0.0023789534569833484,0.0002726349555052815,8.075157035974992e-05,0.5928641660138965,0.0039055916693143053,1.6810816025382432e-05,0.0002582956014584685,4.5005429118052676e-05,0.0002942977895811273,0.0023789534569833484,0.0003404432507678375,32,0.0,2.9206466955836664e-07,1.2989687688091944e-05,1.2989687688091944e-05,8.554345966673566e-06,0.0,put,0.0,hard,5.4281623584120746e-05,0.3454267813372006,0.3512164552643051,0.0,0.9,12.0,2.0991126486403592e-05,9.78385473091592e-05,2.9295146589860503e-05,0.023821367999375058,4.768721993539742e-06,9.78385473091592e-05,7.683222767004439e-06,0.00011982756181034342,0.8981631360405378,0.9989041953663118,1.107108139835715e-06,8.016193948356953e-05,4.1368097126751916e-06,0.8158803222094362,1.0355324480663733e-06,2.3673391908729524e-05,3.2155942886256255e-06,2.8127434435896572e-06,9.78385473091592e-05,2.043692409363423e-05,6.053062810423336e-06,0.0025143583842323594,2.630931333340616e-06,5.7809707349809614e-05,4.940720171641789e-06,3.980435311856668e-06,1.6471214443175564e-05,5.1118513701720406e-06,put_T050_s040_r005_q010,validation
O,0.008282499969936907,0.013859999948181212,0.000865082462121365,8.061808388512925e-05,0.0034011294675997433,0.16278908257517882,nan,nan,0.0,0.0,120.0,6.111609022549091e-05,8.318936939344379e-05,6.444247204946023e-05,nan,7.385781204276701e-05,0.0023789534569833484,0.00012303893234939223,0.0009701918270882567,0.0880595194535919,1.0,6.583455927264892e-05,8.318936939344379e-05,6.74456796401466e-05,0.04605766777239092,7.721703351819303e-05,0.0023789534569833484,0.00014709033641070317,6.956259619602256e-05,0.0023789534569833484,0.0003285435058488832,9.731108756624957e-05,0.5928641660138965,0.004858334639955673,6.0063942706306176e-05,0.0002582956014584685,7.070439718227431e-05,0.0002943499309922302,0.0023789534569833484,0.0003404552818751217,32,0.20385674931129477,2.9206466955836664e-07,2.9908465348207978e-05,2.9908465348207978e-05,1.6403342112888595e-05,0.0,put,0.0,softplus,5.4281623584120746e-05,nan,nan,0.0,0.0,120.0,5.951521065829963e-05,0.00012452276616459201,6.742597737914181e-05,nan,2.1697531209152938e-05,0.00012452276616459201,3.371270728402445e-05,0.00045983633188108564,0.08824248350036666,1.0,6.592204377579919e-05,0.00011704608550766604,6.755977192848521e-05,0.04615778033499553,5.3695112181398834e-05,7.142463673137645e-05,6.012446142054106e-05,4.532159464633211e-05,0.00012452276616459201,0.00018392635187444676,5.447579857356473e-05,0.0038352273287199654,4.5826527419281905e-05,7.910276806810668e-05,5.463953546977182e-05,4.008211298894129e-06,2.4259137841037954e-05,5.188286229979732e-06,put_T050_s040_r005_q010,validation
O,0.008339124964550138,0.014133000047877431,0.00047705060424048335,7.432094584956313e-05,0.0020647047278580135,0.23834988540870894,0.04008540269618477,0.10109621917889719,0.0,1.0,0.0,0.0004039143921133912,0.0010433270651956095,0.0005013866693349711,0.022694654582296844,0.0003988753232209005,0.001773543586705728,0.0004849284651810128,0.004368367822476469,0.7545697565204825,0.6150765606595995,0.00011375403478869079,0.0012000857125771258,0.00024402622291616185,0.9758923565688656,3.698456432678361e-05,0.0009937235525557262,0.00010857803360419605,0.00029466905217378933,0.001773543586705728,0.0013913277389471074,0.00041349092902267034,0.60226483293809,0.06653448452258433,0.000321282776602305,0.001773543586705728,0.0004340613695529102,0.00037179556848642765,0.0009937235525557262,0.0004336831823649323,4,0.3138429752066116,2.782188214217844e-05,0.0004028507568884839,0.0012000857125771258,0.001167770694379572,0.0012000857125771258,put,0.0012000857125771258,raw,0.0012000857125770712,0.04413315958878273,0.10351915108392705,0.0,1.0,0.0,0.0005601443060394756,0.0012747988227225227,0.0006805535340044473,0.020480704260338448,0.0004035947463359507,0.0016308742212798322,0.0004914471481007681,0.004373693409172137,0.748319965315413,0.6098939929328622,0.00011615621923337751,0.0012000857125771258,0.0002470927255683261,0.9680314077397645,4.007398823739235e-05,0.0007883007720074567,0.00011796992607970891,0.0002985808346173751,0.0016308742212798322,0.0014100358879762243,0.00041903261925684026,0.06584274927471422,0.00031440876039276635,0.0016308742212798322,0.00042535418603046194,0.0005348299705434478,0.0010214166561590965,0.0006010202456385145,put_T050_s060_r005_q000,validation
O,0.008288083015941083,0.014133000047877431,0.00047705060424048335,7.432094584956313e-05,0.0020647047278580135,0.007569970136815056,0.045324468801778164,0.10408099232975206,0.0,1.0,0.0,0.0003353548396456385,0.0010433270651956095,0.00047408540587687823,0.02380805342225507,0.0003051930568543789,0.001773543586705728,0.0004353583999156038,0.003888843860086579,0.7545697565204825,0.6150765606595995,1.6627419770253128e-06,0.00033664798891436254,1.5978553664630658e-05,0.9758923565688656,3.123694825603919e-05,0.0009937235525557262,0.00010683740040563591,0.00019425864561821202,0.001773543586705728,0.0011673505416868982,0.0003469267854477692,0.60226483293809,0.05917856254408313,0.00020393885940825382,0.001773543586705728,0.0003588656125424834,0.00037179556848642765,0.0009937235525557262,0.0004336831823649323,4,0.0,2.782188214217844e-05,0.0004028507568884839,0.0004028507568884839,0.0002762275547930486,0.0,put,0.0,hard,0.0012000857125770712,0.056314629044054064,0.10767510312918578,0.0,1.0,0.0,0.0005461810253712941,0.0012747988227225227,0.000678625739271195,0.020977632115047613,0.0003092783660250229,0.0016308742212798322,0.0004422938543037602,0.0038785260596990506,0.748319965315413,0.6098939929328622,5.159592474905516e-06,0.0006993768997309302,4.4045014816765324e-05,0.9680314077397645,3.4326372166647926e-05,0.0007883007720074567,0.00011629593516050381,0.00019817042806179788,0.0016308742212798322,0.0011890457568053772,0.0003533590613821246,0.059644523297658965,0.00019600941790050508,0.0016308742212798322,0.00034742784484832756,0.0005348299705434478,0.0010214166561590965,0.0006010202456385145,put_T050_s060_r005_q000,validation
O,0.008600624976679683,0.014133000047877431,0.00047705060424048335,7.432094584956313e-05,0.0020647047278580135,0.1668865893464824,nan,nan,0.0,0.0,120.0,0.0003487465358641253,0.0010433270699856667,0.0004759875496756805,nan,0.0003018930239522629,0.001773543586705728,0.00043321739118119053,0.003894306110701287,0.2450186799501868,0.7334575955265611,4.429496595471432e-05,0.00034004086495759145,5.3521591202547446e-05,0.1470753130256027,8.190482110933906e-05,0.0009937235525557257,0.00012233705370244573,0.00020774595692508703,0.001773543586705728,0.0011662523843482167,0.0003466004223016365,0.60226483293809,0.05893822864446644,0.00021329812045700773,0.001773543586705728,0.00035781726980164437,0.0003717968647868493,0.0009937235525557257,0.0004336833243343018,4,0.30413223140495865,2.782188214217844e-05,0.0004028507568884839,0.0004028507568884839,0.00023159112544050495,0.0,put,0.0,softplus,0.0012000857125770712,nan,nan,0.0,0.0,120.0,0.0005567790246393587,0.0012747988227269635,0.0006798871831637461,nan,0.00030595744764964135,0.0016308742212798322,0.0004401565100947224,0.003882632544082548,0.24509498598567425,0.7334575955265611,4.759876783167936e-05,0.0006994680690943778,6.748619931790822e-05,0.14713030472985605,8.444072077074128e-05,0.0007883007720074567,0.0001305306700662362,0.00021156768067018107,0.0016308742212798322,0.0011878935967748051,0.000353016663972576,0.05936758255248965,0.00020537387921044716,0.0016308742212798322,0.00034632724334718654,0.0005348312668439137,0.0010214166561590965,0.0006010204661056855,put_T050_s060_r005_q000,validation
O,0.008445167099125683,0.014133000047877431,0.00047705060424048335,7.432094584956313e-05,0.0020647047278580135,0.19820820890339608,0.06345655868439432,0.11825736687754418,0.0,1.0,0.0,0.0003374603164249692,0.0009100127072700359,0.0004262859094236416,0.016303648494315138,0.0001450513997715119,0.0012981360543529163,0.00022130006312400712,0.002790936185749102,0.8111322549952426,0.7044484230822201,3.96811799298283e-05,0.0004900693032109382,7.475770517569639e-05,0.9558960941880023,3.1305658121938835e-05,0.0011512749735973354,0.00011791175255100754,0.00010654063914226194,0.0012981360543529163,0.0006123380044056216,0.00018198171662212073,0.60226483293809,0.05295046946181391,0.0001019253640567552,0.0012981360543529163,0.00016850358334388244,0.0003422529910588706,0.0011512749735973354,0.0003856025504542345,8,0.2564049586776859,2.1172533068931722e-05,0.00045459800492204244,0.00045459800492204244,0.0004094941265837818,0.00030403402349077346,put,0.00030403402349077346,raw,0.0003040340234907891,0.0744467189266702,0.12357248145363707,0.0,1.0,0.0,0.0004841503844817373,0.0009809851723488472,0.0005572744130820585,0.016601800093711316,0.00013704072345714635,0.0011764341901023823,0.00020676456162697755,0.002754398129340426,0.8042823156225218,0.6983886517008676,4.3136460052745765e-05,0.0007830546465366628,8.735480788821816e-05,0.9480276687231258,1.802052901727403e-05,0.000339804376856212,5.300437258344678e-05,0.00010273337389426548,0.0011764341901023823,0.0005820581065213132,0.000172975266101465,0.0515928289558218,0.00010239728385816671,0.0011764341901023823,0.00016441742359694187,0.00018177737190339994,0.0004374210616717722,0.00021787977664565944,put_T050_s060_r005_q000,validation
O,0.00841995794326067,0.014133000047877431,0.00047705060424048335,7.432094584956313e-05,0.0020647047278580135,0.0057642891867490794,0.0748136624486367,0.12190178713482168,0.0,1.0,0.0,0.0003369490772494591,0.0009100127072700359,0.00042627543075093014,0.017527359780760473,0.00012846081676482122,0.0012981360543529163,0.00021604807620620851,0.002706557676201177,0.8111322549952426,0.7044484230822201,3.7226694568289866e-06,0.0004900693032109382,2.9334771390692144e-05,0.9558960941880023,2.913247157426942e-05,0.0011512749735973354,0.00011772005027845728,8.287145632188246e-05,0.0012981360543529163,0.0005821435338780242,0.000173008173350963,0.60226483293809,0.05206499607818672,7.406513586548198e-05,0.0012981360543529163,0.00015687984878104053,0.0003422529910588706,0.0011512749735973354,0.0003856025504542345,8,0.0,2.1172533068931722e-05,0.00045459800492204244,0.00045459800492204244,0.0004094941265837818,0.0,put,0.0,hard,0.0003040340234907891,0.08580382269091259,0.12857652042176912,0.0,1.0,0.0,0.0004841503844817373,0.0009809851723488472,0.0005572744130820585,0.018280513367101358,0.00012021925338455263,0.0011764341901023823,0.00020104896278741485,0.00266543876109776,0.8042823156225218,0.6983886517008676,7.57179268339915e-06,0.0007830546465366628,5.409705971201468e-05,0.9480276687231258,1.584734246960462e-05,0.000339804376856212,5.254606390204278e-05,7.9064191073886e-05,0.0011764341901023823,0.000550072775923918,0.0001634699074277512,0.05109016638556324,7.452836871572911e-05,0.0011764341901023823,0.00015243451607093987,0.00018177737190339994,0.0004374210616717722,0.00021787977664565944,put_T050_s060_r005_q000,validation
O,0.008108124951831996,0.014133000047877431,0.00047705060424048335,7.432094584956313e-05,0.0020647047278580135,0.18077644280852836,nan,nan,0.0,0.0,120.0,0.0003539708989188146,0.0009100127341933884,0.0004296694680069761,nan,0.00012558795056071218,0.0012981360543529163,0.00021465413313966213,0.0027159670621129915,0.12640056022408966,1.0,5.443343888021409e-05,0.0004908063355665293,6.371384225952785e-05,0.06746402541581013,8.186547539223884e-05,0.0011512749735973354,0.00013263760633128264,9.958236405689788e-05,0.0012981360543529163,0.0005897585268623916,0.00017527128536653315,0.60226483293809,0.051607100251799404,8.693236220045527e-05,0.0012981360543529163,0.00015818635929338865,0.0003422506300252582,0.0011512749735973354,0.00038560247491200835,8,0.24779614325068872,2.1172533068931722e-05,0.00045459800492204244,0.00045459800492204244,0.0004094941265837818,0.0,put,0.0,softplus,0.0003040340234907891,nan,nan,0.0,0.0,120.0,0.0004911382600980717,0.0009809851732078823,0.000558985068400097,nan,0.00011728035067062553,0.0011764341901023823,0.00019948534325516806,0.002671958608556307,0.12644483362521888,1.0,5.7915736102106275e-05,0.0007830941425540083,7.821168577447211e-05,0.06748925032716395,6.81597710586589e-05,0.0003398044228222763,8.036359748759684e-05,9.559185102394775e-05,0.0011764341901023823,0.0005579231646455342,0.00016580287567079683,0.0506080829296023,8.741118225907083e-05,0.0011764341901023823,0.00015377777539778988,0.00018177973293701254,0.0004374210616717722,0.0002178802358359329,put_T050_s060_r005_q000,validation
O,0.008106625056825578,0.014133000047877431,0.00047705060424048335,7.432094584956313e-05,0.0020647047278580135,0.2180012500868116,0.2212725681224908,0.22410182254435806,0.0,0.975,3.0,0.00015466286948687182,0.0003526555655692931,0.00018470490282152967,0.014941441735394306,6.278161924722404e-05,0.0011317925988594845,0.00010214245576357086,0.00114316982642668,0.8577438864054694,0.8076923076923077,3.25828525774816e-05,0.0003395283276017569,6.817326953246838e-05,0.9144085217716315,3.089263913278662e-05,0.0011317925988594845,0.00011547870919442032,5.174455890641454e-05,0.0011317925988594845,0.000306894104090069,9.120635250743524e-05,0.60226483293809,0.023653368987196874,4.600491338258248e-05,0.0003925079969584466,7.412972484494568e-05,0.00022986107823706525,0.0011317925988594845,0.00027040189181335887,12,0.21074380165289255,5.4053954101370356e-06,0.00012287459911009685,0.0003395283276017569,0.00033293832197122953,0.0003395283276017569,put,0.0003395283276017569,raw,0.00033952832760174995,0.23224073042932558,0.23525408484514032,0.0,0.975,3.0,0.0001449948922414949,0.000429830747053328,0.00018605922127362827,0.015372553534275702,3.288192463549569e-05,0.000429830747053328,4.833892065402286e-05,0.0010860180846194519,0.8543876567020251,0.8043908880818752,3.332532463360583e-05,0.0003395283276017569,6.91776234533236e-05,0.9110114040007478,9.503741358724964e-06,0.00018509123309939923,2.335769487993847e-05,3.304391811885688e-05,0.000429830747053328,0.00019128177977807505,5.6844868900151326e-05,0.02449220194379399,3.3347611726816064e-05,0.0003395283276017569,5.4688992501297946e-05,4.5516504815879104e-05,9.4677187073261e-05,5.219603283911884e-05,put_T050_s060_r005_q000,validation
O,0.008294875035062432,0.014133000047877431,0.00047705060424048335,7.432094584956313e-05,0.0020647047278580135,0.024654489895131606,0.23438381160404756,0.2375210059233452,0.0,0.975,3.0,4.711821544705428e-05,0.0003526555655692931,9.249728494719432e-05,0.016449798867011846,6.003924569212518e-05,0.0011317925988594845,0.00010143159353338203,0.0008781458636981608,0.8577438864054694,0.8076923076923077,7.666649129061029e-06,0.00027083995417198636,3.294612800593241e-05,0.9144085217716315,2.6100114445157677e-05,0.0011317925988594845,0.00011423397743185502,4.0898082915746765e-05,0.0011317925988594845,0.00028000744913244925,8.321586426693536e-05,0.60226483293809,0.01728204426027635,3.5686676594004005e-05,0.0003925079969584466,6.599637342154494e-05,0.00022986107823706525,0.0011317925988594845,0.00027040189181335887,12,0.0001377410468319559,5.4053954101370356e-06,0.00012287459911009685,0.00012287459911009685,6.506503781368022e-05,0.0,put,0.0,hard,0.00033952832760174995,0.24535212877500306,0.24864963893162773,0.0,0.975,3.0,8.122159382061243e-05,0.000429830747053328,0.00014607926018366242,0.016729217691345295,3.0260842501649342e-05,0.000429830747053328,4.7091083450838776e-05,0.0007426035116132898,0.8543876567020251,0.8043908880818752,8.190129308934574e-06,0.0002817243055818208,3.442174511634342e-05,0.9110114040007478,4.71121667109602e-06,0.00011716193288208165,1.6108545456843056e-05,2.2197442128189106e-05,0.000429830747053328,0.00014435227814194808,4.2898421041133383e-05,0.017046547669808326,2.220756438119913e-05,0.00030171801487766103,4.024597803273181e-05,4.5516504815879104e-05,9.4677187073261e-05,5.219603283911884e-05,put_T050_s060_r005_q000,validation
O,0.008147416985593736,0.014133000047877431,0.00047705060424048335,7.432094584956313e-05,0.0020647047278580135,0.21307035210778527,nan,nan,0.0,0.0,120.0,5.386228417874252e-05,0.00035266265621147763,9.481362723040603e-05,nan,6.832847336695261e-05,0.0011317925988594832,0.00010397644931721063,0.0009614879749624773,0.12640056022408966,1.0,6.091546663173224e-05,0.0002772916232643974,6.92280914507544e-05,0.06746402541581013,7.81251066778736e-05,0.0011317925988594832,0.00012870065503570367,6.561916395911406e-05,0.0011317925988594832,0.00031224904255140105,9.279779528346373e-05,0.60226483293809,0.01657406635547866,5.8324994942717236e-05,0.0003925082096022936,7.683800990928272e-05,0.0002298579964200849,0.0011317925988594832,0.0002704014472117412,12,0.2040633608815427,5.405395410133752e-06,0.0001228745991101246,0.0001228745991101246,6.506503781368022e-05,0.0,put,0.0,softplus,0.00033952832760174995,nan,nan,0.0,0.0,120.0,9.706073826431122e-05,0.000429830959697175,0.00015044950993446164,nan,3.851082784992686e-05,0.000429830959697175,5.2276510880943675e-05,0.0008336186874020086,0.12644483362521888,1.0,6.121522679924687e-05,0.00028752954307831313,6.993444973981182e-05,0.06748925032716395,5.6225238731400674e-05,0.00011716193288208165,6.119035873053795e-05,4.680574144735277e-05,0.000429830959697175,0.00019967806445445385,5.934006578838002e-05,0.016465232977074515,4.4630768283484864e-05,0.00030171801631290185,5.612868116256694e-05,4.551935106672647e-05,9.4677187073261e-05,5.2196960120869697e-05,put_T050_s060_r005_q000,validation
O,0.008164333063177764,0.014133000047877431,0.00047705060424048335,7.432094584956313e-05,0.0020647047278580135,0.21258420723661364,0.2115797544279594,0.23870738962058682,0.0,0.7166666666666667,34.0,0.00013734701712013903,0.0004050426300004628,0.00016905097072198247,0.031256253626348984,6.163716914752661e-05,0.0011300328220793191,0.00010672164759100393,0.0011320141246755925,0.8557249202410493,0.8137535816618912,1.7943290913224663e-05,0.0002650899668181772,4.222237618339072e-05,0.902261259577649,3.019213497615825e-05,0.0011300328220793191,0.00011630829147512232,4.566790868500699e-05,0.0011300328220793191,0.0002986640792355425,8.876045818094601e-05,0.60226483293809,0.02445841392444315,3.9472002765012426e-05,0.0004283094949898425,7.13620336171232e-05,0.0002249492249986892,0.0011300328220793191,0.000270250695852114,16,0.206198347107438,7.853172414015388e-06,0.0001253831195361238,0.0002650899668181772,0.00025587718496838664,0.0002650899668181772,put,0.0002650899668181772,raw,0.0002650899668182032,0.22118919607060522,0.2498531815425838,0.0,0.7166666666666667,34.0,0.0001485893433883218,0.0004656322450847239,0.00019734539570148382,0.031208058150369693,3.221506371243081e-05,0.0004656322450847239,5.351142171701199e-05,0.00105737282404776,0.8512675057613899,0.8093713129951121,1.891825193399703e-05,0.0003826655079817165,4.5055836212166075e-05,0.8977378949336324,8.561418505248661e-06,0.0001653532453779749,2.2003257370111963e-05,2.7357154675968664e-05,0.0004656322450847239,0.00017022199004301675,5.058634815686325e-05,0.02442779115607692,2.6622367499937972e-05,0.000302927078924875,4.5892706721435896e-05,4.593025557482638e-05,9.540595636309615e-05,5.376997997482616e-05,put_T050_s060_r005_q000,validation
O,0.008161792065948248,0.014133000047877431,0.00047705060424048335,7.432094584956313e-05,0.0020647047278580135,0.025835127439405515,0.2190556711896144,0.24662870265945042,0.0,0.7166666666666667,34.0,6.684824198834263e-05,0.0004050426300004628,0.00012426837216122764,0.03143788354346954,5.955202608154091e-05,0.0011300328220793191,0.00010631034001537403,0.0010229311180246143,0.8557249202410493,0.8137535816618912,3.400503453550589e-06,0.0002086584082735543,1.4567395446635074e-05,0.902261259577649,2.634275703179187e-05,0.0011300328220793191,0.00011540925282398926,3.9029739517619296e-05,0.0011300328220793191,0.0002864819865241864,8.514004245023482e-05,0.60226483293809,0.021650591361777608,3.3328696324225836e-05,0.0004283094949898425,6.791700962794327e-05,0.0002249492249986892,0.0011300328220793191,0.000270250695852114,16,0.00020661157024793388,7.853172414015388e-06,0.0001253831195361238,0.0001253831195361238,9.76740652441882e-05,0.0,put,0.0,hard,0.0002650899668182032,0.22866774918236396,0.2578446503700202,0.0,0.7166666666666667,34.0,0.00010721582300165384,0.0004656322450847239,0.0001792594614306001,0.030719912807718807,3.0179586477228127e-05,0.0004656322450847239,5.2787831186887114e-05,0.0009062178377675148,0.8512675057613899,0.8093713129951121,4.284529684937417e-06,0.0003826655079817165,2.104976276314835e-05,0.8977378949336324,4.7120405608822785e-06,0.00013074305712212908,1.6619099273438338e-05,2.071898550858097e-05,0.0004656322450847239,0.00014784421724363628,4.393615093194198e-05,0.02108036616997292,1.993928537403185e-05,0.000302927078924875,3.883252533149776e-05,4.593025557482638e-05,9.540595636309615e-05,5.376997997482616e-05,put_T050_s060_r005_q000,validation
O,0.008149374974891543,0.014133000047877431,0.00047705060424048335,7.432094584956313e-05,0.0020647047278580135,0.21147301895964998,nan,nan,0.0,0.0,120.0,7.966731218054581e-05,0.0004050468293083642,0.00012856722009756165,nan,6.885040214933439e-05,0.0011300328220793178,0.00010899226754860818,0.0011006624567901453,0.12640056022408966,1.0,6.098943794920462e-05,0.000220292486784901,6.488752184385914e-05,0.06746402541581013,7.897905217944152e-05,0.0011300328220793178,0.0001299218207439305,6.597737302325731e-05,0.0011300328220793178,0.00032056935185924263,9.52705213918779e-05,0.60226483293809,0.021413652004325788,5.842136794488695e-05,0.000428309643641267,7.943967490607545e-05,0.00022494618611899127,0.0011300328220793178,0.00027025027313789754,16,0.19931129476584022,7.853172414015388e-06,0.00012538311953614809,0.00012538311953614809,9.76740652441882e-05,0.0,put,0.0,softplus,0.0002650899668182032,nan,nan,0.0,0.0,120.0,0.0001249076258816356,0.0004656323937361484,0.00018381980438810059,nan,3.9338366499438825e-05,0.0004656323937361484,5.791214206076316e-05,0.000985941649900301,0.12644483362521888,1.0,6.162511997876495e-05,0.0003848203588201482,6.66297974823649e-05,0.06748925032716395,5.693122369402777e-05,0.00013074305712212908,6.171028491078762e-05,4.7480695873178016e-05,0.0004656323937361484,0.00020607507982300292,6.124112244102785e-05,0.020960273372492084,4.479995892392641e-05,0.000302927084811222,5.649088239144436e-05,4.59332944545244e-05,9.540595636309615e-05,5.377094760736696e-05,put_T050_s060_r005_q000,validation
O,0.008273708052001894,0.014133000047877431,0.00047705060424048335,7.432094584956313e-05,0.0020647047278580135,0.19091603583582192,0.3737346554984039,0.3812512462623984,0.0,0.275,87.0,6.938344814878388e-05,0.000169094409966708,8.262721690398176e-05,0.039647170534117496,4.927606613028284e-05,0.001112964564278077,9.449057347398992e-05,0.0006244999479565379,0.8876294703928083,0.9301658816301454,9.344220545525589e-06,0.00015974831866422123,2.3370614344684508e-05,0.8488133059241263,2.91332430738754e-05,0.001112964564278077,0.00011138888618281125,3.468175524140667e-05,0.001112964564278077,0.0002576879094621297,7.658268436597054e-05,0.60226483293809,0.00932604795165121,2.7003415762269375e-05,0.00030438927724577014,5.5887043871116384e-05,0.0002379001641130548,0.001112964564278077,0.00026906276658506337,24,0.14758953168044078,1.5359277462427275e-06,6.580999305653285e-05,0.00015974831866422123,0.0001506507075090896,0.00015974831866422123,put,0.00015974831866422123,raw,0.00015974831866422384,0.3824641820394286,0.38977482311319994,0.0,0.275,87.0,6.789169832534646e-05,0.0002029841983996472,8.905983365516803e-05,0.03944695114951186,6.2005771968560855e-06,0.0002029841983996472,1.3686143085912365e-05,0.00042097241856776474,0.8850664581704456,0.9272987917263977,9.828003861010627e-06,0.0001961289592760096,2.448505229138683e-05,0.8465133669844831,5.451857375903823e-06,0.00012159148897955552,1.5259456615633797e-05,7.525835391416746e-06,0.0002029841983996472,6.185595594349202e-05,1.83822720092882e-05,0.009842895741169585,6.683174078203492e-06,0.00015702983974391627,1.4706873625535994e-05,7.826776444572324e-06,3.950778035494498e-05,1.022225473925936e-05,put_T050_s060_r005_q000,validation
O,0.008173874928615987,0.014133000047877431,0.00047705060424048335,7.432094584956313e-05,0.0020647047278580135,0.04972567539412459,0.37766853450806553,0.38402204389706274,0.0,0.275,87.0,2.3514438657777754e-05,0.000169094409966708,4.193192421009263e-05,0.0373828738420835,4.910759517457905e-05,0.001112964564278077,9.444737064072449e-05,0.0005771985481942229,0.8876294703928083,0.9301658816301454,4.195871590429005e-06,0.00013524205840442782,1.5533028255955127e-05,0.8488133059241263,2.830000499873915e-05,0.001112964564278077,0.00011130903474072233,3.2693235984715866e-05,0.001112964564278077,0.00025511310296784113,7.581747348173798e-05,0.60226483293809,0.007080676749857767,2.5599348967043772e-05,0.00030438927724577014,5.553253341065267e-05,0.0002379001641130548,0.001112964564278077,0.00026906276658506337,24,0.0035123966942148762,1.5359277462427275e-06,6.580999305653285e-05,6.580999305653285e-05,3.670689027842899e-05,0.0,put,0.0,hard,0.00015974831866422384,0.3863980610490903,0.3925660964749067,0.0,0.275,87.0,3.698969657409939e-05,0.0002029841983996472,6.833536107379086e-05,0.037204070529680014,6.1100569386795665e-06,0.0002029841983996472,1.365627402009583e-05,0.00030382334923324686,0.8850664581704456,0.9272987917263977,4.542381090729484e-06,0.0001961289592760096,1.6894815296622645e-05,0.8465133669844831,4.618619300767577e-06,0.00012159148897955552,1.4674574866375374e-05,5.537316134725944e-06,0.0002029841983996472,5.0209419106236694e-05,1.4921169438919675e-05,0.0068293920412512785,4.990971724295473e-06,0.00013524205840442782,1.197228263511298e-05,7.826776444572324e-06,3.950778035494498e-05,1.022225473925936e-05,put_T050_s060_r005_q000,validation
O,0.00814595795236528,0.014133000047877431,0.00047705060424048335,7.432094584956313e-05,0.0020647047278580135,0.1952218904090562,nan,nan,0.0,0.0,120.0,4.304007034179059e-05,0.00018225659472692612,5.434842927617251e-05,nan,6.384537133109566e-05,0.0011129645642780758,9.891043977729051e-05,0.0007233419979665712,0.12640056022408966,1.0,6.476339691502394e-05,0.00015824313075996077,6.804335073147961e-05,0.06746402541581013,8.163713676815418e-05,0.0011129645642780758,0.00012739851023617173,6.418089178049121e-05,0.0011129645642780758,0.0002990693783520699,8.888090967740779e-05,0.60226483293809,0.007110045242158718,5.590902734616181e-05,0.00030438927724577014,7.16366433453865e-05,0.00023789677895408458,0.0011129645642780758,0.0002690621586402048,24,0.14228650137741047,1.5359277462427275e-06,6.58099930565606e-05,6.58099930565606e-05,3.6706890437421257e-05,0.0,put,0.0,softplus,0.00015974831866422384,nan,nan,0.0,0.0,120.0,6.131270955181568e-05,0.00020929114403622773,8.10004637614108e-05,nan,2.0841241138888607e-05,0.00020832802328868416,3.2387813221466634e-05,0.0005104241472863166,0.12644483362521888,1.0,6.492625707794816e-05,0.00020929114403622773,6.836484981035732e-05,0.06748925032716395,5.79427028536834e-05,0.00014755359192386575,6.348065888479734e-05,3.694743267348525e-05,0.00020929114403622773,0.00016392878683099023,4.871614226498633e-05,0.006783409647614072,3.5123788634047744e-05,0.00015824313075996077,4.669868778454824e-05,7.83016160354267e-06,3.950778035494498e-05,1.022436738177145e-05,put_T050_s060_r005_q000,validation
O,0.008382249972783029,0.014133000047877431,0.00047705060424048335,7.432094584956313e-05,0.0020647047278580135,0.19320786165705953,0.4742763040378677,0.47658427572585993,0.0,0.7416666666666667,31.0,6.384668373450806e-05,0.00016050847207504937,7.20474444563301e-05,0.007731664410435986,4.8961465611874774e-05,0.0011149611206051498,9.413465184104726e-05,0.0005824894247011763,0.8458131630445977,0.9421753097751262,7.698695350002863e-06,0.00012913106822032283,1.9394057097496017e-05,0.7673332087460287,2.83441641871542e-05,0.0011149611206051498,0.00011051762838138412,3.3880727706589846e-05,0.0011149611206051498,0.0002553763017356223,7.589569394695333e-05,0.60226483293809,0.007783479148352341,2.6275079272313935e-05,0.0002973794368345828,5.5257269674334814e-05,0.0002376747826290125,0.0011149611206051498,0.00026861564952070565,32,0.11487603305785124,1.2880242475783096e-06,6.228407414549456e-05,0.00012913106822032283,0.00012230149964691795,0.00012913106822032283,put,0.00012913106822032283,raw,0.00012913106822032543,0.4851730021594956,0.4872711761401212,0.0,0.7416666666666667,31.0,5.8289717006364665e-05,0.00018754302138435097,7.73667445107481e-05,0.008758183272872705,5.459337667450022e-06,0.00018039531717761736,1.182223405416768e-05,0.0003500325877250338,0.8437210260636654,0.9396512161541992,8.169413821183613e-06,0.00018754302138435097,2.0597139402961206e-05,0.7655636567582725,4.239042632007639e-06,9.977351614226526e-05,1.1231824374772376e-05,6.449447451366488e-06,0.00018754302138435097,5.253001704684316e-05,1.5610801696925545e-05,0.007882488377126212,5.762204657146693e-06,0.00012185329236164,1.2510490143507152e-05,7.169126895159107e-06,3.462102149742047e-05,9.29552244918912e-06,put_T050_s060_r005_q000,validation
O,0.00819345808122307,0.014133000047877431,0.00047705060424048335,7.432094584956313e-05,0.0020647047278580135,0.09583998888811723,0.4743051650659735,0.4766180878299078,0.0,0.7416666666666667,31.0,2.472256508578441e-05,0.00016050847207504937,3.980787418090843e-05,0.007751379832204328,4.881340869467573e-05,0.0011149611206051498,9.409255134284068e-05,0.0005593119453932997,0.8458131630445977,0.9421753097751262,4.2412192031407324e-06,0.00010978558106589098,1.3572989094577277e-05,0.7673332087460287,2.7754199582063372e-05,0.0011149611206051498,0.00011041634141126756,3.252314259473695e-05,0.0011149611206051498,0.000253704607635524,7.539888048802346e-05,0.60226483293809,0.00660982679585863,2.5449329857763055e-05,0.0002973794368345828,5.508519470735441e-05,0.0002376747826290125,0.0011149611206051498,0.00026861564952070565,32,0.017079889807162536,1.2880242475783096e-06,6.228407414549456e-05,6.228407414549456e-05,3.3097428791786784e-05,0.0,put,0.0,hard,0.00012913106822032543,0.48520186318760145,0.48730447935326926,0.0,0.7416666666666667,31.0,3.059314424533668e-05,0.00018754302138435097,5.8836585411037785e-05,0.008726082436577206,5.394139127813159e-06,0.00018039531717761736,1.1796866858628407e-05,0.0002723740416436731,0.8437210260636654,0.9396512161541992,4.566763084161245e-06,0.00018754302138435097,1.4956670403659102e-05,0.7655636567582725,3.649078026916809e-06,9.977351614226526e-05,1.0229549106099542e-05,5.091862339513583e-06,0.00018754302138435097,4.388050446438452e-05,1.3040350871078369e-05,0.006244212668907254,4.7180218664583065e-06,0.00010978558106589098,1.0882610109627902e-05,7.169126895159107e-06,3.462102149742047e-05,9.29552244918912e-06,put_T050_s060_r005_q000,validation
O,0.008254083106294274,0.014133000047877431,0.00047705060424048335,7.432094584956313e-05,0.0020647047278580135,0.19911104937842905,nan,nan,0.0,0.0,120.0,4.458899359425159e-05,0.00017477025859669038,5.3228413309180255e-05,nan,6.355578899796081e-05,0.0011149611206051485,9.859838357464747e-05,0.0007124160537988674,0.12640056022408966,1.0,6.544239679715892e-05,0.00013857270562689372,6.844515902867025e-05,0.06746402541581013,8.123712815332759e-05,0.0011149611206051485,0.0001266878886722646,6.42453073596512e-05,0.0011149611206051485,0.00029870829786671465,8.877359958708034e-05,0.60226483293809,0.0066535593446193815,5.599902231585785e-05,0.0002973794368345828,7.163001533760143e-05,0.00023767129416512028,0.0011149611206051485,0.0002686149829468567,32,0.11095041322314049,1.2880242475788835e-06,6.228407414552231e-05,6.228407414552231e-05,3.473230697440028e-05,0.0,put,0.0,softplus,0.00012913106822032543,nan,nan,0.0,0.0,120.0,5.590494419685296e-05,0.00020180480790599198,7.330896313391982e-05,nan,2.0091437391178477e-05,0.00018812998794565106,3.1754327749396614e-05,0.0004954605340224949,0.12644483362521888,1.0,6.558552579751262e-05,0.00020180480790599198,6.872664281153696e-05,0.06748925032716395,5.7062164556327464e-05,0.00013116064622831214,6.27401144965431e-05,3.67124249525118e-05,0.00020180480790599198,0.00016366376481573517,4.8637383369443296e-05,0.006125271783230153,3.506915979409604e-05,0.00013857270562689372,4.696849928941905e-05,7.172615359051412e-06,3.462102149742047e-05,9.296789063704164e-06,put_T050_s060_r005_q000,validation
O,0.008322291076183319,0.014426499954424798,0.0004677435750927364,7.120822146141186e-05,0.0017914867152148497,0.2250156260851448,0.4741336366496637,0.4812620239903746,0.0,1.0,0.0,0.0006268475519873174,0.0013955105973213477,0.0007117662062547494,0.007628277247361513,0.00044580610428757487,0.0026135720165605947,0.0005571103086053537,0.004174101083246722,0.5824421785625465,0.5123978996499416,6.522164191905253e-05,0.0008349465366571662,0.00011177296715874265,0.674668715191089,4.503724506215252e-05,0.0009460450948962544,0.00010826577663713338,0.0003104531027471817,0.0026135720165605947,0.001519986344368177,0.000452142448945553,0.6094584999373183,0.0574580915737357,0.0003290072443122207,0.0026135720165605947,0.00046507449558782815,0.00048224310934759314,0.0010454400920459767,0.000571045636554399,4,0.31742424242424244,3.0313054970096054e-05,0.00031002893438016217,0.0005815171826763948,0.0005786525830422658,0.0005815171826763948,put,0.0005815171826763948,raw,0.0005815171826763948,0.48509020882999343,0.4917418578417264,0.0,1.0,0.0,0.0008016370955028281,0.0015576775060422987,0.0008894812387327882,0.008925760723723506,0.00045332353216898374,0.002480195552634401,0.0005599351103342796,0.00415697282189813,0.5752175714877746,0.5061260210035006,7.061171103615211e-05,0.0011379852543056401,0.00013384936388392474,0.6661547321942791,5.866922793757668e-05,0.001113025744219058,0.00014646578504273663,0.0003171616664302418,0.002480195552634401,0.0015345600511519895,0.00045645821350812733,0.05622912591628028,0.0003243547808632899,0.002480195552634401,0.00045128898385863496,0.0006570006315484827,0.0012948952333816793,0.000746782301246564,put_T050_s060_r005_q003,validation
O,0.008319042040966451,0.014426499954424798,0.0004677435750927364,7.120822146141186e-05,0.0017914867152148497,0.058129036738662404,0.4741336366496637,0.4812620239903746,0.0,1.0,0.0,0.0006268475519873174,0.0013955105973213477,0.0007117662062547494,0.007628277247361513,0.0003380784045087293,0.0026135720165605947,0.0005005893776876176,0.004172718039620923,0.5824421785625465,0.5123978996499416,3.956965566854934e-05,0.0008349465366571662,9.501180921319819e-05,0.674668715191089,3.932235522727539e-05,0.0009460450948962544,0.00010570573859660276,0.0002319152288232695,0.0026135720165605947,0.0013642180534245076,0.00040580686389487934,0.6094584999373183,0.0576078807361956,0.00023634289323930504,0.0026135720165605947,0.0004112063951590411,0.00048224310934759314,0.0010454400920459767,0.000571045636554399,4,0.0,3.0313054970096054e-05,0.00032166172633603385,0.00032166172633603385,0.0003043939540006715,0.0,put,0.0,hard,0.0005815171826763948,0.48509020882999343,0.4917418578417264,0.0,1.0,0.0,0.0008016370955028281,0.0015576775060422987,0.0008894812387327882,0.008925760723723506,0.00034491288988497117,0.002480195552634401,0.0005033575201970443,0.004155813505917495,0.5752175714877746,0.5061260210035006,4.61648240910201e-05,0.0011379852543056401,0.00012117752378837739,0.6661547321942791,5.295433810269956e-05,0.001113025744219058,0.0001444795461755589,0.0002386237925063296,0.002480195552634401,0.001379803423567368,0.0004104255191845721,0.056401886926601696,0.0002316904297903743,0.002480195552634401,0.00039532512560910675,0.0006570006315484827,0.0012948952333816793,0.000746782301246564,put_T050_s060_r005_q003,validation
O,0.008470042026601732,0.014426499954424798,0.0004677435750927364,7.120822146141186e-05,0.0017914867152148497,0.1720258351274394,nan,nan,0.0,0.0,120.0,0.0006303609768105869,0.0013955105981894311,0.0007126795387194917,nan,0.0003349862813233235,0.0026135720165605947,0.0004986350104407109,0.004170383777893398,0.11566805511054148,0.34879227053140094,8.345433492117976e-05,0.0008349699566406743,0.00011397543932954789,0.06932974841559439,8.627157404013379e-05,0.0009460450948962549,0.00012199843503453485,0.00024553017553027916,0.0026135720165605947,0.0013648439718792881,0.0004059930526090302,0.6094584999373183,0.05727076405324253,0.0002465099948236305,0.0026135720165605947,0.00041082943930192695,0.000482243990734915,0.0010454400920459767,0.0005710456764014381,4,0.30785123966942146,3.0313054970096054e-05,0.0003100289343801674,0.0003100289343801674,0.0002058541241049781,0.0,put,0.0,softplus,0.0005815171826763948,nan,nan,0.0,0.0,120.0,0.0008038019739499807,0.0015576775060502923,0.0008898840811273095,nan,0.0003418127112220668,0.002480195552634401,0.0005013903332230007,0.004152797395119881,0.11563100576553491,0.34879227053140094,8.98238683797281e-05,0.0011379863966324288,0.00013653653094176542,0.06930312919946247,9.939256228511288e-05,0.001113025744219058,0.00015666283171655786,0.0002521596900919703,0.002480195552634401,0.0013803560226381833,0.0004105898909759928,0.05615021785709384,0.0002418450382872424,0.002480195552634401,0.00039492697433581557,0.0006570015129358183,0.0012948952333816793,0.0007467823615326097,put_T050_s060_r005_q003,validation
O,0.00854466704186052,0.014426499954424798,0.0004677435750927364,7.120822146141186e-05,0.0017914867152148497,0.19022154316271964,0.0634105446167819,0.09944222575646433,0.0,1.0,0.0,0.00043275309864284587,0.0009592695168839649,0.0005035542962202424,0.008485753159274946,0.0001682384083330306,0.0014427042228700726,0.0002526145181680781,0.0030434102362997253,0.7945271629778673,0.6838459407037961,6.79788118764406e-05,0.0005506189418866825,0.00013159340683828889,0.9479546763971577,3.3401123210188696e-05,0.0010612515174702026,0.00010635287768830958,0.00013258157350279603,0.0014427042228700726,0.0007309572349319254,0.00021743405491841475,0.6094584999373183,0.05502394261328036,0.00013133803652991033,0.0014427042228700726,0.00021086662748591954,0.00032442578114423966,0.0010612515174702026,0.0003663339616759322,8,0.2633608815426997,2.1394891107856455e-05,0.0004482853468674372,0.0005506189418866825,0.0005318255361666635,0.0005506189418866825,put,0.0005506189418866825,raw,0.0005506189418867237,0.0743671167971116,0.10563053746794254,0.0,1.0,0.0,0.0005845968251461309,0.0010663061838654952,0.0006450495212519874,0.009509409088323786,0.00016644734482560743,0.0013305592470864713,0.0002461935597165422,0.0030083334919317013,0.7876398165285265,0.6780271543363813,7.226865617781928e-05,0.0007969979595179311,0.00014181018810514238,0.9395277404492225,2.6962047866939826e-05,0.00042847074636560845,6.749947178142541e-05,0.00013294029003656785,0.0013305592470864713,0.0007226231322335128,0.00021494581703162491,0.053447308403630774,0.00013451429902581845,0.0013305592470864713,0.0002087804531173967,0.0002006862833519217,0.0005350880106173572,0.00024370462857356583,put_T050_s060_r005_q003,validation
O,0.008350291987881064,0.014426499954424798,0.0004677435750927364,7.120822146141186e-05,0.0017914867152148497,0.004444753107854712,0.0759889256166845,0.10772324714962248,0.0,1.0,0.0,0.00043154023630405386,0.0009592695168839649,0.0005034890680042076,0.010035076355110237,0.00014594705653296267,0.0014427042228700726,0.0002447883230078032,0.002911421822742252,0.7945271629778673,0.6838459407037961,7.543623631555595e-06,0.0005278381283754796,4.365502095578173e-05,0.9479546763971577,2.9591438325669467e-05,0.0010612515174702026,0.000105782132800579,9.672455293910796e-05,0.0014427042228700726,0.0006663408250253778,0.00019821294683052568,0.6094584999373183,0.05456526623433071,8.92084948804384e-05,0.0014427042228700726,0.00018703211284846252,0.00032442578114423966,0.0010612515174702026,0.0003663339616759322,8,0.0,2.1394891107856455e-05,0.0004482853468674372,0.0004482853468674372,0.0004057185012596404,0.0,put,0.0,hard,0.0005506189418867237,0.08694549779701419,0.11490876826884996,0.0,1.0,0.0,0.0005845968251461309,0.0010663061838654952,0.0006450495212519874,0.011545229057657957,0.00014389161213578048,0.0013305592470864713,0.0002380466410059895,0.0028724473621560185,0.7876398165285265,0.6780271543363813,1.2326831001680002e-05,0.0007969979595179311,6.88529823439867e-05,0.9395277404492225,2.3152362982420598e-05,0.00042847074636560845,6.655231245825803e-05,9.708326947287977e-05,0.0013305592470864713,0.000657006196098541,0.00019542791714783627,0.05363372921383942,9.236111483562936e-05,0.0013305592470864713,0.00018460965080648235,0.0002006862833519217,0.0005350880106173572,0.00024370462857356583,put_T050_s060_r005_q003,validation
O,0.008163416991010308,0.014426499954424798,0.0004677435750927364,7.120822146141186e-05,0.0017914867152148497,0.15966386554621848,nan,nan,0.0,0.0,120.0,0.0004404954445297649,0.0009592695849756083,0.0005057337636680855,nan,0.00014215433552781202,0.0014427042228700726,0.00024302653628588904,0.002921481300533651,0.15550832447750618,1.0,5.3574040833130645e-05,0.0005283458842127442,6.990153150168223e-05,0.08430958325331285,8.013556174003297e-05,0.0010612515174702021,0.00012183560861009985,0.00011065118721313366,0.0014427042228700726,0.000670619828181602,0.0001994857996908618,0.6094584999373183,0.054185718959056536,9.917490562057739e-05,0.0014427042228700726,0.00018730058990305902,0.00032442673932692607,0.0010612515174702021,0.000366333969547047,8,0.2545454545454545,2.1394891107856455e-05,0.0004482853468674372,0.0004482853468674372,0.0004057185012596404,0.0,put,0.0,softplus,0.0005506189418867237,nan,nan,0.0,0.0,120.0,0.0005875641957450762,0.001066306184944854,0.0006460029298402025,nan,0.00014003590912867403,0.0013305592470864713,0.0002361768880906825,0.0028813011828559176,0.15545325779036825,1.0,5.7971163866020075e-05,0.0007970325221483554,8.779725683881858e-05,0.08427721251679784,7.312140431456766e-05,0.00042847074636560845,8.967267543376399e-05,0.00011083877381871127,0.0013305592470864713,0.000661161359768296,0.00019666387958808517,0.05321761796790086,0.00010230565049350644,0.0013305592470864713,0.00018487566298617793,0.00020068739314943782,0.0005350880106173572,0.00024370475691993737,put_T050_s060_r005_q003,validation
O,0.008162125013768673,0.014426499954424798,0.0004677435750927364,7.120822146141186e-05,0.0017914867152148497,0.20376415028821446,0.19440460674465135,0.19588201448647732,0.0,0.9666666666666667,4.0,0.00010021094968525115,0.00037085193121533244,0.00013111434276443738,0.007026179599358518,6.353119986829177e-05,0.0011074011616220864,0.0001104453653002254,0.0012181183037237827,0.8565337123567558,0.7968595041322314,1.7577225563333187e-05,0.00019782820875680063,3.532456052036428e-05,0.9258690224697522,2.8293017202777324e-05,0.0011074011616220864,0.00011324871027679452,4.718789379589784e-05,0.0011074011616220864,0.0003063382628389653,9.112485311393443e-05,0.6094584999373183,0.026904255126215866,4.193097052953559e-05,0.0004298726031184419,7.472440382684493e-05,0.0002284446229103838,0.0011074011616220864,0.00028031096343158763,12,0.21012396694214877,7.31065608552414e-06,0.00019101422230248175,0.00019782820875680063,0.00019413708025387832,0.00019782820875680063,put,0.00019782820875680063,raw,0.0001978282087568002,0.20538289503710677,0.20705200558947023,0.0,0.9666666666666667,4.0,0.00013415907196712411,0.0004662917830625668,0.0001792705946087322,0.008931209084313453,3.867540093833626e-05,0.0004662917830625668,6.191176795465561e-05,0.001120269590558571,0.8510524913402611,0.791900826446281,1.8385587846731637e-05,0.0003596259545650682,3.80704499816255e-05,0.919754271453254,9.303403805925965e-06,0.0001445355802386361,2.2512709674349303e-05,3.1456656563350364e-05,0.0004662917830625668,0.0001836767177615959,5.463503783351821e-05,0.026531207660849515,3.1099486412762216e-05,0.00033825224248484886,5.151890819958058e-05,5.7517535695297026e-05,0.0001511701170415769,6.793283947514691e-05,put_T050_s060_r005_q003,validation
O,0.00812208408024162,0.014426499954424798,0.0004677435750927364,7.120822146141186e-05,0.0017914867152148497,0.01708451975831655,0.206596801025431,0.20786030044865378,0.0,0.9666666666666667,4.0,5.8691151596640634e-05,0.00037085193121533244,0.00011140481997461851,0.009030161503824498,6.099306780629106e-05,0.0011074011616220864,0.0001099693779514307,0.0011277855195874439,0.8565337123567558,0.7968595041322314,2.7631808632493176e-06,0.0001655905152855297,1.3315377378464248e-05,0.9258690224697522,2.584638427127547e-05,0.0011074011616220864,0.00011301846142457838,4.028389347991865e-05,0.0011074011616220864,0.0002979537249321463,8.863074813956257e-05,0.6094584999373183,0.02436579024082291,3.480230011016602e-05,0.0004298726031184419,7.17528038298733e-05,0.0002284446229103838,0.0011074011616220864,0.00028031096343158763,12,0.0,7.31065608552414e-06,0.00019101422230248175,0.00019101422230248175,8.824519751827603e-05,0.0,put,0.0,hard,0.0001978282087568002,0.2175750893178864,0.2191251128394621,0.0,0.9666666666666667,4.0,0.00011298422310634931,0.0004662917830625668,0.00017358338575144405,0.010946395851208917,3.608358584463685e-05,0.0004662917830625668,6.103106567650967e-05,0.0010069285436425557,0.8510524913402611,0.791900826446281,3.6734610157701353e-06,0.0003596259545650682,1.9516534591025582e-05,0.919754271453254,6.85677087442411e-06,0.0001445355802386361,2.129336909098044e-05,2.4552656247371174e-05,0.0004662917830625668,0.00016926996144547968,5.0349716939386576e-05,0.023735408291153153,2.358756053666303e-05,0.00033825224248484886,4.6517530750159326e-05,5.7517535695297026e-05,0.0001511701170415769,6.793283947514691e-05,put_T050_s060_r005_q003,validation
O,0.008111500064842403,0.014426499954424798,0.0004677435750927364,7.120822146141186e-05,0.0017914867152148497,0.2034169039516633,nan,nan,0.0,0.0,120.0,8.716970028834591e-05,0.0003708763940082349,0.00012052879242986715,nan,6.888823916128603e-05,0.001107401161622086,0.00011212469638191964,0.00119639346604698,0.12966954022988506,1.0,5.988279889865903e-05,0.00018290733770631729,6.35743974844702e-05,0.06932974841559439,7.890630899152144e-05,0.001107401161622086,0.00012814455486448068,6.568549840262892e-05,0.001107401161622086,0.00032832035025414524,9.766375056762575e-05,0.6094584999373183,0.024096938786242552,5.7767184540749426e-05,0.00042987303863961657,8.153278592778279e-05,0.0002284433487347306,0.001107401161622086,0.0002803109119363123,12,0.20296143250688706,7.310656085531007e-06,0.00019101422230248868,0.00019101422230248868,8.824519751827603e-05,0.0,put,0.0,softplus,0.0001978282087568002,nan,nan,0.0,0.0,120.0,0.00013691510522060834,0.0004662922185837415,0.00018031515135178162,nan,4.3541188649748846e-05,0.0004662922185837415,6.463590307612002e-05,0.0010775088224898456,0.1296229802513465,1.0,6.0590191709947126e-05,0.00036233163048238204,6.52326119041316e-05,0.06930312919946247,5.9476063677978415e-05,0.0001445355802386361,6.375892855749773e-05,4.960691209354182e-05,0.0004662922185837415,0.00021801431444172354,6.484883039576266e-05,0.023558327675202387,4.627394813995918e-05,0.0003382522529299381,6.0394880870469934e-05,5.7518809870950305e-05,0.0001511701170415769,6.793310928560249e-05,put_T050_s060_r005_q003,validation
O,0.00819345808122307,0.014426499954424798,0.0004677435750927364,7.120822146141186e-05,0.0017914867152148497,0.21140356969233975,0.19210032844274624,0.2039716842511017,0.0,0.9166666666666666,10.0,0.000111793151880366,0.00031560751460124603,0.00013862483216876988,0.026086607956069475,5.9606047393515265e-05,0.0011178673777961549,9.923589502135494e-05,0.0010859421376849053,0.863127741473458,0.8083501006036218,2.4096839647536877e-05,0.0002822623139189795,5.2300262076498094e-05,0.9258690224697522,2.8133198524973258e-05,0.0011178673777961549,0.0001089545221463802,4.6977371433313815e-05,0.0011178673777961549,0.00028758631494123606,8.55468084976829e-05,0.6094584999373183,0.02361647819368278,4.183675417138183e-05,0.0003922412260350949,7.007587027601158e-05,0.00021901554921136983,0.0011178673777961549,0.0002597320172913149,16,0.20681818181818182,5.540923716584805e-06,0.00010993491067062128,0.0002822623139189795,0.00027882153302902777,0.0002822623139189795,put,0.0002822623139189795,raw,0.0002822623139189656,0.20056092797720182,0.2145165629584165,0.0,0.9166666666666666,10.0,0.00012346560847328457,0.00042866040597921984,0.00015917197570838697,0.02739291477756261,3.066205562570631e-05,0.00042866040597921984,4.7218174931174703e-05,0.0010009939533379409,0.8597511858945672,0.8053319919517102,2.4641709113563455e-05,0.00028308371707241875,5.3235893577669975e-05,0.9220579765789979,7.870170316423258e-06,0.00010453678250219034,1.681538658940171e-05,2.8520126455447985e-05,0.00042866040597921984,0.0001662222740238055,4.9443175709680855e-05,0.023964438168366256,2.9018093413849314e-05,0.0003273836764385307,4.8014944002891236e-05,3.413403386359425e-05,8.633171237837356e-05,4.025925589774644e-05,put_T050_s060_r005_q003,validation
O,0.008106584078632295,0.014426499954424798,0.0004677435750927364,7.120822146141186e-05,0.0017914867152148497,0.01833460656990069,0.2019536770609149,0.21569176288603273,0.0,0.9166666666666666,10.0,3.671915083663391e-05,0.00031560751460124603,7.903968606368296e-05,0.02782377343548278,5.716205273998499e-05,0.0011178673777961549,9.86888131134e-05,0.0009051171641414555,0.863127741473458,0.8083501006036218,5.2873848960506854e-06,0.00024124554447257918,2.5631167322385157e-05,0.9258690224697522,2.4611294091674003e-05,0.0011178673777961549,0.00010848450081554542,3.871308098509353e-05,0.0011178673777961549,0.0002712266893570846,8.068039558360817e-05,0.6094584999373183,0.018740640468302455,3.386854521753983e-05,0.0003922412260350949,6.489357724038634e-05,0.00021901554921136983,0.0011178673777961549,0.0002597320172913149,16,0.0,5.540923716584805e-06,0.00010993491067062128,0.00010993491067062128,6.394372214309496e-05,0.0,put,0.0,hard,0.0002822623139189656,0.21045300536151837,0.2262780303927365,0.0,0.9166666666666666,10.0,8.12125572627776e-05,0.00042866040597921984,0.0001383350213301801,0.028294122011498637,2.8242078259152486e-05,0.00042866040597921984,4.610055443102353e-05,0.0007712398077252646,0.8597511858945672,0.8053319919517102,5.795049499231039e-06,0.00028308371707241875,2.7336009694834268e-05,0.9220579765789979,4.348265883124002e-06,0.00010453678250219034,1.3352512131455892e-05,2.0255836007227697e-05,0.00042866040597921984,0.0001359379633609474,4.0435041859124756e-05,0.01845847984969019,2.042752165658255e-05,0.0003273836764385307,3.8401374309277117e-05,3.413403386359425e-05,8.633171237837356e-05,4.025925589774644e-05,put_T050_s060_r005_q003,validation
O,0.0080719159450382,0.014426499954424798,0.0004677435750927364,7.120822146141186e-05,0.0017914867152148497,0.2106396277519272,nan,nan,0.0,0.0,120.0,5.72074408313449e-05,0.00031565001473743415,8.660267009563185e-05,nan,6.57044629096916e-05,0.0011178673777961544,0.00010133840931757064,0.0009882957006647163,0.12966954022988506,1.0,6.0711778825790035e-05,0.0002498261538551594,6.674775315856411e-05,0.06932974841559439,7.704751000116067e-05,0.0011178673777961544,0.00012382585283965495,6.392883924840649e-05,0.0011178673777961544,0.00030444984115301306,9.0563114116152e-05,0.6094584999373183,0.01830496340903109,5.6839865035841435e-05,0.00039224186054720445,7.581884170871832e-05,0.00021901415933617586,0.0011178673777961544,0.0002597319097574401,16,0.19993112947658404,5.540923716584805e-06,0.00010993491067063169,0.00010993491067063169,6.394372214309496e-05,0.0,put,0.0,softplus,0.0002822623139189656,nan,nan,0.0,0.0,120.0,0.00010359526517209286,0.00042866104049132936,0.00014486372446412905,nan,3.649736051874591e-05,0.00042866104049132936,5.135110379707002e-05,0.0008622432261875604,0.1296229802513465,1.0,6.105412344619623e-05,0.0002888127742424196,6.745567879417028e-05,0.06930312919946247,5.606666377235068e-05,0.00010453678250219034,6.086059676838074e-05,4.5234207598118133e-05,0.00042866104049132936,0.0001936417972627391,5.759917233131361e-05,0.018115413127297794,4.31669223942554e-05,0.0003273836780084416,5.471659121666111e-05,3.413542373878831e-05,8.633171237837356e-05,4.0259452347431636e-05,put_T050_s060_r005_q003,validation
O,0.008226625039242208,0.014426499954424798,0.0004677435750927364,7.120822146141186e-05,0.0017914867152148497,0.20056948399194388,0.41602041773367693,0.41906180696502676,0.0,0.2833333333333333,86.0,5.227061384649641e-05,0.00016586748814018115,6.183487202862435e-05,0.034780490458609675,4.762627343308808e-05,0.0011267307223038598,9.083689199687001e-05,0.0005858361706533081,0.8583725352817535,0.8963210702341137,7.2691613475324105e-06,0.0001129965222428364,1.7124468893903625e-05,0.8235068177453428,2.7908589989375607e-05,0.0011267307223038598,0.00011113347533628393,3.327346401914858e-05,0.0011267307223038598,0.00024751838902671293,7.362801053328932e-05,0.6094584999373183,0.008219285988973042,2.615360426938214e-05,0.0002927699919865745,5.301692345339173e-05,0.00023051630939107583,0.0011267307223038598,0.0002635993003283286,24,0.16349862258953168,3.8941748980752726e-06,7.119061801462954e-05,0.0001129965222428364,0.00010952525187141182,0.0001129965222428364,put,0.0001129965222428364,raw,0.00011299652224283901,0.4260154566167759,0.4287910407118956,0.0,0.2833333333333333,86.0,4.95834329154944e-05,0.00019269821358935957,6.632922508652657e-05,0.03655871751800294,8.11970128544757e-06,0.0001443886680704276,1.3591678258178697e-05,0.0003353932029141719,0.8557990593415391,0.8938127090301003,7.713394814045334e-06,0.00019269821358935957,1.8427418446124615e-05,0.8208869264734114,4.758956680655618e-06,9.716316382174517e-05,1.2325849039737596e-05,7.97514487471509e-06,0.00019269821358935957,5.2062732867340216e-05,1.548617274191197e-05,0.00830792315347826,7.541227512633012e-06,0.0001129965222428364,1.32317902368155e-05,1.0762560394358953e-05,5.106996851872089e-05,1.4108157412719247e-05,put_T050_s060_r005_q003,validation
O,0.008182583027519286,0.014426499954424798,0.0004677435750927364,7.120822146141186e-05,0.0017914867152148497,0.05396208070004861,0.41605490824238256,0.41910306117850793,0.0,0.2833333333333333,86.0,2.0270121482866255e-05,0.00016586748814018115,3.4957207531576164e-05,0.03477053152140203,4.731768163301747e-05,0.0011267307223038598,9.077932175120728e-05,0.0005619469842067589,0.8583725352817535,0.8963210702341137,3.2717397203917464e-06,0.0001023972970707332,1.1147526975011803e-05,0.8235068177453428,2.7396654449852526e-05,0.0011267307223038598,0.00011111349552217106,3.165295794344421e-05,0.0011267307223038598,0.0002459878855695124,7.317273961337461e-05,0.6094584999373183,0.007055852005434178,2.4903981052627833e-05,0.0002927699919865745,5.2747907255473474e-05,0.00023051630939107583,0.0011267307223038598,0.0002635993003283286,24,0.0013774104683195593,3.8941748980752726e-06,7.119061801462954e-05,7.119061801462954e-05,5.0892719634490494e-05,0.0,put,0.0,hard,0.00011299652224283901,0.4260499471254815,0.4288318960556775,0.0,0.2833333333333333,86.0,2.699156883982258e-05,0.00019269821358935957,5.1777012191850884e-05,0.036549094689724455,7.888974688959083e-06,0.0001443886680704276,1.3481231848554908e-05,0.00026882698177778294,0.8557990593415391,0.8938127090301003,3.5763980399412374e-06,0.00019269821358935957,1.2707380334386185e-05,0.8208869264734114,4.247021141132543e-06,9.716316382174517e-05,1.2136803059841353e-05,6.354638799010721e-06,0.00019269821358935957,4.4414217892557355e-05,1.3211105383838437e-05,0.006786796161598781,6.108844742248235e-06,0.0001023972970707332,1.1458371880442677e-05,1.0762560394358953e-05,5.106996851872089e-05,1.4108157412719247e-05,put_T050_s060_r005_q003,validation
O,0.008025792078115046,0.014426499954424798,0.0004677435750927364,7.120822146141186e-05,0.0017914867152148497,0.20515313563441906,nan,nan,0.0,0.0,120.0,4.627803667399666e-05,0.00017945919614592576,5.476057817157533e-05,nan,6.104753105828819e-05,0.0011267307223038585,9.516993237797727e-05,0.0007110207892369572,0.12966954022988506,1.0,6.44426679919466e-05,0.00013308436210673902,6.731910816228953e-05,0.06932974841559439,8.101318902100393e-05,0.0011267307223038585,0.00012718579270641715,6.225499489365187e-05,0.0011267307223038585,0.00029012167268034807,8.630098820552209e-05,0.6094584999373183,0.0071743777341134645,5.4040618864176516e-05,0.0002927699919865745,6.895782487291891e-05,0.00023051492770142213,0.0011267307223038585,0.00026359919812037665,24,0.15757575757575756,3.8941748980752726e-06,7.119061801464689e-05,7.119061801464689e-05,5.0892719634490494e-05,0.0,put,0.0,softplus,0.00011299652224283901,nan,nan,0.0,0.0,120.0,5.6819055692861224e-05,0.00020628992159510418,6.967880652997253e-05,nan,2.1485915068297074e-05,0.00015830584875398124,3.150324927477532e-05,0.0004962585361257471,0.1296229802513465,1.0,6.457878692237128e-05,0.00020628992159510418,6.759065835742596e-05,0.06930312919946247,5.755613787712155e-05,0.00012926022111120483,6.278406605566967e-05,3.681757065793388e-05,0.00020628992159510418,0.00015998988801476968,4.7589338982052024e-05,0.0069272861497950205,3.5028527718540325e-05,0.00013308436210673902,4.578300539511742e-05,1.0763942084012272e-05,5.106996851872089e-05,1.4108772583948891e-05,put_T050_s060_r005_q003,validation
O,0.00802000006660819,0.014426499954424798,0.0004677435750927364,7.120822146141186e-05,0.0017914867152148497,0.19397180359747204,0.4629333896209454,0.4675464086428726,0.0,0.9333333333333333,8.0,5.0216336132481897e-05,0.0001594456234786934,5.770822183585393e-05,0.02320964140796485,4.658195647829652e-05,0.0011148954078209227,8.91719402948154e-05,0.000536087072480385,0.8575216726160122,0.9143105698129621,6.3355954448755466e-06,9.731631333265156e-05,1.5571898984389982e-05,0.8073746879201076,2.6442774493052304e-05,0.0011148954078209227,0.00010710328363963567,3.2268535134056164e-05,0.0011148954078209227,0.00024264963681559548,7.217972808246326e-05,0.6094584999373183,0.005586874213376989,2.5218152388266558e-05,0.00027791248511140065,5.1997912157580395e-05,0.00022817944430347873,0.0011148954078209227,0.0002590793284863996,32,0.15385674931129475,1.1273610634574792e-06,5.4187345340097476e-05,8.725425310823764e-05,8.554837567191776e-05,8.725425310823764e-05,put,8.725425310823764e-05,raw,8.725425310826367e-05,0.4741909993793164,0.4785397320404271,0.0,0.9333333333333333,8.0,4.325506483327628e-05,0.00018627634892787182,5.644292305895344e-05,0.024208460901846165,4.998138038796874e-06,0.00012185203150527624,8.198484624362132e-06,0.00025111946409807855,0.855511369429999,0.9123531970421923,6.838566163430885e-06,0.00018627634892787182,1.7089580301877242e-05,0.80533691687464,3.4814141663057867e-06,8.111683726769181e-05,9.260420392615299e-06,5.652928702086169e-06,0.00018627634892787182,4.0789602453357606e-05,1.2132955664777863e-05,0.005478367294746223,5.230502930579852e-06,9.731631333265156e-05,1.0038170829654824e-05,5.934502707369942e-06,2.7910706308302557e-05,7.630480093516543e-06,put_T050_s060_r005_q003,validation
O,0.008042250061407685,0.014426499954424798,0.0004677435750927364,7.120822146141186e-05,0.0017914867152148497,0.05167025487881103,0.4629431445947524,0.4675576125136077,0.0,0.9333333333333333,8.0,2.3202949149125732e-05,0.0001594456234786934,3.807121864248062e-05,0.023174234589315265,4.634208835098037e-05,0.0011148954078209227,8.909774213998144e-05,0.0005227581351632083,0.8575216726160122,0.9143105698129621,3.6182217276625535e-06,9.731631333265156e-05,1.2327471572731555e-05,0.8073746879201076,2.6068298982906512e-05,0.0011148954078209227,0.00010707208904857836,3.114755426808877e-05,0.0011148954078209227,0.0002416996308305688,7.189713473274374e-05,0.6094584999373183,0.004827506198827959,2.4437165108347313e-05,0.00027791248511140065,5.188569828087965e-05,0.00022817944430347873,0.0011148954078209227,0.0002590793284863996,32,0.0,1.1273610634574792e-06,5.4187345340097476e-05,5.4187345340097476e-05,1.5974926413674438e-05,0.0,put,0.0,hard,8.725425310826367e-05,0.47420075435312353,0.47855132476918466,0.0,0.9333333333333333,8.0,2.2100708125009685e-05,0.00018627634892787182,4.22528162848652e-05,0.02418742964746262,4.874749777663306e-06,0.00012185203150527624,8.112037330785937e-06,0.00019943177326186895,0.855511369429999,0.9123531970421923,3.911232168495805e-06,0.00018627634892787182,1.3696263248421018e-05,0.80533691687464,3.1069386561599955e-06,8.111683726769181e-05,8.904898755191257e-06,4.531947836118773e-06,0.00018627634892787182,3.512053820746887e-05,1.0446680216646264e-05,0.004483087466143062,4.336423852312921e-06,9.731631333265156e-05,9.10584850254053e-06,5.934502707369942e-06,2.7910706308302557e-05,7.630480093516543e-06,put_T050_s060_r005_q003,validation
O,0.00811137503478676,0.014426499954424798,0.0004677435750927364,7.120822146141186e-05,0.0017914867152148497,0.20140287519966665,nan,nan,0.0,0.0,120.0,4.8185753593986584e-05,0.00017387669675383854,5.60398484399974e-05,nan,6.048560838812156e-05,0.0011148954078209223,9.3613416117564e-05,0.0006796101783829995,0.12966954022988506,1.0,6.519667231018489e-05,0.00012937134594925848,6.807278706921854e-05,0.06932974841559439,7.98597651376781e-05,0.0011148954078209223,0.00012367518766047753,6.216107521703924e-05,0.0011148954078209223,0.0002871252814823401,8.540966726748474e-05,0.6094584999373183,0.004601144136002879,5.405159606157392e-05,0.00027791248511140065,6.858189763681506e-05,0.0002281780089504167,0.0011148954078209223,0.00025907920026086947,32,0.14758953168044078,1.1273610634576956e-06,5.4187345340107884e-05,5.4187345340107884e-05,2.7537431911098403e-05,0.0,put,0.0,softplus,8.725425310826367e-05,nan,nan,0.0,0.0,120.0,5.020093377209566e-05,0.00020070742220301696,6.194404177409121e-05,nan,1.8963933748221282e-05,0.00014212918161127241,2.982776573109558e-05,0.00046025594430323686,0.1296229802513465,1.0,6.52957101169537e-05,0.00020070742220301696,6.830349602358336e-05,0.06930312919946247,5.671378655577594e-05,0.00011788198799322913,6.22571689635773e-05,3.544793232104604e-05,0.00020070742220301696,0.00015886501104019182,4.7254741887694736e-05,0.004169925105003922,3.3789248292670195e-05,0.00012937134594925848,4.570443871484093e-05,5.935938060431836e-06,2.7910706308302557e-05,7.630943748702259e-06,put_T050_s060_r005_q003,validation
O,0.008287500008009374,0.014044292038306594,0.0004652616481758539,6.558530688651847e-05,0.001696641293046636,0.21980693103687757,0.4370691924396623,0.4456447059663228,0.0,1.0,0.0,0.0012420210365439934,0.0021937220710848138,0.0013412842869901132,0.007792005379372652,0.0005201025225821348,0.0032670320377367057,0.0006812881828192558,0.004637928955394408,0.581151832460733,0.5045454545454545,0.0001889194374097442,0.0017774116154413155,0.0003681834250230057,0.6851851851851852,6.246879296691716e-05,0.0009397215289654107,0.00013938962123933148,0.00040650362539370883,0.0032670320377367057,0.0019907375862487395,0.0005928259284275476,0.5941086660604924,0.05291696334758886,0.00042439686035585514,0.0032670320377367057,0.0005979753855927981,0.0005865605956709974,0.001249563958134442,0.0006954425119015005,4,0.3194903581267218,3.157094355690258e-05,0.00022153921984439245,0.0006511885667171936,0.0006479573792231528,0.0006511885667171936,put,0.0006511885667171936,raw,0.0006511885667171936,0.44735668125054495,0.45487197648893085,0.0,1.0,0.0,0.0013434575137518797,0.002337417414503551,0.0014624260539596455,0.008757054937975458,0.0005240050894647967,0.0031558002827069553,0.0006764156159470432,0.0046205424633720855,0.5738895456848505,0.49824046920821113,0.00020097164630919088,0.0022131614884461914,0.00039758938196966445,0.6766228594185584,7.84542294737901e-05,0.0013402341611248522,0.000184386971836536,0.00041320159574664546,0.0031558002827069553,0.0020003571415762394,0.0005956678937500746,0.05086309385864746,0.0004217536150125243,0.0031558002827069553,0.0005846607515833518,0.0007504109872998979,0.0014979472019851364,0.0008625093722500121,put_T050_s060_r005_q006,validation
O,0.008306292002089322,0.014044292038306594,0.0004652616481758539,6.558530688651847e-05,0.001696641293046636,0.048336690047919996,0.4370691924396623,0.4456447059663228,0.0,1.0,0.0,0.0012420210365439934,0.0021937220710848138,0.0013412842869901132,0.007792005379372652,0.00040071134082740356,0.0032670320377367057,0.0006247794472297552,0.004637821449833979,0.581151832460733,0.5045454545454545,0.00016035905964407432,0.0017774116154413155,0.0003623911329486561,0.6851851851851852,5.518423994083696e-05,0.0009397215289654107,0.0001361448996954767,0.0003182682593368852,0.0032670320377367057,0.0018438780660285003,0.0005490923233434923,0.5941086660604924,0.05314055799474671,0.0003204011332174592,0.0032670320377367057,0.0005461699758502974,0.0005865605956709974,0.001249563958134442,0.0006954425119015005,4,0.0,3.157094355690258e-05,0.00034994648795010877,0.00034994648795010877,0.00033442206680045825,0.0,put,0.0,hard,0.0006511885667171936,0.44735668125054495,0.45487197648893085,0.0,1.0,0.0,0.0013434575137518797,0.002337417414503551,0.0014624260539596455,0.008757054937975458,0.00040388703528776773,0.0031558002827069553,0.0006190903047855025,0.004620716151623232,0.5738895456848505,0.49824046920821113,0.00017380349989160575,0.0022131614884461914,0.0003926081055949252,0.6766228594185584,7.116967644770991e-05,0.0013402341611248522,0.00018181597948309174,0.0003249662296898219,0.0031558002827069553,0.0018536351204926035,0.0005519768970529669,0.05109645405553831,0.00031775788787412833,0.0031558002827069553,0.0005313395077842945,0.0007504109872998979,0.0014979472019851364,0.0008625093722500121,put_T050_s060_r005_q006,validation
O,0.008222999982535839,0.014044292038306594,0.0004652616481758539,6.558530688651847e-05,0.001696641293046636,0.1603583582193208,nan,nan,0.0,0.0,120.0,0.0012429610700467474,0.0021937220710973593,0.00134141235644698,nan,0.0003977922210141578,0.0032670320377367057,0.0006231803915471928,0.0046437462507481105,0.11332600847590645,0.2676056338028169,0.00019730625880279222,0.0017774116173412402,0.0003662466432094688,0.07188371166865791,9.932337252685615e-05,0.0009397215289654107,0.00014828173596017534,0.00032902365997150514,0.0032670320377367057,0.001842815301707496,0.0005487758405234305,0.5941086660604924,0.05301437936668003,0.0003275514300146623,0.0032670320377367057,0.0005453869894237682,0.0005865601295377989,0.001249563958134442,0.0006954425076294024,4,0.30991735537190085,3.157094355690258e-05,0.00022153921984439245,0.00022153921984439245,0.00017961395002981108,0.0,put,0.0,softplus,0.0006511885667171936,nan,nan,0.0,0.0,120.0,0.001344391783086769,0.002337417414503551,0.0014625382061292532,nan,0.00040097109938472264,0.0031558002827069553,0.000617457912078093,0.00462643596217615,0.11332600847590645,0.2676056338028169,0.00021054419341518145,0.0022131614884706163,0.0003961602657860706,0.07188371166865791,0.00011486430322125029,0.0013402341611248522,0.0001909429815563908,0.0003356528887584651,0.0031558002827069553,0.001852524163449396,0.0005516460754070619,0.05096553435376002,0.0003248832844665848,0.0031558002827069553,0.0005305209255806856,0.0007504105211667031,0.0014979472019851364,0.000862509369656526,put_T050_s060_r005_q006,validation
O,0.008421250036917627,0.014044292038306594,0.0004652616481758539,6.558530688651847e-05,0.001696641293046636,0.19022154316271964,0.04744343956102378,0.08350014251818781,0.0,1.0,0.0,0.0003613734832573921,0.0007590399619509247,0.0004162200962501885,0.007951769230666065,0.00018374062520253566,0.0013332042667743016,0.0002601284476863534,0.002922079539023198,0.7898788077301016,0.6707927677329625,8.548428721238464e-05,0.0007746042260080577,0.00017139895186124926,0.9603743528474711,3.7623198515124466e-05,0.0010515601732647363,0.00010598071318034642,0.0001500377818594212,0.0013332042667743016,0.0007841831864462883,0.00023352355869178174,0.5941086660604924,0.05085201570762603,0.0001545438422047035,0.0013332042667743016,0.0002355348089649275,0.0002891134086628101,0.0010515601732647363,0.0003370587247840667,8,0.2674242424242424,1.8297041592610227e-05,0.00036810946526160543,0.0007746042260080577,0.0007450279078731358,0.0007746042260080577,put,0.0007746042260080577,raw,0.0007746042260080629,0.0549508339926892,0.08622545134860533,0.0,1.0,0.0,0.0004821750686452066,0.0008868431200335092,0.0005403640143803969,0.008805265655036082,0.0001846884112880568,0.0012376214983168543,0.00025800459422850846,0.00288533616012727,0.7830003275466755,0.6649513212795549,8.851240238792404e-05,0.0007746042260080577,0.00017587914699769634,0.9520111509358821,3.3302297590355604e-05,0.00047446293077757495,7.954605619438493e-05,0.0001516991402890494,0.0012376214983168543,0.0007828507369515797,0.00023311789675377247,0.0499118302408197,0.00015831241266887387,0.0012376214983168543,0.00023561609480074163,0.00019678764685053068,0.0005797163631951485,0.00024339149736000648,put_T050_s060_r005_q006,validation
O,0.008763750083744526,0.014044292038306594,0.0004652616481758539,6.558530688651847e-05,0.001696641293046636,0.002152927286617126,0.05719530460107246,0.08919987519322244,0.0,1.0,0.0,0.0003372522175358533,0.0007590399619509247,0.00041015920831406587,0.009333726616406695,0.00015588818937969356,0.0013332042667743016,0.0002486093296670368,0.0026850918200006665,0.7898788077301016,0.6707927677329625,6.385471374941897e-06,0.00048151374013577497,3.923640181271709e-05,0.9603743528474711,3.2459194637960685e-05,0.0010515601732647363,0.00010491337450659536,0.00010460735816462201,0.0013332042667743016,0.0006810664803455816,0.0002028162181297676,0.5941086660604924,0.04867141034683699,0.00010164953165860153,0.0013332042667743016,0.00019917231985814985,0.0002891134086628101,0.0010515601732647363,0.0003370587247840667,8,0.0,1.8297041592610227e-05,0.00036810946526160543,0.00036810946526160543,0.0003313352543175489,0.0,put,0.0,hard,0.0007746042260080629,0.06748279341195516,0.09291719276424208,0.0,1.0,0.0,0.00048026660428614844,0.0008868431200335092,0.0005401769924007348,0.009952849506404057,0.00015652734737490697,0.0012376214983168543,0.0002462348375002589,0.0026396660519984105,0.7830003275466755,0.6649513212795549,1.000472426467297e-05,0.0005627059223486941,5.6109152422326586e-05,0.9520111509358821,2.8138293713191817e-05,0.00047446293077757495,7.805401863663817e-05,0.00010626871659425023,0.0012376214983168543,0.0006792673308500893,0.00020227275012594875,0.04868205803453996,0.00010498510404553057,0.0012376214983168543,0.00019894423845768047,0.00019678764685053068,0.0005797163631951485,0.00024339149736000648,put_T050_s060_r005_q006,validation
O,0.008309499942697585,0.014044292038306594,0.0004652616481758539,6.558530688651847e-05,0.001696641293046636,0.15396902562677964,nan,nan,0.0,0.0,120.0,0.0003477521141841808,0.0007590449655046627,0.0004127032000076821,nan,0.0001518581385135391,0.0013332042667743016,0.0002465840543490099,0.00269996666970883,0.2118568630941784,1.0,5.0719766781387964e-05,0.00048231659464686993,6.615344826579429e-05,0.11847869374751095,8.119557449678101e-05,0.0010515601732647359,0.00012043845713772801,0.00011716673062890945,0.0013332042667743016,0.0006836622018036871,0.00020358920347649046,0.5941086660604924,0.048418169095525085,0.00011017597191886472,0.0013332042667743016,0.00019890414503553156,0.0002891137620313157,0.0010515601732647359,0.00033705873518230446,8,0.2584710743801653,1.8297041592610992e-05,0.00036810946526160543,0.00036810946526160543,0.0003313352543175621,0.0,put,0.0,softplus,0.0007746042260080629,nan,nan,0.0,0.0,120.0,0.0004868800537930214,0.0008868431244434261,0.0005417910046281491,nan,0.00015243972017857954,0.0012376214983168543,0.00024412185808273668,0.002654077473359873,0.2118568630941784,1.0,5.39938634986372e-05,0.0005630651906124995,7.73380498012228e-05,0.11847869374751095,7.615413941792198e-05,0.0004744987323668237,9.767600098635963e-05,0.00011867187015148643,0.0012376214983168543,0.0006816787301759537,0.0002029908184786311,0.048375136172693296,0.00011349314788057926,0.0012376214983168543,0.0001986387457975252,0.00019678814611194314,0.0005797163631951485,0.00024339152121238974,put_T050_s060_r005_q006,validation
O,0.008261332986876369,0.014044292038306594,0.0004652616481758539,6.558530688651847e-05,0.001696641293046636,0.1820265296201125,0.08873417180149593,0.12944967821231804,0.0,0.475,63.0,0.00010795054765443667,0.00035406015285477377,0.00013303562488713758,0.0117524827406993,7.809543338433524e-05,0.0010854346081155073,0.00012380401677410674,0.0013634650440499834,0.8522747546833185,0.771978021978022,1.462223985437736e-05,0.00013585778351499211,2.766169118162557e-05,0.9512146555157308,3.128501954934263e-05,0.0010854346081155073,0.00011553787016255222,5.6323534066839956e-05,0.0010854346081155073,0.0003413408761095035,0.00010164861666735257,0.5941086660604924,0.02907208545319664,5.163784695360219e-05,0.0005007909665954435,8.571262953144373e-05,0.00024308605545799477,0.0010854346081155073,0.0003017800624417426,12,0.2134297520661157,9.396287687429859e-06,0.00026931704290521566,0.00026931704290521566,0.00013464020732437132,0.00013585778351499211,put,0.00013585778351499211,raw,0.00013585778351500296,0.09283199553444274,0.13157141217224227,0.0,0.475,63.0,0.0001557616398675743,0.0004516573196033935,0.00019373538730785858,0.0118233909905743,5.975526098829419e-05,0.0004677924810700951,8.504878795130653e-05,0.0012496579111452716,0.8451382694023193,0.765513897866839,1.5821880479151123e-05,0.0003899178970419026,3.2311287490383004e-05,0.9432497013142175,1.303452061657281e-05,0.00016583904347907547,3.2611774000994085e-05,4.4685700376524744e-05,0.0004677924810700951,0.00024006411342373678,7.148647700750903e-05,0.0285035262717306,4.416951879285433e-05,0.0004677924810700951,6.811948845499736e-05,9.704394267936995e-05,0.0002510840851157603,0.00011225584789080733,put_T050_s060_r005_q006,validation
O,0.008260666043497622,0.014044292038306594,0.0004652616481758539,6.558530688651847e-05,0.001696641293046636,0.008820056948399194,0.09431192386681227,0.13418547093611197,0.0,0.475,63.0,9.161297928970193e-05,0.00035406015285477377,0.00012792013749523206,0.012548787714393578,7.459686595384295e-05,0.0010854346081155073,0.00012309616655054872,0.0013196810873342066,0.8522747546833185,0.771978021978022,1.6359165165992983e-06,0.00010445856274499121,9.261471676241857e-06,0.9512146555157308,3.0225879773733742e-05,0.0010854346081155073,0.00011549103018984479,4.957057758051889e-05,0.0010854346081155073,0.00033554576295906065,9.99228777465199e-05,0.5941086660604924,0.02810635956805385,4.4061255608438316e-05,0.0005007909665954435,8.342899069856092e-05,0.00024308605545799477,0.0010854346081155073,0.0003017800624417426,12,0.0,9.396287687429859e-06,0.00026931704290521566,0.00026931704290521566,0.00011375201138138363,0.0,put,0.0,hard,0.00013585778351500296,0.09999289406549877,0.13666217447109555,0.0,0.475,63.0,0.00015124307564452904,0.0004516573196033935,0.00019309217014208368,0.013318167841633607,5.617163997836293e-05,0.0004677924810700951,8.398348362116015e-05,0.0011972681662061706,0.8451382694023193,0.765513897866839,2.998466416686371e-06,0.0003899178970419026,1.9203825727287163e-05,0.9432497013142175,1.1975380840963923e-05,0.00016583904347907547,3.2434984224228025e-05,3.793274389020368e-05,0.0004677924810700951,0.00023169949979450857,6.899565590411875e-05,0.02754292902619646,3.6362537503408016e-05,0.0004677924810700951,6.504211237366939e-05,9.704394267936995e-05,0.0002510840851157603,0.00011225584789080733,put_T050_s060_r005_q006,validation
O,0.008113250019960105,0.014044292038306594,0.0004652616481758539,6.558530688651847e-05,0.001696641293046636,0.1727203278005417,nan,nan,0.0,0.0,120.0,0.00012248112826040067,0.00035528232711090624,0.00014259407340923614,nan,7.882117814261227e-05,0.0010854346081155069,0.00012433666961651635,0.0013695407343425102,0.13412595207133568,1.0,5.9514341183301724e-05,0.00013448123881709684,6.273097150743043e-05,0.07188371166865791,8.266064139706806e-05,0.0010854346081155069,0.00013093527531299134,7.219875240600565e-05,0.0010854346081155069,0.0003602140897488444,0.00010726891061038147,0.5941086660604924,0.027756510555567784,6.3747192764145e-05,0.0005007909665954435,9.065910910300495e-05,0.0002430863971307438,0.0010854346081155069,0.0003017800784163832,12,0.20544077134986227,9.396287687429859e-06,0.00026931704290521913,0.00026931704290521913,0.00011375201138138363,0.0,put,0.0,softplus,0.00013585778351500296,nan,nan,0.0,0.0,120.0,0.00017494229160316873,0.0004516576619116863,0.00020253950512173175,nan,6.013610622057173e-05,0.0004677926188420001,8.556061110401895e-05,0.0012492764175385926,0.13412595207133568,1.0,6.055498670237231e-05,0.00039192350337136084,6.509235575641346e-05,0.07188371166865791,6.413483036743314e-05,0.00016583904347907547,6.932253595173427e-05,6.02797861454131e-05,0.0004677926188420001,0.00026576118421328427,7.913857058350655e-05,0.02724918984442952,5.5886904570291453e-05,0.0004677926188420001,7.400129333546396e-05,9.7044427294478e-05,0.0002510840851157603,0.00011225591107492651,put_T050_s060_r005_q006,validation
O,0.008060708059929311,0.014044292038306594,0.0004652616481758539,6.558530688651847e-05,0.001696641293046636,0.19515244114174596,0.16304953880928433,0.17622344252811606,0.0,0.9083333333333333,11.0,9.958523603322903e-05,0.0002672606946386713,0.00012640150514669753,0.020974805641974126,5.2833141095027e-05,0.0011156000033370008,8.679372054297841e-05,0.0007867190618041865,0.8543635352973874,0.7988565488565489,2.057891916438904e-05,0.0002672606946386713,4.403169721180279e-05,0.9181600955794504,2.8326043607613352e-05,0.0011156000033370008,0.00010408865055317193,4.176964116089245e-05,0.0011156000033370008,0.0002516123843706125,7.492818058931233e-05,0.5941086660604924,0.013657803698705943,3.640374858335725e-05,0.0002596139081103843,5.7691631105739134e-05,0.0002053692905518745,0.0011156000033370008,0.00024396635011229945,16,0.2033746556473829,3.7063619311761514e-06,5.550160460299214e-05,0.0002672606946386713,0.00026259192390458707,0.0002672606946386713,put,0.0002672606946386713,raw,0.00026726069463868215,0.17184796893148252,0.18706806267423212,0.0,0.9083333333333333,11.0,8.368405779508857e-05,0.0002655220146456916,0.00011185173641256047,0.023269509557027074,2.342010189163598e-05,0.00024202407178131047,3.0150189270759003e-05,0.0006335834987048588,0.8519547896979804,0.7966042966042967,2.1182738189016006e-05,0.0002672606946386713,4.504049570709311e-05,0.9155714854639586,7.072984849011031e-06,7.120903655399857e-05,1.4326951299500956e-05,2.2652665205988992e-05,0.0002672606946386713,0.00012075763681379585,3.5959302306602005e-05,0.014861557075936357,2.335131986162503e-05,0.0002672606946386713,3.5022147321538694e-05,2.388377391970455e-05,8.622810907821243e-05,3.0109663081641338e-05,put_T050_s060_r005_q006,validation
O,0.008407333982177079,0.014044292038306594,0.0004652616481758539,6.558530688651847e-05,0.001696641293046636,0.016459476352524482,0.17193026910648662,0.1871211319397838,0.0,0.9083333333333333,11.0,2.0693153199065802e-05,0.00014352914169091235,3.3578152509115894e-05,0.02308068976560917,5.0395723178957495e-05,0.0011156000033370008,8.604332505969465e-05,0.0006447560386763742,0.8543635352973874,0.7988565488565489,5.473608026178949e-06,0.00022774529084490513,2.4360272978271342e-05,0.9181600955794504,2.5910060103552602e-05,0.0011156000033370008,0.00010385317558438722,3.498701733254989e-05,0.0011156000033370008,0.00023904839085956786,7.118672256421024e-05,0.5941086660604924,0.009807653698151304,3.0184616554549848e-05,0.0002596139081103843,5.453397869570053e-05,0.0002053692905518745,0.0011156000033370008,0.00024396635011229945,16,0.0,3.7063619311761514e-06,5.550160460299214e-05,5.550160460299214e-05,5.49236985522894e-05,0.0,put,0.0,hard,0.00026726069463868215,0.18127470912597088,0.1981011367468609,0.0,0.9083333333333333,11.0,3.185174667309394e-05,0.00022079080989190203,5.859097175011784e-05,0.025685368312669335,2.1190755562211025e-05,0.00024202407178131047,2.8643633524647473e-05,0.00042164493472834154,0.8519547896979804,0.7966042966042967,5.6788924845108695e-06,0.00022774529084490513,2.482503025556735e-05,0.9155714854639586,4.6570013449502814e-06,7.120903655399857e-05,1.2427393643009693e-05,1.5870041377646432e-05,0.00024202407178131047,9.199338279017789e-05,2.7393860539518628e-05,0.009941837320775533,1.6604706902755867e-05,0.00024202407178131047,2.7653269051427484e-05,2.388377391970455e-05,8.622810907821243e-05,3.0109663081641338e-05,put_T050_s060_r005_q006,validation
O,0.008121083956211805,0.014044292038306594,0.0004652616481758539,6.558530688651847e-05,0.001696641293046636,0.19459684700326413,nan,nan,0.0,0.0,120.0,3.880100967783793e-05,0.00015314665479615464,5.0037706790553224e-05,nan,5.875978710786834e-05,0.0011156000033370004,8.895904759966282e-05,0.0007568691703385489,0.13412595207133568,1.0,6.16343330152654e-05,0.00023750741121697505,6.707705531282062e-05,0.07188371166865791,7.783168066399268e-05,0.0011156000033370004,0.00012024952446244112,5.974578325204894e-05,0.0011156000033370004,0.0002757394063386608,8.211301715300642e-05,0.5941086660604924,0.009285994399737478,5.273503936148969e-05,0.0002596139081103843,6.694077931362548e-05,0.00020536868636230062,0.0011156000033370004,0.00024396631892999266,16,0.19648760330578513,3.7063619311761514e-06,5.550160460299214e-05,5.550160460299214e-05,5.49236985522894e-05,0.0,put,0.0,softplus,0.00026726069463868215,nan,nan,0.0,0.0,120.0,5.503713770849614e-05,0.00022781930838333686,7.312570342206249e-05,nan,2.930907029841009e-05,0.00024202538900008896,3.6283182638373505e-05,0.0005768045255782815,0.13412595207133568,1.0,6.163897869494392e-05,0.00023750741121697505,6.72093146075669e-05,0.07188371166865791,5.5786151120877054e-05,0.00011112808659224926,6.139916209660141e-05,4.039853139856669e-05,0.00024202538900008896,0.00016500614641036846,4.91356576509288e-05,0.009416365608668625,3.888075270034379e-05,0.00024202538900008896,4.748330596637613e-05,2.3883362121111507e-05,8.622810907821243e-05,3.010951824300913e-05,put_T050_s060_r005_q006,validation
O,0.00814783398527652,0.014044292038306594,0.0004652616481758539,6.558530688651847e-05,0.001696641293046636,0.19098548510313215,0.3114269714565693,0.31488384808973213,0.0,0.39166666666666666,73.0,4.2065184265137916e-05,0.0001619281524920524,5.247027668272379e-05,0.024711838814796747,4.4382834709159996e-05,0.0011479854905471674,8.44175880416021e-05,0.0005427956965991917,0.8652012446050387,0.8722930580854078,6.684946667895027e-06,9.686957230925497e-05,1.4099940352324923e-05,0.8582238152130626,2.8473986740226914e-05,0.0011479854905471674,0.00011166297011438654,3.1452106361148746e-05,0.0011479854905471674,0.0002314404853246954,6.892114839046964e-05,0.5941086660604924,0.005643707677387574,2.485773203987116e-05,0.00029916533247110674,4.810870178219302e-05,0.00021606598706637,0.0011479854905471674,0.00025227300379183817,24,0.17245179063360883,3.022593674862748e-06,8.093204436650583e-05,9.686957230925497e-05,9.313058288604736e-05,9.686957230925497e-05,put,9.686957230925497e-05,raw,9.68695723092992e-05,0.3223411745374163,0.3260726732751063,0.0,0.39166666666666666,73.0,4.543216978483607e-05,0.00023660080607923462,6.36954025987531e-05,0.021635535500115387,9.56278091184504e-06,0.00023660080607923462,1.4205263684072197e-05,0.000252708454399799,0.860985646893506,0.8680429062942724,7.1094771895139385e-06,0.00020731729848144642,1.5752592972922454e-05,0.854042214257268,5.355488754083965e-06,6.782663350896057e-05,1.2958693728612816e-05,8.721274778824973e-06,0.00023660080607923462,4.954755071356719e-05,1.475430789862317e-05,0.0055327910504651785,8.313902689790021e-06,0.00014047466829658628,1.222340420963591e-05,1.4726134591586012e-05,5.931467605031597e-05,1.9597050497294042e-05,put_T050_s060_r005_q006,validation
O,0.008199875010177493,0.014044292038306594,0.0004652616481758539,6.558530688651847e-05,0.001696641293046636,0.040766719911104934,0.3137678389240562,0.31688114779695303,0.0,0.39166666666666666,73.0,1.9422833083277206e-05,0.0001619281524920524,3.444362677613135e-05,0.022724706033524535,4.395918634692636e-05,0.0011479854905471674,8.436345532303696e-05,0.0005315920395630901,0.8652012446050387,0.8722930580854078,2.6598659538916222e-06,7.21345196361689e-05,8.962922570288222e-06,0.8582238152130626,2.7855254366359417e-05,0.0011479854905471674,0.00011164430683454084,2.979313300263154e-05,0.0011479854905471674,0.00023030145029697557,6.858195275640724e-05,0.5941086660604924,0.004975162418222382,2.3405360480879088e-05,0.00029916533247110674,4.785454748468644e-05,0.00021606598706637,0.0011479854905471674,0.00025227300379183817,24,0.0005509641873278236,3.022593674862748e-06,8.093204436650583e-05,8.093204436650583e-05,3.6885117739265945e-05,0.0,put,0.0,hard,9.68695723092992e-05,0.3246820420049032,0.3280428359301319,0.0,0.39166666666666666,73.0,3.060587270590452e-05,0.00023660080607923462,5.5224296773449476e-05,0.01980368280820288,9.169264413948109e-06,0.00023660080607923462,1.3984248467700028e-05,0.00021412535672481978,0.860985646893506,0.8680429062942724,3.026682735356248e-06,0.00020731729848144642,1.1182212613459355e-05,0.854042214257268,4.736756380216466e-06,6.782663350896057e-05,1.277882868576786e-05,7.062301420307761e-06,0.00023660080607923462,4.396146370478604e-05,1.3090878597091863e-05,0.004511110816099578,6.709171401696019e-06,0.00014047466829658628,1.070326015758267e-05,1.4726134591586012e-05,5.931467605031597e-05,1.9597050497294042e-05,put_T050_s060_r005_q006,validation
O,0.00817849999293685,0.014044292038306594,0.0004652616481758539,6.558530688651847e-05,0.001696641293046636,0.1950135426071255,nan,nan,0.0,0.0,120.0,5.512415650325807e-05,0.0001699926785695416,6.248616320314181e-05,nan,5.693622778585319e-05,0.001147985490547166,8.881066711226339e-05,0.0006876372311916346,0.13412595207133568,1.0,6.382597824113964e-05,0.00011174990346995983,6.660038458097138e-05,0.07188371166865791,8.089625505796611e-05,0.001147985490547166,0.00012752500348196677,5.929947666137047e-05,0.001147985490547166,0.0002749369661910703,8.187405681549692e-05,0.5941086660604924,0.005533632674560033,5.112353943843483e-05,0.00029916533247110674,6.434857594589467e-05,0.00021606632989966106,0.001147985490547166,0.00025227298990194584,24,0.16604683195592287,3.022593674862748e-06,8.093204436651104e-05,8.093204436651104e-05,3.717371207632297e-05,0.0,put,0.0,softplus,9.68695723092992e-05,nan,nan,0.0,0.0,120.0,6.432343298619382e-05,0.0002446653321567238,7.665677068913182e-05,nan,2.1785272403917747e-05,0.0002446653321567238,3.07659427997532e-05,0.00047904773175252394,0.13412595207133568,1.0,6.403460955476561e-05,0.00021916544704303487,6.697415340043013e-05,0.07188371166865791,5.709807938462622e-05,0.00010887163699463409,6.247180107865791e-05,3.6277190385719395e-05,0.0002446653321567238,0.00015609018238756895,4.648065500173812e-05,0.00522036413468128,3.4201371153530144e-05,0.0001404783047358471,4.423387904000967e-05,1.4726477424895635e-05,5.931467605031597e-05,1.9597078832035198e-05,put_T050_s060_r005_q006,validation
O,0.008181749959476292,0.014044292038306594,0.0004652616481758539,6.558530688651847e-05,0.001696641293046636,0.17820681991804987,0.4159978946554874,0.4217122048206722,0.0,0.9416666666666667,7.0,3.273004251204403e-05,9.192683445569116e-05,3.727183242306661e-05,0.029970954773209497,4.1838224465985724e-05,0.0011232706009175926,8.141905840862874e-05,0.0005015915294589404,0.8582660873163667,0.8931955211024979,4.646885654841751e-06,7.547701987664635e-05,1.044747489985135e-05,0.8259657506969335,2.5288381966291617e-05,0.0011232706009175926,0.00010386748904410563,2.9081247243831153e-05,0.0011232706009175926,0.0002225620964362229,6.627723430952463e-05,0.5941086660604924,0.004550199710572931,2.268474787135091e-05,0.0002650369170788536,4.668481611812273e-05,0.0002108800846894087,0.0011232706009175926,0.00024287445665888352,32,0.15888429752066116,1.831623834690581e-06,3.710751514376942e-05,6.52548803475872e-05,6.177644091562018e-05,6.52548803475872e-05,put,6.52548803475872e-05,raw,6.525488034760064e-05,0.4264413305552506,0.43156092050829786,0.0,0.9416666666666667,7.0,3.373728093965014e-05,0.0001665994880428734,4.296754517065218e-05,0.030050673458705834,4.529811989533061e-06,0.0001665994880428734,7.595033816983675e-06,0.00019245808451850407,0.8547486033519555,0.8895348837209303,4.966530147129577e-06,0.0001416992592396804,1.1486583972256893e-05,0.8225806451612904,2.061859922204304e-06,6.911521187802361e-05,6.260203303934158e-06,4.679610404084643e-06,0.0001665994880428734,3.062306116356334e-05,9.118958792081409e-06,0.004326557596304943,4.510273518695904e-06,7.547701987664635e-05,7.5916986955733444e-06,3.866520085489922e-06,1.6156840603430422e-05,5.091938223626721e-06,put_T050_s060_r005_q006,validation
O,0.008202958037145436,0.014044292038306594,0.0004652616481758539,6.558530688651847e-05,0.001696641293046636,0.048336690047919996,0.4159978946554874,0.4217122048206722,0.0,0.9416666666666667,7.0,1.6065090904552118e-05,9.192683445569116e-05,2.5013284907888107e-05,0.029970954773209497,4.1658873584546566e-05,0.0011232706009175926,8.139009922750596e-05,0.0004937962194990228,0.8582660873163667,0.8931955211024979,2.4453994603242485e-06,7.547701987664635e-05,7.866742765938401e-06,0.8259657506969335,2.4996450748932393e-05,0.0011232706009175926,0.00010386040833530478,2.820828502831103e-05,0.0011232706009175926,0.00022207238054988717,6.613140078682023e-05,0.5941086660604924,0.003966156255827424,2.2008802159303635e-05,0.0002650369170788536,4.660022728168124e-05,0.0002108800846894087,0.0011232706009175926,0.00024287445665888352,32,0.0,1.831623834690581e-06,3.710751514376942e-05,3.710751514376942e-05,2.4915084343046786e-05,0.0,put,0.0,hard,6.525488034760064e-05,0.4264413305552506,0.43156092050829786,0.0,0.9416666666666667,7.0,2.2375171276637026e-05,0.0001665994880428734,3.659349782646031e-05,0.030050673458705834,4.401778800184586e-06,0.0001665994880428734,7.518083856336765e-06,0.00015891594275757703,0.8547486033519555,0.8895348837209303,2.6667514635200272e-06,0.0001416992592396804,8.957152466528207e-06,0.8225806451612904,1.7699287048450758e-06,6.911521187802361e-05,6.135151257359796e-06,3.806648188564518e-06,0.0001665994880428734,2.7002316394017658e-05,8.040770619652162e-06,0.0034304000366425363,3.730958567964834e-06,7.547701987664635e-05,6.761374362106618e-06,3.866520085489922e-06,1.6156840603430422e-05,5.091938223626721e-06,put_T050_s060_r005_q006,validation
O,0.008163415943272412,0.014044292038306594,0.0004652616481758539,6.558530688651847e-05,0.001696641293046636,0.18556844225293423,nan,nan,0.0,0.0,120.0,5.124284461398646e-05,0.00010755281072138967,5.5839001492137846e-05,nan,5.546608917297115e-05,0.0011232706009175917,8.613144222975945e-05,0.0006594643785768275,0.13412595207133568,1.0,6.451900297519414e-05,0.00011401133011718079,6.718295367734672e-05,0.07188371166865791,7.866096289677255e-05,0.0011232706009175917,0.00012072389246712455,5.8571323317822173e-05,0.0011232706009175917,0.0002691084206515951,8.013836199329151e-05,0.5941086660604924,0.004492226294759155,5.068111857567782e-05,0.0002650369170788536,6.391518238746712e-05,0.0002108804359893796,0.0011232706009175917,0.00024287444944524097,32,0.15213498622589533,1.831623834690581e-06,4.456556730230674e-05,4.456556730230674e-05,3.400941797961077e-05,0.0,put,0.0,softplus,6.525488034760064e-05,nan,nan,0.0,0.0,120.0,5.54527020046489e-05,0.0001822254643085719,6.281753169239038e-05,nan,1.801753565601237e-05,0.0001822254643085719,2.8928752437452404e-05,0.00045761954282425943,0.13412595207133568,1.0,6.460532247186201e-05,0.0001634071425353767,6.733120895019251e-05,0.07188371166865791,5.5026303367632506e-05,0.0001097282689832002,6.137971312315644e-05,3.399758246901673e-05,0.0001822254643085719,0.00015406843772078357,4.587861831422164e-05,0.004023808556854689,3.227800348969326e-05,0.00011401133011718079,4.419181571289457e-05,3.867064915505771e-06,1.6156840603430422e-05,5.092283934223051e-06,put_T050_s060_r005_q006,validation
