regime_id,option_type,T,sigma,r,q,K,Smax,M,N,dS,dtau,split,split_reason,stress_holdout_flag,planned_use,solver_name,solver_variant,runtime_seconds,full_grid_rows,total_sample_rows,accepted_sample_rows,all_psor_steps_converged,max_psor_iterations,mean_psor_iterations,max_final_update,max_obstacle_violation,max_equation_violation,max_abs_complementarity_product,boundary_found_count,boundary_status,finite_delta_count,finite_gamma_count,strict_interior_node_count,acceptance_status,acceptance_reason,downstream_use_status
put_T025_s020_r001_q000,put,0.25,0.2,0.01,0.0,1.0,4.0,120,120,0.03333333333333333,0.0020833333333333333,train,Default construction-planning training regime.,no,train,american_crank_nicolson_psor_price,baseline_cn_psor,0.05600650003179908,14641,5203,5203,True,9,7.583333333333333,9.988440763733508e-09,0.0,1.639656872082229e-09,4.095609747886289e-11,120,BOUNDARIES_FOUND,14399,14399,13282,accepted,diagnostics_passed,v1_small_grid_only
put_T025_s020_r001_q003,put,0.25,0.2,0.01,0.03,1.0,4.0,120,120,0.03333333333333333,0.0020833333333333333,train,Default construction-planning training regime.,no,train,american_crank_nicolson_psor_price,baseline_cn_psor,0.0560672921128571,14641,5203,5203,True,9,7.75,9.964421125024936e-09,0.0,1.5775882987109635e-09,5.349200683714326e-11,120,BOUNDARIES_FOUND,14399,14399,13200,accepted,diagnostics_passed,v1_small_grid_only
put_T025_s020_r001_q006,put,0.25,0.2,0.01,0.06,1.0,4.0,120,120,0.03333333333333333,0.0020833333333333333,train,Default construction-planning training regime.,no,train,american_crank_nicolson_psor_price,baseline_cn_psor,0.05911999987438321,14641,5203,5203,True,9,8.058333333333334,9.37678076157189e-09,0.0,1.5339869175248766e-09,1.3016027664664258e-11,120,BOUNDARIES_FOUND,14399,14399,13200,accepted,diagnostics_passed,v1_small_grid_only
put_T025_s020_r001_q010,put,0.25,0.2,0.01,0.1,1.0,4.0,120,120,0.03333333333333333,0.0020833333333333333,train,Default construction-planning training regime.,no,train,american_crank_nicolson_psor_price,baseline_cn_psor,0.05795379215851426,14641,5203,5203,True,9,8.066666666666666,9.409515845312799e-09,0.0,1.5349871027026118e-09,1.8530772526140552e-11,120,BOUNDARIES_FOUND,14399,14399,13200,accepted,diagnostics_passed,v1_small_grid_only
put_T025_s020_r005_q000,put,0.25,0.2,0.05,0.0,1.0,4.0,120,120,0.03333333333333333,0.0020833333333333333,train,Default construction-planning training regime.,no,train,american_crank_nicolson_psor_price,baseline_cn_psor,0.05435337498784065,14641,5203,5203,True,9,7.466666666666667,9.919612237521691e-09,0.0,1.5412551382723572e-09,3.1769212005035496e-11,120,BOUNDARIES_FOUND,14399,14399,13415,accepted,diagnostics_passed,v1_small_grid_only
put_T025_s020_r005_q003,put,0.25,0.2,0.05,0.03,1.0,4.0,120,120,0.03333333333333333,0.0020833333333333333,train,Default construction-planning training regime.,no,train,american_crank_nicolson_psor_price,baseline_cn_psor,0.05630083312280476,14641,5203,5203,True,9,7.541666666666667,9.974009526278471e-09,0.0,1.6128285131034037e-09,3.766455108487423e-11,120,BOUNDARIES_FOUND,14399,14399,13335,accepted,diagnostics_passed,v1_small_grid_only
put_T025_s020_r005_q006,put,0.25,0.2,0.05,0.06,1.0,4.0,120,120,0.03333333333333333,0.0020833333333333333,train,Default construction-planning training regime.,no,train,american_crank_nicolson_psor_price,baseline_cn_psor,0.05500820791348815,14641,5203,5203,True,9,7.666666666666667,9.99094199732875e-09,0.0,1.5468222015757593e-09,4.6439164125333055e-11,120,BOUNDARIES_FOUND,14399,14399,13200,accepted,diagnostics_passed,v1_small_grid_only
put_T025_s020_r005_q010,put,0.25,0.2,0.05,0.1,1.0,4.0,120,120,0.03333333333333333,0.0020833333333333333,train,Default construction-planning training regime.,no,train,american_crank_nicolson_psor_price,baseline_cn_psor,0.06072604190558195,14641,5203,5203,True,9,7.991666666666666,9.998571345870566e-09,0.0,1.530446343440961e-09,6.799739849789431e-11,120,BOUNDARIES_FOUND,14399,14399,13200,accepted,diagnostics_passed,v1_small_grid_only
put_T025_s020_r010_q000,put,0.25,0.2,0.1,0.0,1.0,4.0,120,120,0.03333333333333333,0.0020833333333333333,train,Default construction-planning training regime.,no,train,american_crank_nicolson_psor_price,baseline_cn_psor,0.05368283414281905,14641,5203,5203,True,9,7.375,9.953830211462122e-09,0.0,1.5571681834594675e-09,2.5340715076555775e-11,120,BOUNDARIES_FOUND,14399,14399,13492,accepted,diagnostics_passed,v1_small_grid_only
put_T025_s020_r010_q003,put,0.25,0.2,0.1,0.03,1.0,4.0,120,120,0.03333333333333333,0.0020833333333333333,train,Default construction-planning training regime.,no,train,american_crank_nicolson_psor_price,baseline_cn_psor,0.05476199998520315,14641,5203,5203,True,9,7.416666666666667,9.962207126942846e-09,0.0,1.6504752226378927e-09,2.8103459896707516e-11,120,BOUNDARIES_FOUND,14399,14399,13464,accepted,diagnostics_passed,v1_small_grid_only
put_T025_s020_r010_q006,put,0.25,0.2,0.1,0.06,1.0,4.0,120,120,0.03333333333333333,0.0020833333333333333,train,Default construction-planning training regime.,no,train,american_crank_nicolson_psor_price,baseline_cn_psor,0.05424379091709852,14641,5203,5203,True,9,7.483333333333333,9.92540457982194e-09,0.0,1.5621224635012365e-09,3.302029042347984e-11,120,BOUNDARIES_FOUND,14399,14399,13406,accepted,diagnostics_passed,v1_small_grid_only
put_T025_s020_r010_q010,put,0.25,0.2,0.1,0.1,1.0,4.0,120,120,0.03333333333333333,0.0020833333333333333,train,Default construction-planning training regime.,no,train,american_crank_nicolson_psor_price,baseline_cn_psor,0.054592040833085775,14641,5203,5203,True,9,7.608333333333333,9.969946240112604e-09,0.0,1.5166967031257639e-09,4.191983033709363e-11,120,BOUNDARIES_FOUND,14399,14399,13282,accepted,diagnostics_passed,v1_small_grid_only
put_T025_s040_r001_q000,put,0.25,0.4,0.01,0.0,1.0,4.0,120,120,0.03333333333333333,0.0020833333333333333,train,Default construction-planning training regime.,no,train,american_crank_nicolson_psor_price,baseline_cn_psor,0.05171266687102616,14641,5203,5203,True,10,7.166666666666667,9.843943588874401e-09,0.0,1.4561389594103247e-09,3.3091335997050805e-11,120,BOUNDARIES_FOUND,14399,14399,13211,accepted,diagnostics_passed,v1_small_grid_only
put_T025_s040_r001_q003,put,0.25,0.4,0.01,0.03,1.0,4.0,120,120,0.03333333333333333,0.0020833333333333333,train,Default construction-planning training regime.,no,train,american_crank_nicolson_psor_price,baseline_cn_psor,0.05145841697230935,14641,5203,5203,True,10,7.166666666666667,9.821707752655229e-09,0.0,1.9584821264739816e-09,2.6029694497217695e-11,120,BOUNDARIES_FOUND,14399,14399,13200,accepted,diagnostics_passed,v1_small_grid_only
put_T025_s040_r001_q006,put,0.25,0.4,0.01,0.06,1.0,4.0,120,120,0.03333333333333333,0.0020833333333333333,train,Default construction-planning training regime.,no,train,american_crank_nicolson_psor_price,baseline_cn_psor,0.05005900003015995,14641,5203,5203,True,10,7.166666666666667,9.929270869055151e-09,0.0,1.9146679935966304e-09,2.863789727195336e-11,120,BOUNDARIES_FOUND,14399,14399,13200,accepted,diagnostics_passed,v1_small_grid_only
put_T025_s040_r001_q010,put,0.25,0.4,0.01,0.1,1.0,4.0,120,120,0.03333333333333333,0.0020833333333333333,train,Default construction-planning training regime.,no,train,american_crank_nicolson_psor_price,baseline_cn_psor,0.05164720816537738,14641,5203,5203,True,10,7.166666666666667,9.94320395464321e-09,0.0,2.228819559468853e-09,3.5988450136680345e-11,120,BOUNDARIES_FOUND,14399,14399,13200,accepted,diagnostics_passed,v1_small_grid_only
put_T025_s040_r005_q000,put,0.25,0.4,0.05,0.0,1.0,4.0,120,120,0.03333333333333333,0.0020833333333333333,train,Default construction-planning training regime.,no,train,american_crank_nicolson_psor_price,baseline_cn_psor,0.055423540994524956,14641,5203,5203,True,10,7.166666666666667,9.326269754953223e-09,0.0,1.535748694880823e-09,3.418365670393725e-11,120,BOUNDARIES_FOUND,14399,14399,13222,accepted,diagnostics_passed,v1_small_grid_only
put_T025_s040_r005_q003,put,0.25,0.4,0.05,0.03,1.0,4.0,120,120,0.03333333333333333,0.0020833333333333333,train,Default construction-planning training regime.,no,train,american_crank_nicolson_psor_price,baseline_cn_psor,0.051696958020329475,14641,5203,5203,True,10,7.166666666666667,9.696327956700002e-09,0.0,1.4589560948241598e-09,3.3505034713875505e-11,120,BOUNDARIES_FOUND,14399,14399,13215,accepted,diagnostics_passed,v1_small_grid_only
put_T025_s040_r005_q006,put,0.25,0.4,0.05,0.06,1.0,4.0,120,120,0.03333333333333333,0.0020833333333333333,train,Default construction-planning training regime.,no,train,american_crank_nicolson_psor_price,baseline_cn_psor,0.051316624972969294,14641,5203,5203,True,10,7.166666666666667,9.85335332770454e-09,0.0,1.973663538157311e-09,2.6710240229814585e-11,120,BOUNDARIES_FOUND,14399,14399,13200,accepted,diagnostics_passed,v1_small_grid_only
put_T025_s040_r005_q010,put,0.25,0.4,0.05,0.1,1.0,4.0,120,120,0.03333333333333333,0.0020833333333333333,train,Default construction-planning training regime.,no,train,american_crank_nicolson_psor_price,baseline_cn_psor,0.051144749857485294,14641,5203,5203,True,10,7.158333333333333,9.982813478637276e-09,0.0,2.2476043942676327e-09,2.6855172189717667e-11,120,BOUNDARIES_FOUND,14399,14399,13200,accepted,diagnostics_passed,v1_small_grid_only
put_T025_s040_r010_q000,put,0.25,0.4,0.1,0.0,1.0,4.0,120,120,0.03333333333333333,0.0020833333333333333,train,Default construction-planning training regime.,no,train,american_crank_nicolson_psor_price,baseline_cn_psor,0.05183116695843637,14641,5203,5203,True,10,7.158333333333333,9.439005674294343e-09,0.0,1.541368824242717e-09,3.535134216537906e-11,120,BOUNDARIES_FOUND,14399,14399,13235,accepted,diagnostics_passed,v1_small_grid_only
put_T025_s040_r010_q003,put,0.25,0.4,0.1,0.03,1.0,4.0,120,120,0.03333333333333333,0.0020833333333333333,train,Default construction-planning training regime.,no,train,american_crank_nicolson_psor_price,baseline_cn_psor,0.05183791718445718,14641,5203,5203,True,10,7.158333333333333,9.069647581355297e-09,0.0,1.5142403858581233e-09,3.4741368920921847e-11,120,BOUNDARIES_FOUND,14399,14399,13229,accepted,diagnostics_passed,v1_small_grid_only
put_T025_s040_r010_q006,put,0.25,0.4,0.1,0.06,1.0,4.0,120,120,0.03333333333333333,0.0020833333333333333,train,Default construction-planning training regime.,no,train,american_crank_nicolson_psor_price,baseline_cn_psor,0.05132320895791054,14641,5203,5203,True,10,7.166666666666667,9.425757354101713e-09,0.0,1.4728681885234352e-09,3.4074969061430895e-11,120,BOUNDARIES_FOUND,14399,14399,13222,accepted,diagnostics_passed,v1_small_grid_only
put_T025_s040_r010_q010,put,0.25,0.4,0.1,0.1,1.0,4.0,120,120,0.03333333333333333,0.0020833333333333333,train,Default construction-planning training regime.,no,train,american_crank_nicolson_psor_price,baseline_cn_psor,0.05265733296982944,14641,5203,5203,True,10,7.166666666666667,9.93080279034636e-09,0.0,1.4474739601366693e-09,3.310910221750509e-11,120,BOUNDARIES_FOUND,14399,14399,13210,accepted,diagnostics_passed,v1_small_grid_only
put_T025_s060_r001_q000,put,0.25,0.6,0.01,0.0,1.0,4.0,120,120,0.03333333333333333,0.0020833333333333333,train,Default construction-planning training regime.,no,train,american_crank_nicolson_psor_price,baseline_cn_psor,0.04470391711220145,14641,5203,5203,True,10,6.2,9.910914970656659e-09,0.0,4.3451302629869204e-09,4.39368536516213e-11,120,BOUNDARIES_FOUND,14399,14399,13203,accepted,diagnostics_passed,v1_small_grid_only
put_T025_s060_r001_q003,put,0.25,0.6,0.01,0.03,1.0,4.0,120,120,0.03333333333333333,0.0020833333333333333,train,Default construction-planning training regime.,no,train,american_crank_nicolson_psor_price,baseline_cn_psor,0.04520462499931455,14641,5203,5203,True,12,6.258333333333334,9.817991919079064e-09,0.0,4.267894080801763e-09,5.022133048858746e-11,120,BOUNDARIES_FOUND,14399,14399,13200,accepted,diagnostics_passed,v1_small_grid_only
put_T025_s060_r001_q006,put,0.25,0.6,0.01,0.06,1.0,4.0,120,120,0.03333333333333333,0.0020833333333333333,train,Default construction-planning training regime.,no,train,american_crank_nicolson_psor_price,baseline_cn_psor,0.04616512497887015,14641,5203,5203,True,12,6.341666666666667,9.730738558672014e-09,0.0,4.174459914879961e-09,2.968344843542414e-11,120,BOUNDARIES_FOUND,14399,14399,13200,accepted,diagnostics_passed,v1_small_grid_only
put_T025_s060_r001_q010,put,0.25,0.6,0.01,0.1,1.0,4.0,120,120,0.03333333333333333,0.0020833333333333333,stress_holdout,High-volatility and high-dividend stress combination held out before any row-level split.,yes,stress_holdout,american_crank_nicolson_psor_price,baseline_cn_psor,0.051875209202989936,14641,5203,5203,True,12,7.141666666666667,6.866739399313815e-09,0.0,3.3257196563313664e-09,3.008879768024133e-11,120,BOUNDARIES_FOUND,14399,14399,13200,accepted,diagnostics_passed,v1_small_grid_only
put_T025_s060_r005_q000,put,0.25,0.6,0.05,0.0,1.0,4.0,120,120,0.03333333333333333,0.0020833333333333333,train,Default construction-planning training regime.,no,train,american_crank_nicolson_psor_price,baseline_cn_psor,0.04617708292789757,14641,5203,5203,True,10,6.25,9.91222835441171e-09,0.0,4.446444049909545e-09,2.8770765249792906e-11,120,BOUNDARIES_FOUND,14399,14399,13206,accepted,diagnostics_passed,v1_small_grid_only
put_T025_s060_r005_q003,put,0.25,0.6,0.05,0.03,1.0,4.0,120,120,0.03333333333333333,0.0020833333333333333,train,Default construction-planning training regime.,no,train,american_crank_nicolson_psor_price,baseline_cn_psor,0.04538558307103813,14641,5203,5203,True,10,6.266666666666667,9.902823902585046e-09,0.0,4.393612307510681e-09,2.8944572703778024e-11,120,BOUNDARIES_FOUND,14399,14399,13204,accepted,diagnostics_passed,v1_small_grid_only
put_T025_s060_r005_q006,put,0.25,0.6,0.05,0.06,1.0,4.0,120,120,0.03333333333333333,0.0020833333333333333,train,Default construction-planning training regime.,no,train,american_crank_nicolson_psor_price,baseline_cn_psor,0.045048207975924015,14641,5203,5203,True,12,6.241666666666666,9.867170850134596e-09,0.0,4.323563648539388e-09,4.8818606857438145e-11,120,BOUNDARIES_FOUND,14399,14399,13200,accepted,diagnostics_passed,v1_small_grid_only
put_T025_s060_r005_q010,put,0.25,0.6,0.05,0.1,1.0,4.0,120,120,0.03333333333333333,0.0020833333333333333,stress_holdout,High-volatility and high-dividend stress combination held out before any row-level split.,yes,stress_holdout,american_crank_nicolson_psor_price,baseline_cn_psor,0.04535054205916822,14641,5203,5203,True,12,6.283333333333333,9.981805947772981e-09,0.0,4.131853362614722e-09,5.2526773911934595e-11,120,BOUNDARIES_FOUND,14399,14399,13200,accepted,diagnostics_passed,v1_small_grid_only
put_T025_s060_r010_q000,put,0.25,0.6,0.1,0.0,1.0,4.0,120,120,0.03333333333333333,0.0020833333333333333,train,Default construction-planning training regime.,no,train,american_crank_nicolson_psor_price,baseline_cn_psor,0.04518662509508431,14641,5203,5203,True,10,6.216666666666667,9.95550315693568e-09,0.0,4.576933951766027e-09,2.824988331395673e-11,120,BOUNDARIES_FOUND,14399,14399,13210,accepted,diagnostics_passed,v1_small_grid_only
put_T025_s060_r010_q003,put,0.25,0.6,0.1,0.03,1.0,4.0,120,120,0.03333333333333333,0.0020833333333333333,train,Default construction-planning training regime.,no,train,american_crank_nicolson_psor_price,baseline_cn_psor,0.045071792090311646,14641,5203,5203,True,10,6.233333333333333,9.779957033453912e-09,0.0,4.34713438453283e-09,2.8547877313355826e-11,120,BOUNDARIES_FOUND,14399,14399,13208,accepted,diagnostics_passed,v1_small_grid_only
put_T025_s060_r010_q006,put,0.25,0.6,0.1,0.06,1.0,4.0,120,120,0.03333333333333333,0.0020833333333333333,train,Default construction-planning training regime.,no,train,american_crank_nicolson_psor_price,baseline_cn_psor,0.045171083183959126,14641,5203,5203,True,10,6.258333333333334,9.728338197512176e-09,0.0,4.304226001888866e-09,2.879275800768467e-11,120,BOUNDARIES_FOUND,14399,14399,13206,accepted,diagnostics_passed,v1_small_grid_only
put_T025_s060_r010_q010,put,0.25,0.6,0.1,0.1,1.0,4.0,120,120,0.03333333333333333,0.0020833333333333333,stress_holdout,High-volatility and high-dividend stress combination held out before any row-level split.,yes,stress_holdout,american_crank_nicolson_psor_price,baseline_cn_psor,0.04548933287151158,14641,5203,5203,True,10,6.275,9.93892251832662e-09,0.0,4.3647902948088435e-09,2.9069553890541714e-11,120,BOUNDARIES_FOUND,14399,14399,13203,accepted,diagnostics_passed,v1_small_grid_only
put_T050_s020_r001_q000,put,0.5,0.2,0.01,0.0,1.0,4.0,120,120,0.03333333333333333,0.004166666666666667,train,Default construction-planning training regime.,no,train,american_crank_nicolson_psor_price,baseline_cn_psor,0.05377783300355077,14641,5203,5203,True,9,7.383333333333334,9.959479352339429e-09,0.0,1.69316056314317e-09,3.7050300405428996e-11,120,BOUNDARIES_FOUND,14399,14399,13240,accepted,diagnostics_passed,v1_small_grid_only
put_T050_s020_r001_q003,put,0.5,0.2,0.01,0.03,1.0,4.0,120,120,0.03333333333333333,0.004166666666666667,train,Default construction-planning training regime.,no,train,american_crank_nicolson_psor_price,baseline_cn_psor,0.05372620886191726,14641,5203,5203,True,9,7.5,9.91454353685417e-09,0.0,1.607245905810295e-09,5.777397761715204e-11,120,BOUNDARIES_FOUND,14399,14399,13200,accepted,diagnostics_passed,v1_small_grid_only
put_T050_s020_r001_q006,put,0.5,0.2,0.01,0.06,1.0,4.0,120,120,0.03333333333333333,0.004166666666666667,train,Default construction-planning training regime.,no,train,american_crank_nicolson_psor_price,baseline_cn_psor,0.05538929090835154,14641,5203,5203,True,9,7.758333333333334,9.982998705471147e-09,0.0,1.5561520058660072e-09,8.732178818269243e-11,120,BOUNDARIES_FOUND,14399,14399,13200,accepted,diagnostics_passed,v1_small_grid_only
put_T050_s020_r001_q010,put,0.5,0.2,0.01,0.1,1.0,4.0,120,120,0.03333333333333333,0.004166666666666667,train,Default construction-planning training regime.,no,train,american_crank_nicolson_psor_price,baseline_cn_psor,0.05778370797634125,14641,5203,5203,True,9,8.041666666666666,9.48360141935986e-09,0.0,1.5373458075139401e-09,2.421520882270246e-11,120,BOUNDARIES_FOUND,14399,14399,13200,accepted,diagnostics_passed,v1_small_grid_only
put_T050_s020_r005_q000,put,0.5,0.2,0.05,0.0,1.0,4.0,120,120,0.03333333333333333,0.004166666666666667,validation,Mid-maturity baseline-rate slice reserved for validation after stress/test precedence.,no,validation,american_crank_nicolson_psor_price,baseline_cn_psor,0.052837416995316744,14641,5203,5203,True,9,7.308333333333334,9.762027203957802e-09,0.0,1.3350229116637635e-09,2.1678629910583363e-11,120,BOUNDARIES_FOUND,14399,14399,13333,accepted,diagnostics_passed,v1_small_grid_only
put_T050_s020_r005_q003,put,0.5,0.2,0.05,0.03,1.0,4.0,120,120,0.03333333333333333,0.004166666666666667,validation,Mid-maturity baseline-rate slice reserved for validation after stress/test precedence.,no,validation,american_crank_nicolson_psor_price,baseline_cn_psor,0.05350333405658603,14641,5203,5203,True,9,7.358333333333333,9.821254524922107e-09,0.0,1.3943223520218595e-09,3.070633331669783e-11,120,BOUNDARIES_FOUND,14399,14399,13268,accepted,diagnostics_passed,v1_small_grid_only
put_T050_s020_r005_q006,put,0.5,0.2,0.05,0.06,1.0,4.0,120,120,0.03333333333333333,0.004166666666666667,validation,Mid-maturity baseline-rate slice reserved for validation after stress/test precedence.,no,validation,american_crank_nicolson_psor_price,baseline_cn_psor,0.053768625017255545,14641,5203,5203,True,9,7.433333333333334,9.894281532973892e-09,0.0,1.6269113417566317e-09,4.512537920019007e-11,120,BOUNDARIES_FOUND,14399,14399,13200,accepted,diagnostics_passed,v1_small_grid_only
put_T050_s020_r005_q010,put,0.5,0.2,0.05,0.1,1.0,4.0,120,120,0.03333333333333333,0.004166666666666667,validation,Mid-maturity baseline-rate slice reserved for validation after stress/test precedence.,no,validation,american_crank_nicolson_psor_price,baseline_cn_psor,0.05463345814496279,14641,5203,5203,True,9,7.683333333333334,9.976371881381674e-09,0.0,1.559495789449361e-09,7.943714740594837e-11,120,BOUNDARIES_FOUND,14399,14399,13200,accepted,diagnostics_passed,v1_small_grid_only
put_T050_s020_r010_q000,put,0.5,0.2,0.1,0.0,1.0,4.0,120,120,0.03333333333333333,0.004166666666666667,train,Default construction-planning training regime.,no,train,american_crank_nicolson_psor_price,baseline_cn_psor,0.05272020888514817,14641,5203,5203,True,9,7.25,9.93492295549292e-09,0.0,1.265904492342429e-09,1.2625256285445109e-11,120,BOUNDARIES_FOUND,14399,14399,13440,accepted,diagnostics_passed,v1_small_grid_only
put_T050_s020_r010_q003,put,0.5,0.2,0.1,0.03,1.0,4.0,120,120,0.03333333333333333,0.004166666666666667,train,Default construction-planning training regime.,no,train,american_crank_nicolson_psor_price,baseline_cn_psor,0.05255999998189509,14641,5203,5203,True,9,7.275,9.939904035277669e-09,0.0,1.1405192554270194e-09,1.6763386698053966e-11,120,BOUNDARIES_FOUND,14399,14399,13392,accepted,diagnostics_passed,v1_small_grid_only
put_T050_s020_r010_q006,put,0.5,0.2,0.1,0.06,1.0,4.0,120,120,0.03333333333333333,0.004166666666666667,train,Default construction-planning training regime.,no,train,american_crank_nicolson_psor_price,baseline_cn_psor,0.05315983295440674,14641,5203,5203,True,9,7.316666666666666,9.826721604835886e-09,0.0,1.3976328219755807e-09,2.3168935995223532e-11,120,BOUNDARIES_FOUND,14399,14399,13322,accepted,diagnostics_passed,v1_small_grid_only
put_T050_s020_r010_q010,put,0.5,0.2,0.1,0.1,1.0,4.0,120,120,0.03333333333333333,0.004166666666666667,train,Default construction-planning training regime.,no,train,american_crank_nicolson_psor_price,baseline_cn_psor,0.05455641681328416,14641,5203,5203,True,9,7.383333333333334,9.967132948845991e-09,0.0,1.7448103240003121e-09,3.6497810105192415e-11,120,BOUNDARIES_FOUND,14399,14399,13241,accepted,diagnostics_passed,v1_small_grid_only
put_T050_s040_r001_q000,put,0.5,0.4,0.01,0.0,1.0,4.0,120,120,0.03333333333333333,0.004166666666666667,train,Default construction-planning training regime.,no,train,american_crank_nicolson_psor_price,baseline_cn_psor,0.044908874901011586,14641,5203,5203,True,10,6.225,9.565707101422127e-09,0.0,1.5320720872107106e-09,2.4996004917869643e-11,120,BOUNDARIES_FOUND,14399,14399,13204,accepted,diagnostics_passed,v1_small_grid_only
put_T050_s040_r001_q003,put,0.5,0.4,0.01,0.03,1.0,4.0,120,120,0.03333333333333333,0.004166666666666667,train,Default construction-planning training regime.,no,train,american_crank_nicolson_psor_price,baseline_cn_psor,0.048683708999305964,14641,5203,5203,True,11,6.233333333333333,9.879954687708192e-09,0.0,2.604952309415154e-09,3.4178490219652234e-11,120,BOUNDARIES_FOUND,14399,14399,13200,accepted,diagnostics_passed,v1_small_grid_only
put_T050_s040_r001_q006,put,0.5,0.4,0.01,0.06,1.0,4.0,120,120,0.03333333333333333,0.004166666666666667,train,Default construction-planning training regime.,no,train,american_crank_nicolson_psor_price,baseline_cn_psor,0.08454537484794855,14641,5203,5203,True,11,7.125,9.617712487530738e-09,0.0,2.5385714363945766e-09,2.590909779470526e-11,120,BOUNDARIES_FOUND,14399,14399,13200,accepted,diagnostics_passed,v1_small_grid_only
put_T050_s040_r001_q010,put,0.5,0.4,0.01,0.1,1.0,4.0,120,120,0.03333333333333333,0.004166666666666667,train,Default construction-planning training regime.,no,train,american_crank_nicolson_psor_price,baseline_cn_psor,0.05161833297461271,14641,5203,5203,True,11,7.125,9.277156237663675e-09,0.0,2.4523486019667473e-09,2.6591314245517262e-11,120,BOUNDARIES_FOUND,14399,14399,13200,accepted,diagnostics_passed,v1_small_grid_only
put_T050_s040_r005_q000,put,0.5,0.4,0.05,0.0,1.0,4.0,120,120,0.03333333333333333,0.004166666666666667,validation,Mid-maturity baseline-rate slice reserved for validation after stress/test precedence.,no,validation,american_crank_nicolson_psor_price,baseline_cn_psor,0.04516166681423783,14641,5203,5203,True,10,6.225,8.68325722436225e-09,0.0,1.3367588425072796e-09,2.4661148451892765e-11,120,BOUNDARIES_FOUND,14399,14399,13211,accepted,diagnostics_passed,v1_small_grid_only
put_T050_s040_r005_q003,put,0.5,0.4,0.05,0.03,1.0,4.0,120,120,0.03333333333333333,0.004166666666666667,validation,Mid-maturity baseline-rate slice reserved for validation after stress/test precedence.,no,validation,american_crank_nicolson_psor_price,baseline_cn_psor,0.04530599992722273,14641,5203,5203,True,10,6.225,9.840568408747696e-09,0.0,1.406616702821317e-09,2.478347767429274e-11,120,BOUNDARIES_FOUND,14399,14399,13207,accepted,diagnostics_passed,v1_small_grid_only
put_T050_s040_r005_q006,put,0.5,0.4,0.05,0.06,1.0,4.0,120,120,0.03333333333333333,0.004166666666666667,validation,Mid-maturity baseline-rate slice reserved for validation after stress/test precedence.,no,validation,american_crank_nicolson_psor_price,baseline_cn_psor,0.045506499940529466,14641,5203,5203,True,11,6.233333333333333,9.935648442871425e-09,0.0,2.621205197339549e-09,2.581614671905953e-11,120,BOUNDARIES_FOUND,14399,14399,13200,accepted,diagnostics_passed,v1_small_grid_only
put_T050_s040_r005_q010,put,0.5,0.4,0.05,0.1,1.0,4.0,120,120,0.03333333333333333,0.004166666666666667,validation,Mid-maturity baseline-rate slice reserved for validation after stress/test precedence.,no,validation,american_crank_nicolson_psor_price,baseline_cn_psor,0.04551370907574892,14641,5203,5203,True,11,6.233333333333333,9.614665535950806e-09,0.0,2.538119575623554e-09,3.955607735705549e-11,120,BOUNDARIES_FOUND,14399,14399,13200,accepted,diagnostics_passed,v1_small_grid_only
put_T050_s040_r010_q000,put,0.5,0.4,0.1,0.0,1.0,4.0,120,120,0.03333333333333333,0.004166666666666667,train,Default construction-planning training regime.,no,train,american_crank_nicolson_psor_price,baseline_cn_psor,0.045481584034860134,14641,5203,5203,True,10,6.225,9.355460794946424e-09,0.0,1.4311051788062912e-09,2.4542378258739623e-11,120,BOUNDARIES_FOUND,14399,14399,13218,accepted,diagnostics_passed,v1_small_grid_only
put_T050_s040_r010_q003,put,0.5,0.4,0.1,0.03,1.0,4.0,120,120,0.03333333333333333,0.004166666666666667,train,Default construction-planning training regime.,no,train,american_crank_nicolson_psor_price,baseline_cn_psor,0.04563533281907439,14641,5203,5203,True,10,6.233333333333333,8.76332845178851e-09,0.0,1.7156633058679205e-09,2.4820711207677045e-11,120,BOUNDARIES_FOUND,14399,14399,13214,accepted,diagnostics_passed,v1_small_grid_only
put_T050_s040_r010_q006,put,0.5,0.4,0.1,0.06,1.0,4.0,120,120,0.03333333333333333,0.004166666666666667,train,Default construction-planning training regime.,no,train,american_crank_nicolson_psor_price,baseline_cn_psor,0.045338124968111515,14641,5203,5203,True,10,6.225,8.624483890939949e-09,0.0,1.4327705966099558e-09,2.4261938723288078e-11,120,BOUNDARIES_FOUND,14399,14399,13211,accepted,diagnostics_passed,v1_small_grid_only
put_T050_s040_r010_q010,put,0.5,0.4,0.1,0.1,1.0,4.0,120,120,0.03333333333333333,0.004166666666666667,train,Default construction-planning training regime.,no,train,american_crank_nicolson_psor_price,baseline_cn_psor,0.04508883296512067,14641,5203,5203,True,10,6.225,9.65779320752369e-09,0.0,1.5528113409834263e-09,2.492964855286786e-11,120,BOUNDARIES_FOUND,14399,14399,13205,accepted,diagnostics_passed,v1_small_grid_only
put_T050_s060_r001_q000,put,0.5,0.6,0.01,0.0,1.0,4.0,120,120,0.03333333333333333,0.004166666666666667,train,Default construction-planning training regime.,no,train,american_crank_nicolson_psor_price,baseline_cn_psor,0.08481691614724696,14641,5203,5203,True,18,11.783333333333333,9.918471719259176e-09,0.0,2.2728713436185634e-08,3.393730430333712e-11,120,BOUNDARIES_FOUND,14399,14399,13201,accepted,diagnostics_passed,v1_small_grid_only
put_T050_s060_r001_q003,put,0.5,0.6,0.01,0.03,1.0,4.0,120,120,0.03333333333333333,0.004166666666666667,train,Default construction-planning training regime.,no,train,american_crank_nicolson_psor_price,baseline_cn_psor,0.08618412492796779,14641,5203,5203,True,19,11.941666666666666,9.925018883626905e-09,0.0,2.3273824896659096e-08,3.487072060922302e-11,120,BOUNDARIES_FOUND,14399,14399,13200,accepted,diagnostics_passed,v1_small_grid_only
put_T050_s060_r001_q006,put,0.5,0.6,0.01,0.06,1.0,4.0,120,120,0.03333333333333333,0.004166666666666667,train,Default construction-planning training regime.,no,train,american_crank_nicolson_psor_price,baseline_cn_psor,0.08706333301961422,14641,5203,5203,True,19,12.091666666666667,9.988557113913867e-09,0.0,2.282819063290217e-08,3.583378948993271e-11,120,BOUNDARIES_FOUND,14399,14399,13200,accepted,diagnostics_passed,v1_small_grid_only
put_T050_s060_r001_q010,put,0.5,0.6,0.01,0.1,1.0,4.0,120,120,0.03333333333333333,0.004166666666666667,stress_holdout,High-volatility and high-dividend stress combination held out before any row-level split.,yes,stress_holdout,american_crank_nicolson_psor_price,baseline_cn_psor,0.08911791699938476,14641,5203,5203,True,19,12.366666666666667,9.904461024555153e-09,0.0,2.292436830750484e-08,2.3722513240964423e-11,120,BOUNDARIES_FOUND,14399,14399,13200,accepted,diagnostics_passed,v1_small_grid_only
put_T050_s060_r005_q000,put,0.5,0.6,0.05,0.0,1.0,4.0,120,120,0.03333333333333333,0.004166666666666667,validation,Mid-maturity baseline-rate slice reserved for validation after stress/test precedence.,no,validation,american_crank_nicolson_psor_price,baseline_cn_psor,0.08240783284418285,14641,5203,5203,True,18,11.566666666666666,9.978817349363435e-09,0.0,2.281232540276559e-08,3.256245435453605e-11,120,BOUNDARIES_FOUND,14399,14399,13203,accepted,diagnostics_passed,v1_small_grid_only
put_T050_s060_r005_q003,put,0.5,0.6,0.05,0.03,1.0,4.0,120,120,0.03333333333333333,0.004166666666666667,validation,Mid-maturity baseline-rate slice reserved for validation after stress/test precedence.,no,validation,american_crank_nicolson_psor_price,baseline_cn_psor,0.08427195786498487,14641,5203,5203,True,18,11.708333333333334,9.973424927285993e-09,0.0,2.30464273442651e-08,3.3400462641412543e-11,120,BOUNDARIES_FOUND,14399,14399,13201,accepted,diagnostics_passed,v1_small_grid_only
put_T050_s060_r005_q006,put,0.5,0.6,0.05,0.06,1.0,4.0,120,120,0.03333333333333333,0.004166666666666667,validation,Mid-maturity baseline-rate slice reserved for validation after stress/test precedence.,no,validation,american_crank_nicolson_psor_price,baseline_cn_psor,0.08792920899577439,14641,5203,5203,True,18,11.858333333333333,9.995834424558151e-09,0.0,2.3288870568724095e-08,3.428902006851696e-11,120,BOUNDARIES_FOUND,14399,14399,13200,accepted,diagnostics_passed,v1_small_grid_only
put_T050_s060_r005_q010,put,0.5,0.6,0.05,0.1,1.0,4.0,120,120,0.03333333333333333,0.004166666666666667,stress_holdout,High-volatility and high-dividend stress combination held out before any row-level split.,yes,stress_holdout,american_crank_nicolson_psor_price,baseline_cn_psor,0.09207820799201727,14641,5203,5203,True,19,12.066666666666666,9.94946726216991e-09,0.0,2.3085249388152002e-08,3.554552102015351e-11,120,BOUNDARIES_FOUND,14399,14399,13200,accepted,diagnostics_passed,v1_small_grid_only
put_T050_s060_r010_q000,put,0.5,0.6,0.1,0.0,1.0,4.0,120,120,0.03333333333333333,0.004166666666666667,train,Default construction-planning training regime.,no,train,american_crank_nicolson_psor_price,baseline_cn_psor,0.08202733402140439,14641,5203,5203,True,17,11.283333333333333,9.938564644656686e-09,0.0,2.2279931314667578e-08,4.775825482376043e-11,120,BOUNDARIES_FOUND,14399,14399,13204,accepted,diagnostics_passed,v1_small_grid_only
put_T050_s060_r010_q003,put,0.5,0.6,0.1,0.03,1.0,4.0,120,120,0.03333333333333333,0.004166666666666667,train,Default construction-planning training regime.,no,train,american_crank_nicolson_psor_price,baseline_cn_psor,0.0817487919703126,14641,5203,5203,True,18,11.425,9.98385885796942e-09,0.0,2.2649844635318304e-08,4.766129822304877e-11,120,BOUNDARIES_FOUND,14399,14399,13204,accepted,diagnostics_passed,v1_small_grid_only
put_T050_s060_r010_q006,put,0.5,0.6,0.1,0.06,1.0,4.0,120,120,0.03333333333333333,0.004166666666666667,train,Default construction-planning training regime.,no,train,american_crank_nicolson_psor_price,baseline_cn_psor,0.08246025000698864,14641,5203,5203,True,18,11.575,9.942157510353482e-09,0.0,2.3058520461245995e-08,3.2546551200607176e-11,120,BOUNDARIES_FOUND,14399,14399,13203,accepted,diagnostics_passed,v1_small_grid_only
put_T050_s060_r010_q010,put,0.5,0.6,0.1,0.1,1.0,4.0,120,120,0.03333333333333333,0.004166666666666667,stress_holdout,High-volatility and high-dividend stress combination held out before any row-level split.,yes,stress_holdout,american_crank_nicolson_psor_price,baseline_cn_psor,0.08568445802666247,14641,5203,5203,True,18,11.783333333333333,9.91479119316044e-09,0.0,2.2511453158220816e-08,3.368238107838209e-11,120,BOUNDARIES_FOUND,14399,14399,13201,accepted,diagnostics_passed,v1_small_grid_only
put_T100_s020_r001_q000,put,1.0,0.2,0.01,0.0,1.0,4.0,120,120,0.03333333333333333,0.008333333333333333,train,Default construction-planning training regime.,no,train,american_crank_nicolson_psor_price,baseline_cn_psor,0.05330662499181926,14641,5203,5203,True,10,7.166666666666667,9.45166963315161e-09,0.0,1.4597908021274364e-09,3.3920638307068065e-11,120,BOUNDARIES_FOUND,14399,14399,13221,accepted,diagnostics_passed,v1_small_grid_only
put_T100_s020_r001_q003,put,1.0,0.2,0.01,0.03,1.0,4.0,120,120,0.03333333333333333,0.008333333333333333,train,Default construction-planning training regime.,no,train,american_crank_nicolson_psor_price,baseline_cn_psor,0.05315124988555908,14641,5203,5203,True,10,7.166666666666667,9.936488021278223e-09,0.0,2.231089063498004e-09,3.253122929629853e-11,120,BOUNDARIES_FOUND,14399,14399,13200,accepted,diagnostics_passed,v1_small_grid_only
put_T100_s020_r001_q006,put,1.0,0.2,0.01,0.06,1.0,4.0,120,120,0.03333333333333333,0.008333333333333333,train,Default construction-planning training regime.,no,train,american_crank_nicolson_psor_price,baseline_cn_psor,0.0525997921358794,14641,5203,5203,True,10,7.191666666666666,9.782898477417312e-09,0.0,2.170198465378803e-09,6.01815753865927e-11,120,BOUNDARIES_FOUND,14399,14399,13200,accepted,diagnostics_passed,v1_small_grid_only
put_T100_s020_r001_q010,put,1.0,0.2,0.01,0.1,1.0,4.0,120,120,0.03333333333333333,0.008333333333333333,train,Default construction-planning training regime.,no,train,american_crank_nicolson_psor_price,baseline_cn_psor,0.05841079191304743,14641,5203,5203,True,10,8.058333333333334,9.74709410406227e-09,0.0,2.1150758089394373e-09,2.0862470196458617e-11,120,BOUNDARIES_FOUND,14399,14399,13200,accepted,diagnostics_passed,v1_small_grid_only
put_T100_s020_r005_q000,put,1.0,0.2,0.05,0.0,1.0,4.0,120,120,0.03333333333333333,0.008333333333333333,train,Default construction-planning training regime.,no,train,american_crank_nicolson_psor_price,baseline_cn_psor,0.04916012496687472,14641,5203,5203,True,10,6.75,9.947151203421045e-09,0.0,1.5875200355675023e-09,4.2637714645937204e-11,120,BOUNDARIES_FOUND,14399,14399,13267,accepted,diagnostics_passed,v1_small_grid_only
put_T100_s020_r005_q003,put,1.0,0.2,0.05,0.03,1.0,4.0,120,120,0.03333333333333333,0.008333333333333333,train,Default construction-planning training regime.,no,train,american_crank_nicolson_psor_price,baseline_cn_psor,0.05227887514047325,14641,5203,5203,True,10,7.158333333333333,9.254554275694993e-09,0.0,1.5239543793565957e-09,3.520069237820525e-11,120,BOUNDARIES_FOUND,14399,14399,13233,accepted,diagnostics_passed,v1_small_grid_only
put_T100_s020_r005_q006,put,1.0,0.2,0.05,0.06,1.0,4.0,120,120,0.03333333333333333,0.008333333333333333,train,Default construction-planning training regime.,no,train,american_crank_nicolson_psor_price,baseline_cn_psor,0.05239037494175136,14641,5203,5203,True,10,7.158333333333333,9.894728217330062e-09,0.0,2.2382241199325748e-09,2.6256391705650897e-11,120,BOUNDARIES_FOUND,14399,14399,13200,accepted,diagnostics_passed,v1_small_grid_only
put_T100_s020_r005_q010,put,1.0,0.2,0.05,0.1,1.0,4.0,120,120,0.03333333333333333,0.008333333333333333,train,Default construction-planning training regime.,no,train,american_crank_nicolson_psor_price,baseline_cn_psor,0.0521926658693701,14641,5203,5203,True,10,7.191666666666666,9.649458093674568e-09,0.0,2.1507098740825015e-09,4.842109345533684e-11,120,BOUNDARIES_FOUND,14399,14399,13200,accepted,diagnostics_passed,v1_small_grid_only
put_T100_s020_r010_q000,put,1.0,0.2,0.1,0.0,1.0,4.0,120,120,0.03333333333333333,0.008333333333333333,train,Default construction-planning training regime.,no,train,american_crank_nicolson_psor_price,baseline_cn_psor,0.047699540853500366,14641,5203,5203,True,9,6.508333333333334,9.793580330388907e-09,0.0,1.6754268805652117e-09,3.404390265858254e-11,120,BOUNDARIES_FOUND,14399,14399,13380,accepted,diagnostics_passed,v1_small_grid_only
put_T100_s020_r010_q003,put,1.0,0.2,0.1,0.03,1.0,4.0,120,120,0.03333333333333333,0.008333333333333333,train,Default construction-planning training regime.,no,train,american_crank_nicolson_psor_price,baseline_cn_psor,0.048299374990165234,14641,5203,5203,True,10,6.591666666666667,9.952398821733155e-09,0.0,1.3929457552686042e-09,3.089396861703226e-11,120,BOUNDARIES_FOUND,14399,14399,13315,accepted,diagnostics_passed,v1_small_grid_only
put_T100_s020_r010_q006,put,1.0,0.2,0.1,0.06,1.0,4.0,120,120,0.03333333333333333,0.008333333333333333,train,Default construction-planning training regime.,no,train,american_crank_nicolson_psor_price,baseline_cn_psor,0.049602249870076776,14641,5203,5203,True,10,6.783333333333333,9.947435902768476e-09,0.0,1.5703008060530266e-09,4.554547749947378e-11,120,BOUNDARIES_FOUND,14399,14399,13262,accepted,diagnostics_passed,v1_small_grid_only
put_T100_s020_r010_q010,put,1.0,0.2,0.1,0.1,1.0,4.0,120,120,0.03333333333333333,0.008333333333333333,train,Default construction-planning training regime.,no,train,american_crank_nicolson_psor_price,baseline_cn_psor,0.0519977081567049,14641,5203,5203,True,10,7.166666666666667,9.789063049958982e-09,0.0,1.4268507625425642e-09,3.389718792231137e-11,120,BOUNDARIES_FOUND,14399,14399,13220,accepted,diagnostics_passed,v1_small_grid_only
put_T100_s040_r001_q000,put,1.0,0.4,0.01,0.0,1.0,4.0,120,120,0.03333333333333333,0.008333333333333333,train,Default construction-planning training regime.,no,train,american_crank_nicolson_psor_price,baseline_cn_psor,0.07289175014011562,14641,5203,5203,True,15,10.025,9.9941160828349e-09,0.0,1.9137789624302376e-08,3.054307908037035e-11,120,BOUNDARIES_FOUND,14399,14399,13202,accepted,diagnostics_passed,v1_small_grid_only
put_T100_s040_r001_q003,put,1.0,0.4,0.01,0.03,1.0,4.0,120,120,0.03333333333333333,0.008333333333333333,train,Default construction-planning training regime.,no,train,american_crank_nicolson_psor_price,baseline_cn_psor,0.07489454187452793,14641,5203,5203,True,16,10.333333333333334,9.96595421912474e-09,0.0,1.965027304019545e-08,3.114293444832315e-11,120,BOUNDARIES_FOUND,14399,14399,13200,accepted,diagnostics_passed,v1_small_grid_only
put_T100_s040_r001_q006,put,1.0,0.4,0.01,0.06,1.0,4.0,120,120,0.03333333333333333,0.008333333333333333,train,Default construction-planning training regime.,no,train,american_crank_nicolson_psor_price,baseline_cn_psor,0.07729587494395673,14641,5203,5203,True,17,10.725,9.916127018084423e-09,0.0,2.032245948580631e-08,2.6838628949541328e-11,120,BOUNDARIES_FOUND,14399,14399,13200,accepted,diagnostics_passed,v1_small_grid_only
put_T100_s040_r001_q010,put,1.0,0.4,0.01,0.1,1.0,4.0,120,120,0.03333333333333333,0.008333333333333333,train,Default construction-planning training regime.,no,train,american_crank_nicolson_psor_price,baseline_cn_psor,0.08044870803132653,14641,5203,5203,True,17,11.066666666666666,9.892193070975067e-09,0.0,1.955728210807509e-08,2.781438468596316e-11,120,BOUNDARIES_FOUND,14399,14399,13200,accepted,diagnostics_passed,v1_small_grid_only
put_T100_s040_r005_q000,put,1.0,0.4,0.05,0.0,1.0,4.0,120,120,0.03333333333333333,0.008333333333333333,train,Default construction-planning training regime.,no,train,american_crank_nicolson_psor_price,baseline_cn_psor,0.07073775003664196,14641,5203,5203,True,14,9.666666666666666,9.983299594125417e-09,0.0,1.962226191658278e-08,2.8230049470510267e-11,120,BOUNDARIES_FOUND,14399,14399,13206,accepted,diagnostics_passed,v1_small_grid_only
put_T100_s040_r005_q003,put,1.0,0.4,0.05,0.03,1.0,4.0,120,120,0.03333333333333333,0.008333333333333333,train,Default construction-planning training regime.,no,train,american_crank_nicolson_psor_price,baseline_cn_psor,0.07159433281049132,14641,5203,5203,True,15,9.9,9.976212944634447e-09,0.0,1.9513752468058865e-08,3.0317208003513316e-11,120,BOUNDARIES_FOUND,14399,14399,13203,accepted,diagnostics_passed,v1_small_grid_only
put_T100_s040_r005_q006,put,1.0,0.4,0.05,0.06,1.0,4.0,120,120,0.03333333333333333,0.008333333333333333,train,Default construction-planning training regime.,no,train,american_crank_nicolson_psor_price,baseline_cn_psor,0.07410683389753103,14641,5203,5203,True,16,10.15,9.991826368708047e-09,0.0,2.013124515118413e-08,3.087592251937105e-11,120,BOUNDARIES_FOUND,14399,14399,13200,accepted,diagnostics_passed,v1_small_grid_only
put_T100_s040_r005_q010,put,1.0,0.4,0.05,0.1,1.0,4.0,120,120,0.03333333333333333,0.008333333333333333,train,Default construction-planning training regime.,no,train,american_crank_nicolson_psor_price,baseline_cn_psor,0.07619499997235835,14641,5203,5203,True,16,10.491666666666667,9.948687739645906e-09,0.0,2.0099158986404322e-08,3.15564752450754e-11,120,BOUNDARIES_FOUND,14399,14399,13200,accepted,diagnostics_passed,v1_small_grid_only
put_T100_s040_r010_q000,put,1.0,0.4,0.1,0.0,1.0,4.0,120,120,0.03333333333333333,0.008333333333333333,train,Default construction-planning training regime.,no,train,american_crank_nicolson_psor_price,baseline_cn_psor,0.12578579201363027,14641,5203,5203,True,13,9.241666666666667,9.9745515055546e-09,0.0,1.8273137700701826e-08,2.3741108384122666e-11,120,BOUNDARIES_FOUND,14399,14399,13210,accepted,diagnostics_passed,v1_small_grid_only
put_T100_s040_r010_q003,put,1.0,0.4,0.1,0.03,1.0,4.0,120,120,0.03333333333333333,0.008333333333333333,train,Default construction-planning training regime.,no,train,american_crank_nicolson_psor_price,baseline_cn_psor,0.08321224991232157,14641,5203,5203,True,14,9.491666666666667,9.916013366673007e-09,0.0,1.8443843616833548e-08,2.7470347557280558e-11,120,BOUNDARIES_FOUND,14399,14399,13208,accepted,diagnostics_passed,v1_small_grid_only
put_T100_s040_r010_q006,put,1.0,0.4,0.1,0.06,1.0,4.0,120,120,0.03333333333333333,0.008333333333333333,train,Default construction-planning training regime.,no,train,american_crank_nicolson_psor_price,baseline_cn_psor,0.07820104202255607,14641,5203,5203,True,15,9.708333333333334,9.988349840940125e-09,0.0,1.9530759372651156e-08,2.814719193881976e-11,120,BOUNDARIES_FOUND,14399,14399,13206,accepted,diagnostics_passed,v1_small_grid_only
put_T100_s040_r010_q010,put,1.0,0.4,0.1,0.1,1.0,4.0,120,120,0.03333333333333333,0.008333333333333333,train,Default construction-planning training regime.,no,train,american_crank_nicolson_psor_price,baseline_cn_psor,0.07659200020134449,14641,5203,5203,True,15,10.008333333333333,9.984859231445967e-09,0.0,1.935250402193122e-08,3.0299139285022724e-11,120,BOUNDARIES_FOUND,14399,14399,13202,accepted,diagnostics_passed,v1_small_grid_only
put_T100_s060_r001_q000,put,1.0,0.6,0.01,0.0,1.0,4.0,120,120,0.03333333333333333,0.008333333333333333,train,Default construction-planning training regime.,no,train,american_crank_nicolson_psor_price,baseline_cn_psor,0.21889854199253023,14641,5203,5203,True,41,29.85,9.978070608911843e-09,0.0,4.893999938464233e-08,3.5696873354084803e-10,120,BOUNDARIES_FOUND,14399,14399,13200,accepted,diagnostics_passed,v1_small_grid_only
put_T100_s060_r001_q003,put,1.0,0.6,0.01,0.03,1.0,4.0,120,120,0.03333333333333333,0.008333333333333333,train,Default construction-planning training regime.,no,train,american_crank_nicolson_psor_price,baseline_cn_psor,0.21638266602531075,14641,5203,5203,True,42,30.366666666666667,9.978763425538394e-09,0.0,4.899550925564766e-08,3.6981476603428324e-10,120,BOUNDARIES_FOUND,14399,14399,13200,accepted,diagnostics_passed,v1_small_grid_only
put_T100_s060_r001_q006,put,1.0,0.6,0.01,0.06,1.0,4.0,120,120,0.03333333333333333,0.008333333333333333,train,Default construction-planning training regime.,no,train,american_crank_nicolson_psor_price,baseline_cn_psor,0.2226988330949098,14641,5203,5203,True,43,30.783333333333335,9.97745207387637e-09,0.0,4.901187887138003e-08,4.3704258180613505e-10,120,BOUNDARIES_FOUND,14399,14399,13200,accepted,diagnostics_passed,v1_small_grid_only
put_T100_s060_r001_q010,put,1.0,0.6,0.01,0.1,1.0,4.0,120,120,0.03333333333333333,0.008333333333333333,stress_holdout,High-volatility and high-dividend stress combination held out before any row-level split.,yes,stress_holdout,american_crank_nicolson_psor_price,baseline_cn_psor,0.2249692501500249,14641,5203,5203,True,43,31.358333333333334,9.977431598582817e-09,0.0,4.922405549140363e-08,5.181162872614965e-10,120,BOUNDARIES_FOUND,14399,14399,13200,accepted,diagnostics_passed,v1_small_grid_only
put_T100_s060_r005_q000,put,1.0,0.6,0.05,0.0,1.0,4.0,120,120,0.03333333333333333,0.008333333333333333,train,Default construction-planning training regime.,no,train,american_crank_nicolson_psor_price,baseline_cn_psor,0.20718516688793898,14641,5203,5203,True,40,29.158333333333335,9.946586462783978e-09,0.0,4.8587210562181515e-08,2.930722837586118e-10,120,BOUNDARIES_FOUND,14399,14399,13201,accepted,diagnostics_passed,v1_small_grid_only
put_T100_s060_r005_q003,put,1.0,0.6,0.05,0.03,1.0,4.0,120,120,0.03333333333333333,0.008333333333333333,train,Default construction-planning training regime.,no,train,american_crank_nicolson_psor_price,baseline_cn_psor,0.212237540865317,14641,5203,5203,True,41,29.625,9.996293581088223e-09,0.0,4.895793784352037e-08,3.029504445965498e-10,120,BOUNDARIES_FOUND,14399,14399,13200,accepted,diagnostics_passed,v1_small_grid_only
put_T100_s060_r005_q006,put,1.0,0.6,0.05,0.06,1.0,4.0,120,120,0.03333333333333333,0.008333333333333333,train,Default construction-planning training regime.,no,train,american_crank_nicolson_psor_price,baseline_cn_psor,0.21773970895446837,14641,5203,5203,True,41,30.05,9.990455782961372e-09,0.0,4.899968634401036e-08,3.816515422811929e-10,120,BOUNDARIES_FOUND,14399,14399,13200,accepted,diagnostics_passed,v1_small_grid_only
put_T100_s060_r005_q010,put,1.0,0.6,0.05,0.1,1.0,4.0,120,120,0.03333333333333333,0.008333333333333333,stress_holdout,High-volatility and high-dividend stress combination held out before any row-level split.,yes,stress_holdout,american_crank_nicolson_psor_price,baseline_cn_psor,0.21790004102513194,14641,5203,5203,True,42,30.675,9.968929259342174e-09,0.0,4.898459187276452e-08,4.25040145759355e-10,120,BOUNDARIES_FOUND,14399,14399,13200,accepted,diagnostics_passed,v1_small_grid_only
put_T100_s060_r010_q000,put,1.0,0.6,0.1,0.0,1.0,4.0,120,120,0.03333333333333333,0.008333333333333333,train,Default construction-planning training regime.,no,train,american_crank_nicolson_psor_price,baseline_cn_psor,0.20139904110692441,14641,5203,5203,True,39,28.275,9.998135471443736e-09,0.0,4.898992788911552e-08,2.1799915618728656e-10,120,BOUNDARIES_FOUND,14399,14399,13203,accepted,diagnostics_passed,v1_small_grid_only
put_T100_s060_r010_q003,put,1.0,0.6,0.1,0.03,1.0,4.0,120,120,0.03333333333333333,0.008333333333333333,train,Default construction-planning training regime.,no,train,american_crank_nicolson_psor_price,baseline_cn_psor,0.23607508302666247,14641,5203,5203,True,40,28.683333333333334,9.967750259735897e-09,0.0,4.890229581173966e-08,2.677996631326811e-10,120,BOUNDARIES_FOUND,14399,14399,13201,accepted,diagnostics_passed,v1_small_grid_only
put_T100_s060_r010_q006,put,1.0,0.6,0.1,0.06,1.0,4.0,120,120,0.03333333333333333,0.008333333333333333,train,Default construction-planning training regime.,no,train,american_crank_nicolson_psor_price,baseline_cn_psor,0.23069408303126693,14641,5203,5203,True,40,29.141666666666666,9.984575563364538e-09,0.0,4.8640518945930467e-08,2.8493807567625785e-10,120,BOUNDARIES_FOUND,14399,14399,13201,accepted,diagnostics_passed,v1_small_grid_only
put_T100_s060_r010_q010,put,1.0,0.6,0.1,0.1,1.0,4.0,120,120,0.03333333333333333,0.008333333333333333,stress_holdout,High-volatility and high-dividend stress combination held out before any row-level split.,yes,stress_holdout,american_crank_nicolson_psor_price,baseline_cn_psor,0.21715425001457334,14641,5203,5203,True,41,29.75,9.980990008442991e-09,0.0,4.9069103534755965e-08,3.1738024849751355e-10,120,BOUNDARIES_FOUND,14399,14399,13200,accepted,diagnostics_passed,v1_small_grid_only
put_T200_s020_r001_q000,put,2.0,0.2,0.01,0.0,1.0,4.0,120,120,0.03333333333333333,0.016666666666666666,train,Default construction-planning training regime.,no,train,american_crank_nicolson_psor_price,baseline_cn_psor,0.04558620904572308,14641,5203,5203,True,10,6.233333333333333,9.11762801369953e-09,0.0,1.7192688384071175e-09,2.4500816641502303e-11,120,BOUNDARIES_FOUND,14399,14399,13210,accepted,diagnostics_passed,v1_small_grid_only
put_T200_s020_r001_q003,put,2.0,0.2,0.01,0.03,1.0,4.0,120,120,0.03333333333333333,0.016666666666666666,train,Default construction-planning training regime.,no,train,american_crank_nicolson_psor_price,baseline_cn_psor,0.05266724992543459,14641,5203,5203,True,11,7.125,9.359074015780067e-09,0.0,2.4733277093069717e-09,2.6251731315992756e-11,120,BOUNDARIES_FOUND,14399,14399,13200,accepted,diagnostics_passed,v1_small_grid_only
put_T200_s020_r001_q006,put,2.0,0.2,0.01,0.06,1.0,4.0,120,120,0.03333333333333333,0.016666666666666666,train,Default construction-planning training regime.,no,train,american_crank_nicolson_psor_price,baseline_cn_psor,0.05174416699446738,14641,5203,5203,True,11,7.116666666666666,9.566434311381045e-09,0.0,2.2277683864313502e-09,4.195525294446812e-11,120,BOUNDARIES_FOUND,14399,14399,13200,accepted,diagnostics_passed,v1_small_grid_only
put_T200_s020_r001_q010,put,2.0,0.2,0.01,0.1,1.0,4.0,120,120,0.03333333333333333,0.016666666666666666,train,Default construction-planning training regime.,no,train,american_crank_nicolson_psor_price,baseline_cn_psor,0.0587823751848191,14641,5203,5203,True,11,8.058333333333334,8.49813978909264e-09,0.0,2.110656942231888e-09,2.8939055879338586e-11,120,BOUNDARIES_FOUND,14399,14399,13200,accepted,diagnostics_passed,v1_small_grid_only
put_T200_s020_r005_q000,put,2.0,0.2,0.05,0.0,1.0,4.0,120,120,0.03333333333333333,0.016666666666666666,train,Default construction-planning training regime.,no,train,american_crank_nicolson_psor_price,baseline_cn_psor,0.045285207917913795,14641,5203,5203,True,9,6.125,9.8191459199648e-09,0.0,1.794808857091823e-09,2.5265442660843438e-11,120,BOUNDARIES_FOUND,14399,14399,13233,accepted,diagnostics_passed,v1_small_grid_only
put_T200_s020_r005_q003,put,2.0,0.2,0.05,0.03,1.0,4.0,120,120,0.03333333333333333,0.016666666666666666,train,Default construction-planning training regime.,no,train,american_crank_nicolson_psor_price,baseline_cn_psor,0.047018625074997544,14641,5203,5203,True,10,6.225,9.084208940635108e-09,0.0,1.3847143431888753e-09,2.4602275421137075e-11,120,BOUNDARIES_FOUND,14399,14399,13217,accepted,diagnostics_passed,v1_small_grid_only
put_T200_s020_r005_q006,put,2.0,0.2,0.05,0.06,1.0,4.0,120,120,0.03333333333333333,0.016666666666666666,train,Default construction-planning training regime.,no,train,american_crank_nicolson_psor_price,baseline_cn_psor,0.04609454213641584,14641,5203,5203,True,11,6.233333333333333,9.662972894064481e-09,0.0,2.5530922931338296e-09,2.4903396190072277e-11,120,BOUNDARIES_FOUND,14399,14399,13200,accepted,diagnostics_passed,v1_small_grid_only
put_T200_s020_r005_q010,put,2.0,0.2,0.05,0.1,1.0,4.0,120,120,0.03333333333333333,0.016666666666666666,train,Default construction-planning training regime.,no,train,american_crank_nicolson_psor_price,baseline_cn_psor,0.05210574995726347,14641,5203,5203,True,11,7.116666666666666,9.526545052818136e-09,0.0,2.226034051533432e-09,2.7555300757407218e-11,120,BOUNDARIES_FOUND,14399,14399,13200,accepted,diagnostics_passed,v1_small_grid_only
put_T200_s020_r010_q000,put,2.0,0.2,0.1,0.0,1.0,4.0,120,120,0.03333333333333333,0.016666666666666666,train,Default construction-planning training regime.,no,train,american_crank_nicolson_psor_price,baseline_cn_psor,0.04406904196366668,14641,5203,5203,True,9,5.916666666666667,9.953236471127447e-09,0.0,2.152180184067376e-09,3.503196605577509e-11,120,BOUNDARIES_FOUND,14399,14399,13336,accepted,diagnostics_passed,v1_small_grid_only
put_T200_s020_r010_q003,put,2.0,0.2,0.1,0.03,1.0,4.0,120,120,0.03333333333333333,0.016666666666666666,train,Default construction-planning training regime.,no,train,american_crank_nicolson_psor_price,baseline_cn_psor,0.045282374834641814,14641,5203,5203,True,9,6.133333333333334,9.97976312699933e-09,0.0,1.6011160938744773e-09,2.8124204629162026e-11,120,BOUNDARIES_FOUND,14399,14399,13259,accepted,diagnostics_passed,v1_small_grid_only
put_T200_s020_r010_q006,put,2.0,0.2,0.1,0.06,1.0,4.0,120,120,0.03333333333333333,0.016666666666666666,train,Default construction-planning training regime.,no,train,american_crank_nicolson_psor_price,baseline_cn_psor,0.04480970813892782,14641,5203,5203,True,9,6.133333333333334,9.961180881881693e-09,0.0,2.1243843628671044e-09,2.7630110639917046e-11,120,BOUNDARIES_FOUND,14399,14399,13230,accepted,diagnostics_passed,v1_small_grid_only
put_T200_s020_r010_q010,put,2.0,0.2,0.1,0.1,1.0,4.0,120,120,0.03333333333333333,0.016666666666666666,train,Default construction-planning training regime.,no,train,american_crank_nicolson_psor_price,baseline_cn_psor,0.04597016703337431,14641,5203,5203,True,10,6.233333333333333,8.336531603925224e-09,0.0,1.3169498993455546e-09,2.3821647304499972e-11,120,BOUNDARIES_FOUND,14399,14399,13211,accepted,diagnostics_passed,v1_small_grid_only
put_T200_s040_r001_q000,put,2.0,0.4,0.01,0.0,1.0,4.0,120,120,0.03333333333333333,0.016666666666666666,train,Default construction-planning training regime.,no,train,american_crank_nicolson_psor_price,baseline_cn_psor,0.18942687520757318,14641,5203,5203,True,36,25.45,9.99963956711987e-09,0.0,4.317732449072957e-08,2.0858227339297263e-10,120,BOUNDARIES_FOUND,14399,14399,13201,accepted,diagnostics_passed,v1_small_grid_only
put_T200_s040_r001_q003,put,2.0,0.4,0.01,0.03,1.0,4.0,120,120,0.03333333333333333,0.016666666666666666,train,Default construction-planning training regime.,no,train,american_crank_nicolson_psor_price,baseline_cn_psor,0.1903258750680834,14641,5203,5203,True,37,26.391666666666666,9.972977086519785e-09,0.0,4.343764700102254e-08,2.799391494939573e-10,120,BOUNDARIES_FOUND,14399,14399,13200,accepted,diagnostics_passed,v1_small_grid_only
put_T200_s040_r001_q006,put,2.0,0.4,0.01,0.06,1.0,4.0,120,120,0.03333333333333333,0.016666666666666666,train,Default construction-planning training regime.,no,train,american_crank_nicolson_psor_price,baseline_cn_psor,0.19684420805424452,14641,5203,5203,True,39,27.208333333333332,9.979909343371673e-09,0.0,4.321471336592858e-08,3.175549005467007e-10,120,BOUNDARIES_FOUND,14399,14399,13200,accepted,diagnostics_passed,v1_small_grid_only
put_T200_s040_r001_q010,put,2.0,0.4,0.01,0.1,1.0,4.0,120,120,0.03333333333333333,0.016666666666666666,train,Default construction-planning training regime.,no,train,american_crank_nicolson_psor_price,baseline_cn_psor,0.20683479099534452,14641,5203,5203,True,40,28.291666666666668,9.99667845331671e-09,0.0,4.337527298187843e-08,4.5333693275713214e-10,120,BOUNDARIES_FOUND,14399,14399,13200,accepted,diagnostics_passed,v1_small_grid_only
put_T200_s040_r005_q000,put,2.0,0.4,0.05,0.0,1.0,4.0,120,120,0.03333333333333333,0.016666666666666666,train,Default construction-planning training regime.,no,train,american_crank_nicolson_psor_price,baseline_cn_psor,0.17444466706365347,14641,5203,5203,True,34,24.133333333333333,9.995542066786045e-09,0.0,4.3277932807762876e-08,1.376786637344899e-10,120,BOUNDARIES_FOUND,14399,14399,13203,accepted,diagnostics_passed,v1_small_grid_only
put_T200_s040_r005_q003,put,2.0,0.4,0.05,0.03,1.0,4.0,120,120,0.03333333333333333,0.016666666666666666,train,Default construction-planning training regime.,no,train,american_crank_nicolson_psor_price,baseline_cn_psor,0.19595470814965665,14641,5203,5203,True,35,24.966666666666665,9.947767842756125e-09,0.0,4.299602453456189e-08,1.8540274448032825e-10,120,BOUNDARIES_FOUND,14399,14399,13201,accepted,diagnostics_passed,v1_small_grid_only
put_T200_s040_r005_q006,put,2.0,0.4,0.05,0.06,1.0,4.0,120,120,0.03333333333333333,0.016666666666666666,train,Default construction-planning training regime.,no,train,american_crank_nicolson_psor_price,baseline_cn_psor,0.18984999996609986,14641,5203,5203,True,37,25.866666666666667,9.975714444060944e-09,0.0,4.324688183043532e-08,2.2107627031116175e-10,120,BOUNDARIES_FOUND,14399,14399,13200,accepted,diagnostics_passed,v1_small_grid_only
put_T200_s040_r005_q010,put,2.0,0.4,0.05,0.1,1.0,4.0,120,120,0.03333333333333333,0.016666666666666666,train,Default construction-planning training regime.,no,train,american_crank_nicolson_psor_price,baseline_cn_psor,0.19802779192104936,14641,5203,5203,True,38,26.983333333333334,9.992854451898459e-09,0.0,4.355374827111347e-08,3.083083731194316e-10,120,BOUNDARIES_FOUND,14399,14399,13200,accepted,diagnostics_passed,v1_small_grid_only
put_T200_s040_r010_q000,put,2.0,0.4,0.1,0.0,1.0,4.0,120,120,0.03333333333333333,0.016666666666666666,test,Long-maturity high-rate mid-volatility regime assigned to test after stress precedence.,no,test,american_crank_nicolson_psor_price,baseline_cn_psor,0.1627091250848025,14641,5203,5203,True,31,22.483333333333334,9.969874614898164e-09,0.0,4.299811445806524e-08,9.786909639122442e-11,120,BOUNDARIES_FOUND,14399,14399,13204,accepted,diagnostics_passed,v1_small_grid_only
put_T200_s040_r010_q003,put,2.0,0.4,0.1,0.03,1.0,4.0,120,120,0.03333333333333333,0.016666666666666666,test,Long-maturity high-rate mid-volatility regime assigned to test after stress precedence.,no,test,american_crank_nicolson_psor_price,baseline_cn_psor,0.1683417500462383,14641,5203,5203,True,33,23.333333333333332,9.974955830836622e-09,0.0,4.293867799667027e-08,1.0242809213708633e-10,120,BOUNDARIES_FOUND,14399,14399,13203,accepted,diagnostics_passed,v1_small_grid_only
put_T200_s040_r010_q006,put,2.0,0.4,0.1,0.06,1.0,4.0,120,120,0.03333333333333333,0.016666666666666666,test,Long-maturity high-rate mid-volatility regime assigned to test after stress precedence.,no,test,american_crank_nicolson_psor_price,baseline_cn_psor,0.17890325002372265,14641,5203,5203,True,34,24.208333333333332,9.995835168266631e-09,0.0,4.32829348343336e-08,1.3354406563439069e-10,120,BOUNDARIES_FOUND,14399,14399,13203,accepted,diagnostics_passed,v1_small_grid_only
put_T200_s040_r010_q010,put,2.0,0.4,0.1,0.1,1.0,4.0,120,120,0.03333333333333333,0.016666666666666666,test,Long-maturity high-rate mid-volatility regime assigned to test after stress precedence.,no,test,american_crank_nicolson_psor_price,baseline_cn_psor,0.18320295889861882,14641,5203,5203,True,36,25.291666666666668,9.989376519329782e-09,0.0,4.3358118560331976e-08,1.835342663586388e-10,120,BOUNDARIES_FOUND,14399,14399,13201,accepted,diagnostics_passed,v1_small_grid_only
put_T200_s060_r001_q000,put,2.0,0.6,0.01,0.0,1.0,4.0,120,120,0.03333333333333333,0.016666666666666666,train,Default construction-planning training regime.,no,train,american_crank_nicolson_psor_price,baseline_cn_psor,0.5110829588957131,14641,5203,5203,True,80,67.39166666666667,9.994746204278204e-09,0.0,1.0027875943854903e-07,3.1711658965936416e-09,120,BOUNDARIES_FOUND,14399,14399,13200,accepted,diagnostics_passed,v1_small_grid_only
put_T200_s060_r001_q003,put,2.0,0.6,0.01,0.03,1.0,4.0,120,120,0.03333333333333333,0.016666666666666666,train,Default construction-planning training regime.,no,train,american_crank_nicolson_psor_price,baseline_cn_psor,0.49826841708272696,14641,5203,5203,True,81,68.59166666666667,9.989406503374543e-09,0.0,1.0032027340442506e-07,3.3109444190403505e-09,120,BOUNDARIES_FOUND,14399,14399,13200,accepted,diagnostics_passed,v1_small_grid_only
put_T200_s060_r001_q006,put,2.0,0.6,0.01,0.06,1.0,4.0,120,120,0.03333333333333333,0.016666666666666666,train,Default construction-planning training regime.,no,train,american_crank_nicolson_psor_price,baseline_cn_psor,0.5183733329176903,14641,5203,5203,True,82,69.59166666666667,9.964479360342546e-09,0.0,1.0005571426073556e-07,3.8402479801140235e-09,120,BOUNDARIES_FOUND,14399,14399,13200,accepted,diagnostics_passed,v1_small_grid_only
put_T200_s060_r001_q010,put,2.0,0.6,0.01,0.1,1.0,4.0,120,120,0.03333333333333333,0.016666666666666666,stress_holdout,High-volatility and high-dividend stress combination held out before any row-level split.,yes,stress_holdout,american_crank_nicolson_psor_price,baseline_cn_psor,0.5080890839453787,14641,5203,5203,True,84,70.90833333333333,9.989423843670409e-09,0.0,1.0067650700607e-07,4.7934161321744594e-09,120,BOUNDARIES_FOUND,14399,14399,13200,accepted,diagnostics_passed,v1_small_grid_only
put_T200_s060_r005_q000,put,2.0,0.6,0.05,0.0,1.0,4.0,120,120,0.03333333333333333,0.016666666666666666,train,Default construction-planning training regime.,no,train,american_crank_nicolson_psor_price,baseline_cn_psor,0.47414262499660254,14641,5203,5203,True,77,65.64166666666667,9.976367434092782e-09,0.0,9.976158921870537e-08,2.5970202805023077e-09,120,BOUNDARIES_FOUND,14399,14399,13200,accepted,diagnostics_passed,v1_small_grid_only
put_T200_s060_r005_q003,put,2.0,0.6,0.05,0.03,1.0,4.0,120,120,0.03333333333333333,0.016666666666666666,train,Default construction-planning training regime.,no,train,american_crank_nicolson_psor_price,baseline_cn_psor,0.4747681659646332,14641,5203,5203,True,78,66.56666666666666,9.960807524286852e-09,0.0,9.973124076231854e-08,2.7077243243629063e-09,120,BOUNDARIES_FOUND,14399,14399,13200,accepted,diagnostics_passed,v1_small_grid_only
put_T200_s060_r005_q006,put,2.0,0.6,0.05,0.06,1.0,4.0,120,120,0.03333333333333333,0.016666666666666666,train,Default construction-planning training regime.,no,train,american_crank_nicolson_psor_price,baseline_cn_psor,0.48388504097238183,14641,5203,5203,True,80,67.51666666666667,9.997080354512411e-09,0.0,1.003397636679948e-07,3.1250297983825023e-09,120,BOUNDARIES_FOUND,14399,14399,13200,accepted,diagnostics_passed,v1_small_grid_only
put_T200_s060_r005_q010,put,2.0,0.6,0.05,0.1,1.0,4.0,120,120,0.03333333333333333,0.016666666666666666,stress_holdout,High-volatility and high-dividend stress combination held out before any row-level split.,yes,stress_holdout,american_crank_nicolson_psor_price,baseline_cn_psor,0.4909271670039743,14641,5203,5203,True,81,69.025,9.993669003015987e-09,0.0,1.0029686936877114e-07,3.4993423157823848e-09,120,BOUNDARIES_FOUND,14399,14399,13200,accepted,diagnostics_passed,v1_small_grid_only
put_T200_s060_r010_q000,put,2.0,0.6,0.1,0.0,1.0,4.0,120,120,0.03333333333333333,0.016666666666666666,train,Default construction-planning training regime.,no,train,american_crank_nicolson_psor_price,baseline_cn_psor,0.46183445816859603,14641,5203,5203,True,74,63.275,9.983690128952116e-09,0.0,9.961256498998428e-08,1.880234740832279e-09,120,BOUNDARIES_FOUND,14399,14399,13201,accepted,diagnostics_passed,v1_small_grid_only
put_T200_s060_r010_q003,put,2.0,0.6,0.1,0.03,1.0,4.0,120,120,0.03333333333333333,0.016666666666666666,train,Default construction-planning training regime.,no,train,american_crank_nicolson_psor_price,baseline_cn_psor,0.45739212492480874,14641,5203,5203,True,75,64.25,9.992515727190454e-09,0.0,9.972668983237315e-08,2.190757109164534e-09,120,BOUNDARIES_FOUND,14399,14399,13200,accepted,diagnostics_passed,v1_small_grid_only
put_T200_s060_r010_q006,put,2.0,0.6,0.1,0.06,1.0,4.0,120,120,0.03333333333333333,0.016666666666666666,train,Default construction-planning training regime.,no,train,american_crank_nicolson_psor_price,baseline_cn_psor,0.46996612497605383,14641,5203,5203,True,77,65.35833333333333,9.99504638690002e-09,0.0,9.992182729845478e-08,2.283055108623649e-09,120,BOUNDARIES_FOUND,14399,14399,13200,accepted,diagnostics_passed,v1_small_grid_only
put_T200_s060_r010_q010,put,2.0,0.6,0.1,0.1,1.0,4.0,120,120,0.03333333333333333,0.016666666666666666,stress_holdout,High-volatility and high-dividend stress combination held out before any row-level split.,yes,stress_holdout,american_crank_nicolson_psor_price,baseline_cn_psor,0.47731820796616375,14641,5203,5203,True,78,66.675,9.987254301346837e-09,0.0,1.0014838096317202e-07,2.858424926781112e-09,120,BOUNDARIES_FOUND,14399,14399,13200,accepted,diagnostics_passed,v1_small_grid_only
call_T025_s020_r001_q000,call,0.25,0.2,0.01,0.0,1.0,4.0,120,120,0.03333333333333333,0.0020833333333333333,test,No-dividend call validation/control regime assigned to test after stress precedence.,no,test,american_crank_nicolson_psor_price,baseline_cn_psor,0.05815795809030533,14641,5203,5203,True,9,8.05,9.283406809772188e-09,0.0,1.606565547263017e-09,1.0986273924147477e-11,0,NO_BOUNDARY_FOUND,14399,14399,13680,accepted,diagnostics_passed,v1_small_grid_only
call_T025_s020_r001_q003,call,0.25,0.2,0.01,0.03,1.0,4.0,120,120,0.03333333333333333,0.0020833333333333333,train,Default construction-planning training regime.,no,train,american_crank_nicolson_psor_price,baseline_cn_psor,0.053516124840825796,14641,5203,5203,True,9,7.575,9.9635556957689e-09,0.0,1.5140099191707224e-09,4.0164274314944655e-11,120,BOUNDARIES_FOUND,14399,14399,13291,accepted,diagnostics_passed,v1_small_grid_only
call_T025_s020_r001_q006,call,0.25,0.2,0.01,0.06,1.0,4.0,120,120,0.03333333333333333,0.0020833333333333333,train,Default construction-planning training regime.,no,train,american_crank_nicolson_psor_price,baseline_cn_psor,0.05497666704468429,14641,5203,5203,True,9,7.508333333333334,9.962636896010402e-09,0.0,1.554199684748736e-09,3.5834297254465e-11,120,BOUNDARIES_FOUND,14399,14399,13383,accepted,diagnostics_passed,v1_small_grid_only
call_T025_s020_r001_q010,call,0.25,0.2,0.01,0.1,1.0,4.0,120,120,0.03333333333333333,0.0020833333333333333,train,Default construction-planning training regime.,no,train,american_crank_nicolson_psor_price,baseline_cn_psor,0.054571582935750484,14641,5203,5203,True,9,7.45,9.844735363723212e-09,0.0,1.6282423031394044e-09,3.195791201383369e-11,120,BOUNDARIES_FOUND,14399,14399,13459,accepted,diagnostics_passed,v1_small_grid_only
call_T025_s020_r005_q000,call,0.25,0.2,0.05,0.0,1.0,4.0,120,120,0.03333333333333333,0.0020833333333333333,test,No-dividend call validation/control regime assigned to test after stress precedence.,no,test,american_crank_nicolson_psor_price,baseline_cn_psor,0.06534500000998378,14641,5203,5203,True,9,9.0,6.4409801936449185e-09,0.0,3.0445117538135946e-09,3.735360929418322e-11,0,NO_BOUNDARY_FOUND,14399,14399,13680,accepted,diagnostics_passed,v1_small_grid_only
call_T025_s020_r005_q003,call,0.25,0.2,0.05,0.03,1.0,4.0,120,120,0.03333333333333333,0.0020833333333333333,train,Default construction-planning training regime.,no,train,american_crank_nicolson_psor_price,baseline_cn_psor,0.05430337507277727,14641,5203,5203,True,9,7.708333333333333,9.938230252637403e-09,0.0,1.5202112303366877e-09,4.986794941451449e-11,120,BOUNDARIES_FOUND,14399,14399,13200,accepted,diagnostics_passed,v1_small_grid_only
call_T025_s020_r005_q006,call,0.25,0.2,0.05,0.06,1.0,4.0,120,120,0.03333333333333333,0.0020833333333333333,train,Default construction-planning training regime.,no,train,american_crank_nicolson_psor_price,baseline_cn_psor,0.05498150014318526,14641,5203,5203,True,9,7.591666666666667,9.969727918224258e-09,0.0,1.5042251810468144e-09,4.150269521260757e-11,120,BOUNDARIES_FOUND,14399,14399,13274,accepted,diagnostics_passed,v1_small_grid_only
call_T025_s020_r005_q010,call,0.25,0.2,0.05,0.1,1.0,4.0,120,120,0.03333333333333333,0.0020833333333333333,train,Default construction-planning training regime.,no,train,american_crank_nicolson_psor_price,baseline_cn_psor,0.05483304196968675,14641,5203,5203,True,9,7.491666666666666,9.916038195417753e-09,0.0,1.5569619447874938e-09,3.5954043180666886e-11,120,BOUNDARIES_FOUND,14399,14399,13396,accepted,diagnostics_passed,v1_small_grid_only
call_T025_s020_r010_q000,call,0.25,0.2,0.1,0.0,1.0,4.0,120,120,0.03333333333333333,0.0020833333333333333,test,No-dividend call validation/control regime assigned to test after stress precedence.,no,test,american_crank_nicolson_psor_price,baseline_cn_psor,0.07193116704002023,14641,5203,5203,True,10,10.0,4.1534304884294215e-09,0.0,2.189903369753665e-09,5.2744906802272264e-11,0,NO_BOUNDARY_FOUND,14399,14399,13680,accepted,diagnostics_passed,v1_small_grid_only
call_T025_s020_r010_q003,call,0.25,0.2,0.1,0.03,1.0,4.0,120,120,0.03333333333333333,0.0020833333333333333,train,Default construction-planning training regime.,no,train,american_crank_nicolson_psor_price,baseline_cn_psor,0.05633629183284938,14641,5203,5203,True,9,8.025,9.970319916896564e-09,0.0,1.5088626650200387e-09,6.984969694903443e-11,120,BOUNDARIES_FOUND,14399,14399,13200,accepted,diagnostics_passed,v1_small_grid_only
call_T025_s020_r010_q006,call,0.25,0.2,0.1,0.06,1.0,4.0,120,120,0.03333333333333333,0.0020833333333333333,train,Default construction-planning training regime.,no,train,american_crank_nicolson_psor_price,baseline_cn_psor,0.056808375054970384,14641,5203,5203,True,9,7.783333333333333,9.966310055009586e-09,0.0,1.5164765823291737e-09,5.5981840749987497e-11,120,BOUNDARIES_FOUND,14399,14399,13200,accepted,diagnostics_passed,v1_small_grid_only
call_T025_s020_r010_q010,call,0.25,0.2,0.1,0.1,1.0,4.0,120,120,0.03333333333333333,0.0020833333333333333,train,Default construction-planning training regime.,no,train,american_crank_nicolson_psor_price,baseline_cn_psor,0.05549754109233618,14641,5203,5203,True,9,7.608333333333333,9.950834038707779e-09,0.0,1.5220542499971845e-09,4.280191655524432e-11,120,BOUNDARIES_FOUND,14399,14399,13256,accepted,diagnostics_passed,v1_small_grid_only
call_T025_s040_r001_q000,call,0.25,0.4,0.01,0.0,1.0,4.0,120,120,0.03333333333333333,0.0020833333333333333,test,No-dividend call validation/control regime assigned to test after stress precedence.,no,test,american_crank_nicolson_psor_price,baseline_cn_psor,0.07378641702234745,14641,5203,5203,True,10,10.0,6.240669084355773e-09,0.0,3.571778872668574e-09,1.7929842358300655e-11,0,NO_BOUNDARY_FOUND,14399,14399,13680,accepted,diagnostics_passed,v1_small_grid_only
call_T025_s040_r001_q003,call,0.25,0.4,0.01,0.03,1.0,4.0,120,120,0.03333333333333333,0.0020833333333333333,train,Default construction-planning training regime.,no,train,american_crank_nicolson_psor_price,baseline_cn_psor,0.0504657079000026,14641,5203,5203,True,10,7.183333333333334,9.987293506097394e-09,0.0,1.9614207684540862e-09,2.599384492763606e-11,120,BOUNDARIES_FOUND,14399,14399,13211,accepted,diagnostics_passed,v1_small_grid_only
call_T025_s040_r001_q006,call,0.25,0.4,0.01,0.06,1.0,4.0,120,120,0.03333333333333333,0.0020833333333333333,train,Default construction-planning training regime.,no,train,american_crank_nicolson_psor_price,baseline_cn_psor,0.05237708403728902,14641,5203,5203,True,10,7.241666666666666,9.94980683803083e-09,0.0,2.27577801731587e-09,1.805671255485605e-11,120,BOUNDARIES_FOUND,14399,14399,13217,accepted,diagnostics_passed,v1_small_grid_only
call_T025_s040_r001_q010,call,0.25,0.4,0.01,0.1,1.0,4.0,120,120,0.03333333333333333,0.0020833333333333333,train,Default construction-planning training regime.,no,train,american_crank_nicolson_psor_price,baseline_cn_psor,0.05553758307360113,14641,5203,5203,True,10,7.325,9.81348699524709e-09,0.0,2.262207695908486e-09,1.8097086686325017e-11,120,BOUNDARIES_FOUND,14399,14399,13223,accepted,diagnostics_passed,v1_small_grid_only
call_T025_s040_r005_q000,call,0.25,0.4,0.05,0.0,1.0,4.0,120,120,0.03333333333333333,0.0020833333333333333,test,No-dividend call validation/control regime assigned to test after stress precedence.,no,test,american_crank_nicolson_psor_price,baseline_cn_psor,0.08606016589328647,14641,5203,5203,True,12,12.0,4.935800212990671e-09,0.0,2.806338272876019e-09,7.768745692491111e-11,0,NO_BOUNDARY_FOUND,14399,14399,13680,accepted,diagnostics_passed,v1_small_grid_only
call_T025_s040_r005_q003,call,0.25,0.4,0.05,0.03,1.0,4.0,120,120,0.03333333333333333,0.0020833333333333333,train,Default construction-planning training regime.,no,train,american_crank_nicolson_psor_price,baseline_cn_psor,0.05021308292634785,14641,5203,5203,True,10,7.158333333333333,9.97726672027216e-09,0.0,2.015912416825186e-09,3.318563980479677e-11,120,BOUNDARIES_FOUND,14399,14399,13200,accepted,diagnostics_passed,v1_small_grid_only
call_T025_s040_r005_q006,call,0.25,0.4,0.05,0.06,1.0,4.0,120,120,0.03333333333333333,0.0020833333333333333,train,Default construction-planning training regime.,no,train,american_crank_nicolson_psor_price,baseline_cn_psor,0.052262374898418784,14641,5203,5203,True,10,7.2,9.899101961969095e-09,0.0,1.9773301593750437e-09,2.0009218513445577e-11,120,BOUNDARIES_FOUND,14399,14399,13210,accepted,diagnostics_passed,v1_small_grid_only
call_T025_s040_r005_q010,call,0.25,0.4,0.05,0.1,1.0,4.0,120,120,0.03333333333333333,0.0020833333333333333,train,Default construction-planning training regime.,no,train,american_crank_nicolson_psor_price,baseline_cn_psor,0.052423750050365925,14641,5203,5203,True,10,7.258333333333334,9.965527791215914e-09,0.0,2.284378048701685e-09,1.7680203624138725e-11,120,BOUNDARIES_FOUND,14399,14399,13218,accepted,diagnostics_passed,v1_small_grid_only
call_T025_s040_r010_q000,call,0.25,0.4,0.1,0.0,1.0,4.0,120,120,0.03333333333333333,0.0020833333333333333,test,No-dividend call validation/control regime assigned to test after stress precedence.,no,test,american_crank_nicolson_psor_price,baseline_cn_psor,0.09035575017333031,14641,5203,5203,True,13,12.6,9.998412320300076e-09,0.0,5.680973469424089e-09,3.1469759506717135e-10,0,NO_BOUNDARY_FOUND,14399,14399,13680,accepted,diagnostics_passed,v1_small_grid_only
call_T025_s040_r010_q003,call,0.25,0.4,0.1,0.03,1.0,4.0,120,120,0.03333333333333333,0.0020833333333333333,train,Default construction-planning training regime.,no,train,american_crank_nicolson_psor_price,baseline_cn_psor,0.05093733384273946,14641,5203,5203,True,10,7.166666666666667,9.707585818530262e-09,0.0,1.7893175829897245e-09,3.4410852735651095e-11,120,BOUNDARIES_FOUND,14399,14399,13200,accepted,diagnostics_passed,v1_small_grid_only
call_T025_s040_r010_q006,call,0.25,0.4,0.1,0.06,1.0,4.0,120,120,0.03333333333333333,0.0020833333333333333,train,Default construction-planning training regime.,no,train,american_crank_nicolson_psor_price,baseline_cn_psor,0.0520190829411149,14641,5203,5203,True,10,7.166666666666667,9.822099078515834e-09,0.0,1.475969302290256e-09,3.362867958902723e-11,120,BOUNDARIES_FOUND,14399,14399,13200,accepted,diagnostics_passed,v1_small_grid_only
call_T025_s040_r010_q010,call,0.25,0.4,0.1,0.1,1.0,4.0,120,120,0.03333333333333333,0.0020833333333333333,train,Default construction-planning training regime.,no,train,american_crank_nicolson_psor_price,baseline_cn_psor,0.052427958929911256,14641,5203,5203,True,10,7.191666666666666,9.907318102112548e-09,0.0,1.9885097265618577e-09,2.0078678061424894e-11,120,BOUNDARIES_FOUND,14399,14399,13207,accepted,diagnostics_passed,v1_small_grid_only
call_T025_s060_r001_q000,call,0.25,0.6,0.01,0.0,1.0,4.0,120,120,0.03333333333333333,0.0020833333333333333,test,No-dividend call validation/control regime assigned to test after stress precedence.,no,test,american_crank_nicolson_psor_price,baseline_cn_psor,0.10041670803911984,14641,5203,5203,True,14,14.0,6.947356911979341e-09,0.0,9.842882509047968e-09,2.4557748006158805e-11,0,NO_BOUNDARY_FOUND,14399,14399,13680,accepted,diagnostics_passed,v1_small_grid_only
call_T025_s060_r001_q003,call,0.25,0.6,0.01,0.03,1.0,4.0,120,120,0.03333333333333333,0.0020833333333333333,train,Default construction-planning training regime.,no,train,american_crank_nicolson_psor_price,baseline_cn_psor,0.054589916951954365,14641,5203,5203,True,12,7.783333333333333,9.902603292921697e-09,0.0,5.719354101429985e-09,3.54400435659073e-11,120,BOUNDARIES_FOUND,14399,14399,13203,accepted,diagnostics_passed,v1_small_grid_only
call_T025_s060_r001_q006,call,0.25,0.6,0.01,0.06,1.0,4.0,120,120,0.03333333333333333,0.0020833333333333333,train,Default construction-planning training regime.,no,train,american_crank_nicolson_psor_price,baseline_cn_psor,0.05796854104846716,14641,5203,5203,True,12,8.008333333333333,9.821103652551955e-09,0.0,5.115788515031028e-09,4.6476139614276897e-11,120,BOUNDARIES_FOUND,14399,14399,13204,accepted,diagnostics_passed,v1_small_grid_only
call_T025_s060_r001_q010,call,0.25,0.6,0.01,0.1,1.0,4.0,120,120,0.03333333333333333,0.0020833333333333333,stress_holdout,High-volatility and high-dividend stress combination held out before any row-level split.,yes,stress_holdout,american_crank_nicolson_psor_price,baseline_cn_psor,0.058728375006467104,14641,5203,5203,True,12,8.133333333333333,9.732058603439953e-09,0.0,4.189814994948193e-09,5.8051666209529814e-11,120,BOUNDARIES_FOUND,14399,14399,13207,accepted,diagnostics_passed,v1_small_grid_only
call_T025_s060_r005_q000,call,0.25,0.6,0.05,0.0,1.0,4.0,120,120,0.03333333333333333,0.0020833333333333333,test,No-dividend call validation/control regime assigned to test after stress precedence.,no,test,american_crank_nicolson_psor_price,baseline_cn_psor,0.11663883295841515,14641,5203,5203,True,17,16.35,9.99982319171977e-09,0.0,1.296781482196252e-08,1.5985752373924224e-10,0,NO_BOUNDARY_FOUND,14399,14399,13680,accepted,diagnostics_passed,v1_small_grid_only
call_T025_s060_r005_q003,call,0.25,0.6,0.05,0.03,1.0,4.0,120,120,0.03333333333333333,0.0020833333333333333,train,Default construction-planning training regime.,no,train,american_crank_nicolson_psor_price,baseline_cn_psor,0.046015291940420866,14641,5203,5203,True,12,6.508333333333334,9.98590865552984e-09,0.0,9.681247692405748e-09,4.8457498449262796e-11,120,BOUNDARIES_FOUND,14399,14399,13200,accepted,diagnostics_passed,v1_small_grid_only
call_T025_s060_r005_q006,call,0.25,0.6,0.05,0.06,1.0,4.0,120,120,0.03333333333333333,0.0020833333333333333,train,Default construction-planning training regime.,no,train,american_crank_nicolson_psor_price,baseline_cn_psor,0.05634654103778303,14641,5203,5203,True,12,7.816666666666666,9.9562319499924e-09,0.0,5.818389103851018e-09,2.0960970621647642e-11,120,BOUNDARIES_FOUND,14399,14399,13203,accepted,diagnostics_passed,v1_small_grid_only
call_T025_s060_r005_q010,call,0.25,0.6,0.05,0.1,1.0,4.0,120,120,0.03333333333333333,0.0020833333333333333,stress_holdout,High-volatility and high-dividend stress combination held out before any row-level split.,yes,stress_holdout,american_crank_nicolson_psor_price,baseline_cn_psor,0.058517416939139366,14641,5203,5203,True,12,8.083333333333334,9.701208392165483e-09,0.0,4.5949069549244825e-09,6.227557283037965e-11,120,BOUNDARIES_FOUND,14399,14399,13204,accepted,diagnostics_passed,v1_small_grid_only
call_T025_s060_r010_q000,call,0.25,0.6,0.1,0.0,1.0,4.0,120,120,0.03333333333333333,0.0020833333333333333,test,No-dividend call validation/control regime assigned to test after stress precedence.,no,test,american_crank_nicolson_psor_price,baseline_cn_psor,0.1291763330809772,14641,5203,5203,True,18,18.0,5.696344729244629e-09,0.0,6.792972406799436e-09,1.6363746594734824e-10,0,NO_BOUNDARY_FOUND,14399,14399,13680,accepted,diagnostics_passed,v1_small_grid_only
call_T025_s060_r010_q003,call,0.25,0.6,0.1,0.03,1.0,4.0,120,120,0.03333333333333333,0.0020833333333333333,train,Default construction-planning training regime.,no,train,american_crank_nicolson_psor_price,baseline_cn_psor,0.07483516703359783,14641,5203,5203,True,12,10.625,9.945557266632932e-09,0.0,1.0401726147080126e-08,1.918756077800389e-11,111,BOUNDARIES_FOUND,14399,14399,13247,accepted,diagnostics_passed,v1_small_grid_only
call_T025_s060_r010_q006,call,0.25,0.6,0.1,0.06,1.0,4.0,120,120,0.03333333333333333,0.0020833333333333333,train,Default construction-planning training regime.,no,train,american_crank_nicolson_psor_price,baseline_cn_psor,0.04889670806005597,14641,5203,5203,True,12,6.775,9.982717208423253e-09,0.0,8.49413095416196e-09,4.0245194949902855e-11,120,BOUNDARIES_FOUND,14399,14399,13200,accepted,diagnostics_passed,v1_small_grid_only
call_T025_s060_r010_q010,call,0.25,0.6,0.1,0.1,1.0,4.0,120,120,0.03333333333333333,0.0020833333333333333,stress_holdout,High-volatility and high-dividend stress combination held out before any row-level split.,yes,stress_holdout,american_crank_nicolson_psor_price,baseline_cn_psor,0.06004816712811589,14641,5203,5203,True,12,7.875,9.89820858610102e-09,0.0,5.3631208363214e-09,2.35057944289823e-11,120,BOUNDARIES_FOUND,14399,14399,13202,accepted,diagnostics_passed,v1_small_grid_only
call_T050_s020_r001_q000,call,0.5,0.2,0.01,0.0,1.0,4.0,120,120,0.03333333333333333,0.004166666666666667,test,No-dividend call validation/control regime assigned to test after stress precedence.,no,test,american_crank_nicolson_psor_price,baseline_cn_psor,0.06441454193554819,14641,5203,5203,True,9,9.0,8.624482905617015e-09,0.0,6.816652131647061e-09,3.3830023369418514e-11,0,NO_BOUNDARY_FOUND,14399,14399,13680,accepted,diagnostics_passed,v1_small_grid_only
call_T050_s020_r001_q003,call,0.5,0.2,0.01,0.03,1.0,4.0,120,120,0.03333333333333333,0.004166666666666667,train,Default construction-planning training regime.,no,train,american_crank_nicolson_psor_price,baseline_cn_psor,0.05212866701185703,14641,5203,5203,True,9,7.383333333333334,9.937744058219344e-09,0.0,1.6647853127335867e-09,3.622377038766491e-11,120,BOUNDARIES_FOUND,14399,14399,13245,accepted,diagnostics_passed,v1_small_grid_only
call_T050_s020_r001_q006,call,0.5,0.2,0.01,0.06,1.0,4.0,120,120,0.03333333333333333,0.004166666666666667,train,Default construction-planning training regime.,no,train,american_crank_nicolson_psor_price,baseline_cn_psor,0.05471191694959998,14641,5203,5203,True,9,7.508333333333334,9.791134104875088e-09,0.0,1.7625741213778134e-09,3.0393451949614374e-11,120,BOUNDARIES_FOUND,14399,14399,13291,accepted,diagnostics_passed,v1_small_grid_only
call_T050_s020_r001_q010,call,0.5,0.2,0.01,0.1,1.0,4.0,120,120,0.03333333333333333,0.004166666666666667,train,Default construction-planning training regime.,no,train,american_crank_nicolson_psor_price,baseline_cn_psor,0.054470542119815946,14641,5203,5203,True,9,7.475,9.503362513596514e-09,0.0,1.604850454217691e-09,2.7106232772035573e-11,120,BOUNDARIES_FOUND,14399,14399,13389,accepted,diagnostics_passed,v1_small_grid_only
call_T050_s020_r005_q000,call,0.5,0.2,0.05,0.0,1.0,4.0,120,120,0.03333333333333333,0.004166666666666667,test,No-dividend call validation/control regime assigned to test after stress precedence.,no,test,american_crank_nicolson_psor_price,baseline_cn_psor,0.07918462506495416,14641,5203,5203,True,11,11.0,6.658783302526672e-09,0.0,4.6828398936327176e-09,1.127885857419527e-10,0,NO_BOUNDARY_FOUND,14399,14399,13680,accepted,diagnostics_passed,v1_small_grid_only
call_T050_s020_r005_q003,call,0.5,0.2,0.05,0.03,1.0,4.0,120,120,0.03333333333333333,0.004166666666666667,validation,Mid-maturity baseline-rate slice reserved for validation after stress/test precedence.,no,validation,american_crank_nicolson_psor_price,baseline_cn_psor,0.05227187508717179,14641,5203,5203,True,9,7.441666666666666,9.943529041822607e-09,0.0,1.6634802684255886e-09,5.027847691715734e-11,120,BOUNDARIES_FOUND,14399,14399,13200,accepted,diagnostics_passed,v1_small_grid_only
call_T050_s020_r005_q006,call,0.5,0.2,0.05,0.06,1.0,4.0,120,120,0.03333333333333333,0.004166666666666667,validation,Mid-maturity baseline-rate slice reserved for validation after stress/test precedence.,no,validation,american_crank_nicolson_psor_price,baseline_cn_psor,0.053837125189602375,14641,5203,5203,True,9,7.391666666666667,9.89952373547931e-09,0.0,1.6338650655203145e-09,3.7774594553941936e-11,120,BOUNDARIES_FOUND,14399,14399,13236,accepted,diagnostics_passed,v1_small_grid_only
call_T050_s020_r005_q010,call,0.5,0.2,0.05,0.1,1.0,4.0,120,120,0.03333333333333333,0.004166666666666667,validation,Mid-maturity baseline-rate slice reserved for validation after stress/test precedence.,no,validation,american_crank_nicolson_psor_price,baseline_cn_psor,0.05449041584506631,14641,5203,5203,True,9,7.533333333333333,9.9681157633702e-09,0.0,1.7547730768452396e-09,2.959376035096591e-11,120,BOUNDARIES_FOUND,14399,14399,13297,accepted,diagnostics_passed,v1_small_grid_only
call_T050_s020_r010_q000,call,0.5,0.2,0.1,0.0,1.0,4.0,120,120,0.03333333333333333,0.004166666666666667,test,No-dividend call validation/control regime assigned to test after stress precedence.,no,test,american_crank_nicolson_psor_price,baseline_cn_psor,0.08635258302092552,14641,5203,5203,True,12,12.0,5.382247536545037e-09,0.0,3.6443275064357294e-09,1.8257714729163942e-10,0,NO_BOUNDARY_FOUND,14399,14399,13680,accepted,diagnostics_passed,v1_small_grid_only
call_T050_s020_r010_q003,call,0.5,0.2,0.1,0.03,1.0,4.0,120,120,0.03333333333333333,0.004166666666666667,train,Default construction-planning training regime.,no,train,american_crank_nicolson_psor_price,baseline_cn_psor,0.05376449995674193,14641,5203,5203,True,9,7.55,9.998771741126511e-09,0.0,1.7208053397654557e-09,7.670109815451357e-11,120,BOUNDARIES_FOUND,14399,14399,13200,accepted,diagnostics_passed,v1_small_grid_only
call_T050_s020_r010_q006,call,0.5,0.2,0.1,0.06,1.0,4.0,120,120,0.03333333333333333,0.004166666666666667,train,Default construction-planning training regime.,no,train,american_crank_nicolson_psor_price,baseline_cn_psor,0.05500195804052055,14641,5203,5203,True,9,7.466666666666667,9.979244479374483e-09,0.0,1.6875970584586957e-09,5.739237980553659e-11,120,BOUNDARIES_FOUND,14399,14399,13200,accepted,diagnostics_passed,v1_small_grid_only
call_T050_s020_r010_q010,call,0.5,0.2,0.1,0.1,1.0,4.0,120,120,0.03333333333333333,0.004166666666666667,train,Default construction-planning training regime.,no,train,american_crank_nicolson_psor_price,baseline_cn_psor,0.053732250118628144,14641,5203,5203,True,9,7.391666666666667,9.982427391641568e-09,0.0,1.6378552372465778e-09,3.909454208524281e-11,120,BOUNDARIES_FOUND,14399,14399,13228,accepted,diagnostics_passed,v1_small_grid_only
call_T050_s040_r001_q000,call,0.5,0.4,0.01,0.0,1.0,4.0,120,120,0.03333333333333333,0.004166666666666667,test,No-dividend call validation/control regime assigned to test after stress precedence.,no,test,american_crank_nicolson_psor_price,baseline_cn_psor,0.10089216683991253,14641,5203,5203,True,14,14.0,7.742558150169998e-09,0.0,9.977800363714096e-09,4.9527028608738517e-11,0,NO_BOUNDARY_FOUND,14399,14399,13680,accepted,diagnostics_passed,v1_small_grid_only
call_T050_s040_r001_q003,call,0.5,0.4,0.01,0.03,1.0,4.0,120,120,0.03333333333333333,0.004166666666666667,train,Default construction-planning training regime.,no,train,american_crank_nicolson_psor_price,baseline_cn_psor,0.055375583935528994,14641,5203,5203,True,11,7.841666666666667,9.96687421483955e-09,0.0,4.790759622341767e-09,4.3249379754583955e-11,120,BOUNDARIES_FOUND,14399,14399,13205,accepted,diagnostics_passed,v1_small_grid_only
call_T050_s040_r001_q006,call,0.5,0.4,0.01,0.06,1.0,4.0,120,120,0.03333333333333333,0.004166666666666667,train,Default construction-planning training regime.,no,train,american_crank_nicolson_psor_price,baseline_cn_psor,0.060514082899317145,14641,5203,5203,True,11,8.041666666666666,9.74372035833504e-09,0.0,4.687608690101541e-09,4.720889906308703e-11,120,BOUNDARIES_FOUND,14399,14399,13209,accepted,diagnostics_passed,v1_small_grid_only
call_T050_s040_r001_q010,call,0.5,0.4,0.01,0.1,1.0,4.0,120,120,0.03333333333333333,0.004166666666666667,train,Default construction-planning training regime.,no,train,american_crank_nicolson_psor_price,baseline_cn_psor,0.05900866608135402,14641,5203,5203,True,11,8.133333333333333,9.815303320115376e-09,0.0,4.453064028631104e-09,6.31531096582557e-11,120,BOUNDARIES_FOUND,14399,14399,13212,accepted,diagnostics_passed,v1_small_grid_only
call_T050_s040_r005_q000,call,0.5,0.4,0.05,0.0,1.0,4.0,120,120,0.03333333333333333,0.004166666666666667,test,No-dividend call validation/control regime assigned to test after stress precedence.,no,test,american_crank_nicolson_psor_price,baseline_cn_psor,0.11438370798714459,14641,5203,5203,True,16,16.0,9.727042282747789e-09,0.0,1.2043093633451463e-08,2.9007183870967764e-10,0,NO_BOUNDARY_FOUND,14399,14399,13680,accepted,diagnostics_passed,v1_small_grid_only
call_T050_s040_r005_q003,call,0.5,0.4,0.05,0.03,1.0,4.0,120,120,0.03333333333333333,0.004166666666666667,validation,Mid-maturity baseline-rate slice reserved for validation after stress/test precedence.,no,validation,american_crank_nicolson_psor_price,baseline_cn_psor,0.04704245808534324,14641,5203,5203,True,11,6.658333333333333,9.997174865716829e-09,0.0,7.577029559335813e-09,2.859497405146986e-11,120,BOUNDARIES_FOUND,14399,14399,13200,accepted,diagnostics_passed,v1_small_grid_only
call_T050_s040_r005_q006,call,0.5,0.4,0.05,0.06,1.0,4.0,120,120,0.03333333333333333,0.004166666666666667,validation,Mid-maturity baseline-rate slice reserved for validation after stress/test precedence.,no,validation,american_crank_nicolson_psor_price,baseline_cn_psor,0.05688824993558228,14641,5203,5203,True,11,7.875,9.994568785256822e-09,0.0,4.525477825811919e-09,5.403471000563066e-11,120,BOUNDARIES_FOUND,14399,14399,13204,accepted,diagnostics_passed,v1_small_grid_only
call_T050_s040_r005_q010,call,0.5,0.4,0.05,0.1,1.0,4.0,120,120,0.03333333333333333,0.004166666666666667,validation,Mid-maturity baseline-rate slice reserved for validation after stress/test precedence.,no,validation,american_crank_nicolson_psor_price,baseline_cn_psor,0.05849329195916653,14641,5203,5203,True,11,8.066666666666666,9.890082558472457e-09,0.0,4.612646709034607e-09,4.72052689405554e-11,120,BOUNDARIES_FOUND,14399,14399,13209,accepted,diagnostics_passed,v1_small_grid_only
call_T050_s040_r010_q000,call,0.5,0.4,0.1,0.0,1.0,4.0,120,120,0.03333333333333333,0.004166666666666667,test,No-dividend call validation/control regime assigned to test after stress precedence.,no,test,american_crank_nicolson_psor_price,baseline_cn_psor,0.12209058413282037,14641,5203,5203,True,17,17.0,9.870668726819076e-09,0.0,1.202571775493766e-08,5.581343222110524e-10,0,NO_BOUNDARY_FOUND,14399,14399,13680,accepted,diagnostics_passed,v1_small_grid_only
call_T050_s040_r010_q003,call,0.5,0.4,0.1,0.03,1.0,4.0,120,120,0.03333333333333333,0.004166666666666667,train,Default construction-planning training regime.,no,train,american_crank_nicolson_psor_price,baseline_cn_psor,0.07377533311955631,14641,5203,5203,True,11,10.575,9.950483104148589e-09,0.0,8.079438007513318e-09,2.6393534434173387e-11,120,BOUNDARIES_FOUND,14399,14399,13200,accepted,diagnostics_passed,v1_small_grid_only
call_T050_s040_r010_q006,call,0.5,0.4,0.1,0.06,1.0,4.0,120,120,0.03333333333333333,0.004166666666666667,train,Default construction-planning training regime.,no,train,american_crank_nicolson_psor_price,baseline_cn_psor,0.0501519578974694,14641,5203,5203,True,11,6.9,9.926536148618936e-09,0.0,6.000990149246377e-09,2.597406722488902e-11,120,BOUNDARIES_FOUND,14399,14399,13200,accepted,diagnostics_passed,v1_small_grid_only
call_T050_s040_r010_q010,call,0.5,0.4,0.1,0.1,1.0,4.0,120,120,0.03333333333333333,0.004166666666666667,train,Default construction-planning training regime.,no,train,american_crank_nicolson_psor_price,baseline_cn_psor,0.05720995785668492,14641,5203,5203,True,11,7.941666666666666,9.381305621225522e-09,0.0,4.363090666537062e-09,5.958715836918866e-11,120,BOUNDARIES_FOUND,14399,14399,13203,accepted,diagnostics_passed,v1_small_grid_only
call_T050_s060_r001_q000,call,0.5,0.6,0.01,0.0,1.0,4.0,120,120,0.03333333333333333,0.004166666666666667,test,No-dividend call validation/control regime assigned to test after stress precedence.,no,test,american_crank_nicolson_psor_price,baseline_cn_psor,0.17062658304348588,14641,5203,5203,True,24,24.0,8.174043220066096e-09,0.0,2.078500438429387e-08,1.1061826596088044e-10,0,NO_BOUNDARY_FOUND,14399,14399,13680,accepted,diagnostics_passed,v1_small_grid_only
call_T050_s060_r001_q003,call,0.5,0.6,0.01,0.03,1.0,4.0,120,120,0.03333333333333333,0.004166666666666667,train,Default construction-planning training regime.,no,train,american_crank_nicolson_psor_price,baseline_cn_psor,0.06613650009967387,14641,5203,5203,True,13,9.458333333333334,9.98662141871165e-09,0.0,8.780673743657985e-09,8.583487764731432e-11,120,BOUNDARIES_FOUND,14399,14399,13201,accepted,diagnostics_passed,v1_small_grid_only
call_T050_s060_r001_q006,call,0.5,0.6,0.01,0.06,1.0,4.0,120,120,0.03333333333333333,0.004166666666666667,train,Default construction-planning training regime.,no,train,american_crank_nicolson_psor_price,baseline_cn_psor,0.06970545905642211,14641,5203,5203,True,13,9.683333333333334,9.943228351794176e-09,0.0,1.0279732176599055e-08,1.5458790244237482e-10,120,BOUNDARIES_FOUND,14399,14399,13202,accepted,diagnostics_passed,v1_small_grid_only
call_T050_s060_r001_q010,call,0.5,0.6,0.01,0.1,1.0,4.0,120,120,0.03333333333333333,0.004166666666666667,stress_holdout,High-volatility and high-dividend stress combination held out before any row-level split.,yes,stress_holdout,american_crank_nicolson_psor_price,baseline_cn_psor,0.0689815420191735,14641,5203,5203,True,13,9.541666666666666,9.955910706960225e-09,0.0,9.771086939558415e-09,2.1047487579181166e-10,120,BOUNDARIES_FOUND,14399,14399,13203,accepted,diagnostics_passed,v1_small_grid_only
call_T050_s060_r005_q000,call,0.5,0.6,0.05,0.0,1.0,4.0,120,120,0.03333333333333333,0.004166666666666667,test,No-dividend call validation/control regime assigned to test after stress precedence.,no,test,american_crank_nicolson_psor_price,baseline_cn_psor,0.19900912488810718,14641,5203,5203,True,28,28.0,8.963731534805675e-09,0.0,2.2400261201482863e-08,5.57593613273966e-10,0,NO_BOUNDARY_FOUND,14399,14399,13680,accepted,diagnostics_passed,v1_small_grid_only
call_T050_s060_r005_q003,call,0.5,0.6,0.05,0.03,1.0,4.0,120,120,0.03333333333333333,0.004166666666666667,validation,Mid-maturity baseline-rate slice reserved for validation after stress/test precedence.,no,validation,american_crank_nicolson_psor_price,baseline_cn_psor,0.07035079202614725,14641,5203,5203,True,13,10.041666666666666,9.9488965954464e-09,0.0,8.508741045076817e-09,5.1969621506804214e-11,120,BOUNDARIES_FOUND,14399,14399,13200,accepted,diagnostics_passed,v1_small_grid_only
call_T050_s060_r005_q006,call,0.5,0.6,0.05,0.06,1.0,4.0,120,120,0.03333333333333333,0.004166666666666667,validation,Mid-maturity baseline-rate slice reserved for validation after stress/test precedence.,no,validation,american_crank_nicolson_psor_price,baseline_cn_psor,0.06879900000058115,14641,5203,5203,True,13,9.541666666666666,9.920060994872415e-09,0.0,9.331446670923782e-09,9.592555840819867e-11,120,BOUNDARIES_FOUND,14399,14399,13201,accepted,diagnostics_passed,v1_small_grid_only
call_T050_s060_r005_q010,call,0.5,0.6,0.05,0.1,1.0,4.0,120,120,0.03333333333333333,0.004166666666666667,stress_holdout,High-volatility and high-dividend stress combination held out before any row-level split.,yes,stress_holdout,american_crank_nicolson_psor_price,baseline_cn_psor,0.06941500003449619,14641,5203,5203,True,13,9.675,9.9975522305229e-09,0.0,1.0594552346532282e-08,1.6592846686960668e-10,120,BOUNDARIES_FOUND,14399,14399,13203,accepted,diagnostics_passed,v1_small_grid_only
call_T050_s060_r010_q000,call,0.5,0.6,0.1,0.0,1.0,4.0,120,120,0.03333333333333333,0.004166666666666667,test,No-dividend call validation/control regime assigned to test after stress precedence.,no,test,american_crank_nicolson_psor_price,baseline_cn_psor,0.2143662921153009,14641,5203,5203,True,30,30.0,8.918584981643107e-09,0.0,2.206540949956093e-08,1.0376705045031842e-09,0,NO_BOUNDARY_FOUND,14399,14399,13680,accepted,diagnostics_passed,v1_small_grid_only
call_T050_s060_r010_q003,call,0.5,0.6,0.1,0.03,1.0,4.0,120,120,0.03333333333333333,0.004166666666666667,train,Default construction-planning training regime.,no,train,american_crank_nicolson_psor_price,baseline_cn_psor,0.13699483289383352,14641,5203,5203,True,22,19.708333333333332,9.985359650244163e-09,0.0,2.3729322951027143e-08,1.1012431012910243e-10,55,BOUNDARIES_FOUND,14399,14399,13465,accepted,diagnostics_passed,v1_small_grid_only
call_T050_s060_r010_q006,call,0.5,0.6,0.1,0.06,1.0,4.0,120,120,0.03333333333333333,0.004166666666666667,train,Default construction-planning training regime.,no,train,american_crank_nicolson_psor_price,baseline_cn_psor,0.06959479209035635,14641,5203,5203,True,13,9.858333333333333,9.869210670920836e-09,0.0,6.8601977432081185e-09,6.427340765184372e-11,120,BOUNDARIES_FOUND,14399,14399,13200,accepted,diagnostics_passed,v1_small_grid_only
call_T050_s060_r010_q010,call,0.5,0.6,0.1,0.1,1.0,4.0,120,120,0.03333333333333333,0.004166666666666667,stress_holdout,High-volatility and high-dividend stress combination held out before any row-level split.,yes,stress_holdout,american_crank_nicolson_psor_price,baseline_cn_psor,0.06945158401504159,14641,5203,5203,True,13,9.658333333333333,9.928817101823029e-09,0.0,1.0439858977306926e-08,7.92110715856554e-11,120,BOUNDARIES_FOUND,14399,14399,13200,accepted,diagnostics_passed,v1_small_grid_only
call_T100_s020_r001_q000,call,1.0,0.2,0.01,0.0,1.0,4.0,120,120,0.03333333333333333,0.008333333333333333,test,No-dividend call validation/control regime assigned to test after stress precedence.,no,test,american_crank_nicolson_psor_price,baseline_cn_psor,0.07873433292843401,14641,5203,5203,True,11,11.0,9.042639526057883e-09,0.0,5.550731874137682e-09,1.2004300355630333e-10,0,NO_BOUNDARY_FOUND,14399,14399,13680,accepted,diagnostics_passed,v1_small_grid_only
call_T100_s020_r001_q003,call,1.0,0.2,0.01,0.03,1.0,4.0,120,120,0.03333333333333333,0.008333333333333333,train,Default construction-planning training regime.,no,train,american_crank_nicolson_psor_price,baseline_cn_psor,0.05129408300854266,14641,5203,5203,True,10,7.316666666666666,9.85474094103607e-09,0.0,2.281471137661681e-09,1.623240400617939e-11,120,BOUNDARIES_FOUND,14399,14399,13222,accepted,diagnostics_passed,v1_small_grid_only
call_T100_s020_r001_q006,call,1.0,0.2,0.01,0.06,1.0,4.0,120,120,0.03333333333333333,0.008333333333333333,train,Default construction-planning training regime.,no,train,american_crank_nicolson_psor_price,baseline_cn_psor,0.05420733289793134,14641,5203,5203,True,10,7.483333333333333,9.903334652339169e-09,0.0,1.8410121558742193e-09,2.683379650273989e-11,120,BOUNDARIES_FOUND,14399,14399,13247,accepted,diagnostics_passed,v1_small_grid_only
call_T100_s020_r001_q010,call,1.0,0.2,0.01,0.1,1.0,4.0,120,120,0.03333333333333333,0.008333333333333333,train,Default construction-planning training regime.,no,train,american_crank_nicolson_psor_price,baseline_cn_psor,0.054261333076283336,14641,5203,5203,True,10,7.525,9.850275456413371e-09,0.0,1.9379467475211243e-09,3.5086078238785526e-11,120,BOUNDARIES_FOUND,14399,14399,13301,accepted,diagnostics_passed,v1_small_grid_only
call_T100_s020_r005_q000,call,1.0,0.2,0.05,0.0,1.0,4.0,120,120,0.03333333333333333,0.008333333333333333,test,No-dividend call validation/control regime assigned to test after stress precedence.,no,test,american_crank_nicolson_psor_price,baseline_cn_psor,0.0928665001410991,14641,5203,5203,True,13,13.0,9.280048285376097e-09,0.0,5.779238421155242e-09,5.338330445081544e-10,0,NO_BOUNDARY_FOUND,14399,14399,13680,accepted,diagnostics_passed,v1_small_grid_only
call_T100_s020_r005_q003,call,1.0,0.2,0.05,0.03,1.0,4.0,120,120,0.03333333333333333,0.008333333333333333,train,Default construction-planning training regime.,no,train,american_crank_nicolson_psor_price,baseline_cn_psor,0.05022620898671448,14641,5203,5203,True,10,7.166666666666667,9.66135207947083e-09,0.0,1.5021897235237974e-09,3.451838833250476e-11,120,BOUNDARIES_FOUND,14399,14399,13200,accepted,diagnostics_passed,v1_small_grid_only
call_T100_s020_r005_q006,call,1.0,0.2,0.05,0.06,1.0,4.0,120,120,0.03333333333333333,0.008333333333333333,train,Default construction-planning training regime.,no,train,american_crank_nicolson_psor_price,baseline_cn_psor,0.0527704160194844,14641,5203,5203,True,10,7.291666666666667,9.662879635330412e-09,0.0,2.0784706455945212e-09,1.6853047657602373e-11,120,BOUNDARIES_FOUND,14399,14399,13218,accepted,diagnostics_passed,v1_small_grid_only
call_T100_s020_r005_q010,call,1.0,0.2,0.05,0.1,1.0,4.0,120,120,0.03333333333333333,0.008333333333333333,train,Default construction-planning training regime.,no,train,american_crank_nicolson_psor_price,baseline_cn_psor,0.05395862506702542,14641,5203,5203,True,10,7.458333333333333,9.903744463413133e-09,0.0,2.227963077916506e-09,3.15002441002455e-11,120,BOUNDARIES_FOUND,14399,14399,13250,accepted,diagnostics_passed,v1_small_grid_only
call_T100_s020_r010_q000,call,1.0,0.2,0.1,0.0,1.0,4.0,120,120,0.03333333333333333,0.008333333333333333,test,No-dividend call validation/control regime assigned to test after stress precedence.,no,test,american_crank_nicolson_psor_price,baseline_cn_psor,0.10124379210174084,14641,5203,5203,True,14,14.0,9.070920015119555e-09,0.0,6.163161092587188e-09,9.425787299285206e-10,0,NO_BOUNDARY_FOUND,14399,14399,13680,accepted,diagnostics_passed,v1_small_grid_only
call_T100_s020_r010_q003,call,1.0,0.2,0.1,0.03,1.0,4.0,120,120,0.03333333333333333,0.008333333333333333,train,Default construction-planning training regime.,no,train,american_crank_nicolson_psor_price,baseline_cn_psor,0.05178841692395508,14641,5203,5203,True,10,7.166666666666667,8.869977766168269e-09,0.0,6.617456804747235e-09,4.071863726491554e-11,120,BOUNDARIES_FOUND,14399,14399,13200,accepted,diagnostics_passed,v1_small_grid_only
call_T100_s020_r010_q006,call,1.0,0.2,0.1,0.06,1.0,4.0,120,120,0.03333333333333333,0.008333333333333333,train,Default construction-planning training regime.,no,train,american_crank_nicolson_psor_price,baseline_cn_psor,0.052006290992721915,14641,5203,5203,True,10,7.166666666666667,9.33804611413791e-09,0.0,1.5554815038006792e-09,3.63108912738248e-11,120,BOUNDARIES_FOUND,14399,14399,13200,accepted,diagnostics_passed,v1_small_grid_only
call_T100_s020_r010_q010,call,1.0,0.2,0.1,0.1,1.0,4.0,120,120,0.03333333333333333,0.008333333333333333,train,Default construction-planning training regime.,no,train,american_crank_nicolson_psor_price,baseline_cn_psor,0.052971041994169354,14641,5203,5203,True,10,7.266666666666667,9.901682593342837e-09,0.0,2.114171171463397e-09,1.9791699709715303e-11,120,BOUNDARIES_FOUND,14399,14399,13214,accepted,diagnostics_passed,v1_small_grid_only
call_T100_s040_r001_q000,call,1.0,0.4,0.01,0.0,1.0,4.0,120,120,0.03333333333333333,0.008333333333333333,test,No-dividend call validation/control regime assigned to test after stress precedence.,no,test,american_crank_nicolson_psor_price,baseline_cn_psor,0.17165108397603035,14641,5203,5203,True,24,24.0,7.104794086387756e-09,0.0,1.578999730966757e-08,1.5976853267226828e-10,0,NO_BOUNDARY_FOUND,14399,14399,13680,accepted,diagnostics_passed,v1_small_grid_only
call_T100_s040_r001_q003,call,1.0,0.4,0.01,0.03,1.0,4.0,120,120,0.03333333333333333,0.008333333333333333,train,Default construction-planning training regime.,no,train,american_crank_nicolson_psor_price,baseline_cn_psor,0.06421845802105963,14641,5203,5203,True,13,9.091666666666667,9.982040249933988e-09,0.0,8.278414176388083e-09,8.956479210902478e-11,120,BOUNDARIES_FOUND,14399,14399,13203,accepted,diagnostics_passed,v1_small_grid_only
call_T100_s040_r001_q006,call,1.0,0.4,0.01,0.06,1.0,4.0,120,120,0.03333333333333333,0.008333333333333333,train,Default construction-planning training regime.,no,train,american_crank_nicolson_psor_price,baseline_cn_psor,0.06682166620157659,14641,5203,5203,True,13,9.275,9.968287417727595e-09,0.0,5.814691894645563e-09,1.7703033236279916e-10,120,BOUNDARIES_FOUND,14399,14399,13204,accepted,diagnostics_passed,v1_small_grid_only
call_T100_s040_r001_q010,call,1.0,0.4,0.01,0.1,1.0,4.0,120,120,0.03333333333333333,0.008333333333333333,train,Default construction-planning training regime.,no,train,american_crank_nicolson_psor_price,baseline_cn_psor,0.06775004183873534,14641,5203,5203,True,13,9.333333333333334,9.851584548137282e-09,0.0,5.0233264908827735e-09,1.7657510923480384e-10,120,BOUNDARIES_FOUND,14399,14399,13207,accepted,diagnostics_passed,v1_small_grid_only
call_T100_s040_r005_q000,call,1.0,0.4,0.05,0.0,1.0,4.0,120,120,0.03333333333333333,0.008333333333333333,test,No-dividend call validation/control regime assigned to test after stress precedence.,no,test,american_crank_nicolson_psor_price,baseline_cn_psor,0.20086179208010435,14641,5203,5203,True,28,28.0,7.403057278310143e-09,0.0,1.6084769516311326e-08,7.516509536589661e-10,0,NO_BOUNDARY_FOUND,14399,14399,13680,accepted,diagnostics_passed,v1_small_grid_only
call_T100_s040_r005_q003,call,1.0,0.4,0.05,0.03,1.0,4.0,120,120,0.03333333333333333,0.008333333333333333,train,Default construction-planning training regime.,no,train,american_crank_nicolson_psor_price,baseline_cn_psor,0.0626585001591593,14641,5203,5203,True,13,8.925,9.945992029969375e-09,0.0,7.648245037294998e-09,6.140309328959693e-11,120,BOUNDARIES_FOUND,14399,14399,13200,accepted,diagnostics_passed,v1_small_grid_only
call_T100_s040_r005_q006,call,1.0,0.4,0.05,0.06,1.0,4.0,120,120,0.03333333333333333,0.008333333333333333,train,Default construction-planning training regime.,no,train,american_crank_nicolson_psor_price,baseline_cn_psor,0.06585645792074502,14641,5203,5203,True,13,9.15,9.974570336357402e-09,0.0,7.749162644898888e-09,9.920110273215754e-11,120,BOUNDARIES_FOUND,14399,14399,13201,accepted,diagnostics_passed,v1_small_grid_only
call_T100_s040_r005_q010,call,1.0,0.4,0.05,0.1,1.0,4.0,120,120,0.03333333333333333,0.008333333333333333,train,Default construction-planning training regime.,no,train,american_crank_nicolson_psor_price,baseline_cn_psor,0.06679899990558624,14641,5203,5203,True,13,9.275,9.797427868996067e-09,0.0,6.410976582937877e-09,1.6284011014751293e-10,120,BOUNDARIES_FOUND,14399,14399,13204,accepted,diagnostics_passed,v1_small_grid_only
call_T100_s040_r010_q000,call,1.0,0.4,0.1,0.0,1.0,4.0,120,120,0.03333333333333333,0.008333333333333333,test,No-dividend call validation/control regime assigned to test after stress precedence.,no,test,american_crank_nicolson_psor_price,baseline_cn_psor,0.20798704214394093,14641,5203,5203,True,30,29.266666666666666,9.997935368488697e-09,0.0,2.1714267273154064e-08,1.9258956767446844e-09,0,NO_BOUNDARY_FOUND,14399,14399,13680,accepted,diagnostics_passed,v1_small_grid_only
call_T100_s040_r010_q003,call,1.0,0.4,0.1,0.03,1.0,4.0,120,120,0.03333333333333333,0.008333333333333333,train,Default construction-planning training regime.,no,train,american_crank_nicolson_psor_price,baseline_cn_psor,0.13305066688917577,14641,5203,5203,True,20,19.141666666666666,9.98045424083216e-09,0.0,2.097408602352857e-08,1.5714506558025795e-10,67,BOUNDARIES_FOUND,14399,14399,13419,accepted,diagnostics_passed,v1_small_grid_only
call_T100_s040_r010_q006,call,1.0,0.4,0.1,0.06,1.0,4.0,120,120,0.03333333333333333,0.008333333333333333,train,Default construction-planning training regime.,no,train,american_crank_nicolson_psor_price,baseline_cn_psor,0.06422558287158608,14641,5203,5203,True,13,9.0,9.874510653595792e-09,0.0,7.69981278736509e-09,6.711378404772784e-11,120,BOUNDARIES_FOUND,14399,14399,13200,accepted,diagnostics_passed,v1_small_grid_only
call_T100_s040_r010_q010,call,1.0,0.4,0.1,0.1,1.0,4.0,120,120,0.03333333333333333,0.008333333333333333,train,Default construction-planning training regime.,no,train,american_crank_nicolson_psor_price,baseline_cn_psor,0.06707970798015594,14641,5203,5203,True,13,9.258333333333333,9.894446484359776e-09,0.0,7.463720086420267e-09,1.1340250581546453e-10,120,BOUNDARIES_FOUND,14399,14399,13201,accepted,diagnostics_passed,v1_small_grid_only
call_T100_s060_r001_q000,call,1.0,0.6,0.01,0.0,1.0,4.0,120,120,0.03333333333333333,0.008333333333333333,test,No-dividend call validation/control regime assigned to test after stress precedence.,no,test,american_crank_nicolson_psor_price,baseline_cn_psor,0.30714737507514656,14641,5203,5203,True,45,43.125,9.987786153686784e-09,0.0,5.1349661411848047e-08,7.601746165354975e-10,0,NO_BOUNDARY_FOUND,14399,14399,13680,accepted,diagnostics_passed,v1_small_grid_only
call_T100_s060_r001_q003,call,1.0,0.6,0.01,0.03,1.0,4.0,120,120,0.03333333333333333,0.008333333333333333,train,Default construction-planning training regime.,no,train,american_crank_nicolson_psor_price,baseline_cn_psor,0.12341287499293685,14641,5203,5203,True,24,17.675,9.99872040718941e-09,0.0,2.0884900475692803e-08,3.9543705348249864e-10,120,BOUNDARIES_FOUND,14399,14399,13200,accepted,diagnostics_passed,v1_small_grid_only
call_T100_s060_r001_q006,call,1.0,0.6,0.01,0.06,1.0,4.0,120,120,0.03333333333333333,0.008333333333333333,train,Default construction-planning training regime.,no,train,american_crank_nicolson_psor_price,baseline_cn_psor,0.10891883401200175,14641,5203,5203,True,18,14.741666666666667,9.942599410450725e-09,0.0,1.190878062828915e-08,3.448862754330945e-10,120,BOUNDARIES_FOUND,14399,14399,13201,accepted,diagnostics_passed,v1_small_grid_only
call_T100_s060_r001_q010,call,1.0,0.6,0.01,0.1,1.0,4.0,120,120,0.03333333333333333,0.008333333333333333,stress_holdout,High-volatility and high-dividend stress combination held out before any row-level split.,yes,stress_holdout,american_crank_nicolson_psor_price,baseline_cn_psor,0.09289066609926522,14641,5203,5203,True,15,13.016666666666667,9.937145328819952e-09,0.0,8.661179662361462e-09,4.1318823642603336e-10,120,BOUNDARIES_FOUND,14399,14399,13201,accepted,diagnostics_passed,v1_small_grid_only
call_T100_s060_r005_q000,call,1.0,0.6,0.05,0.0,1.0,4.0,120,120,0.03333333333333333,0.008333333333333333,test,No-dividend call validation/control regime assigned to test after stress precedence.,no,test,american_crank_nicolson_psor_price,baseline_cn_psor,0.3573374168481678,14641,5203,5203,True,51,50.325,9.998013528189631e-09,0.0,5.095313015957004e-08,2.339599553486885e-09,0,NO_BOUNDARY_FOUND,14399,14399,13680,accepted,diagnostics_passed,v1_small_grid_only
call_T100_s060_r005_q003,call,1.0,0.6,0.05,0.03,1.0,4.0,120,120,0.03333333333333333,0.008333333333333333,train,Default construction-planning training regime.,no,train,american_crank_nicolson_psor_price,baseline_cn_psor,0.16193404095247388,14641,5203,5203,True,33,22.525,9.977008774697538e-09,0.0,3.2796425131209617e-08,2.5469477654755737e-10,120,BOUNDARIES_FOUND,14399,14399,13200,accepted,diagnostics_passed,v1_small_grid_only
call_T100_s060_r005_q006,call,1.0,0.6,0.05,0.06,1.0,4.0,120,120,0.03333333333333333,0.008333333333333333,train,Default construction-planning training regime.,no,train,american_crank_nicolson_psor_price,baseline_cn_psor,0.1201037080027163,14641,5203,5203,True,21,16.491666666666667,9.951412471842502e-09,0.0,1.7328454005038907e-08,3.3847609569151847e-10,120,BOUNDARIES_FOUND,14399,14399,13200,accepted,diagnostics_passed,v1_small_grid_only
call_T100_s060_r005_q010,call,1.0,0.6,0.05,0.1,1.0,4.0,120,120,0.03333333333333333,0.008333333333333333,stress_holdout,High-volatility and high-dividend stress combination held out before any row-level split.,yes,stress_holdout,american_crank_nicolson_psor_price,baseline_cn_psor,0.09996633301489055,14641,5203,5203,True,16,13.891666666666667,9.966879543910068e-09,0.0,1.0090436597387509e-08,3.4370285833721434e-10,120,BOUNDARIES_FOUND,14399,14399,13201,accepted,diagnostics_passed,v1_small_grid_only
call_T100_s060_r010_q000,call,1.0,0.6,0.1,0.0,1.0,4.0,120,120,0.03333333333333333,0.008333333333333333,test,No-dividend call validation/control regime assigned to test after stress precedence.,no,test,american_crank_nicolson_psor_price,baseline_cn_psor,0.38658733386546373,14641,5203,5203,True,54,54.0,8.94991192268435e-09,0.0,4.5512224655652744e-08,4.2865769996901354e-09,0,NO_BOUNDARY_FOUND,14399,14399,13680,accepted,diagnostics_passed,v1_small_grid_only
call_T100_s060_r010_q003,call,1.0,0.6,0.1,0.03,1.0,4.0,120,120,0.03333333333333333,0.008333333333333333,train,Default construction-planning training regime.,no,train,american_crank_nicolson_psor_price,baseline_cn_psor,0.2672407499048859,14641,5203,5203,True,42,38.68333333333333,9.97088589471673e-09,0.0,4.890029758897185e-08,7.398911430790661e-10,28,BOUNDARIES_FOUND,14399,14399,13571,accepted,diagnostics_passed,v1_small_grid_only
call_T100_s060_r010_q006,call,1.0,0.6,0.1,0.06,1.0,4.0,120,120,0.03333333333333333,0.008333333333333333,train,Default construction-planning training regime.,no,train,american_crank_nicolson_psor_price,baseline_cn_psor,0.14243370899930596,14641,5203,5203,True,28,20.458333333333332,9.92222126683373e-09,0.0,2.577730628949837e-08,3.315338113689541e-10,120,BOUNDARIES_FOUND,14399,14399,13200,accepted,diagnostics_passed,v1_small_grid_only
call_T100_s060_r010_q010,call,1.0,0.6,0.1,0.1,1.0,4.0,120,120,0.03333333333333333,0.008333333333333333,stress_holdout,High-volatility and high-dividend stress combination held out before any row-level split.,yes,stress_holdout,american_crank_nicolson_psor_price,baseline_cn_psor,0.11130404192954302,14641,5203,5203,True,19,15.491666666666667,9.993183669454453e-09,0.0,1.3307881907564933e-08,4.068070595933526e-10,120,BOUNDARIES_FOUND,14399,14399,13200,accepted,diagnostics_passed,v1_small_grid_only
call_T200_s020_r001_q000,call,2.0,0.2,0.01,0.0,1.0,4.0,120,120,0.03333333333333333,0.016666666666666666,test,No-dividend call validation/control regime assigned to test after stress precedence.,no,test,american_crank_nicolson_psor_price,baseline_cn_psor,0.11945629096589983,14641,5203,5203,True,16,16.0,7.728059969736023e-09,0.0,9.558470015491594e-09,1.8556099294770613e-10,0,NO_BOUNDARY_FOUND,14399,14399,13680,accepted,diagnostics_passed,v1_small_grid_only
call_T200_s020_r001_q003,call,2.0,0.2,0.01,0.03,1.0,4.0,120,120,0.03333333333333333,0.016666666666666666,train,Default construction-planning training regime.,no,train,american_crank_nicolson_psor_price,baseline_cn_psor,0.057539124973118305,14641,5203,5203,True,11,8.125,9.824185548401587e-09,0.0,4.472791081955307e-09,5.959647533827277e-11,120,BOUNDARIES_FOUND,14399,14399,13211,accepted,diagnostics_passed,v1_small_grid_only
call_T200_s020_r001_q006,call,2.0,0.2,0.01,0.06,1.0,4.0,120,120,0.03333333333333333,0.016666666666666666,train,Default construction-planning training regime.,no,train,american_crank_nicolson_psor_price,baseline_cn_psor,0.05904808291234076,14641,5203,5203,True,11,8.191666666666666,9.575859161170541e-09,0.0,3.210377269580178e-09,7.190908466476525e-11,120,BOUNDARIES_FOUND,14399,14399,13222,accepted,diagnostics_passed,v1_small_grid_only
call_T200_s020_r001_q010,call,2.0,0.2,0.01,0.1,1.0,4.0,120,120,0.03333333333333333,0.016666666666666666,train,Default construction-planning training regime.,no,train,american_crank_nicolson_psor_price,baseline_cn_psor,0.05830999999307096,14641,5203,5203,True,11,7.966666666666667,9.86220263787807e-09,0.0,3.0738408693387065e-09,1.197914770723683e-10,120,BOUNDARIES_FOUND,14399,14399,13251,accepted,diagnostics_passed,v1_small_grid_only
call_T200_s020_r005_q000,call,2.0,0.2,0.05,0.0,1.0,4.0,120,120,0.03333333333333333,0.016666666666666666,test,No-dividend call validation/control regime assigned to test after stress precedence.,no,test,american_crank_nicolson_psor_price,baseline_cn_psor,0.13186779199168086,14641,5203,5203,True,19,18.375,9.997892291835342e-09,0.0,1.2053035014503166e-08,1.0784042743452824e-09,0,NO_BOUNDARY_FOUND,14399,14399,13680,accepted,diagnostics_passed,v1_small_grid_only
call_T200_s020_r005_q003,call,2.0,0.2,0.05,0.03,1.0,4.0,120,120,0.03333333333333333,0.016666666666666666,train,Default construction-planning training regime.,no,train,american_crank_nicolson_psor_price,baseline_cn_psor,0.050877542002126575,14641,5203,5203,True,11,7.275,9.95862237118672e-09,0.0,6.060954294007104e-09,2.6765324687569295e-11,120,BOUNDARIES_FOUND,14399,14399,13200,accepted,diagnostics_passed,v1_small_grid_only
call_T200_s020_r005_q006,call,2.0,0.2,0.05,0.06,1.0,4.0,120,120,0.03333333333333333,0.016666666666666666,train,Default construction-planning training regime.,no,train,american_crank_nicolson_psor_price,baseline_cn_psor,0.05916574993170798,14641,5203,5203,True,11,8.116666666666667,9.9501330785845e-09,0.0,4.742029879878373e-09,5.5887545713589494e-11,120,BOUNDARIES_FOUND,14399,14399,13210,accepted,diagnostics_passed,v1_small_grid_only
call_T200_s020_r005_q010,call,2.0,0.2,0.05,0.1,1.0,4.0,120,120,0.03333333333333333,0.016666666666666666,train,Default construction-planning training regime.,no,train,american_crank_nicolson_psor_price,baseline_cn_psor,0.060185167007148266,14641,5203,5203,True,11,8.066666666666666,9.572812903479999e-09,0.0,3.174576601594481e-09,6.394883183009609e-11,120,BOUNDARIES_FOUND,14399,14399,13224,accepted,diagnostics_passed,v1_small_grid_only
call_T200_s020_r010_q000,call,2.0,0.2,0.1,0.0,1.0,4.0,120,120,0.03333333333333333,0.016666666666666666,test,No-dividend call validation/control regime assigned to test after stress precedence.,no,test,american_crank_nicolson_psor_price,baseline_cn_psor,0.14439787506125867,14641,5203,5203,True,20,19.858333333333334,9.997584538012916e-09,0.0,1.205331834341905e-08,2.1274003513093215e-09,0,NO_BOUNDARY_FOUND,14399,14399,13680,accepted,diagnostics_passed,v1_small_grid_only
call_T200_s020_r010_q003,call,2.0,0.2,0.1,0.03,1.0,4.0,120,120,0.03333333333333333,0.016666666666666666,train,Default construction-planning training regime.,no,train,american_crank_nicolson_psor_price,baseline_cn_psor,0.08309595799073577,14641,5203,5203,True,12,11.833333333333334,9.985170468240767e-09,0.0,7.142266333914904e-09,7.086037779458859e-11,120,BOUNDARIES_FOUND,14399,14399,13200,accepted,diagnostics_passed,v1_small_grid_only
call_T200_s020_r010_q006,call,2.0,0.2,0.1,0.06,1.0,4.0,120,120,0.03333333333333333,0.016666666666666666,train,Default construction-planning training regime.,no,train,american_crank_nicolson_psor_price,baseline_cn_psor,0.05588150001130998,14641,5203,5203,True,11,7.766666666666667,9.962335734137184e-09,0.0,5.738129527088631e-09,2.1843054786066173e-11,120,BOUNDARIES_FOUND,14399,14399,13200,accepted,diagnostics_passed,v1_small_grid_only
call_T200_s020_r010_q010,call,2.0,0.2,0.1,0.1,1.0,4.0,120,120,0.03333333333333333,0.016666666666666666,train,Default construction-planning training regime.,no,train,american_crank_nicolson_psor_price,baseline_cn_psor,0.06014641607180238,14641,5203,5203,True,11,8.141666666666667,9.855160548744024e-09,0.0,4.5233625178831005e-09,5.899426902566804e-11,120,BOUNDARIES_FOUND,14399,14399,13207,accepted,diagnostics_passed,v1_small_grid_only
call_T200_s040_r001_q000,call,2.0,0.4,0.01,0.0,1.0,4.0,120,120,0.03333333333333333,0.016666666666666666,test,No-dividend call validation/control regime assigned to test after stress precedence.,no,test,american_crank_nicolson_psor_price,baseline_cn_psor,0.2986780838109553,14641,5203,5203,True,43,42.225,9.968216030387111e-09,0.0,4.513792228877378e-08,9.342625927735325e-10,0,NO_BOUNDARY_FOUND,14399,14399,13680,accepted,diagnostics_passed,v1_small_grid_only
call_T200_s040_r001_q003,call,2.0,0.4,0.01,0.03,1.0,4.0,120,120,0.03333333333333333,0.016666666666666666,train,Default construction-planning training regime.,no,train,american_crank_nicolson_psor_price,baseline_cn_psor,0.0918811250012368,14641,5203,5203,True,16,13.258333333333333,9.910006704139107e-09,0.0,9.250114008096944e-09,3.622503669813772e-10,120,BOUNDARIES_FOUND,14399,14399,13201,accepted,diagnostics_passed,v1_small_grid_only
call_T200_s040_r001_q006,call,2.0,0.4,0.01,0.06,1.0,4.0,120,120,0.03333333333333333,0.016666666666666666,train,Default construction-planning training regime.,no,train,american_crank_nicolson_psor_price,baseline_cn_psor,0.08113424992188811,14641,5203,5203,True,14,11.391666666666667,9.695091923722643e-09,0.0,8.979954252419375e-09,4.602769017228277e-10,120,BOUNDARIES_FOUND,14399,14399,13201,accepted,diagnostics_passed,v1_small_grid_only
call_T200_s040_r001_q010,call,2.0,0.4,0.01,0.1,1.0,4.0,120,120,0.03333333333333333,0.016666666666666666,train,Default construction-planning training regime.,no,train,american_crank_nicolson_psor_price,baseline_cn_psor,0.07708762492984533,14641,5203,5203,True,14,10.8,9.867732119293844e-09,0.0,7.990838199467554e-09,5.884072287255641e-10,120,BOUNDARIES_FOUND,14399,14399,13203,accepted,diagnostics_passed,v1_small_grid_only
call_T200_s040_r005_q000,call,2.0,0.4,0.05,0.0,1.0,4.0,120,120,0.03333333333333333,0.016666666666666666,test,No-dividend call validation/control regime assigned to test after stress precedence.,no,test,american_crank_nicolson_psor_price,baseline_cn_psor,0.3489507499616593,14641,5203,5203,True,49,49.0,9.668574385557349e-09,0.0,4.3557234263857936e-08,3.989102750271684e-09,0,NO_BOUNDARY_FOUND,14399,14399,13680,accepted,diagnostics_passed,v1_small_grid_only
call_T200_s040_r005_q003,call,2.0,0.4,0.05,0.03,1.0,4.0,120,120,0.03333333333333333,0.016666666666666666,train,Default construction-planning training regime.,no,train,american_crank_nicolson_psor_price,baseline_cn_psor,0.12201691698282957,14641,5203,5203,True,23,17.608333333333334,9.97759630472217e-09,0.0,1.9666607009583004e-08,2.620521313357598e-10,120,BOUNDARIES_FOUND,14399,14399,13200,accepted,diagnostics_passed,v1_small_grid_only
call_T200_s040_r005_q006,call,2.0,0.4,0.05,0.06,1.0,4.0,120,120,0.03333333333333333,0.016666666666666666,train,Default construction-planning training regime.,no,train,american_crank_nicolson_psor_price,baseline_cn_psor,0.09271624987013638,14641,5203,5203,True,15,12.7,9.968852188180222e-09,0.0,9.366236009000772e-09,3.312652991154062e-10,120,BOUNDARIES_FOUND,14399,14399,13200,accepted,diagnostics_passed,v1_small_grid_only
call_T200_s040_r005_q010,call,2.0,0.4,0.05,0.1,1.0,4.0,120,120,0.03333333333333333,0.016666666666666666,train,Default construction-planning training regime.,no,train,american_crank_nicolson_psor_price,baseline_cn_psor,0.08060854207724333,14641,5203,5203,True,14,11.1,9.501831266245375e-09,0.0,8.769361389826535e-09,4.742780193425932e-10,120,BOUNDARIES_FOUND,14399,14399,13202,accepted,diagnostics_passed,v1_small_grid_only
call_T200_s040_r010_q000,call,2.0,0.4,0.1,0.0,1.0,4.0,120,120,0.03333333333333333,0.016666666666666666,test,No-dividend call validation/control regime assigned to test after stress precedence.,no,test,american_crank_nicolson_psor_price,baseline_cn_psor,0.426336791832,14641,5203,5203,True,53,52.18333333333333,9.997832339792012e-09,0.0,4.485697102651898e-08,7.043705316075751e-09,0,NO_BOUNDARY_FOUND,14399,14399,13680,accepted,diagnostics_passed,v1_small_grid_only
call_T200_s040_r010_q003,call,2.0,0.4,0.1,0.03,1.0,4.0,120,120,0.03333333333333333,0.016666666666666666,test,Long-maturity high-rate mid-volatility regime assigned to test after stress precedence.,no,test,american_crank_nicolson_psor_price,baseline_cn_psor,0.25771949999034405,14641,5203,5203,True,38,36.44166666666667,9.953129431750085e-09,0.0,4.326196600956678e-08,8.00748545697981e-10,33,BOUNDARIES_FOUND,14399,14399,13551,accepted,diagnostics_passed,v1_small_grid_only
call_T200_s040_r010_q006,call,2.0,0.4,0.1,0.06,1.0,4.0,120,120,0.03333333333333333,0.016666666666666666,test,Long-maturity high-rate mid-volatility regime assigned to test after stress precedence.,no,test,american_crank_nicolson_psor_price,baseline_cn_psor,0.11710508307442069,14641,5203,5203,True,20,16.333333333333332,9.936474310023868e-09,0.0,1.5227837879550066e-08,3.190681994735464e-10,120,BOUNDARIES_FOUND,14399,14399,13200,accepted,diagnostics_passed,v1_small_grid_only
call_T200_s040_r010_q010,call,2.0,0.4,0.1,0.1,1.0,4.0,120,120,0.03333333333333333,0.016666666666666666,test,Long-maturity high-rate mid-volatility regime assigned to test after stress precedence.,no,test,american_crank_nicolson_psor_price,baseline_cn_psor,0.08938274998217821,14641,5203,5203,True,14,12.066666666666666,9.997562222530121e-09,0.0,9.340349438335949e-09,3.650184737424695e-10,120,BOUNDARIES_FOUND,14399,14399,13200,accepted,diagnostics_passed,v1_small_grid_only
call_T200_s060_r001_q000,call,2.0,0.6,0.01,0.0,1.0,4.0,120,120,0.03333333333333333,0.016666666666666666,test,No-dividend call validation/control regime assigned to test after stress precedence.,no,test,american_crank_nicolson_psor_price,baseline_cn_psor,0.8423346250783652,14641,5203,5203,True,84,81.3,9.981000026471065e-09,0.0,1.0143144413277128e-07,4.823113427560654e-09,0,NO_BOUNDARY_FOUND,14399,14399,13680,accepted,diagnostics_passed,v1_small_grid_only
call_T200_s060_r001_q003,call,2.0,0.6,0.01,0.03,1.0,4.0,120,120,0.03333333333333333,0.016666666666666666,train,Default construction-planning training regime.,no,train,american_crank_nicolson_psor_price,baseline_cn_psor,0.30662116617895663,14641,5203,5203,True,65,43.0,9.978089909878918e-09,0.0,8.046828980923237e-08,1.0319102639618156e-09,120,BOUNDARIES_FOUND,14399,14399,13200,accepted,diagnostics_passed,v1_small_grid_only
call_T200_s060_r001_q006,call,2.0,0.6,0.01,0.06,1.0,4.0,120,120,0.03333333333333333,0.016666666666666666,train,Default construction-planning training regime.,no,train,american_crank_nicolson_psor_price,baseline_cn_psor,0.22614104091189802,14641,5203,5203,True,41,31.033333333333335,9.984490123571277e-09,0.0,4.31861701954972e-08,1.0031359186500548e-09,120,BOUNDARIES_FOUND,14399,14399,13200,accepted,diagnostics_passed,v1_small_grid_only
call_T200_s060_r001_q010,call,2.0,0.6,0.01,0.1,1.0,4.0,120,120,0.03333333333333333,0.016666666666666666,stress_holdout,High-volatility and high-dividend stress combination held out before any row-level split.,yes,stress_holdout,american_crank_nicolson_psor_price,baseline_cn_psor,0.18916641594842076,14641,5203,5203,True,29,24.366666666666667,9.872118456044632e-09,0.0,2.6754197302025773e-08,1.0066961220143713e-09,120,BOUNDARIES_FOUND,14399,14399,13200,accepted,diagnostics_passed,v1_small_grid_only
call_T200_s060_r005_q000,call,2.0,0.6,0.05,0.0,1.0,4.0,120,120,0.03333333333333333,0.016666666666666666,test,No-dividend call validation/control regime assigned to test after stress precedence.,no,test,american_crank_nicolson_psor_price,baseline_cn_psor,0.6911459579132497,14641,5203,5203,True,92,91.71666666666667,9.979757908951115e-09,0.0,1.0184620347075679e-07,1.1356729789510902e-08,0,NO_BOUNDARY_FOUND,14399,14399,13680,accepted,diagnostics_passed,v1_small_grid_only
call_T200_s060_r005_q003,call,2.0,0.6,0.05,0.03,1.0,4.0,120,120,0.03333333333333333,0.016666666666666666,train,Default construction-planning training regime.,no,train,american_crank_nicolson_psor_price,baseline_cn_psor,0.41586475004442036,14641,5203,5203,True,78,57.075,9.995867245038426e-09,0.0,9.990449445496097e-08,1.8084838324144623e-09,87,BOUNDARIES_FOUND,14399,14399,13334,accepted,diagnostics_passed,v1_small_grid_only
call_T200_s060_r005_q006,call,2.0,0.6,0.05,0.06,1.0,4.0,120,120,0.03333333333333333,0.016666666666666666,train,Default construction-planning training regime.,no,train,american_crank_nicolson_psor_price,baseline_cn_psor,0.26834133290685713,14641,5203,5203,True,51,36.86666666666667,9.99283411573515e-09,0.0,5.672598146766461e-08,1.1075968090722851e-09,120,BOUNDARIES_FOUND,14399,14399,13200,accepted,diagnostics_passed,v1_small_grid_only
call_T200_s060_r005_q010,call,2.0,0.6,0.05,0.1,1.0,4.0,120,120,0.03333333333333333,0.016666666666666666,stress_holdout,High-volatility and high-dividend stress combination held out before any row-level split.,yes,stress_holdout,american_crank_nicolson_psor_price,baseline_cn_psor,0.1975582498125732,14641,5203,5203,True,34,27.325,9.928195487951541e-09,0.0,3.399131753845097e-08,1.0544191795864509e-09,120,BOUNDARIES_FOUND,14399,14399,13200,accepted,diagnostics_passed,v1_small_grid_only
call_T200_s060_r010_q000,call,2.0,0.6,0.1,0.0,1.0,4.0,120,120,0.03333333333333333,0.016666666666666666,test,No-dividend call validation/control regime assigned to test after stress precedence.,no,test,american_crank_nicolson_psor_price,baseline_cn_psor,0.693032749928534,14641,5203,5203,True,98,97.39166666666667,9.99952565194917e-09,0.0,1.018713113865033e-07,1.819355477882301e-08,0,NO_BOUNDARY_FOUND,14399,14399,13680,accepted,diagnostics_passed,v1_small_grid_only
call_T200_s060_r010_q003,call,2.0,0.6,0.1,0.03,1.0,4.0,120,120,0.03333333333333333,0.016666666666666666,train,Default construction-planning training regime.,no,train,american_crank_nicolson_psor_price,baseline_cn_psor,0.5272390840109438,14641,5203,5203,True,80,76.01666666666667,9.992283889204145e-09,0.0,1.0010079254385573e-07,3.932500194123971e-09,14,BOUNDARIES_FOUND,14399,14399,13625,accepted,diagnostics_passed,v1_small_grid_only
call_T200_s060_r010_q006,call,2.0,0.6,0.1,0.06,1.0,4.0,120,120,0.03333333333333333,0.016666666666666666,train,Default construction-planning training regime.,no,train,american_crank_nicolson_psor_price,baseline_cn_psor,0.3394480829592794,14641,5203,5203,True,67,48.28333333333333,9.990813065741122e-09,0.0,8.338608337155051e-08,1.3023638272069996e-09,120,BOUNDARIES_FOUND,14399,14399,13200,accepted,diagnostics_passed,v1_small_grid_only
call_T200_s060_r010_q010,call,2.0,0.6,0.1,0.1,1.0,4.0,120,120,0.03333333333333333,0.016666666666666666,stress_holdout,High-volatility and high-dividend stress combination held out before any row-level split.,yes,stress_holdout,american_crank_nicolson_psor_price,baseline_cn_psor,0.2307488329242915,14641,5203,5203,True,41,32.1,9.99425697756351e-09,0.0,4.257760344295036e-08,1.141119727024271e-09,120,BOUNDARIES_FOUND,14399,14399,13200,accepted,diagnostics_passed,v1_small_grid_only
