method_name,regime_id,split,option_type,T,sigma,r,q,row_count,reference_found_count,predicted_found_count,comparable_error_count,reference_outside_sample_window_count,boundary_mae,boundary_rmse,boundary_max_abs_error,boundary_found_agreement_rate,missed_boundary_rate,false_boundary_rate,no_dividend_call_false_boundary_rate,downstream_use_status
premium_implied_boundary,call_T025_s020_r001_q000,test,call,0.25,0.2,0.01,0.0,121,0,0,0,0,nan,nan,nan,1.0,nan,0.0,0.0,stage4_boundary_diagnostic_only
premium_implied_boundary,call_T025_s020_r001_q003,train,call,0.25,0.2,0.01,0.03,121,120,0,0,0,nan,nan,nan,0.008264462809917356,1.0,0.0,nan,stage4_boundary_diagnostic_only
premium_implied_boundary,call_T025_s020_r001_q006,train,call,0.25,0.2,0.01,0.06,121,120,0,0,0,nan,nan,nan,0.008264462809917356,1.0,0.0,nan,stage4_boundary_diagnostic_only
premium_implied_boundary,call_T025_s020_r001_q010,train,call,0.25,0.2,0.01,0.1,121,120,0,0,0,nan,nan,nan,0.008264462809917356,1.0,0.0,nan,stage4_boundary_diagnostic_only
premium_implied_boundary,call_T025_s020_r005_q000,test,call,0.25,0.2,0.05,0.0,121,0,0,0,0,nan,nan,nan,1.0,nan,0.0,0.0,stage4_boundary_diagnostic_only
premium_implied_boundary,call_T025_s020_r005_q003,train,call,0.25,0.2,0.05,0.03,121,120,0,0,0,nan,nan,nan,0.008264462809917356,1.0,0.0,nan,stage4_boundary_diagnostic_only
premium_implied_boundary,call_T025_s020_r005_q006,train,call,0.25,0.2,0.05,0.06,121,120,0,0,0,nan,nan,nan,0.008264462809917356,1.0,0.0,nan,stage4_boundary_diagnostic_only
premium_implied_boundary,call_T025_s020_r005_q010,train,call,0.25,0.2,0.05,0.1,121,120,0,0,0,nan,nan,nan,0.008264462809917356,1.0,0.0,nan,stage4_boundary_diagnostic_only
premium_implied_boundary,call_T025_s020_r010_q000,test,call,0.25,0.2,0.1,0.0,121,0,0,0,0,nan,nan,nan,1.0,nan,0.0,0.0,stage4_boundary_diagnostic_only
premium_implied_boundary,call_T025_s020_r010_q003,train,call,0.25,0.2,0.1,0.03,121,120,0,0,120,nan,nan,nan,0.008264462809917356,nan,0.0,nan,stage4_boundary_diagnostic_only
premium_implied_boundary,call_T025_s020_r010_q006,train,call,0.25,0.2,0.1,0.06,121,120,0,0,0,nan,nan,nan,0.008264462809917356,1.0,0.0,nan,stage4_boundary_diagnostic_only
premium_implied_boundary,call_T025_s020_r010_q010,train,call,0.25,0.2,0.1,0.1,121,120,0,0,0,nan,nan,nan,0.008264462809917356,1.0,0.0,nan,stage4_boundary_diagnostic_only
premium_implied_boundary,call_T025_s040_r001_q000,test,call,0.25,0.4,0.01,0.0,121,0,0,0,0,nan,nan,nan,1.0,nan,0.0,0.0,stage4_boundary_diagnostic_only
premium_implied_boundary,call_T025_s040_r001_q003,train,call,0.25,0.4,0.01,0.03,121,120,0,0,0,nan,nan,nan,0.008264462809917356,1.0,0.0,nan,stage4_boundary_diagnostic_only
premium_implied_boundary,call_T025_s040_r001_q006,train,call,0.25,0.4,0.01,0.06,121,120,0,0,0,nan,nan,nan,0.008264462809917356,1.0,0.0,nan,stage4_boundary_diagnostic_only
premium_implied_boundary,call_T025_s040_r001_q010,train,call,0.25,0.4,0.01,0.1,121,120,0,0,0,nan,nan,nan,0.008264462809917356,1.0,0.0,nan,stage4_boundary_diagnostic_only
premium_implied_boundary,call_T025_s040_r005_q000,test,call,0.25,0.4,0.05,0.0,121,0,0,0,0,nan,nan,nan,1.0,nan,0.0,0.0,stage4_boundary_diagnostic_only
premium_implied_boundary,call_T025_s040_r005_q003,train,call,0.25,0.4,0.05,0.03,121,120,0,0,64,nan,nan,nan,0.008264462809917356,1.0,0.0,nan,stage4_boundary_diagnostic_only
premium_implied_boundary,call_T025_s040_r005_q006,train,call,0.25,0.4,0.05,0.06,121,120,0,0,0,nan,nan,nan,0.008264462809917356,1.0,0.0,nan,stage4_boundary_diagnostic_only
premium_implied_boundary,call_T025_s040_r005_q010,train,call,0.25,0.4,0.05,0.1,121,120,0,0,0,nan,nan,nan,0.008264462809917356,1.0,0.0,nan,stage4_boundary_diagnostic_only
premium_implied_boundary,call_T025_s040_r010_q000,test,call,0.25,0.4,0.1,0.0,121,0,0,0,0,nan,nan,nan,1.0,nan,0.0,0.0,stage4_boundary_diagnostic_only
premium_implied_boundary,call_T025_s040_r010_q003,train,call,0.25,0.4,0.1,0.03,121,120,0,0,120,nan,nan,nan,0.008264462809917356,nan,0.0,nan,stage4_boundary_diagnostic_only
premium_implied_boundary,call_T025_s040_r010_q006,train,call,0.25,0.4,0.1,0.06,121,120,0,0,64,nan,nan,nan,0.008264462809917356,1.0,0.0,nan,stage4_boundary_diagnostic_only
premium_implied_boundary,call_T025_s040_r010_q010,train,call,0.25,0.4,0.1,0.1,121,120,0,0,0,nan,nan,nan,0.008264462809917356,1.0,0.0,nan,stage4_boundary_diagnostic_only
premium_implied_boundary,call_T025_s060_r001_q000,test,call,0.25,0.6,0.01,0.0,121,0,0,0,0,nan,nan,nan,1.0,nan,0.0,0.0,stage4_boundary_diagnostic_only
premium_implied_boundary,call_T025_s060_r001_q003,train,call,0.25,0.6,0.01,0.03,121,120,0,0,22,nan,nan,nan,0.008264462809917356,1.0,0.0,nan,stage4_boundary_diagnostic_only
premium_implied_boundary,call_T025_s060_r001_q006,train,call,0.25,0.6,0.01,0.06,121,120,0,0,0,nan,nan,nan,0.008264462809917356,1.0,0.0,nan,stage4_boundary_diagnostic_only
premium_implied_boundary,call_T025_s060_r001_q010,stress_holdout,call,0.25,0.6,0.01,0.1,121,120,0,0,0,nan,nan,nan,0.008264462809917356,1.0,0.0,nan,stage4_boundary_diagnostic_only
premium_implied_boundary,call_T025_s060_r005_q000,test,call,0.25,0.6,0.05,0.0,121,0,0,0,0,nan,nan,nan,1.0,nan,0.0,0.0,stage4_boundary_diagnostic_only
premium_implied_boundary,call_T025_s060_r005_q003,train,call,0.25,0.6,0.05,0.03,121,120,0,0,95,nan,nan,nan,0.008264462809917356,1.0,0.0,nan,stage4_boundary_diagnostic_only
premium_implied_boundary,call_T025_s060_r005_q006,train,call,0.25,0.6,0.05,0.06,121,120,0,0,14,nan,nan,nan,0.008264462809917356,1.0,0.0,nan,stage4_boundary_diagnostic_only
premium_implied_boundary,call_T025_s060_r005_q010,stress_holdout,call,0.25,0.6,0.05,0.1,121,120,0,0,0,nan,nan,nan,0.008264462809917356,1.0,0.0,nan,stage4_boundary_diagnostic_only
premium_implied_boundary,call_T025_s060_r010_q000,test,call,0.25,0.6,0.1,0.0,121,0,0,0,0,nan,nan,nan,1.0,nan,0.0,0.0,stage4_boundary_diagnostic_only
premium_implied_boundary,call_T025_s060_r010_q003,train,call,0.25,0.6,0.1,0.03,121,111,0,0,111,nan,nan,nan,0.08264462809917356,nan,0.0,nan,stage4_boundary_diagnostic_only
premium_implied_boundary,call_T025_s060_r010_q006,train,call,0.25,0.6,0.1,0.06,121,120,0,0,96,nan,nan,nan,0.008264462809917356,1.0,0.0,nan,stage4_boundary_diagnostic_only
premium_implied_boundary,call_T025_s060_r010_q010,stress_holdout,call,0.25,0.6,0.1,0.1,121,120,0,0,0,nan,nan,nan,0.008264462809917356,1.0,0.0,nan,stage4_boundary_diagnostic_only
premium_implied_boundary,call_T050_s020_r001_q000,test,call,0.5,0.2,0.01,0.0,121,0,0,0,0,nan,nan,nan,1.0,nan,0.0,0.0,stage4_boundary_diagnostic_only
premium_implied_boundary,call_T050_s020_r001_q003,train,call,0.5,0.2,0.01,0.03,121,120,0,0,0,nan,nan,nan,0.008264462809917356,1.0,0.0,nan,stage4_boundary_diagnostic_only
premium_implied_boundary,call_T050_s020_r001_q006,train,call,0.5,0.2,0.01,0.06,121,120,0,0,0,nan,nan,nan,0.008264462809917356,1.0,0.0,nan,stage4_boundary_diagnostic_only
premium_implied_boundary,call_T050_s020_r001_q010,train,call,0.5,0.2,0.01,0.1,121,120,0,0,0,nan,nan,nan,0.008264462809917356,1.0,0.0,nan,stage4_boundary_diagnostic_only
premium_implied_boundary,call_T050_s020_r005_q000,test,call,0.5,0.2,0.05,0.0,121,0,0,0,0,nan,nan,nan,1.0,nan,0.0,0.0,stage4_boundary_diagnostic_only
premium_implied_boundary,call_T050_s020_r005_q003,validation,call,0.5,0.2,0.05,0.03,121,120,0,0,5,nan,nan,nan,0.008264462809917356,1.0,0.0,nan,stage4_boundary_diagnostic_only
premium_implied_boundary,call_T050_s020_r005_q006,validation,call,0.5,0.2,0.05,0.06,121,120,0,0,0,nan,nan,nan,0.008264462809917356,1.0,0.0,nan,stage4_boundary_diagnostic_only
premium_implied_boundary,call_T050_s020_r005_q010,validation,call,0.5,0.2,0.05,0.1,121,120,0,0,0,nan,nan,nan,0.008264462809917356,1.0,0.0,nan,stage4_boundary_diagnostic_only
premium_implied_boundary,call_T050_s020_r010_q000,test,call,0.5,0.2,0.1,0.0,121,0,0,0,0,nan,nan,nan,1.0,nan,0.0,0.0,stage4_boundary_diagnostic_only
premium_implied_boundary,call_T050_s020_r010_q003,train,call,0.5,0.2,0.1,0.03,121,120,0,0,120,nan,nan,nan,0.008264462809917356,nan,0.0,nan,stage4_boundary_diagnostic_only
premium_implied_boundary,call_T050_s020_r010_q006,train,call,0.5,0.2,0.1,0.06,121,120,0,0,0,nan,nan,nan,0.008264462809917356,1.0,0.0,nan,stage4_boundary_diagnostic_only
premium_implied_boundary,call_T050_s020_r010_q010,train,call,0.5,0.2,0.1,0.1,121,120,0,0,0,nan,nan,nan,0.008264462809917356,1.0,0.0,nan,stage4_boundary_diagnostic_only
premium_implied_boundary,call_T050_s040_r001_q000,test,call,0.5,0.4,0.01,0.0,121,0,0,0,0,nan,nan,nan,1.0,nan,0.0,0.0,stage4_boundary_diagnostic_only
premium_implied_boundary,call_T050_s040_r001_q003,train,call,0.5,0.4,0.01,0.03,121,120,0,0,0,nan,nan,nan,0.008264462809917356,1.0,0.0,nan,stage4_boundary_diagnostic_only
premium_implied_boundary,call_T050_s040_r001_q006,train,call,0.5,0.4,0.01,0.06,121,120,0,0,0,nan,nan,nan,0.008264462809917356,1.0,0.0,nan,stage4_boundary_diagnostic_only
premium_implied_boundary,call_T050_s040_r001_q010,train,call,0.5,0.4,0.01,0.1,121,120,0,0,0,nan,nan,nan,0.008264462809917356,1.0,0.0,nan,stage4_boundary_diagnostic_only
premium_implied_boundary,call_T050_s040_r005_q000,test,call,0.5,0.4,0.05,0.0,121,0,0,0,0,nan,nan,nan,1.0,nan,0.0,0.0,stage4_boundary_diagnostic_only
premium_implied_boundary,call_T050_s040_r005_q003,validation,call,0.5,0.4,0.05,0.03,121,120,0,0,92,nan,nan,nan,0.008264462809917356,1.0,0.0,nan,stage4_boundary_diagnostic_only
premium_implied_boundary,call_T050_s040_r005_q006,validation,call,0.5,0.4,0.05,0.06,121,120,0,0,0,nan,nan,nan,0.008264462809917356,1.0,0.0,nan,stage4_boundary_diagnostic_only
premium_implied_boundary,call_T050_s040_r005_q010,validation,call,0.5,0.4,0.05,0.1,121,120,0,0,0,nan,nan,nan,0.008264462809917356,1.0,0.0,nan,stage4_boundary_diagnostic_only
premium_implied_boundary,call_T050_s040_r010_q000,test,call,0.5,0.4,0.1,0.0,121,0,0,0,0,nan,nan,nan,1.0,nan,0.0,0.0,stage4_boundary_diagnostic_only
premium_implied_boundary,call_T050_s040_r010_q003,train,call,0.5,0.4,0.1,0.03,121,120,0,0,120,nan,nan,nan,0.008264462809917356,nan,0.0,nan,stage4_boundary_diagnostic_only
premium_implied_boundary,call_T050_s040_r010_q006,train,call,0.5,0.4,0.1,0.06,121,120,0,0,92,nan,nan,nan,0.008264462809917356,1.0,0.0,nan,stage4_boundary_diagnostic_only
premium_implied_boundary,call_T050_s040_r010_q010,train,call,0.5,0.4,0.1,0.1,121,120,0,0,0,nan,nan,nan,0.008264462809917356,1.0,0.0,nan,stage4_boundary_diagnostic_only
premium_implied_boundary,call_T050_s060_r001_q000,test,call,0.5,0.6,0.01,0.0,121,0,0,0,0,nan,nan,nan,1.0,nan,0.0,0.0,stage4_boundary_diagnostic_only
premium_implied_boundary,call_T050_s060_r001_q003,train,call,0.5,0.6,0.01,0.03,121,120,0,0,71,nan,nan,nan,0.008264462809917356,1.0,0.0,nan,stage4_boundary_diagnostic_only
premium_implied_boundary,call_T050_s060_r001_q006,train,call,0.5,0.6,0.01,0.06,121,120,0,0,43,nan,nan,nan,0.008264462809917356,1.0,0.0,nan,stage4_boundary_diagnostic_only
premium_implied_boundary,call_T050_s060_r001_q010,stress_holdout,call,0.5,0.6,0.01,0.1,121,120,0,0,0,nan,nan,nan,0.008264462809917356,1.0,0.0,nan,stage4_boundary_diagnostic_only
premium_implied_boundary,call_T050_s060_r005_q000,test,call,0.5,0.6,0.05,0.0,121,0,0,0,0,nan,nan,nan,1.0,nan,0.0,0.0,stage4_boundary_diagnostic_only
premium_implied_boundary,call_T050_s060_r005_q003,validation,call,0.5,0.6,0.05,0.03,121,120,0,0,108,nan,nan,nan,0.008264462809917356,1.0,0.0,nan,stage4_boundary_diagnostic_only
premium_implied_boundary,call_T050_s060_r005_q006,validation,call,0.5,0.6,0.05,0.06,121,120,0,0,67,nan,nan,nan,0.008264462809917356,1.0,0.0,nan,stage4_boundary_diagnostic_only
premium_implied_boundary,call_T050_s060_r005_q010,stress_holdout,call,0.5,0.6,0.05,0.1,121,120,0,0,28,nan,nan,nan,0.008264462809917356,1.0,0.0,nan,stage4_boundary_diagnostic_only
premium_implied_boundary,call_T050_s060_r010_q000,test,call,0.5,0.6,0.1,0.0,121,0,0,0,0,nan,nan,nan,1.0,nan,0.0,0.0,stage4_boundary_diagnostic_only
premium_implied_boundary,call_T050_s060_r010_q003,train,call,0.5,0.6,0.1,0.03,121,55,0,0,55,nan,nan,nan,0.5454545454545454,nan,0.0,nan,stage4_boundary_diagnostic_only
premium_implied_boundary,call_T050_s060_r010_q006,train,call,0.5,0.6,0.1,0.06,121,120,0,0,108,nan,nan,nan,0.008264462809917356,1.0,0.0,nan,stage4_boundary_diagnostic_only
premium_implied_boundary,call_T050_s060_r010_q010,stress_holdout,call,0.5,0.6,0.1,0.1,121,120,0,0,59,nan,nan,nan,0.008264462809917356,1.0,0.0,nan,stage4_boundary_diagnostic_only
premium_implied_boundary,call_T100_s020_r001_q000,test,call,1.0,0.2,0.01,0.0,121,0,0,0,0,nan,nan,nan,1.0,nan,0.0,0.0,stage4_boundary_diagnostic_only
premium_implied_boundary,call_T100_s020_r001_q003,train,call,1.0,0.2,0.01,0.03,121,120,0,0,0,nan,nan,nan,0.008264462809917356,1.0,0.0,nan,stage4_boundary_diagnostic_only
premium_implied_boundary,call_T100_s020_r001_q006,train,call,1.0,0.2,0.01,0.06,121,120,0,0,0,nan,nan,nan,0.008264462809917356,1.0,0.0,nan,stage4_boundary_diagnostic_only
premium_implied_boundary,call_T100_s020_r001_q010,train,call,1.0,0.2,0.01,0.1,121,120,0,0,0,nan,nan,nan,0.008264462809917356,1.0,0.0,nan,stage4_boundary_diagnostic_only
premium_implied_boundary,call_T100_s020_r005_q000,test,call,1.0,0.2,0.05,0.0,121,0,0,0,0,nan,nan,nan,1.0,nan,0.0,0.0,stage4_boundary_diagnostic_only
premium_implied_boundary,call_T100_s020_r005_q003,train,call,1.0,0.2,0.05,0.03,121,120,0,0,63,nan,nan,nan,0.008264462809917356,1.0,0.0,nan,stage4_boundary_diagnostic_only
premium_implied_boundary,call_T100_s020_r005_q006,train,call,1.0,0.2,0.05,0.06,121,120,0,0,0,nan,nan,nan,0.008264462809917356,1.0,0.0,nan,stage4_boundary_diagnostic_only
premium_implied_boundary,call_T100_s020_r005_q010,train,call,1.0,0.2,0.05,0.1,121,120,0,0,0,nan,nan,nan,0.008264462809917356,1.0,0.0,nan,stage4_boundary_diagnostic_only
premium_implied_boundary,call_T100_s020_r010_q000,test,call,1.0,0.2,0.1,0.0,121,0,0,0,0,nan,nan,nan,1.0,nan,0.0,0.0,stage4_boundary_diagnostic_only
premium_implied_boundary,call_T100_s020_r010_q003,train,call,1.0,0.2,0.1,0.03,121,120,0,0,120,nan,nan,nan,0.008264462809917356,nan,0.0,nan,stage4_boundary_diagnostic_only
premium_implied_boundary,call_T100_s020_r010_q006,train,call,1.0,0.2,0.1,0.06,121,120,0,0,58,nan,nan,nan,0.008264462809917356,1.0,0.0,nan,stage4_boundary_diagnostic_only
premium_implied_boundary,call_T100_s020_r010_q010,train,call,1.0,0.2,0.1,0.1,121,120,0,0,0,nan,nan,nan,0.008264462809917356,1.0,0.0,nan,stage4_boundary_diagnostic_only
premium_implied_boundary,call_T100_s040_r001_q000,test,call,1.0,0.4,0.01,0.0,121,0,0,0,0,nan,nan,nan,1.0,nan,0.0,0.0,stage4_boundary_diagnostic_only
premium_implied_boundary,call_T100_s040_r001_q003,train,call,1.0,0.4,0.01,0.03,121,120,0,0,34,nan,nan,nan,0.008264462809917356,1.0,0.0,nan,stage4_boundary_diagnostic_only
premium_implied_boundary,call_T100_s040_r001_q006,train,call,1.0,0.4,0.01,0.06,121,120,0,0,0,nan,nan,nan,0.008264462809917356,1.0,0.0,nan,stage4_boundary_diagnostic_only
premium_implied_boundary,call_T100_s040_r001_q010,train,call,1.0,0.4,0.01,0.1,121,120,0,0,0,nan,nan,nan,0.008264462809917356,1.0,0.0,nan,stage4_boundary_diagnostic_only
premium_implied_boundary,call_T100_s040_r005_q000,test,call,1.0,0.4,0.05,0.0,121,0,0,0,0,nan,nan,nan,1.0,nan,0.0,0.0,stage4_boundary_diagnostic_only
premium_implied_boundary,call_T100_s040_r005_q003,train,call,1.0,0.4,0.05,0.03,121,120,0,0,106,nan,nan,nan,0.008264462809917356,1.0,0.0,nan,stage4_boundary_diagnostic_only
premium_implied_boundary,call_T100_s040_r005_q006,train,call,1.0,0.4,0.05,0.06,121,120,0,0,22,nan,nan,nan,0.008264462809917356,1.0,0.0,nan,stage4_boundary_diagnostic_only
premium_implied_boundary,call_T100_s040_r005_q010,train,call,1.0,0.4,0.05,0.1,121,120,0,0,0,nan,nan,nan,0.008264462809917356,1.0,0.0,nan,stage4_boundary_diagnostic_only
premium_implied_boundary,call_T100_s040_r010_q000,test,call,1.0,0.4,0.1,0.0,121,0,0,0,0,nan,nan,nan,1.0,nan,0.0,0.0,stage4_boundary_diagnostic_only
premium_implied_boundary,call_T100_s040_r010_q003,train,call,1.0,0.4,0.1,0.03,121,67,0,0,67,nan,nan,nan,0.4462809917355372,nan,0.0,nan,stage4_boundary_diagnostic_only
premium_implied_boundary,call_T100_s040_r010_q006,train,call,1.0,0.4,0.1,0.06,121,120,0,0,106,nan,nan,nan,0.008264462809917356,1.0,0.0,nan,stage4_boundary_diagnostic_only
premium_implied_boundary,call_T100_s040_r010_q010,train,call,1.0,0.4,0.1,0.1,121,120,0,0,0,nan,nan,nan,0.008264462809917356,1.0,0.0,nan,stage4_boundary_diagnostic_only
premium_implied_boundary,call_T100_s060_r001_q000,test,call,1.0,0.6,0.01,0.0,121,0,0,0,0,nan,nan,nan,1.0,nan,0.0,0.0,stage4_boundary_diagnostic_only
premium_implied_boundary,call_T100_s060_r001_q003,train,call,1.0,0.6,0.01,0.03,121,120,0,0,96,nan,nan,nan,0.008264462809917356,1.0,0.0,nan,stage4_boundary_diagnostic_only
premium_implied_boundary,call_T100_s060_r001_q006,train,call,1.0,0.6,0.01,0.06,121,120,0,0,82,nan,nan,nan,0.008264462809917356,1.0,0.0,nan,stage4_boundary_diagnostic_only
premium_implied_boundary,call_T100_s060_r001_q010,stress_holdout,call,1.0,0.6,0.01,0.1,121,120,0,0,58,nan,nan,nan,0.008264462809917356,1.0,0.0,nan,stage4_boundary_diagnostic_only
premium_implied_boundary,call_T100_s060_r005_q000,test,call,1.0,0.6,0.05,0.0,121,0,0,0,0,nan,nan,nan,1.0,nan,0.0,0.0,stage4_boundary_diagnostic_only
premium_implied_boundary,call_T100_s060_r005_q003,train,call,1.0,0.6,0.05,0.03,121,120,0,0,114,nan,nan,nan,0.008264462809917356,1.0,0.0,nan,stage4_boundary_diagnostic_only
premium_implied_boundary,call_T100_s060_r005_q006,train,call,1.0,0.6,0.05,0.06,121,120,0,0,93,nan,nan,nan,0.008264462809917356,1.0,0.0,nan,stage4_boundary_diagnostic_only
premium_implied_boundary,call_T100_s060_r005_q010,stress_holdout,call,1.0,0.6,0.05,0.1,121,120,0,0,74,nan,nan,nan,0.008264462809917356,1.0,0.0,nan,stage4_boundary_diagnostic_only
premium_implied_boundary,call_T100_s060_r010_q000,test,call,1.0,0.6,0.1,0.0,121,0,0,0,0,nan,nan,nan,1.0,nan,0.0,0.0,stage4_boundary_diagnostic_only
premium_implied_boundary,call_T100_s060_r010_q003,train,call,1.0,0.6,0.1,0.03,121,28,0,0,28,nan,nan,nan,0.768595041322314,nan,0.0,nan,stage4_boundary_diagnostic_only
premium_implied_boundary,call_T100_s060_r010_q006,train,call,1.0,0.6,0.1,0.06,121,120,0,0,114,nan,nan,nan,0.008264462809917356,1.0,0.0,nan,stage4_boundary_diagnostic_only
premium_implied_boundary,call_T100_s060_r010_q010,stress_holdout,call,1.0,0.6,0.1,0.1,121,120,0,0,90,nan,nan,nan,0.008264462809917356,1.0,0.0,nan,stage4_boundary_diagnostic_only
premium_implied_boundary,call_T200_s020_r001_q000,test,call,2.0,0.2,0.01,0.0,121,0,0,0,0,nan,nan,nan,1.0,nan,0.0,0.0,stage4_boundary_diagnostic_only
premium_implied_boundary,call_T200_s020_r001_q003,train,call,2.0,0.2,0.01,0.03,121,120,0,0,0,nan,nan,nan,0.008264462809917356,1.0,0.0,nan,stage4_boundary_diagnostic_only
premium_implied_boundary,call_T200_s020_r001_q006,train,call,2.0,0.2,0.01,0.06,121,120,0,0,0,nan,nan,nan,0.008264462809917356,1.0,0.0,nan,stage4_boundary_diagnostic_only
premium_implied_boundary,call_T200_s020_r001_q010,train,call,2.0,0.2,0.01,0.1,121,120,0,0,0,nan,nan,nan,0.008264462809917356,1.0,0.0,nan,stage4_boundary_diagnostic_only
premium_implied_boundary,call_T200_s020_r005_q000,test,call,2.0,0.2,0.05,0.0,121,0,0,0,0,nan,nan,nan,1.0,nan,0.0,0.0,stage4_boundary_diagnostic_only
premium_implied_boundary,call_T200_s020_r005_q003,train,call,2.0,0.2,0.05,0.03,121,120,0,0,91,nan,nan,nan,0.008264462809917356,1.0,0.0,nan,stage4_boundary_diagnostic_only
premium_implied_boundary,call_T200_s020_r005_q006,train,call,2.0,0.2,0.05,0.06,121,120,0,0,0,nan,nan,nan,0.008264462809917356,1.0,0.0,nan,stage4_boundary_diagnostic_only
premium_implied_boundary,call_T200_s020_r005_q010,train,call,2.0,0.2,0.05,0.1,121,120,0,0,0,nan,nan,nan,0.008264462809917356,1.0,0.0,nan,stage4_boundary_diagnostic_only
premium_implied_boundary,call_T200_s020_r010_q000,test,call,2.0,0.2,0.1,0.0,121,0,0,0,0,nan,nan,nan,1.0,nan,0.0,0.0,stage4_boundary_diagnostic_only
premium_implied_boundary,call_T200_s020_r010_q003,train,call,2.0,0.2,0.1,0.03,121,120,0,0,120,nan,nan,nan,0.008264462809917356,nan,0.0,nan,stage4_boundary_diagnostic_only
premium_implied_boundary,call_T200_s020_r010_q006,train,call,2.0,0.2,0.1,0.06,121,120,0,0,89,nan,nan,nan,0.008264462809917356,1.0,0.0,nan,stage4_boundary_diagnostic_only
premium_implied_boundary,call_T200_s020_r010_q010,train,call,2.0,0.2,0.1,0.1,121,120,0,0,0,nan,nan,nan,0.008264462809917356,1.0,0.0,nan,stage4_boundary_diagnostic_only
premium_implied_boundary,call_T200_s040_r001_q000,test,call,2.0,0.4,0.01,0.0,121,0,0,0,0,nan,nan,nan,1.0,nan,0.0,0.0,stage4_boundary_diagnostic_only
premium_implied_boundary,call_T200_s040_r001_q003,train,call,2.0,0.4,0.01,0.03,121,120,0,0,77,nan,nan,nan,0.008264462809917356,1.0,0.0,nan,stage4_boundary_diagnostic_only
premium_implied_boundary,call_T200_s040_r001_q006,train,call,2.0,0.4,0.01,0.06,121,120,0,0,23,nan,nan,nan,0.008264462809917356,1.0,0.0,nan,stage4_boundary_diagnostic_only
premium_implied_boundary,call_T200_s040_r001_q010,train,call,2.0,0.4,0.01,0.1,121,120,0,0,0,nan,nan,nan,0.008264462809917356,1.0,0.0,nan,stage4_boundary_diagnostic_only
premium_implied_boundary,call_T200_s040_r005_q000,test,call,2.0,0.4,0.05,0.0,121,0,0,0,0,nan,nan,nan,1.0,nan,0.0,0.0,stage4_boundary_diagnostic_only
premium_implied_boundary,call_T200_s040_r005_q003,train,call,2.0,0.4,0.05,0.03,121,120,0,0,113,nan,nan,nan,0.008264462809917356,1.0,0.0,nan,stage4_boundary_diagnostic_only
premium_implied_boundary,call_T200_s040_r005_q006,train,call,2.0,0.4,0.05,0.06,121,120,0,0,71,nan,nan,nan,0.008264462809917356,1.0,0.0,nan,stage4_boundary_diagnostic_only
premium_implied_boundary,call_T200_s040_r005_q010,train,call,2.0,0.4,0.05,0.1,121,120,0,0,0,nan,nan,nan,0.008264462809917356,1.0,0.0,nan,stage4_boundary_diagnostic_only
premium_implied_boundary,call_T200_s040_r010_q000,test,call,2.0,0.4,0.1,0.0,121,0,0,0,0,nan,nan,nan,1.0,nan,0.0,0.0,stage4_boundary_diagnostic_only
premium_implied_boundary,call_T200_s040_r010_q003,test,call,2.0,0.4,0.1,0.03,121,33,0,0,33,nan,nan,nan,0.7272727272727273,nan,0.0,nan,stage4_boundary_diagnostic_only
premium_implied_boundary,call_T200_s040_r010_q006,test,call,2.0,0.4,0.1,0.06,121,120,0,0,113,nan,nan,nan,0.008264462809917356,1.0,0.0,nan,stage4_boundary_diagnostic_only
premium_implied_boundary,call_T200_s040_r010_q010,test,call,2.0,0.4,0.1,0.1,121,120,0,0,58,nan,nan,nan,0.008264462809917356,1.0,0.0,nan,stage4_boundary_diagnostic_only
premium_implied_boundary,call_T200_s060_r001_q000,test,call,2.0,0.6,0.01,0.0,121,0,0,0,0,nan,nan,nan,1.0,nan,0.0,0.0,stage4_boundary_diagnostic_only
premium_implied_boundary,call_T200_s060_r001_q003,train,call,2.0,0.6,0.01,0.03,121,120,0,0,108,nan,nan,nan,0.008264462809917356,1.0,0.0,nan,stage4_boundary_diagnostic_only
premium_implied_boundary,call_T200_s060_r001_q006,train,call,2.0,0.6,0.01,0.06,121,120,0,0,101,nan,nan,nan,0.008264462809917356,1.0,0.0,nan,stage4_boundary_diagnostic_only
premium_implied_boundary,call_T200_s060_r001_q010,stress_holdout,call,2.0,0.6,0.01,0.1,121,120,0,0,89,nan,nan,nan,0.008264462809917356,1.0,0.0,nan,stage4_boundary_diagnostic_only
premium_implied_boundary,call_T200_s060_r005_q000,test,call,2.0,0.6,0.05,0.0,121,0,0,0,0,nan,nan,nan,1.0,nan,0.0,0.0,stage4_boundary_diagnostic_only
premium_implied_boundary,call_T200_s060_r005_q003,train,call,2.0,0.6,0.05,0.03,121,87,0,0,84,nan,nan,nan,0.2809917355371901,1.0,0.0,nan,stage4_boundary_diagnostic_only
premium_implied_boundary,call_T200_s060_r005_q006,train,call,2.0,0.6,0.05,0.06,121,120,0,0,107,nan,nan,nan,0.008264462809917356,1.0,0.0,nan,stage4_boundary_diagnostic_only
premium_implied_boundary,call_T200_s060_r005_q010,stress_holdout,call,2.0,0.6,0.05,0.1,121,120,0,0,97,nan,nan,nan,0.008264462809917356,1.0,0.0,nan,stage4_boundary_diagnostic_only
premium_implied_boundary,call_T200_s060_r010_q000,test,call,2.0,0.6,0.1,0.0,121,0,0,0,0,nan,nan,nan,1.0,nan,0.0,0.0,stage4_boundary_diagnostic_only
premium_implied_boundary,call_T200_s060_r010_q003,train,call,2.0,0.6,0.1,0.03,121,14,0,0,14,nan,nan,nan,0.8842975206611571,nan,0.0,nan,stage4_boundary_diagnostic_only
premium_implied_boundary,call_T200_s060_r010_q006,train,call,2.0,0.6,0.1,0.06,121,120,0,0,117,nan,nan,nan,0.008264462809917356,1.0,0.0,nan,stage4_boundary_diagnostic_only
premium_implied_boundary,call_T200_s060_r010_q010,stress_holdout,call,2.0,0.6,0.1,0.1,121,120,0,0,105,nan,nan,nan,0.008264462809917356,1.0,0.0,nan,stage4_boundary_diagnostic_only
premium_implied_boundary,put_T025_s020_r001_q000,train,put,0.25,0.2,0.01,0.0,121,120,0,0,0,nan,nan,nan,0.008264462809917356,1.0,0.0,nan,stage4_boundary_diagnostic_only
premium_implied_boundary,put_T025_s020_r001_q003,train,put,0.25,0.2,0.01,0.03,121,120,0,0,120,nan,nan,nan,0.008264462809917356,nan,0.0,nan,stage4_boundary_diagnostic_only
premium_implied_boundary,put_T025_s020_r001_q006,train,put,0.25,0.2,0.01,0.06,121,120,0,0,120,nan,nan,nan,0.008264462809917356,nan,0.0,nan,stage4_boundary_diagnostic_only
premium_implied_boundary,put_T025_s020_r001_q010,train,put,0.25,0.2,0.01,0.1,121,120,0,0,120,nan,nan,nan,0.008264462809917356,nan,0.0,nan,stage4_boundary_diagnostic_only
premium_implied_boundary,put_T025_s020_r005_q000,train,put,0.25,0.2,0.05,0.0,121,120,0,0,0,nan,nan,nan,0.008264462809917356,1.0,0.0,nan,stage4_boundary_diagnostic_only
premium_implied_boundary,put_T025_s020_r005_q003,train,put,0.25,0.2,0.05,0.03,121,120,0,0,0,nan,nan,nan,0.008264462809917356,1.0,0.0,nan,stage4_boundary_diagnostic_only
premium_implied_boundary,put_T025_s020_r005_q006,train,put,0.25,0.2,0.05,0.06,121,120,0,0,0,nan,nan,nan,0.008264462809917356,1.0,0.0,nan,stage4_boundary_diagnostic_only
premium_implied_boundary,put_T025_s020_r005_q010,train,put,0.25,0.2,0.05,0.1,121,120,0,0,0,nan,nan,nan,0.008264462809917356,1.0,0.0,nan,stage4_boundary_diagnostic_only
premium_implied_boundary,put_T025_s020_r010_q000,train,put,0.25,0.2,0.1,0.0,121,120,0,0,0,nan,nan,nan,0.008264462809917356,1.0,0.0,nan,stage4_boundary_diagnostic_only
premium_implied_boundary,put_T025_s020_r010_q003,train,put,0.25,0.2,0.1,0.03,121,120,0,0,0,nan,nan,nan,0.008264462809917356,1.0,0.0,nan,stage4_boundary_diagnostic_only
premium_implied_boundary,put_T025_s020_r010_q006,train,put,0.25,0.2,0.1,0.06,121,120,0,0,0,nan,nan,nan,0.008264462809917356,1.0,0.0,nan,stage4_boundary_diagnostic_only
premium_implied_boundary,put_T025_s020_r010_q010,train,put,0.25,0.2,0.1,0.1,121,120,0,0,0,nan,nan,nan,0.008264462809917356,1.0,0.0,nan,stage4_boundary_diagnostic_only
premium_implied_boundary,put_T025_s040_r001_q000,train,put,0.25,0.4,0.01,0.0,121,120,0,0,0,nan,nan,nan,0.008264462809917356,1.0,0.0,nan,stage4_boundary_diagnostic_only
premium_implied_boundary,put_T025_s040_r001_q003,train,put,0.25,0.4,0.01,0.03,121,120,0,0,120,nan,nan,nan,0.008264462809917356,nan,0.0,nan,stage4_boundary_diagnostic_only
premium_implied_boundary,put_T025_s040_r001_q006,train,put,0.25,0.4,0.01,0.06,121,120,0,0,120,nan,nan,nan,0.008264462809917356,nan,0.0,nan,stage4_boundary_diagnostic_only
premium_implied_boundary,put_T025_s040_r001_q010,train,put,0.25,0.4,0.01,0.1,121,120,0,0,120,nan,nan,nan,0.008264462809917356,nan,0.0,nan,stage4_boundary_diagnostic_only
premium_implied_boundary,put_T025_s040_r005_q000,train,put,0.25,0.4,0.05,0.0,121,120,0,0,0,nan,nan,nan,0.008264462809917356,1.0,0.0,nan,stage4_boundary_diagnostic_only
premium_implied_boundary,put_T025_s040_r005_q003,train,put,0.25,0.4,0.05,0.03,121,120,0,0,0,nan,nan,nan,0.008264462809917356,1.0,0.0,nan,stage4_boundary_diagnostic_only
premium_implied_boundary,put_T025_s040_r005_q006,train,put,0.25,0.4,0.05,0.06,121,120,0,0,0,nan,nan,nan,0.008264462809917356,1.0,0.0,nan,stage4_boundary_diagnostic_only
premium_implied_boundary,put_T025_s040_r005_q010,train,put,0.25,0.4,0.05,0.1,121,120,0,0,0,nan,nan,nan,0.008264462809917356,1.0,0.0,nan,stage4_boundary_diagnostic_only
premium_implied_boundary,put_T025_s040_r010_q000,train,put,0.25,0.4,0.1,0.0,121,120,0,0,0,nan,nan,nan,0.008264462809917356,1.0,0.0,nan,stage4_boundary_diagnostic_only
premium_implied_boundary,put_T025_s040_r010_q003,train,put,0.25,0.4,0.1,0.03,121,120,0,0,0,nan,nan,nan,0.008264462809917356,1.0,0.0,nan,stage4_boundary_diagnostic_only
premium_implied_boundary,put_T025_s040_r010_q006,train,put,0.25,0.4,0.1,0.06,121,120,0,0,0,nan,nan,nan,0.008264462809917356,1.0,0.0,nan,stage4_boundary_diagnostic_only
premium_implied_boundary,put_T025_s040_r010_q010,train,put,0.25,0.4,0.1,0.1,121,120,0,0,0,nan,nan,nan,0.008264462809917356,1.0,0.0,nan,stage4_boundary_diagnostic_only
premium_implied_boundary,put_T025_s060_r001_q000,train,put,0.25,0.6,0.01,0.0,121,120,0,0,0,nan,nan,nan,0.008264462809917356,1.0,0.0,nan,stage4_boundary_diagnostic_only
premium_implied_boundary,put_T025_s060_r001_q003,train,put,0.25,0.6,0.01,0.03,121,120,0,0,120,nan,nan,nan,0.008264462809917356,nan,0.0,nan,stage4_boundary_diagnostic_only
premium_implied_boundary,put_T025_s060_r001_q006,train,put,0.25,0.6,0.01,0.06,121,120,0,0,120,nan,nan,nan,0.008264462809917356,nan,0.0,nan,stage4_boundary_diagnostic_only
premium_implied_boundary,put_T025_s060_r001_q010,stress_holdout,put,0.25,0.6,0.01,0.1,121,120,0,0,120,nan,nan,nan,0.008264462809917356,nan,0.0,nan,stage4_boundary_diagnostic_only
premium_implied_boundary,put_T025_s060_r005_q000,train,put,0.25,0.6,0.05,0.0,121,120,0,0,0,nan,nan,nan,0.008264462809917356,1.0,0.0,nan,stage4_boundary_diagnostic_only
premium_implied_boundary,put_T025_s060_r005_q003,train,put,0.25,0.6,0.05,0.03,121,120,0,0,0,nan,nan,nan,0.008264462809917356,1.0,0.0,nan,stage4_boundary_diagnostic_only
premium_implied_boundary,put_T025_s060_r005_q006,train,put,0.25,0.6,0.05,0.06,121,120,0,0,0,nan,nan,nan,0.008264462809917356,1.0,0.0,nan,stage4_boundary_diagnostic_only
premium_implied_boundary,put_T025_s060_r005_q010,stress_holdout,put,0.25,0.6,0.05,0.1,121,120,0,0,0,nan,nan,nan,0.008264462809917356,1.0,0.0,nan,stage4_boundary_diagnostic_only
premium_implied_boundary,put_T025_s060_r010_q000,train,put,0.25,0.6,0.1,0.0,121,120,0,0,0,nan,nan,nan,0.008264462809917356,1.0,0.0,nan,stage4_boundary_diagnostic_only
premium_implied_boundary,put_T025_s060_r010_q003,train,put,0.25,0.6,0.1,0.03,121,120,0,0,0,nan,nan,nan,0.008264462809917356,1.0,0.0,nan,stage4_boundary_diagnostic_only
premium_implied_boundary,put_T025_s060_r010_q006,train,put,0.25,0.6,0.1,0.06,121,120,0,0,0,nan,nan,nan,0.008264462809917356,1.0,0.0,nan,stage4_boundary_diagnostic_only
premium_implied_boundary,put_T025_s060_r010_q010,stress_holdout,put,0.25,0.6,0.1,0.1,121,120,0,0,0,nan,nan,nan,0.008264462809917356,1.0,0.0,nan,stage4_boundary_diagnostic_only
premium_implied_boundary,put_T050_s020_r001_q000,train,put,0.5,0.2,0.01,0.0,121,120,0,0,0,nan,nan,nan,0.008264462809917356,1.0,0.0,nan,stage4_boundary_diagnostic_only
premium_implied_boundary,put_T050_s020_r001_q003,train,put,0.5,0.2,0.01,0.03,121,120,0,0,120,nan,nan,nan,0.008264462809917356,nan,0.0,nan,stage4_boundary_diagnostic_only
premium_implied_boundary,put_T050_s020_r001_q006,train,put,0.5,0.2,0.01,0.06,121,120,0,0,120,nan,nan,nan,0.008264462809917356,nan,0.0,nan,stage4_boundary_diagnostic_only
premium_implied_boundary,put_T050_s020_r001_q010,train,put,0.5,0.2,0.01,0.1,121,120,0,0,120,nan,nan,nan,0.008264462809917356,nan,0.0,nan,stage4_boundary_diagnostic_only
premium_implied_boundary,put_T050_s020_r005_q000,validation,put,0.5,0.2,0.05,0.0,121,120,0,0,0,nan,nan,nan,0.008264462809917356,1.0,0.0,nan,stage4_boundary_diagnostic_only
premium_implied_boundary,put_T050_s020_r005_q003,validation,put,0.5,0.2,0.05,0.03,121,120,0,0,0,nan,nan,nan,0.008264462809917356,1.0,0.0,nan,stage4_boundary_diagnostic_only
premium_implied_boundary,put_T050_s020_r005_q006,validation,put,0.5,0.2,0.05,0.06,121,120,0,0,0,nan,nan,nan,0.008264462809917356,1.0,0.0,nan,stage4_boundary_diagnostic_only
premium_implied_boundary,put_T050_s020_r005_q010,validation,put,0.5,0.2,0.05,0.1,121,120,0,0,0,nan,nan,nan,0.008264462809917356,1.0,0.0,nan,stage4_boundary_diagnostic_only
premium_implied_boundary,put_T050_s020_r010_q000,train,put,0.5,0.2,0.1,0.0,121,120,0,0,0,nan,nan,nan,0.008264462809917356,1.0,0.0,nan,stage4_boundary_diagnostic_only
premium_implied_boundary,put_T050_s020_r010_q003,train,put,0.5,0.2,0.1,0.03,121,120,0,0,0,nan,nan,nan,0.008264462809917356,1.0,0.0,nan,stage4_boundary_diagnostic_only
premium_implied_boundary,put_T050_s020_r010_q006,train,put,0.5,0.2,0.1,0.06,121,120,0,0,0,nan,nan,nan,0.008264462809917356,1.0,0.0,nan,stage4_boundary_diagnostic_only
premium_implied_boundary,put_T050_s020_r010_q010,train,put,0.5,0.2,0.1,0.1,121,120,0,0,0,nan,nan,nan,0.008264462809917356,1.0,0.0,nan,stage4_boundary_diagnostic_only
premium_implied_boundary,put_T050_s040_r001_q000,train,put,0.5,0.4,0.01,0.0,121,120,0,0,0,nan,nan,nan,0.008264462809917356,1.0,0.0,nan,stage4_boundary_diagnostic_only
premium_implied_boundary,put_T050_s040_r001_q003,train,put,0.5,0.4,0.01,0.03,121,120,0,0,120,nan,nan,nan,0.008264462809917356,nan,0.0,nan,stage4_boundary_diagnostic_only
premium_implied_boundary,put_T050_s040_r001_q006,train,put,0.5,0.4,0.01,0.06,121,120,0,0,120,nan,nan,nan,0.008264462809917356,nan,0.0,nan,stage4_boundary_diagnostic_only
premium_implied_boundary,put_T050_s040_r001_q010,train,put,0.5,0.4,0.01,0.1,121,120,0,0,120,nan,nan,nan,0.008264462809917356,nan,0.0,nan,stage4_boundary_diagnostic_only
premium_implied_boundary,put_T050_s040_r005_q000,validation,put,0.5,0.4,0.05,0.0,121,120,0,0,0,nan,nan,nan,0.008264462809917356,1.0,0.0,nan,stage4_boundary_diagnostic_only
premium_implied_boundary,put_T050_s040_r005_q003,validation,put,0.5,0.4,0.05,0.03,121,120,0,0,0,nan,nan,nan,0.008264462809917356,1.0,0.0,nan,stage4_boundary_diagnostic_only
premium_implied_boundary,put_T050_s040_r005_q006,validation,put,0.5,0.4,0.05,0.06,121,120,0,0,0,nan,nan,nan,0.008264462809917356,1.0,0.0,nan,stage4_boundary_diagnostic_only
premium_implied_boundary,put_T050_s040_r005_q010,validation,put,0.5,0.4,0.05,0.1,121,120,0,0,0,nan,nan,nan,0.008264462809917356,1.0,0.0,nan,stage4_boundary_diagnostic_only
premium_implied_boundary,put_T050_s040_r010_q000,train,put,0.5,0.4,0.1,0.0,121,120,0,0,0,nan,nan,nan,0.008264462809917356,1.0,0.0,nan,stage4_boundary_diagnostic_only
premium_implied_boundary,put_T050_s040_r010_q003,train,put,0.5,0.4,0.1,0.03,121,120,0,0,0,nan,nan,nan,0.008264462809917356,1.0,0.0,nan,stage4_boundary_diagnostic_only
premium_implied_boundary,put_T050_s040_r010_q006,train,put,0.5,0.4,0.1,0.06,121,120,0,0,0,nan,nan,nan,0.008264462809917356,1.0,0.0,nan,stage4_boundary_diagnostic_only
premium_implied_boundary,put_T050_s040_r010_q010,train,put,0.5,0.4,0.1,0.1,121,120,0,0,0,nan,nan,nan,0.008264462809917356,1.0,0.0,nan,stage4_boundary_diagnostic_only
premium_implied_boundary,put_T050_s060_r001_q000,train,put,0.5,0.6,0.01,0.0,121,120,0,0,10,nan,nan,nan,0.008264462809917356,1.0,0.0,nan,stage4_boundary_diagnostic_only
premium_implied_boundary,put_T050_s060_r001_q003,train,put,0.5,0.6,0.01,0.03,121,120,0,0,120,nan,nan,nan,0.008264462809917356,nan,0.0,nan,stage4_boundary_diagnostic_only
premium_implied_boundary,put_T050_s060_r001_q006,train,put,0.5,0.6,0.01,0.06,121,120,0,0,120,nan,nan,nan,0.008264462809917356,nan,0.0,nan,stage4_boundary_diagnostic_only
premium_implied_boundary,put_T050_s060_r001_q010,stress_holdout,put,0.5,0.6,0.01,0.1,121,120,0,0,120,nan,nan,nan,0.008264462809917356,nan,0.0,nan,stage4_boundary_diagnostic_only
premium_implied_boundary,put_T050_s060_r005_q000,validation,put,0.5,0.6,0.05,0.0,121,120,0,0,0,nan,nan,nan,0.008264462809917356,1.0,0.0,nan,stage4_boundary_diagnostic_only
premium_implied_boundary,put_T050_s060_r005_q003,validation,put,0.5,0.6,0.05,0.03,121,120,0,0,0,nan,nan,nan,0.008264462809917356,1.0,0.0,nan,stage4_boundary_diagnostic_only
premium_implied_boundary,put_T050_s060_r005_q006,validation,put,0.5,0.6,0.05,0.06,121,120,0,0,0,nan,nan,nan,0.008264462809917356,1.0,0.0,nan,stage4_boundary_diagnostic_only
premium_implied_boundary,put_T050_s060_r005_q010,stress_holdout,put,0.5,0.6,0.05,0.1,121,120,0,0,45,nan,nan,nan,0.008264462809917356,1.0,0.0,nan,stage4_boundary_diagnostic_only
premium_implied_boundary,put_T050_s060_r010_q000,train,put,0.5,0.6,0.1,0.0,121,120,0,0,0,nan,nan,nan,0.008264462809917356,1.0,0.0,nan,stage4_boundary_diagnostic_only
premium_implied_boundary,put_T050_s060_r010_q003,train,put,0.5,0.6,0.1,0.03,121,120,0,0,0,nan,nan,nan,0.008264462809917356,1.0,0.0,nan,stage4_boundary_diagnostic_only
premium_implied_boundary,put_T050_s060_r010_q006,train,put,0.5,0.6,0.1,0.06,121,120,0,0,0,nan,nan,nan,0.008264462809917356,1.0,0.0,nan,stage4_boundary_diagnostic_only
premium_implied_boundary,put_T050_s060_r010_q010,stress_holdout,put,0.5,0.6,0.1,0.1,121,120,0,0,0,nan,nan,nan,0.008264462809917356,1.0,0.0,nan,stage4_boundary_diagnostic_only
premium_implied_boundary,put_T100_s020_r001_q000,train,put,1.0,0.2,0.01,0.0,121,120,0,0,0,nan,nan,nan,0.008264462809917356,1.0,0.0,nan,stage4_boundary_diagnostic_only
premium_implied_boundary,put_T100_s020_r001_q003,train,put,1.0,0.2,0.01,0.03,121,120,0,0,120,nan,nan,nan,0.008264462809917356,nan,0.0,nan,stage4_boundary_diagnostic_only
premium_implied_boundary,put_T100_s020_r001_q006,train,put,1.0,0.2,0.01,0.06,121,120,0,0,120,nan,nan,nan,0.008264462809917356,nan,0.0,nan,stage4_boundary_diagnostic_only
premium_implied_boundary,put_T100_s020_r001_q010,train,put,1.0,0.2,0.01,0.1,121,120,0,0,120,nan,nan,nan,0.008264462809917356,nan,0.0,nan,stage4_boundary_diagnostic_only
premium_implied_boundary,put_T100_s020_r005_q000,train,put,1.0,0.2,0.05,0.0,121,120,0,0,0,nan,nan,nan,0.008264462809917356,1.0,0.0,nan,stage4_boundary_diagnostic_only
premium_implied_boundary,put_T100_s020_r005_q003,train,put,1.0,0.2,0.05,0.03,121,120,0,0,0,nan,nan,nan,0.008264462809917356,1.0,0.0,nan,stage4_boundary_diagnostic_only
premium_implied_boundary,put_T100_s020_r005_q006,train,put,1.0,0.2,0.05,0.06,121,120,0,0,0,nan,nan,nan,0.008264462809917356,1.0,0.0,nan,stage4_boundary_diagnostic_only
premium_implied_boundary,put_T100_s020_r005_q010,train,put,1.0,0.2,0.05,0.1,121,120,0,0,0,nan,nan,nan,0.008264462809917356,1.0,0.0,nan,stage4_boundary_diagnostic_only
premium_implied_boundary,put_T100_s020_r010_q000,train,put,1.0,0.2,0.1,0.0,121,120,0,0,0,nan,nan,nan,0.008264462809917356,1.0,0.0,nan,stage4_boundary_diagnostic_only
premium_implied_boundary,put_T100_s020_r010_q003,train,put,1.0,0.2,0.1,0.03,121,120,0,0,0,nan,nan,nan,0.008264462809917356,1.0,0.0,nan,stage4_boundary_diagnostic_only
premium_implied_boundary,put_T100_s020_r010_q006,train,put,1.0,0.2,0.1,0.06,121,120,0,0,0,nan,nan,nan,0.008264462809917356,1.0,0.0,nan,stage4_boundary_diagnostic_only
premium_implied_boundary,put_T100_s020_r010_q010,train,put,1.0,0.2,0.1,0.1,121,120,0,0,0,nan,nan,nan,0.008264462809917356,1.0,0.0,nan,stage4_boundary_diagnostic_only
premium_implied_boundary,put_T100_s040_r001_q000,train,put,1.0,0.4,0.01,0.0,121,120,0,0,0,nan,nan,nan,0.008264462809917356,1.0,0.0,nan,stage4_boundary_diagnostic_only
premium_implied_boundary,put_T100_s040_r001_q003,train,put,1.0,0.4,0.01,0.03,121,120,0,0,120,nan,nan,nan,0.008264462809917356,nan,0.0,nan,stage4_boundary_diagnostic_only
premium_implied_boundary,put_T100_s040_r001_q006,train,put,1.0,0.4,0.01,0.06,121,120,0,0,120,nan,nan,nan,0.008264462809917356,nan,0.0,nan,stage4_boundary_diagnostic_only
premium_implied_boundary,put_T100_s040_r001_q010,train,put,1.0,0.4,0.01,0.1,121,120,0,0,120,nan,nan,nan,0.008264462809917356,nan,0.0,nan,stage4_boundary_diagnostic_only
premium_implied_boundary,put_T100_s040_r005_q000,train,put,1.0,0.4,0.05,0.0,121,120,0,0,0,nan,nan,nan,0.008264462809917356,1.0,0.0,nan,stage4_boundary_diagnostic_only
premium_implied_boundary,put_T100_s040_r005_q003,train,put,1.0,0.4,0.05,0.03,121,120,0,0,0,nan,nan,nan,0.008264462809917356,1.0,0.0,nan,stage4_boundary_diagnostic_only
premium_implied_boundary,put_T100_s040_r005_q006,train,put,1.0,0.4,0.05,0.06,121,120,0,0,0,nan,nan,nan,0.008264462809917356,1.0,0.0,nan,stage4_boundary_diagnostic_only
premium_implied_boundary,put_T100_s040_r005_q010,train,put,1.0,0.4,0.05,0.1,121,120,0,0,15,nan,nan,nan,0.008264462809917356,1.0,0.0,nan,stage4_boundary_diagnostic_only
premium_implied_boundary,put_T100_s040_r010_q000,train,put,1.0,0.4,0.1,0.0,121,120,0,0,0,nan,nan,nan,0.008264462809917356,1.0,0.0,nan,stage4_boundary_diagnostic_only
premium_implied_boundary,put_T100_s040_r010_q003,train,put,1.0,0.4,0.1,0.03,121,120,0,0,0,nan,nan,nan,0.008264462809917356,1.0,0.0,nan,stage4_boundary_diagnostic_only
premium_implied_boundary,put_T100_s040_r010_q006,train,put,1.0,0.4,0.1,0.06,121,120,0,0,0,nan,nan,nan,0.008264462809917356,1.0,0.0,nan,stage4_boundary_diagnostic_only
premium_implied_boundary,put_T100_s040_r010_q010,train,put,1.0,0.4,0.1,0.1,121,120,0,0,0,nan,nan,nan,0.008264462809917356,1.0,0.0,nan,stage4_boundary_diagnostic_only
premium_implied_boundary,put_T100_s060_r001_q000,train,put,1.0,0.6,0.01,0.0,121,120,0,0,65,nan,nan,nan,0.008264462809917356,1.0,0.0,nan,stage4_boundary_diagnostic_only
premium_implied_boundary,put_T100_s060_r001_q003,train,put,1.0,0.6,0.01,0.03,121,120,0,0,120,nan,nan,nan,0.008264462809917356,nan,0.0,nan,stage4_boundary_diagnostic_only
premium_implied_boundary,put_T100_s060_r001_q006,train,put,1.0,0.6,0.01,0.06,121,120,0,0,120,nan,nan,nan,0.008264462809917356,nan,0.0,nan,stage4_boundary_diagnostic_only
premium_implied_boundary,put_T100_s060_r001_q010,stress_holdout,put,1.0,0.6,0.01,0.1,121,120,0,0,120,nan,nan,nan,0.008264462809917356,nan,0.0,nan,stage4_boundary_diagnostic_only
premium_implied_boundary,put_T100_s060_r005_q000,train,put,1.0,0.6,0.05,0.0,121,120,0,0,0,nan,nan,nan,0.008264462809917356,1.0,0.0,nan,stage4_boundary_diagnostic_only
premium_implied_boundary,put_T100_s060_r005_q003,train,put,1.0,0.6,0.05,0.03,121,120,0,0,6,nan,nan,nan,0.008264462809917356,1.0,0.0,nan,stage4_boundary_diagnostic_only
premium_implied_boundary,put_T100_s060_r005_q006,train,put,1.0,0.6,0.05,0.06,121,120,0,0,40,nan,nan,nan,0.008264462809917356,1.0,0.0,nan,stage4_boundary_diagnostic_only
premium_implied_boundary,put_T100_s060_r005_q010,stress_holdout,put,1.0,0.6,0.05,0.1,121,120,0,0,83,nan,nan,nan,0.008264462809917356,1.0,0.0,nan,stage4_boundary_diagnostic_only
premium_implied_boundary,put_T100_s060_r010_q000,train,put,1.0,0.6,0.1,0.0,121,120,0,0,0,nan,nan,nan,0.008264462809917356,1.0,0.0,nan,stage4_boundary_diagnostic_only
premium_implied_boundary,put_T100_s060_r010_q003,train,put,1.0,0.6,0.1,0.03,121,120,0,0,0,nan,nan,nan,0.008264462809917356,1.0,0.0,nan,stage4_boundary_diagnostic_only
premium_implied_boundary,put_T100_s060_r010_q006,train,put,1.0,0.6,0.1,0.06,121,120,0,0,0,nan,nan,nan,0.008264462809917356,1.0,0.0,nan,stage4_boundary_diagnostic_only
premium_implied_boundary,put_T100_s060_r010_q010,stress_holdout,put,1.0,0.6,0.1,0.1,121,120,0,0,0,nan,nan,nan,0.008264462809917356,1.0,0.0,nan,stage4_boundary_diagnostic_only
premium_implied_boundary,put_T200_s020_r001_q000,train,put,2.0,0.2,0.01,0.0,121,120,0,0,0,nan,nan,nan,0.008264462809917356,1.0,0.0,nan,stage4_boundary_diagnostic_only
premium_implied_boundary,put_T200_s020_r001_q003,train,put,2.0,0.2,0.01,0.03,121,120,0,0,120,nan,nan,nan,0.008264462809917356,nan,0.0,nan,stage4_boundary_diagnostic_only
premium_implied_boundary,put_T200_s020_r001_q006,train,put,2.0,0.2,0.01,0.06,121,120,0,0,120,nan,nan,nan,0.008264462809917356,nan,0.0,nan,stage4_boundary_diagnostic_only
premium_implied_boundary,put_T200_s020_r001_q010,train,put,2.0,0.2,0.01,0.1,121,120,0,0,120,nan,nan,nan,0.008264462809917356,nan,0.0,nan,stage4_boundary_diagnostic_only
premium_implied_boundary,put_T200_s020_r005_q000,train,put,2.0,0.2,0.05,0.0,121,120,0,0,0,nan,nan,nan,0.008264462809917356,1.0,0.0,nan,stage4_boundary_diagnostic_only
premium_implied_boundary,put_T200_s020_r005_q003,train,put,2.0,0.2,0.05,0.03,121,120,0,0,0,nan,nan,nan,0.008264462809917356,1.0,0.0,nan,stage4_boundary_diagnostic_only
premium_implied_boundary,put_T200_s020_r005_q006,train,put,2.0,0.2,0.05,0.06,121,120,0,0,0,nan,nan,nan,0.008264462809917356,1.0,0.0,nan,stage4_boundary_diagnostic_only
premium_implied_boundary,put_T200_s020_r005_q010,train,put,2.0,0.2,0.05,0.1,121,120,0,0,0,nan,nan,nan,0.008264462809917356,1.0,0.0,nan,stage4_boundary_diagnostic_only
premium_implied_boundary,put_T200_s020_r010_q000,train,put,2.0,0.2,0.1,0.0,121,120,0,0,0,nan,nan,nan,0.008264462809917356,1.0,0.0,nan,stage4_boundary_diagnostic_only
premium_implied_boundary,put_T200_s020_r010_q003,train,put,2.0,0.2,0.1,0.03,121,120,0,0,0,nan,nan,nan,0.008264462809917356,1.0,0.0,nan,stage4_boundary_diagnostic_only
premium_implied_boundary,put_T200_s020_r010_q006,train,put,2.0,0.2,0.1,0.06,121,120,0,0,0,nan,nan,nan,0.008264462809917356,1.0,0.0,nan,stage4_boundary_diagnostic_only
premium_implied_boundary,put_T200_s020_r010_q010,train,put,2.0,0.2,0.1,0.1,121,120,0,0,0,nan,nan,nan,0.008264462809917356,1.0,0.0,nan,stage4_boundary_diagnostic_only
premium_implied_boundary,put_T200_s040_r001_q000,train,put,2.0,0.4,0.01,0.0,121,120,0,0,27,nan,nan,nan,0.008264462809917356,1.0,0.0,nan,stage4_boundary_diagnostic_only
premium_implied_boundary,put_T200_s040_r001_q003,train,put,2.0,0.4,0.01,0.03,121,120,0,0,120,nan,nan,nan,0.008264462809917356,nan,0.0,nan,stage4_boundary_diagnostic_only
premium_implied_boundary,put_T200_s040_r001_q006,train,put,2.0,0.4,0.01,0.06,121,120,0,0,120,nan,nan,nan,0.008264462809917356,nan,0.0,nan,stage4_boundary_diagnostic_only
premium_implied_boundary,put_T200_s040_r001_q010,train,put,2.0,0.4,0.01,0.1,121,120,0,0,120,nan,nan,nan,0.008264462809917356,nan,0.0,nan,stage4_boundary_diagnostic_only
premium_implied_boundary,put_T200_s040_r005_q000,train,put,2.0,0.4,0.05,0.0,121,120,0,0,0,nan,nan,nan,0.008264462809917356,1.0,0.0,nan,stage4_boundary_diagnostic_only
premium_implied_boundary,put_T200_s040_r005_q003,train,put,2.0,0.4,0.05,0.03,121,120,0,0,0,nan,nan,nan,0.008264462809917356,1.0,0.0,nan,stage4_boundary_diagnostic_only
premium_implied_boundary,put_T200_s040_r005_q006,train,put,2.0,0.4,0.05,0.06,121,120,0,0,0,nan,nan,nan,0.008264462809917356,1.0,0.0,nan,stage4_boundary_diagnostic_only
premium_implied_boundary,put_T200_s040_r005_q010,train,put,2.0,0.4,0.05,0.1,121,120,0,0,68,nan,nan,nan,0.008264462809917356,1.0,0.0,nan,stage4_boundary_diagnostic_only
premium_implied_boundary,put_T200_s040_r010_q000,test,put,2.0,0.4,0.1,0.0,121,120,0,0,0,nan,nan,nan,0.008264462809917356,1.0,0.0,nan,stage4_boundary_diagnostic_only
premium_implied_boundary,put_T200_s040_r010_q003,test,put,2.0,0.4,0.1,0.03,121,120,0,0,0,nan,nan,nan,0.008264462809917356,1.0,0.0,nan,stage4_boundary_diagnostic_only
premium_implied_boundary,put_T200_s040_r010_q006,test,put,2.0,0.4,0.1,0.06,121,120,0,0,0,nan,nan,nan,0.008264462809917356,1.0,0.0,nan,stage4_boundary_diagnostic_only
premium_implied_boundary,put_T200_s040_r010_q010,test,put,2.0,0.4,0.1,0.1,121,120,0,0,0,nan,nan,nan,0.008264462809917356,1.0,0.0,nan,stage4_boundary_diagnostic_only
premium_implied_boundary,put_T200_s060_r001_q000,train,put,2.0,0.6,0.01,0.0,121,120,0,0,92,nan,nan,nan,0.008264462809917356,1.0,0.0,nan,stage4_boundary_diagnostic_only
premium_implied_boundary,put_T200_s060_r001_q003,train,put,2.0,0.6,0.01,0.03,121,120,0,0,120,nan,nan,nan,0.008264462809917356,nan,0.0,nan,stage4_boundary_diagnostic_only
premium_implied_boundary,put_T200_s060_r001_q006,train,put,2.0,0.6,0.01,0.06,121,120,0,0,120,nan,nan,nan,0.008264462809917356,nan,0.0,nan,stage4_boundary_diagnostic_only
premium_implied_boundary,put_T200_s060_r001_q010,stress_holdout,put,2.0,0.6,0.01,0.1,121,120,0,0,120,nan,nan,nan,0.008264462809917356,nan,0.0,nan,stage4_boundary_diagnostic_only
premium_implied_boundary,put_T200_s060_r005_q000,train,put,2.0,0.6,0.05,0.0,121,120,0,0,41,nan,nan,nan,0.008264462809917356,1.0,0.0,nan,stage4_boundary_diagnostic_only
premium_implied_boundary,put_T200_s060_r005_q003,train,put,2.0,0.6,0.05,0.03,121,120,0,0,63,nan,nan,nan,0.008264462809917356,1.0,0.0,nan,stage4_boundary_diagnostic_only
premium_implied_boundary,put_T200_s060_r005_q006,train,put,2.0,0.6,0.05,0.06,121,120,0,0,80,nan,nan,nan,0.008264462809917356,1.0,0.0,nan,stage4_boundary_diagnostic_only
premium_implied_boundary,put_T200_s060_r005_q010,stress_holdout,put,2.0,0.6,0.05,0.1,121,120,0,0,101,nan,nan,nan,0.008264462809917356,1.0,0.0,nan,stage4_boundary_diagnostic_only
premium_implied_boundary,put_T200_s060_r010_q000,train,put,2.0,0.6,0.1,0.0,121,120,0,0,0,nan,nan,nan,0.008264462809917356,1.0,0.0,nan,stage4_boundary_diagnostic_only
premium_implied_boundary,put_T200_s060_r010_q003,train,put,2.0,0.6,0.1,0.03,121,120,0,0,0,nan,nan,nan,0.008264462809917356,1.0,0.0,nan,stage4_boundary_diagnostic_only
premium_implied_boundary,put_T200_s060_r010_q006,train,put,2.0,0.6,0.1,0.06,121,120,0,0,0,nan,nan,nan,0.008264462809917356,1.0,0.0,nan,stage4_boundary_diagnostic_only
premium_implied_boundary,put_T200_s060_r010_q010,stress_holdout,put,2.0,0.6,0.1,0.1,121,120,0,0,37,nan,nan,nan,0.008264462809917356,1.0,0.0,nan,stage4_boundary_diagnostic_only
direct_boundary_head,call_T025_s020_r001_q000,test,call,0.25,0.2,0.01,0.0,121,0,0,0,0,nan,nan,nan,1.0,nan,0.0,0.0,stage4_boundary_diagnostic_only
direct_boundary_head,call_T025_s020_r001_q003,train,call,0.25,0.2,0.01,0.03,121,120,120,120,0,0.03403424791777116,0.03648120216400731,0.06444895230005798,1.0,0.0,0.0,nan,stage4_boundary_diagnostic_only
direct_boundary_head,call_T025_s020_r001_q006,train,call,0.25,0.2,0.01,0.06,121,120,120,120,0,0.01702638285938725,0.020608753143351276,0.06127291528123846,1.0,0.0,0.0,nan,stage4_boundary_diagnostic_only
direct_boundary_head,call_T025_s020_r001_q010,train,call,0.25,0.2,0.01,0.1,121,120,120,120,0,0.015090180616996095,0.019281151127153312,0.05432355945122702,1.0,0.0,0.0,nan,stage4_boundary_diagnostic_only
direct_boundary_head,call_T025_s020_r005_q000,test,call,0.25,0.2,0.05,0.0,121,0,0,0,0,nan,nan,nan,1.0,nan,0.0,0.0,stage4_boundary_diagnostic_only
direct_boundary_head,call_T025_s020_r005_q003,train,call,0.25,0.2,0.05,0.03,121,120,120,120,0,0.02157413577971917,0.024386841354333222,0.0448667255923354,1.0,0.0,0.0,nan,stage4_boundary_diagnostic_only
direct_boundary_head,call_T025_s020_r005_q006,train,call,0.25,0.2,0.05,0.06,121,120,120,120,0,0.033363433159206264,0.035224633436163826,0.056367518685392914,1.0,0.0,0.0,nan,stage4_boundary_diagnostic_only
direct_boundary_head,call_T025_s020_r005_q010,train,call,0.25,0.2,0.05,0.1,121,120,120,120,0,0.0076605947687120625,0.008723236176626799,0.022122013275308827,1.0,0.0,0.0,nan,stage4_boundary_diagnostic_only
direct_boundary_head,call_T025_s020_r010_q000,test,call,0.25,0.2,0.1,0.0,121,0,0,0,0,nan,nan,nan,1.0,nan,0.0,0.0,stage4_boundary_diagnostic_only
direct_boundary_head,call_T025_s020_r010_q003,train,call,0.25,0.2,0.1,0.03,121,120,120,0,120,nan,nan,nan,1.0,nan,0.0,nan,stage4_boundary_diagnostic_only
direct_boundary_head,call_T025_s020_r010_q006,train,call,0.25,0.2,0.1,0.06,121,120,120,120,0,0.029771253377490085,0.03217688908266025,0.06274185542720834,1.0,0.0,0.0,nan,stage4_boundary_diagnostic_only
direct_boundary_head,call_T025_s020_r010_q010,train,call,0.25,0.2,0.1,0.1,121,120,120,120,0,0.043347361530145255,0.0455983234204045,0.07357254004940916,1.0,0.0,0.0,nan,stage4_boundary_diagnostic_only
direct_boundary_head,call_T025_s040_r001_q000,test,call,0.25,0.4,0.01,0.0,121,0,0,0,0,nan,nan,nan,1.0,nan,0.0,0.0,stage4_boundary_diagnostic_only
direct_boundary_head,call_T025_s040_r001_q003,train,call,0.25,0.4,0.01,0.03,121,120,120,120,0,0.016780521095522416,0.02269783467652695,0.09093327251768768,1.0,0.0,0.0,nan,stage4_boundary_diagnostic_only
direct_boundary_head,call_T025_s040_r001_q006,train,call,0.25,0.4,0.01,0.06,121,120,120,120,0,0.019644938705126257,0.022870279024082337,0.03926005965348778,1.0,0.0,0.0,nan,stage4_boundary_diagnostic_only
direct_boundary_head,call_T025_s040_r001_q010,train,call,0.25,0.4,0.01,0.1,121,120,120,120,0,0.008448475461569247,0.010263795747482242,0.030826213459315133,1.0,0.0,0.0,nan,stage4_boundary_diagnostic_only
direct_boundary_head,call_T025_s040_r005_q000,test,call,0.25,0.4,0.05,0.0,121,0,0,0,0,nan,nan,nan,1.0,nan,0.0,0.0,stage4_boundary_diagnostic_only
direct_boundary_head,call_T025_s040_r005_q003,train,call,0.25,0.4,0.05,0.03,121,120,120,56,64,0.00874662714074999,0.011127306312134053,0.029864941968792857,1.0,0.0,0.0,nan,stage4_boundary_diagnostic_only
direct_boundary_head,call_T025_s040_r005_q006,train,call,0.25,0.4,0.05,0.06,121,120,120,120,0,0.030964453781262682,0.036613084584836544,0.1239936882972148,1.0,0.0,0.0,nan,stage4_boundary_diagnostic_only
direct_boundary_head,call_T025_s040_r005_q010,train,call,0.25,0.4,0.05,0.1,121,120,120,120,0,0.013085665761370036,0.016790864131121762,0.05248523916589454,1.0,0.0,0.0,nan,stage4_boundary_diagnostic_only
direct_boundary_head,call_T025_s040_r010_q000,test,call,0.25,0.4,0.1,0.0,121,0,0,0,0,nan,nan,nan,1.0,nan,0.0,0.0,stage4_boundary_diagnostic_only
direct_boundary_head,call_T025_s040_r010_q003,train,call,0.25,0.4,0.1,0.03,121,120,120,0,120,nan,nan,nan,1.0,nan,0.0,nan,stage4_boundary_diagnostic_only
direct_boundary_head,call_T025_s040_r010_q006,train,call,0.25,0.4,0.1,0.06,121,120,120,56,64,0.027029888400725708,0.02981777069340823,0.047681862564097344,1.0,0.0,0.0,nan,stage4_boundary_diagnostic_only
direct_boundary_head,call_T025_s040_r010_q010,train,call,0.25,0.4,0.1,0.1,121,120,120,120,0,0.022616132187579244,0.030066783873288143,0.10052366822839764,1.0,0.0,0.0,nan,stage4_boundary_diagnostic_only
direct_boundary_head,call_T025_s060_r001_q000,test,call,0.25,0.6,0.01,0.0,121,0,0,0,0,nan,nan,nan,1.0,nan,0.0,0.0,stage4_boundary_diagnostic_only
direct_boundary_head,call_T025_s060_r001_q003,train,call,0.25,0.6,0.01,0.03,121,120,120,98,22,0.03964477886365078,0.05052329496578387,0.15946112342480423,1.0,0.0,0.0,nan,stage4_boundary_diagnostic_only
direct_boundary_head,call_T025_s060_r001_q006,train,call,0.25,0.6,0.01,0.06,121,120,120,120,0,0.06764781490432578,0.07160103784402198,0.1516627827022483,1.0,0.0,0.0,nan,stage4_boundary_diagnostic_only
direct_boundary_head,call_T025_s060_r001_q010,stress_holdout,call,0.25,0.6,0.01,0.1,121,120,120,120,0,0.13015495808449154,0.13165068414913517,0.19650802335051432,1.0,0.0,0.0,nan,stage4_boundary_diagnostic_only
direct_boundary_head,call_T025_s060_r005_q000,test,call,0.25,0.6,0.05,0.0,121,0,0,0,0,nan,nan,nan,1.0,nan,0.0,0.0,stage4_boundary_diagnostic_only
direct_boundary_head,call_T025_s060_r005_q003,train,call,0.25,0.6,0.05,0.03,121,120,120,25,95,0.01522880884704275,0.017699607100496048,0.030156800564536734,1.0,0.0,0.0,nan,stage4_boundary_diagnostic_only
direct_boundary_head,call_T025_s060_r005_q006,train,call,0.25,0.6,0.05,0.06,121,120,120,106,14,0.044144236716180375,0.06694632449583139,0.2215156585849467,1.0,0.0,0.0,nan,stage4_boundary_diagnostic_only
direct_boundary_head,call_T025_s060_r005_q010,stress_holdout,call,0.25,0.6,0.05,0.1,121,120,120,120,0,0.08480983614255513,0.09024352047132865,0.180221878818283,1.0,0.0,0.0,nan,stage4_boundary_diagnostic_only
direct_boundary_head,call_T025_s060_r010_q000,test,call,0.25,0.6,0.1,0.0,121,0,0,0,0,nan,nan,nan,1.0,nan,0.0,0.0,stage4_boundary_diagnostic_only
direct_boundary_head,call_T025_s060_r010_q003,train,call,0.25,0.6,0.1,0.03,121,111,111,0,111,nan,nan,nan,1.0,nan,0.0,nan,stage4_boundary_diagnostic_only
direct_boundary_head,call_T025_s060_r010_q006,train,call,0.25,0.6,0.1,0.06,121,120,120,24,96,0.024845293523699175,0.027626401508650287,0.04566277102866101,1.0,0.0,0.0,nan,stage4_boundary_diagnostic_only
direct_boundary_head,call_T025_s060_r010_q010,stress_holdout,call,0.25,0.6,0.1,0.1,121,120,120,120,0,0.11145724408296705,0.12704797345524957,0.2824378906819587,1.0,0.0,0.0,nan,stage4_boundary_diagnostic_only
direct_boundary_head,call_T050_s020_r001_q000,test,call,0.5,0.2,0.01,0.0,121,0,0,0,0,nan,nan,nan,1.0,nan,0.0,0.0,stage4_boundary_diagnostic_only
direct_boundary_head,call_T050_s020_r001_q003,train,call,0.5,0.2,0.01,0.03,121,120,120,120,0,0.03545466854673723,0.03833003069226661,0.06536114794719916,1.0,0.0,0.0,nan,stage4_boundary_diagnostic_only
direct_boundary_head,call_T050_s020_r001_q006,train,call,0.5,0.2,0.01,0.06,121,120,120,120,0,0.013860700673877147,0.018032922442045064,0.05992139346726044,1.0,0.0,0.0,nan,stage4_boundary_diagnostic_only
direct_boundary_head,call_T050_s020_r001_q010,train,call,0.5,0.2,0.01,0.1,121,120,120,120,0,0.011755828083043283,0.015757724610482682,0.06162092584591039,1.0,0.0,0.0,nan,stage4_boundary_diagnostic_only
direct_boundary_head,call_T050_s020_r005_q000,test,call,0.5,0.2,0.05,0.0,121,0,0,0,0,nan,nan,nan,1.0,nan,0.0,0.0,stage4_boundary_diagnostic_only
direct_boundary_head,call_T050_s020_r005_q003,validation,call,0.5,0.2,0.05,0.03,121,120,120,115,5,0.028082220986980596,0.035167946017381255,0.0635085138765572,1.0,0.0,0.0,nan,stage4_boundary_diagnostic_only
direct_boundary_head,call_T050_s020_r005_q006,validation,call,0.5,0.2,0.05,0.06,121,120,120,120,0,0.047141191045720274,0.04911933407900681,0.08500438465479321,1.0,0.0,0.0,nan,stage4_boundary_diagnostic_only
direct_boundary_head,call_T050_s020_r005_q010,validation,call,0.5,0.2,0.05,0.1,121,120,120,120,0,0.008446218712694263,0.010740820767293798,0.03673467385551854,1.0,0.0,0.0,nan,stage4_boundary_diagnostic_only
direct_boundary_head,call_T050_s020_r010_q000,test,call,0.5,0.2,0.1,0.0,121,0,0,0,0,nan,nan,nan,1.0,nan,0.0,0.0,stage4_boundary_diagnostic_only
direct_boundary_head,call_T050_s020_r010_q003,train,call,0.5,0.2,0.1,0.03,121,120,120,0,120,nan,nan,nan,1.0,nan,0.0,nan,stage4_boundary_diagnostic_only
direct_boundary_head,call_T050_s020_r010_q006,train,call,0.5,0.2,0.1,0.06,121,120,120,120,0,0.01353078989314106,0.019581618615598227,0.07204915576350945,1.0,0.0,0.0,nan,stage4_boundary_diagnostic_only
direct_boundary_head,call_T050_s020_r010_q010,train,call,0.5,0.2,0.1,0.1,121,120,120,120,0,0.021825641969905923,0.027697264925885114,0.06678823921376398,1.0,0.0,0.0,nan,stage4_boundary_diagnostic_only
direct_boundary_head,call_T050_s040_r001_q000,test,call,0.5,0.4,0.01,0.0,121,0,0,0,0,nan,nan,nan,1.0,nan,0.0,0.0,stage4_boundary_diagnostic_only
direct_boundary_head,call_T050_s040_r001_q003,train,call,0.5,0.4,0.01,0.03,121,120,120,120,0,0.0276892244026839,0.03386055685448541,0.07181475736701737,1.0,0.0,0.0,nan,stage4_boundary_diagnostic_only
direct_boundary_head,call_T050_s040_r001_q006,train,call,0.5,0.4,0.01,0.06,121,120,120,120,0,0.01933245287556362,0.02317262534009506,0.05126551180919625,1.0,0.0,0.0,nan,stage4_boundary_diagnostic_only
direct_boundary_head,call_T050_s040_r001_q010,train,call,0.5,0.4,0.01,0.1,121,120,120,120,0,0.010948545434930587,0.013551896593297892,0.028163830823587865,1.0,0.0,0.0,nan,stage4_boundary_diagnostic_only
direct_boundary_head,call_T050_s040_r005_q000,test,call,0.5,0.4,0.05,0.0,121,0,0,0,0,nan,nan,nan,1.0,nan,0.0,0.0,stage4_boundary_diagnostic_only
direct_boundary_head,call_T050_s040_r005_q003,validation,call,0.5,0.4,0.05,0.03,121,120,120,28,92,0.02549375351348745,0.028244701906305854,0.045805680074342936,1.0,0.0,0.0,nan,stage4_boundary_diagnostic_only
direct_boundary_head,call_T050_s040_r005_q006,validation,call,0.5,0.4,0.05,0.06,121,120,120,120,0,0.03143226713579198,0.034922523935722066,0.08278381299390825,1.0,0.0,0.0,nan,stage4_boundary_diagnostic_only
direct_boundary_head,call_T050_s040_r005_q010,validation,call,0.5,0.4,0.05,0.1,121,120,120,120,0,0.014276211222623934,0.01786927433676612,0.03981959041574901,1.0,0.0,0.0,nan,stage4_boundary_diagnostic_only
direct_boundary_head,call_T050_s040_r010_q000,test,call,0.5,0.4,0.1,0.0,121,0,0,0,0,nan,nan,nan,1.0,nan,0.0,0.0,stage4_boundary_diagnostic_only
direct_boundary_head,call_T050_s040_r010_q003,train,call,0.5,0.4,0.1,0.03,121,120,120,0,120,nan,nan,nan,1.0,nan,0.0,nan,stage4_boundary_diagnostic_only
direct_boundary_head,call_T050_s040_r010_q006,train,call,0.5,0.4,0.1,0.06,121,120,120,28,92,0.02479765268961433,0.029125028740344287,0.05699574928427964,1.0,0.0,0.0,nan,stage4_boundary_diagnostic_only
direct_boundary_head,call_T050_s040_r010_q010,train,call,0.5,0.4,0.1,0.1,121,120,120,120,0,0.024496827817777105,0.029403450695099437,0.09546396096562604,1.0,0.0,0.0,nan,stage4_boundary_diagnostic_only
direct_boundary_head,call_T050_s060_r001_q000,test,call,0.5,0.6,0.01,0.0,121,0,0,0,0,nan,nan,nan,1.0,nan,0.0,0.0,stage4_boundary_diagnostic_only
direct_boundary_head,call_T050_s060_r001_q003,train,call,0.5,0.6,0.01,0.03,121,120,120,49,71,0.05272623455162812,0.061161972376754664,0.12231865955914856,1.0,0.0,0.0,nan,stage4_boundary_diagnostic_only
direct_boundary_head,call_T050_s060_r001_q006,train,call,0.5,0.6,0.01,0.06,121,120,120,77,43,0.04650845303097213,0.054242464631379404,0.1464306387036518,1.0,0.0,0.0,nan,stage4_boundary_diagnostic_only
direct_boundary_head,call_T050_s060_r001_q010,stress_holdout,call,0.5,0.6,0.01,0.1,121,120,120,120,0,0.07233205361654334,0.07544243651642597,0.1477420044422013,1.0,0.0,0.0,nan,stage4_boundary_diagnostic_only
direct_boundary_head,call_T050_s060_r005_q000,test,call,0.5,0.6,0.05,0.0,121,0,0,0,0,nan,nan,nan,1.0,nan,0.0,0.0,stage4_boundary_diagnostic_only
direct_boundary_head,call_T050_s060_r005_q003,validation,call,0.5,0.6,0.05,0.03,121,120,120,12,108,0.033326550126913955,0.037853592095163056,0.061548013417360936,1.0,0.0,0.0,nan,stage4_boundary_diagnostic_only
direct_boundary_head,call_T050_s060_r005_q006,validation,call,0.5,0.6,0.05,0.06,121,120,120,53,67,0.07041537996619346,0.0798348636478598,0.18298293344937888,1.0,0.0,0.0,nan,stage4_boundary_diagnostic_only
direct_boundary_head,call_T050_s060_r005_q010,stress_holdout,call,0.5,0.6,0.05,0.1,121,120,120,92,28,0.08879127936033257,0.09154747835084043,0.17086526375669275,1.0,0.0,0.0,nan,stage4_boundary_diagnostic_only
direct_boundary_head,call_T050_s060_r010_q000,test,call,0.5,0.6,0.1,0.0,121,0,0,0,0,nan,nan,nan,1.0,nan,0.0,0.0,stage4_boundary_diagnostic_only
direct_boundary_head,call_T050_s060_r010_q003,train,call,0.5,0.6,0.1,0.03,121,55,55,0,55,nan,nan,nan,1.0,nan,0.0,nan,stage4_boundary_diagnostic_only
direct_boundary_head,call_T050_s060_r010_q006,train,call,0.5,0.6,0.1,0.06,121,120,120,12,108,0.023546432520961797,0.03082332220107076,0.06895789240719852,1.0,0.0,0.0,nan,stage4_boundary_diagnostic_only
direct_boundary_head,call_T050_s060_r010_q010,stress_holdout,call,0.5,0.6,0.1,0.1,121,120,120,61,59,0.1018774649113175,0.1166644951877632,0.25960178462484396,1.0,0.0,0.0,nan,stage4_boundary_diagnostic_only
direct_boundary_head,call_T100_s020_r001_q000,test,call,1.0,0.2,0.01,0.0,121,0,0,0,0,nan,nan,nan,1.0,nan,0.0,0.0,stage4_boundary_diagnostic_only
direct_boundary_head,call_T100_s020_r001_q003,train,call,1.0,0.2,0.01,0.03,121,120,120,120,0,0.018070624974307947,0.02276460431631493,0.05829977462802094,1.0,0.0,0.0,nan,stage4_boundary_diagnostic_only
direct_boundary_head,call_T100_s020_r001_q006,train,call,1.0,0.2,0.01,0.06,121,120,120,120,0,0.012038524677340094,0.0157361235603367,0.05295878891066308,1.0,0.0,0.0,nan,stage4_boundary_diagnostic_only
direct_boundary_head,call_T100_s020_r001_q010,train,call,1.0,0.2,0.01,0.1,121,120,120,120,0,0.011438159883476295,0.015001355428153866,0.06253021016428639,1.0,0.0,0.0,nan,stage4_boundary_diagnostic_only
direct_boundary_head,call_T100_s020_r005_q000,test,call,1.0,0.2,0.05,0.0,121,0,0,0,0,nan,nan,nan,1.0,nan,0.0,0.0,stage4_boundary_diagnostic_only
direct_boundary_head,call_T100_s020_r005_q003,train,call,1.0,0.2,0.05,0.03,121,120,120,57,63,0.015340040618527558,0.021551991191574537,0.06639545942725111,1.0,0.0,0.0,nan,stage4_boundary_diagnostic_only
direct_boundary_head,call_T100_s020_r005_q006,train,call,1.0,0.2,0.05,0.06,121,120,120,120,0,0.018804424793826338,0.02598277008317111,0.07087215331876151,1.0,0.0,0.0,nan,stage4_boundary_diagnostic_only
direct_boundary_head,call_T100_s020_r005_q010,train,call,1.0,0.2,0.05,0.1,121,120,120,120,0,0.01770439640052395,0.020602029555723732,0.038563708708299727,1.0,0.0,0.0,nan,stage4_boundary_diagnostic_only
direct_boundary_head,call_T100_s020_r010_q000,test,call,1.0,0.2,0.1,0.0,121,0,0,0,0,nan,nan,nan,1.0,nan,0.0,0.0,stage4_boundary_diagnostic_only
direct_boundary_head,call_T100_s020_r010_q003,train,call,1.0,0.2,0.1,0.03,121,120,120,0,120,nan,nan,nan,1.0,nan,0.0,nan,stage4_boundary_diagnostic_only
direct_boundary_head,call_T100_s020_r010_q006,train,call,1.0,0.2,0.1,0.06,121,120,120,62,58,0.021351326856847368,0.02314452367006233,0.037275414178699284,1.0,0.0,0.0,nan,stage4_boundary_diagnostic_only
direct_boundary_head,call_T100_s020_r010_q010,train,call,1.0,0.2,0.1,0.1,121,120,120,120,0,0.019030481488431825,0.025213347049331324,0.08264400072283196,1.0,0.0,0.0,nan,stage4_boundary_diagnostic_only
direct_boundary_head,call_T100_s040_r001_q000,test,call,1.0,0.4,0.01,0.0,121,0,0,0,0,nan,nan,nan,1.0,nan,0.0,0.0,stage4_boundary_diagnostic_only
direct_boundary_head,call_T100_s040_r001_q003,train,call,1.0,0.4,0.01,0.03,121,120,120,86,34,0.015486574705420258,0.021769696403385035,0.10109531314922937,1.0,0.0,0.0,nan,stage4_boundary_diagnostic_only
direct_boundary_head,call_T100_s040_r001_q006,train,call,1.0,0.4,0.01,0.06,121,120,120,120,0,0.025930299587929105,0.028999874943733423,0.052368138410296305,1.0,0.0,0.0,nan,stage4_boundary_diagnostic_only
direct_boundary_head,call_T100_s040_r001_q010,train,call,1.0,0.4,0.01,0.1,121,120,120,120,0,0.01760169029615092,0.02107946665799663,0.046492167475339574,1.0,0.0,0.0,nan,stage4_boundary_diagnostic_only
direct_boundary_head,call_T100_s040_r005_q000,test,call,1.0,0.4,0.05,0.0,121,0,0,0,0,nan,nan,nan,1.0,nan,0.0,0.0,stage4_boundary_diagnostic_only
direct_boundary_head,call_T100_s040_r005_q003,train,call,1.0,0.4,0.05,0.03,121,120,120,14,106,0.015624182086095981,0.020975216720314972,0.05555040222985452,1.0,0.0,0.0,nan,stage4_boundary_diagnostic_only
direct_boundary_head,call_T100_s040_r005_q006,train,call,1.0,0.4,0.05,0.06,121,120,120,98,22,0.018508210141714356,0.022887905052502457,0.07746741023910464,1.0,0.0,0.0,nan,stage4_boundary_diagnostic_only
direct_boundary_head,call_T100_s040_r005_q010,train,call,1.0,0.4,0.05,0.1,121,120,120,120,0,0.01696914971727716,0.020300703829701745,0.06065860857600769,1.0,0.0,0.0,nan,stage4_boundary_diagnostic_only
direct_boundary_head,call_T100_s040_r010_q000,test,call,1.0,0.4,0.1,0.0,121,0,0,0,0,nan,nan,nan,1.0,nan,0.0,0.0,stage4_boundary_diagnostic_only
direct_boundary_head,call_T100_s040_r010_q003,train,call,1.0,0.4,0.1,0.03,121,67,68,0,67,nan,nan,nan,0.9917355371900827,nan,0.018518518518518517,nan,stage4_boundary_diagnostic_only
direct_boundary_head,call_T100_s040_r010_q006,train,call,1.0,0.4,0.1,0.06,121,120,120,14,106,0.016124818590298493,0.01776256602237283,0.02677338455657119,1.0,0.0,0.0,nan,stage4_boundary_diagnostic_only
direct_boundary_head,call_T100_s040_r010_q010,train,call,1.0,0.4,0.1,0.1,121,120,120,120,0,0.04252383148717949,0.045911890402168046,0.07384294071798037,1.0,0.0,0.0,nan,stage4_boundary_diagnostic_only
direct_boundary_head,call_T100_s060_r001_q000,test,call,1.0,0.6,0.01,0.0,121,0,0,0,0,nan,nan,nan,1.0,nan,0.0,0.0,stage4_boundary_diagnostic_only
direct_boundary_head,call_T100_s060_r001_q003,train,call,1.0,0.6,0.01,0.03,121,120,120,24,96,0.04556763509664003,0.0592156474467733,0.17896216693258382,1.0,0.0,0.0,nan,stage4_boundary_diagnostic_only
direct_boundary_head,call_T100_s060_r001_q006,train,call,1.0,0.6,0.01,0.06,121,120,120,38,82,0.03733128063289811,0.04211126834235949,0.11942590352721871,1.0,0.0,0.0,nan,stage4_boundary_diagnostic_only
direct_boundary_head,call_T100_s060_r001_q010,stress_holdout,call,1.0,0.6,0.01,0.1,121,120,120,62,58,0.0779898486024128,0.09679080604973331,0.20049057969424644,1.0,0.0,0.0,nan,stage4_boundary_diagnostic_only
direct_boundary_head,call_T100_s060_r005_q000,test,call,1.0,0.6,0.05,0.0,121,0,0,0,0,nan,nan,nan,1.0,nan,0.0,0.0,stage4_boundary_diagnostic_only
direct_boundary_head,call_T100_s060_r005_q003,train,call,1.0,0.6,0.05,0.03,121,120,120,6,114,0.02075019869225181,0.02471677866122606,0.0417478068328736,1.0,0.0,0.0,nan,stage4_boundary_diagnostic_only
direct_boundary_head,call_T100_s060_r005_q006,train,call,1.0,0.6,0.05,0.06,121,120,120,27,93,0.04573086955502618,0.05434777108440437,0.12811598373057476,1.0,0.0,0.0,nan,stage4_boundary_diagnostic_only
direct_boundary_head,call_T100_s060_r005_q010,stress_holdout,call,1.0,0.6,0.05,0.1,121,120,120,46,74,0.04611881222508699,0.05999520390668175,0.1522416977814427,1.0,0.0,0.0,nan,stage4_boundary_diagnostic_only
direct_boundary_head,call_T100_s060_r010_q000,test,call,1.0,0.6,0.1,0.0,121,0,0,0,0,nan,nan,nan,1.0,nan,0.0,0.0,stage4_boundary_diagnostic_only
direct_boundary_head,call_T100_s060_r010_q003,train,call,1.0,0.6,0.1,0.03,121,28,27,0,28,nan,nan,nan,0.9917355371900827,nan,0.0,nan,stage4_boundary_diagnostic_only
direct_boundary_head,call_T100_s060_r010_q006,train,call,1.0,0.6,0.1,0.06,121,120,120,6,114,0.06332295619308144,0.06524999285492898,0.0904108518087583,1.0,0.0,0.0,nan,stage4_boundary_diagnostic_only
direct_boundary_head,call_T100_s060_r010_q010,stress_holdout,call,1.0,0.6,0.1,0.1,121,120,120,30,90,0.06837232719096,0.09195545244295024,0.2420348955620355,1.0,0.0,0.0,nan,stage4_boundary_diagnostic_only
direct_boundary_head,call_T200_s020_r001_q000,test,call,2.0,0.2,0.01,0.0,121,0,0,0,0,nan,nan,nan,1.0,nan,0.0,0.0,stage4_boundary_diagnostic_only
direct_boundary_head,call_T200_s020_r001_q003,train,call,2.0,0.2,0.01,0.03,121,120,120,120,0,0.022942839326690088,0.028256309017610365,0.07142802859210073,1.0,0.0,0.0,nan,stage4_boundary_diagnostic_only
direct_boundary_head,call_T200_s020_r001_q006,train,call,2.0,0.2,0.01,0.06,121,120,120,120,0,0.011981263352103004,0.014671504676155127,0.038497864691543704,1.0,0.0,0.0,nan,stage4_boundary_diagnostic_only
direct_boundary_head,call_T200_s020_r001_q010,train,call,2.0,0.2,0.01,0.1,121,120,120,120,0,0.012693163546071114,0.01532418889555972,0.040497371978072794,1.0,0.0,0.0,nan,stage4_boundary_diagnostic_only
direct_boundary_head,call_T200_s020_r005_q000,test,call,2.0,0.2,0.05,0.0,121,0,0,0,0,nan,nan,nan,1.0,nan,0.0,0.0,stage4_boundary_diagnostic_only
direct_boundary_head,call_T200_s020_r005_q003,train,call,2.0,0.2,0.05,0.03,121,120,120,29,91,0.022936235866604752,0.025619053355208442,0.04580893707041955,1.0,0.0,0.0,nan,stage4_boundary_diagnostic_only
direct_boundary_head,call_T200_s020_r005_q006,train,call,2.0,0.2,0.05,0.06,121,120,120,120,0,0.025146471525723947,0.0324379968309974,0.08053203630132266,1.0,0.0,0.0,nan,stage4_boundary_diagnostic_only
direct_boundary_head,call_T200_s020_r005_q010,train,call,2.0,0.2,0.05,0.1,121,120,120,120,0,0.016394476216190782,0.01926839095655732,0.039265865672839295,1.0,0.0,0.0,nan,stage4_boundary_diagnostic_only
direct_boundary_head,call_T200_s020_r010_q000,test,call,2.0,0.2,0.1,0.0,121,0,0,0,0,nan,nan,nan,1.0,nan,0.0,0.0,stage4_boundary_diagnostic_only
direct_boundary_head,call_T200_s020_r010_q003,train,call,2.0,0.2,0.1,0.03,121,120,120,0,120,nan,nan,nan,1.0,nan,0.0,nan,stage4_boundary_diagnostic_only
direct_boundary_head,call_T200_s020_r010_q006,train,call,2.0,0.2,0.1,0.06,121,120,120,31,89,0.012688984546219617,0.017027473904258666,0.04504463359307098,1.0,0.0,0.0,nan,stage4_boundary_diagnostic_only
direct_boundary_head,call_T200_s020_r010_q010,train,call,2.0,0.2,0.1,0.1,121,120,120,120,0,0.02556717278571729,0.029220763055042922,0.06485603120695971,1.0,0.0,0.0,nan,stage4_boundary_diagnostic_only
direct_boundary_head,call_T200_s040_r001_q000,test,call,2.0,0.4,0.01,0.0,121,0,0,0,0,nan,nan,nan,1.0,nan,0.0,0.0,stage4_boundary_diagnostic_only
direct_boundary_head,call_T200_s040_r001_q003,train,call,2.0,0.4,0.01,0.03,121,120,120,43,77,0.03427586055779519,0.046685274756070726,0.17604570212464554,1.0,0.0,0.0,nan,stage4_boundary_diagnostic_only
direct_boundary_head,call_T200_s040_r001_q006,train,call,2.0,0.4,0.01,0.06,121,120,120,97,23,0.04291487026714315,0.04711688095360181,0.08214790913039716,1.0,0.0,0.0,nan,stage4_boundary_diagnostic_only
direct_boundary_head,call_T200_s040_r001_q010,train,call,2.0,0.4,0.01,0.1,121,120,120,120,0,0.02224111145076647,0.02616640515620272,0.06003069267697736,1.0,0.0,0.0,nan,stage4_boundary_diagnostic_only
direct_boundary_head,call_T200_s040_r005_q000,test,call,2.0,0.4,0.05,0.0,121,0,0,0,0,nan,nan,nan,1.0,nan,0.0,0.0,stage4_boundary_diagnostic_only
direct_boundary_head,call_T200_s040_r005_q003,train,call,2.0,0.4,0.05,0.03,121,120,120,7,113,0.05592206638198828,0.058733286187465886,0.09039152746584223,1.0,0.0,0.0,nan,stage4_boundary_diagnostic_only
direct_boundary_head,call_T200_s040_r005_q006,train,call,2.0,0.4,0.05,0.06,121,120,120,49,71,0.035393570975083645,0.04071269925060094,0.10210283741884663,1.0,0.0,0.0,nan,stage4_boundary_diagnostic_only
direct_boundary_head,call_T200_s040_r005_q010,train,call,2.0,0.4,0.05,0.1,121,120,120,120,0,0.019974149599668402,0.025054650778963218,0.07586776381123217,1.0,0.0,0.0,nan,stage4_boundary_diagnostic_only
direct_boundary_head,call_T200_s040_r010_q000,test,call,2.0,0.4,0.1,0.0,121,0,0,0,0,nan,nan,nan,1.0,nan,0.0,0.0,stage4_boundary_diagnostic_only
direct_boundary_head,call_T200_s040_r010_q003,test,call,2.0,0.4,0.1,0.03,121,33,68,0,33,nan,nan,nan,0.7107438016528925,nan,0.3977272727272727,nan,stage4_boundary_diagnostic_only
direct_boundary_head,call_T200_s040_r010_q006,test,call,2.0,0.4,0.1,0.06,121,120,120,7,113,0.03572945861588476,0.039174445011734574,0.05428307705369462,1.0,0.0,0.0,nan,stage4_boundary_diagnostic_only
direct_boundary_head,call_T200_s040_r010_q010,test,call,2.0,0.4,0.1,0.1,121,120,120,62,58,0.07661928477261767,0.07922818754713049,0.10902313623965032,1.0,0.0,0.0,nan,stage4_boundary_diagnostic_only
direct_boundary_head,call_T200_s060_r001_q000,test,call,2.0,0.6,0.01,0.0,121,0,0,0,0,nan,nan,nan,1.0,nan,0.0,0.0,stage4_boundary_diagnostic_only
direct_boundary_head,call_T200_s060_r001_q003,train,call,2.0,0.6,0.01,0.03,121,120,120,12,108,0.1077812339766502,0.13735608263041266,0.2971486700183974,1.0,0.0,0.0,nan,stage4_boundary_diagnostic_only
direct_boundary_head,call_T200_s060_r001_q006,train,call,2.0,0.6,0.01,0.06,121,120,120,19,101,0.05215771726513318,0.0689500319189127,0.2005525809062647,1.0,0.0,0.0,nan,stage4_boundary_diagnostic_only
direct_boundary_head,call_T200_s060_r001_q010,stress_holdout,call,2.0,0.6,0.01,0.1,121,120,120,31,89,0.06960173129794742,0.08143588080316795,0.2187121531322409,1.0,0.0,0.0,nan,stage4_boundary_diagnostic_only
direct_boundary_head,call_T200_s060_r005_q000,test,call,2.0,0.6,0.05,0.0,121,0,0,0,0,nan,nan,nan,1.0,nan,0.0,0.0,stage4_boundary_diagnostic_only
direct_boundary_head,call_T200_s060_r005_q003,train,call,2.0,0.6,0.05,0.03,121,87,87,3,84,0.13311597100396014,0.1351597047173528,0.16466004347815355,1.0,0.0,0.0,nan,stage4_boundary_diagnostic_only
direct_boundary_head,call_T200_s060_r005_q006,train,call,2.0,0.6,0.05,0.06,121,120,120,13,107,0.07321000325036144,0.09584484492314821,0.24012989452293287,1.0,0.0,0.0,nan,stage4_boundary_diagnostic_only
direct_boundary_head,call_T200_s060_r005_q010,stress_holdout,call,2.0,0.6,0.05,0.1,121,120,120,23,97,0.047720239624536316,0.07179903352241024,0.21274447132480545,1.0,0.0,0.0,nan,stage4_boundary_diagnostic_only
direct_boundary_head,call_T200_s060_r010_q000,test,call,2.0,0.6,0.1,0.0,121,0,0,0,0,nan,nan,nan,1.0,nan,0.0,0.0,stage4_boundary_diagnostic_only
direct_boundary_head,call_T200_s060_r010_q003,train,call,2.0,0.6,0.1,0.03,121,14,14,0,14,nan,nan,nan,1.0,nan,0.0,nan,stage4_boundary_diagnostic_only
direct_boundary_head,call_T200_s060_r010_q006,train,call,2.0,0.6,0.1,0.06,121,120,120,3,117,0.15208123984235664,0.15386379755236917,0.18290008540572988,1.0,0.0,0.0,nan,stage4_boundary_diagnostic_only
direct_boundary_head,call_T200_s060_r010_q010,stress_holdout,call,2.0,0.6,0.1,0.1,121,120,120,15,105,0.09670030529718006,0.13075764900476464,0.311119999923438,1.0,0.0,0.0,nan,stage4_boundary_diagnostic_only
direct_boundary_head,put_T025_s020_r001_q000,train,put,0.25,0.2,0.01,0.0,121,120,120,120,0,0.07238850729297436,0.07374735470809468,0.12390381468209877,1.0,0.0,0.0,nan,stage4_boundary_diagnostic_only
direct_boundary_head,put_T025_s020_r001_q003,train,put,0.25,0.2,0.01,0.03,121,120,120,0,120,nan,nan,nan,1.0,nan,0.0,nan,stage4_boundary_diagnostic_only
direct_boundary_head,put_T025_s020_r001_q006,train,put,0.25,0.2,0.01,0.06,121,120,120,0,120,nan,nan,nan,1.0,nan,0.0,nan,stage4_boundary_diagnostic_only
direct_boundary_head,put_T025_s020_r001_q010,train,put,0.25,0.2,0.01,0.1,121,120,120,0,120,nan,nan,nan,1.0,nan,0.0,nan,stage4_boundary_diagnostic_only
direct_boundary_head,put_T025_s020_r005_q000,train,put,0.25,0.2,0.05,0.0,121,120,120,120,0,0.012961980670602146,0.017148221711673513,0.04631879055379806,1.0,0.0,0.0,nan,stage4_boundary_diagnostic_only
direct_boundary_head,put_T025_s020_r005_q003,train,put,0.25,0.2,0.05,0.03,121,120,120,120,0,0.02596473782820285,0.027897727146189027,0.05123303335832985,1.0,0.0,0.0,nan,stage4_boundary_diagnostic_only
direct_boundary_head,put_T025_s020_r005_q006,train,put,0.25,0.2,0.05,0.06,121,120,120,120,0,0.053910831008729725,0.05444451848796828,0.0716951965431647,1.0,0.0,0.0,nan,stage4_boundary_diagnostic_only
direct_boundary_head,put_T025_s020_r005_q010,train,put,0.25,0.2,0.05,0.1,121,120,120,120,0,0.0416579675412273,0.04402041198119876,0.07248666238277796,1.0,0.0,0.0,nan,stage4_boundary_diagnostic_only
direct_boundary_head,put_T025_s020_r010_q000,train,put,0.25,0.2,0.1,0.0,121,120,120,120,0,0.012351476756374461,0.014288804569541813,0.03269614448849034,1.0,0.0,0.0,nan,stage4_boundary_diagnostic_only
direct_boundary_head,put_T025_s020_r010_q003,train,put,0.25,0.2,0.1,0.03,121,120,120,120,0,0.011601368940087701,0.014343162979152287,0.02755093773085615,1.0,0.0,0.0,nan,stage4_boundary_diagnostic_only
direct_boundary_head,put_T025_s020_r010_q006,train,put,0.25,0.2,0.1,0.06,121,120,120,120,0,0.018132227399774825,0.020667419167177223,0.03997397661488544,1.0,0.0,0.0,nan,stage4_boundary_diagnostic_only
direct_boundary_head,put_T025_s020_r010_q010,train,put,0.25,0.2,0.1,0.1,121,120,120,120,0,0.033439961367836,0.03510148954535743,0.05756034053289005,1.0,0.0,0.0,nan,stage4_boundary_diagnostic_only
direct_boundary_head,put_T025_s040_r001_q000,train,put,0.25,0.4,0.01,0.0,121,120,120,120,0,0.03938731531389793,0.048299736296735396,0.1528075081612006,1.0,0.0,0.0,nan,stage4_boundary_diagnostic_only
direct_boundary_head,put_T025_s040_r001_q003,train,put,0.25,0.4,0.01,0.03,121,120,120,0,120,nan,nan,nan,1.0,nan,0.0,nan,stage4_boundary_diagnostic_only
direct_boundary_head,put_T025_s040_r001_q006,train,put,0.25,0.4,0.01,0.06,121,120,120,0,120,nan,nan,nan,1.0,nan,0.0,nan,stage4_boundary_diagnostic_only
direct_boundary_head,put_T025_s040_r001_q010,train,put,0.25,0.4,0.01,0.1,121,120,120,0,120,nan,nan,nan,1.0,nan,0.0,nan,stage4_boundary_diagnostic_only
direct_boundary_head,put_T025_s040_r005_q000,train,put,0.25,0.4,0.05,0.0,121,120,120,120,0,0.010637174784221094,0.012555358340692624,0.02501221620747396,1.0,0.0,0.0,nan,stage4_boundary_diagnostic_only
direct_boundary_head,put_T025_s040_r005_q003,train,put,0.25,0.4,0.05,0.03,121,120,120,120,0,0.020479932810968937,0.026996474712396246,0.09961541067599522,1.0,0.0,0.0,nan,stage4_boundary_diagnostic_only
direct_boundary_head,put_T025_s040_r005_q006,train,put,0.25,0.4,0.05,0.06,121,120,120,120,0,0.03926216300585796,0.046255155127371154,0.10873694581380078,1.0,0.0,0.0,nan,stage4_boundary_diagnostic_only
direct_boundary_head,put_T025_s040_r005_q010,train,put,0.25,0.4,0.05,0.1,121,120,120,120,0,0.01602137573305278,0.021994693370936062,0.05250003234799783,1.0,0.0,0.0,nan,stage4_boundary_diagnostic_only
direct_boundary_head,put_T025_s040_r010_q000,train,put,0.25,0.4,0.1,0.0,121,120,120,120,0,0.010263841540419347,0.011972612366502202,0.025976687690236644,1.0,0.0,0.0,nan,stage4_boundary_diagnostic_only
direct_boundary_head,put_T025_s040_r010_q003,train,put,0.25,0.4,0.1,0.03,121,120,120,120,0,0.009938270885999401,0.011304675616493134,0.018424894189242425,1.0,0.0,0.0,nan,stage4_boundary_diagnostic_only
direct_boundary_head,put_T025_s040_r010_q006,train,put,0.25,0.4,0.1,0.06,121,120,120,120,0,0.012917619686488382,0.01774587481222025,0.059523717098866946,1.0,0.0,0.0,nan,stage4_boundary_diagnostic_only
direct_boundary_head,put_T025_s040_r010_q010,train,put,0.25,0.4,0.1,0.1,121,120,120,120,0,0.021835623384979005,0.027462218178465572,0.08695549224135457,1.0,0.0,0.0,nan,stage4_boundary_diagnostic_only
direct_boundary_head,put_T025_s060_r001_q000,train,put,0.25,0.6,0.01,0.0,121,120,120,120,0,0.03475866005660976,0.05012419094275523,0.18687371947479037,1.0,0.0,0.0,nan,stage4_boundary_diagnostic_only
direct_boundary_head,put_T025_s060_r001_q003,train,put,0.25,0.6,0.01,0.03,121,120,120,0,120,nan,nan,nan,1.0,nan,0.0,nan,stage4_boundary_diagnostic_only
direct_boundary_head,put_T025_s060_r001_q006,train,put,0.25,0.6,0.01,0.06,121,120,120,0,120,nan,nan,nan,1.0,nan,0.0,nan,stage4_boundary_diagnostic_only
direct_boundary_head,put_T025_s060_r001_q010,stress_holdout,put,0.25,0.6,0.01,0.1,121,120,120,0,120,nan,nan,nan,1.0,nan,0.0,nan,stage4_boundary_diagnostic_only
direct_boundary_head,put_T025_s060_r005_q000,train,put,0.25,0.6,0.05,0.0,121,120,120,120,0,0.015185961827000403,0.018549298652668873,0.060928813375027424,1.0,0.0,0.0,nan,stage4_boundary_diagnostic_only
direct_boundary_head,put_T025_s060_r005_q003,train,put,0.25,0.6,0.05,0.03,121,120,120,120,0,0.020667007543280925,0.027781697295394033,0.10160908143108505,1.0,0.0,0.0,nan,stage4_boundary_diagnostic_only
direct_boundary_head,put_T025_s060_r005_q006,train,put,0.25,0.6,0.05,0.06,121,120,120,120,0,0.031129327085222546,0.04163967110650781,0.1334094953704632,1.0,0.0,0.0,nan,stage4_boundary_diagnostic_only
direct_boundary_head,put_T025_s060_r005_q010,stress_holdout,put,0.25,0.6,0.05,0.1,121,120,120,120,0,0.0149185019949785,0.01976823384714801,0.05121657338439717,1.0,0.0,0.0,nan,stage4_boundary_diagnostic_only
direct_boundary_head,put_T025_s060_r010_q000,train,put,0.25,0.6,0.1,0.0,121,120,120,120,0,0.0075320113523946654,0.01081996951710813,0.041416820227902384,1.0,0.0,0.0,nan,stage4_boundary_diagnostic_only
direct_boundary_head,put_T025_s060_r010_q003,train,put,0.25,0.6,0.1,0.03,121,120,120,120,0,0.010913486804299561,0.014446043302775866,0.060215640294014716,1.0,0.0,0.0,nan,stage4_boundary_diagnostic_only
direct_boundary_head,put_T025_s060_r010_q006,train,put,0.25,0.6,0.1,0.06,121,120,120,120,0,0.01761437856793304,0.022039553211566497,0.0721740682378954,1.0,0.0,0.0,nan,stage4_boundary_diagnostic_only
direct_boundary_head,put_T025_s060_r010_q010,stress_holdout,put,0.25,0.6,0.1,0.1,121,120,120,120,0,0.03015224207141843,0.03610204429550153,0.12690441465138091,1.0,0.0,0.0,nan,stage4_boundary_diagnostic_only
direct_boundary_head,put_T050_s020_r001_q000,train,put,0.5,0.2,0.01,0.0,121,120,120,120,0,0.048062812308404874,0.05182074420693753,0.09979720452832219,1.0,0.0,0.0,nan,stage4_boundary_diagnostic_only
direct_boundary_head,put_T050_s020_r001_q003,train,put,0.5,0.2,0.01,0.03,121,120,120,0,120,nan,nan,nan,1.0,nan,0.0,nan,stage4_boundary_diagnostic_only
direct_boundary_head,put_T050_s020_r001_q006,train,put,0.5,0.2,0.01,0.06,121,120,120,0,120,nan,nan,nan,1.0,nan,0.0,nan,stage4_boundary_diagnostic_only
direct_boundary_head,put_T050_s020_r001_q010,train,put,0.5,0.2,0.01,0.1,121,120,120,0,120,nan,nan,nan,1.0,nan,0.0,nan,stage4_boundary_diagnostic_only
direct_boundary_head,put_T050_s020_r005_q000,validation,put,0.5,0.2,0.05,0.0,121,120,120,120,0,0.014614690730741026,0.01701269971738647,0.03883950678040604,1.0,0.0,0.0,nan,stage4_boundary_diagnostic_only
direct_boundary_head,put_T050_s020_r005_q003,validation,put,0.5,0.2,0.05,0.03,121,120,120,120,0,0.026729144963600297,0.029390971000699703,0.06597314370458551,1.0,0.0,0.0,nan,stage4_boundary_diagnostic_only
direct_boundary_head,put_T050_s020_r005_q006,validation,put,0.5,0.2,0.05,0.06,121,120,120,120,0,0.05593038222505169,0.05738802487236068,0.07987155457784301,1.0,0.0,0.0,nan,stage4_boundary_diagnostic_only
direct_boundary_head,put_T050_s020_r005_q010,validation,put,0.5,0.2,0.05,0.1,121,120,120,120,0,0.04406086991712822,0.047987714045432076,0.08904834891882268,1.0,0.0,0.0,nan,stage4_boundary_diagnostic_only
direct_boundary_head,put_T050_s020_r010_q000,train,put,0.5,0.2,0.1,0.0,121,120,120,120,0,0.012582333082086176,0.016192361944538342,0.041819468633792156,1.0,0.0,0.0,nan,stage4_boundary_diagnostic_only
direct_boundary_head,put_T050_s020_r010_q003,train,put,0.5,0.2,0.1,0.03,121,120,120,120,0,0.009471127125414598,0.011529115870902093,0.028901258798585294,1.0,0.0,0.0,nan,stage4_boundary_diagnostic_only
direct_boundary_head,put_T050_s020_r010_q006,train,put,0.5,0.2,0.1,0.06,121,120,120,120,0,0.01343137034283192,0.017283353721553638,0.04162297165776718,1.0,0.0,0.0,nan,stage4_boundary_diagnostic_only
direct_boundary_head,put_T050_s020_r010_q010,train,put,0.5,0.2,0.1,0.1,121,120,120,120,0,0.018010251910851482,0.020864294242588725,0.04464545827656241,1.0,0.0,0.0,nan,stage4_boundary_diagnostic_only
direct_boundary_head,put_T050_s040_r001_q000,train,put,0.5,0.4,0.01,0.0,121,120,120,120,0,0.029875362836020596,0.03758973538626684,0.12702512248105946,1.0,0.0,0.0,nan,stage4_boundary_diagnostic_only
direct_boundary_head,put_T050_s040_r001_q003,train,put,0.5,0.4,0.01,0.03,121,120,120,0,120,nan,nan,nan,1.0,nan,0.0,nan,stage4_boundary_diagnostic_only
direct_boundary_head,put_T050_s040_r001_q006,train,put,0.5,0.4,0.01,0.06,121,120,120,0,120,nan,nan,nan,1.0,nan,0.0,nan,stage4_boundary_diagnostic_only
direct_boundary_head,put_T050_s040_r001_q010,train,put,0.5,0.4,0.01,0.1,121,120,120,0,120,nan,nan,nan,1.0,nan,0.0,nan,stage4_boundary_diagnostic_only
direct_boundary_head,put_T050_s040_r005_q000,validation,put,0.5,0.4,0.05,0.0,121,120,120,120,0,0.013895111392189605,0.017230106339974943,0.04383492870272521,1.0,0.0,0.0,nan,stage4_boundary_diagnostic_only
direct_boundary_head,put_T050_s040_r005_q003,validation,put,0.5,0.4,0.05,0.03,121,120,120,120,0,0.0209217295804531,0.02695093775144191,0.08163255434605565,1.0,0.0,0.0,nan,stage4_boundary_diagnostic_only
direct_boundary_head,put_T050_s040_r005_q006,validation,put,0.5,0.4,0.05,0.06,121,120,120,120,0,0.02772542964914655,0.03685714557070743,0.11551630849009065,1.0,0.0,0.0,nan,stage4_boundary_diagnostic_only
direct_boundary_head,put_T050_s040_r005_q010,validation,put,0.5,0.4,0.05,0.1,121,120,120,120,0,0.020741950237019136,0.027418161731446202,0.07234712423091416,1.0,0.0,0.0,nan,stage4_boundary_diagnostic_only
direct_boundary_head,put_T050_s040_r010_q000,train,put,0.5,0.4,0.1,0.0,121,120,120,120,0,0.011642181266463167,0.013538212826091266,0.026770428255512013,1.0,0.0,0.0,nan,stage4_boundary_diagnostic_only
direct_boundary_head,put_T050_s040_r010_q003,train,put,0.5,0.4,0.1,0.03,121,120,120,120,0,0.009962703424350412,0.01167684513414131,0.027001927579556884,1.0,0.0,0.0,nan,stage4_boundary_diagnostic_only
direct_boundary_head,put_T050_s040_r010_q006,train,put,0.5,0.4,0.1,0.06,121,120,120,120,0,0.014196749274262396,0.017531381724951122,0.0659692556751238,1.0,0.0,0.0,nan,stage4_boundary_diagnostic_only
direct_boundary_head,put_T050_s040_r010_q010,train,put,0.5,0.4,0.1,0.1,121,120,120,120,0,0.025716380229240863,0.03096957443269428,0.07203325935828797,1.0,0.0,0.0,nan,stage4_boundary_diagnostic_only
direct_boundary_head,put_T050_s060_r001_q000,train,put,0.5,0.6,0.01,0.0,121,120,120,110,10,0.04131444392063097,0.04984356651700464,0.1746625695718228,1.0,0.0,0.0,nan,stage4_boundary_diagnostic_only
direct_boundary_head,put_T050_s060_r001_q003,train,put,0.5,0.6,0.01,0.03,121,120,120,0,120,nan,nan,nan,1.0,nan,0.0,nan,stage4_boundary_diagnostic_only
direct_boundary_head,put_T050_s060_r001_q006,train,put,0.5,0.6,0.01,0.06,121,120,120,0,120,nan,nan,nan,1.0,nan,0.0,nan,stage4_boundary_diagnostic_only
direct_boundary_head,put_T050_s060_r001_q010,stress_holdout,put,0.5,0.6,0.01,0.1,121,120,120,0,120,nan,nan,nan,1.0,nan,0.0,nan,stage4_boundary_diagnostic_only
direct_boundary_head,put_T050_s060_r005_q000,validation,put,0.5,0.6,0.05,0.0,121,120,120,120,0,0.012231520290784784,0.01596170329776269,0.08342893765832726,1.0,0.0,0.0,nan,stage4_boundary_diagnostic_only
direct_boundary_head,put_T050_s060_r005_q003,validation,put,0.5,0.6,0.05,0.03,121,120,120,120,0,0.030008880582792104,0.03420542602062354,0.08708322650697087,1.0,0.0,0.0,nan,stage4_boundary_diagnostic_only
direct_boundary_head,put_T050_s060_r005_q006,validation,put,0.5,0.6,0.05,0.06,121,120,120,120,0,0.026392355551713192,0.03492956397286304,0.12294044887871425,1.0,0.0,0.0,nan,stage4_boundary_diagnostic_only
direct_boundary_head,put_T050_s060_r005_q010,stress_holdout,put,0.5,0.6,0.05,0.1,121,120,120,75,45,0.026850168016085328,0.03189030014480558,0.07004955517693112,1.0,0.0,0.0,nan,stage4_boundary_diagnostic_only
direct_boundary_head,put_T050_s060_r010_q000,train,put,0.5,0.6,0.1,0.0,121,120,120,120,0,0.010763341699625712,0.012033896512534009,0.0252291221276274,1.0,0.0,0.0,nan,stage4_boundary_diagnostic_only
direct_boundary_head,put_T050_s060_r010_q003,train,put,0.5,0.6,0.1,0.03,121,120,120,120,0,0.015518714480940584,0.01962416252749196,0.040258849228987814,1.0,0.0,0.0,nan,stage4_boundary_diagnostic_only
direct_boundary_head,put_T050_s060_r010_q006,train,put,0.5,0.6,0.1,0.06,121,120,120,120,0,0.020678233143539154,0.025342781162443474,0.08263410724560516,1.0,0.0,0.0,nan,stage4_boundary_diagnostic_only
direct_boundary_head,put_T050_s060_r010_q010,stress_holdout,put,0.5,0.6,0.1,0.1,121,120,120,120,0,0.0603090512343019,0.06547398440051953,0.11247401187920764,1.0,0.0,0.0,nan,stage4_boundary_diagnostic_only
direct_boundary_head,put_T100_s020_r001_q000,train,put,1.0,0.2,0.01,0.0,121,120,120,120,0,0.040781733335215384,0.050015491622779434,0.12983220790291405,1.0,0.0,0.0,nan,stage4_boundary_diagnostic_only
direct_boundary_head,put_T100_s020_r001_q003,train,put,1.0,0.2,0.01,0.03,121,120,120,0,120,nan,nan,nan,1.0,nan,0.0,nan,stage4_boundary_diagnostic_only
direct_boundary_head,put_T100_s020_r001_q006,train,put,1.0,0.2,0.01,0.06,121,120,120,0,120,nan,nan,nan,1.0,nan,0.0,nan,stage4_boundary_diagnostic_only
direct_boundary_head,put_T100_s020_r001_q010,train,put,1.0,0.2,0.01,0.1,121,120,120,0,120,nan,nan,nan,1.0,nan,0.0,nan,stage4_boundary_diagnostic_only
direct_boundary_head,put_T100_s020_r005_q000,train,put,1.0,0.2,0.05,0.0,121,120,120,120,0,0.009888126052940404,0.011623716029222405,0.022523085812311328,1.0,0.0,0.0,nan,stage4_boundary_diagnostic_only
direct_boundary_head,put_T100_s020_r005_q003,train,put,1.0,0.2,0.05,0.03,121,120,120,120,0,0.013812855229677951,0.018404326468659006,0.049541842875634234,1.0,0.0,0.0,nan,stage4_boundary_diagnostic_only
direct_boundary_head,put_T100_s020_r005_q006,train,put,1.0,0.2,0.05,0.06,121,120,120,120,0,0.03598841165910036,0.04144429292860383,0.07896532470278939,1.0,0.0,0.0,nan,stage4_boundary_diagnostic_only
direct_boundary_head,put_T100_s020_r005_q010,train,put,1.0,0.2,0.05,0.1,121,120,120,120,0,0.027680162899421285,0.03336215898348781,0.08280180210880195,1.0,0.0,0.0,nan,stage4_boundary_diagnostic_only
direct_boundary_head,put_T100_s020_r010_q000,train,put,1.0,0.2,0.1,0.0,121,120,120,120,0,0.011451866993839458,0.013219388154187621,0.03350213607680652,1.0,0.0,0.0,nan,stage4_boundary_diagnostic_only
direct_boundary_head,put_T100_s020_r010_q003,train,put,1.0,0.2,0.1,0.03,121,120,120,120,0,0.008045638944470572,0.009858613458499968,0.019123914775278417,1.0,0.0,0.0,nan,stage4_boundary_diagnostic_only
direct_boundary_head,put_T100_s020_r010_q006,train,put,1.0,0.2,0.1,0.06,121,120,120,120,0,0.012204030807348783,0.01480448533734128,0.05606510152034716,1.0,0.0,0.0,nan,stage4_boundary_diagnostic_only
direct_boundary_head,put_T100_s020_r010_q010,train,put,1.0,0.2,0.1,0.1,121,120,120,120,0,0.01562067691078896,0.019459695640624067,0.06424973081781771,1.0,0.0,0.0,nan,stage4_boundary_diagnostic_only
direct_boundary_head,put_T100_s040_r001_q000,train,put,1.0,0.4,0.01,0.0,121,120,120,120,0,0.040740414750236334,0.049661978350811535,0.12379730755323115,1.0,0.0,0.0,nan,stage4_boundary_diagnostic_only
direct_boundary_head,put_T100_s040_r001_q003,train,put,1.0,0.4,0.01,0.03,121,120,120,0,120,nan,nan,nan,1.0,nan,0.0,nan,stage4_boundary_diagnostic_only
direct_boundary_head,put_T100_s040_r001_q006,train,put,1.0,0.4,0.01,0.06,121,120,120,0,120,nan,nan,nan,1.0,nan,0.0,nan,stage4_boundary_diagnostic_only
direct_boundary_head,put_T100_s040_r001_q010,train,put,1.0,0.4,0.01,0.1,121,120,120,0,120,nan,nan,nan,1.0,nan,0.0,nan,stage4_boundary_diagnostic_only
direct_boundary_head,put_T100_s040_r005_q000,train,put,1.0,0.4,0.05,0.0,121,120,120,120,0,0.015515711960682743,0.018851202746283196,0.0508294360548881,1.0,0.0,0.0,nan,stage4_boundary_diagnostic_only
direct_boundary_head,put_T100_s040_r005_q003,train,put,1.0,0.4,0.05,0.03,121,120,120,120,0,0.02165923589439486,0.028650223754499278,0.10766090182608246,1.0,0.0,0.0,nan,stage4_boundary_diagnostic_only
direct_boundary_head,put_T100_s040_r005_q006,train,put,1.0,0.4,0.05,0.06,121,120,120,120,0,0.02611834324298742,0.03584435450532508,0.12404932440218708,1.0,0.0,0.0,nan,stage4_boundary_diagnostic_only
direct_boundary_head,put_T100_s040_r005_q010,train,put,1.0,0.4,0.05,0.1,121,120,120,105,15,0.02090607912825918,0.02342844284182179,0.0430143881049051,1.0,0.0,0.0,nan,stage4_boundary_diagnostic_only
direct_boundary_head,put_T100_s040_r010_q000,train,put,1.0,0.4,0.1,0.0,121,120,120,120,0,0.013480461824481637,0.01590162404836531,0.04078785361614934,1.0,0.0,0.0,nan,stage4_boundary_diagnostic_only
direct_boundary_head,put_T100_s040_r010_q003,train,put,1.0,0.4,0.1,0.03,121,120,120,120,0,0.010943739183543704,0.013495595242303777,0.05642101836633573,1.0,0.0,0.0,nan,stage4_boundary_diagnostic_only
direct_boundary_head,put_T100_s040_r010_q006,train,put,1.0,0.4,0.1,0.06,121,120,120,120,0,0.017500769784620406,0.022491841490389904,0.06759656803963532,1.0,0.0,0.0,nan,stage4_boundary_diagnostic_only
direct_boundary_head,put_T100_s040_r010_q010,train,put,1.0,0.4,0.1,0.1,121,120,120,120,0,0.024360536555625745,0.02890117357286078,0.08318250997524168,1.0,0.0,0.0,nan,stage4_boundary_diagnostic_only
direct_boundary_head,put_T100_s060_r001_q000,train,put,1.0,0.6,0.01,0.0,121,120,120,55,65,0.035650002354159105,0.04460579043621744,0.15204153491835015,1.0,0.0,0.0,nan,stage4_boundary_diagnostic_only
direct_boundary_head,put_T100_s060_r001_q003,train,put,1.0,0.6,0.01,0.03,121,120,120,0,120,nan,nan,nan,1.0,nan,0.0,nan,stage4_boundary_diagnostic_only
direct_boundary_head,put_T100_s060_r001_q006,train,put,1.0,0.6,0.01,0.06,121,120,120,0,120,nan,nan,nan,1.0,nan,0.0,nan,stage4_boundary_diagnostic_only
direct_boundary_head,put_T100_s060_r001_q010,stress_holdout,put,1.0,0.6,0.01,0.1,121,120,120,0,120,nan,nan,nan,1.0,nan,0.0,nan,stage4_boundary_diagnostic_only
direct_boundary_head,put_T100_s060_r005_q000,train,put,1.0,0.6,0.05,0.0,121,120,120,120,0,0.01576819314716752,0.02042178347608382,0.0948902938598406,1.0,0.0,0.0,nan,stage4_boundary_diagnostic_only
direct_boundary_head,put_T100_s060_r005_q003,train,put,1.0,0.6,0.05,0.03,121,120,120,114,6,0.0218058814502939,0.026159359140278265,0.10286344802569702,1.0,0.0,0.0,nan,stage4_boundary_diagnostic_only
direct_boundary_head,put_T100_s060_r005_q006,train,put,1.0,0.6,0.05,0.06,121,120,120,80,40,0.0208875067179539,0.032680854600929635,0.1559454672906052,1.0,0.0,0.0,nan,stage4_boundary_diagnostic_only
direct_boundary_head,put_T100_s060_r005_q010,stress_holdout,put,1.0,0.6,0.05,0.1,121,120,120,37,83,0.013890834016221081,0.017982897616798194,0.043910433093651446,1.0,0.0,0.0,nan,stage4_boundary_diagnostic_only
direct_boundary_head,put_T100_s060_r010_q000,train,put,1.0,0.6,0.1,0.0,121,120,120,120,0,0.012129244625199794,0.016179389287618008,0.06660810426476016,1.0,0.0,0.0,nan,stage4_boundary_diagnostic_only
direct_boundary_head,put_T100_s060_r010_q003,train,put,1.0,0.6,0.1,0.03,121,120,120,120,0,0.010264944052403257,0.013662670958731023,0.04841882834534983,1.0,0.0,0.0,nan,stage4_boundary_diagnostic_only
direct_boundary_head,put_T100_s060_r010_q006,train,put,1.0,0.6,0.1,0.06,121,120,120,120,0,0.021629797521070693,0.026269664345255836,0.09013973927285601,1.0,0.0,0.0,nan,stage4_boundary_diagnostic_only
direct_boundary_head,put_T100_s060_r010_q010,stress_holdout,put,1.0,0.6,0.1,0.1,121,120,120,120,0,0.06516064602507818,0.06878399659493167,0.11084829303701416,1.0,0.0,0.0,nan,stage4_boundary_diagnostic_only
direct_boundary_head,put_T200_s020_r001_q000,train,put,2.0,0.2,0.01,0.0,121,120,120,120,0,0.03243620940272473,0.04412783666092131,0.15216269256421244,1.0,0.0,0.0,nan,stage4_boundary_diagnostic_only
direct_boundary_head,put_T200_s020_r001_q003,train,put,2.0,0.2,0.01,0.03,121,120,120,0,120,nan,nan,nan,1.0,nan,0.0,nan,stage4_boundary_diagnostic_only
direct_boundary_head,put_T200_s020_r001_q006,train,put,2.0,0.2,0.01,0.06,121,120,120,0,120,nan,nan,nan,1.0,nan,0.0,nan,stage4_boundary_diagnostic_only
direct_boundary_head,put_T200_s020_r001_q010,train,put,2.0,0.2,0.01,0.1,121,120,120,0,120,nan,nan,nan,1.0,nan,0.0,nan,stage4_boundary_diagnostic_only
direct_boundary_head,put_T200_s020_r005_q000,train,put,2.0,0.2,0.05,0.0,121,120,120,120,0,0.01011179441446616,0.012012342904777531,0.02249033717532456,1.0,0.0,0.0,nan,stage4_boundary_diagnostic_only
direct_boundary_head,put_T200_s020_r005_q003,train,put,2.0,0.2,0.05,0.03,121,120,120,120,0,0.018100618458928814,0.021801462267978668,0.06946866254033268,1.0,0.0,0.0,nan,stage4_boundary_diagnostic_only
direct_boundary_head,put_T200_s020_r005_q006,train,put,2.0,0.2,0.05,0.06,121,120,120,120,0,0.023260698147091346,0.02971510139208218,0.08230739381212226,1.0,0.0,0.0,nan,stage4_boundary_diagnostic_only
direct_boundary_head,put_T200_s020_r005_q010,train,put,2.0,0.2,0.05,0.1,121,120,120,120,0,0.027708362328336646,0.030499746934652728,0.07569861187750332,1.0,0.0,0.0,nan,stage4_boundary_diagnostic_only
direct_boundary_head,put_T200_s020_r010_q000,train,put,2.0,0.2,0.1,0.0,121,120,120,120,0,0.016759461578915304,0.019966181079586136,0.03283847337917789,1.0,0.0,0.0,nan,stage4_boundary_diagnostic_only
direct_boundary_head,put_T200_s020_r010_q003,train,put,2.0,0.2,0.1,0.03,121,120,120,120,0,0.010957378981698592,0.01253661991277692,0.036807994907612884,1.0,0.0,0.0,nan,stage4_boundary_diagnostic_only
direct_boundary_head,put_T200_s020_r010_q006,train,put,2.0,0.2,0.1,0.06,121,120,120,120,0,0.01070544567326808,0.014897903388328975,0.03648013005979878,1.0,0.0,0.0,nan,stage4_boundary_diagnostic_only
direct_boundary_head,put_T200_s020_r010_q010,train,put,2.0,0.2,0.1,0.1,121,120,120,120,0,0.021307555292359386,0.026240557989971495,0.07780325276763866,1.0,0.0,0.0,nan,stage4_boundary_diagnostic_only
direct_boundary_head,put_T200_s040_r001_q000,train,put,2.0,0.4,0.01,0.0,121,120,120,93,27,0.05544464477409577,0.06138644354301791,0.14213338453854785,1.0,0.0,0.0,nan,stage4_boundary_diagnostic_only
direct_boundary_head,put_T200_s040_r001_q003,train,put,2.0,0.4,0.01,0.03,121,120,120,0,120,nan,nan,nan,1.0,nan,0.0,nan,stage4_boundary_diagnostic_only
direct_boundary_head,put_T200_s040_r001_q006,train,put,2.0,0.4,0.01,0.06,121,120,120,0,120,nan,nan,nan,1.0,nan,0.0,nan,stage4_boundary_diagnostic_only
direct_boundary_head,put_T200_s040_r001_q010,train,put,2.0,0.4,0.01,0.1,121,120,120,0,120,nan,nan,nan,1.0,nan,0.0,nan,stage4_boundary_diagnostic_only
direct_boundary_head,put_T200_s040_r005_q000,train,put,2.0,0.4,0.05,0.0,121,120,120,120,0,0.013341958833928858,0.016615765060920898,0.08028608834813544,1.0,0.0,0.0,nan,stage4_boundary_diagnostic_only
direct_boundary_head,put_T200_s040_r005_q003,train,put,2.0,0.4,0.05,0.03,121,120,120,120,0,0.031212084169832274,0.03764493647887458,0.1037427838882723,1.0,0.0,0.0,nan,stage4_boundary_diagnostic_only
direct_boundary_head,put_T200_s040_r005_q006,train,put,2.0,0.4,0.05,0.06,121,120,120,120,0,0.0438301234851253,0.04948151114870872,0.13268088521561616,1.0,0.0,0.0,nan,stage4_boundary_diagnostic_only
direct_boundary_head,put_T200_s040_r005_q010,train,put,2.0,0.4,0.05,0.1,121,120,120,52,68,0.014277068712404665,0.01738130579413574,0.030920879749027408,1.0,0.0,0.0,nan,stage4_boundary_diagnostic_only
direct_boundary_head,put_T200_s040_r010_q000,test,put,2.0,0.4,0.1,0.0,121,120,120,120,0,0.018710877439046106,0.02147682674613048,0.0437895870189704,1.0,0.0,0.0,nan,stage4_boundary_diagnostic_only
direct_boundary_head,put_T200_s040_r010_q003,test,put,2.0,0.4,0.1,0.03,121,120,120,120,0,0.010906568484547845,0.012541013080339124,0.05112161505634982,1.0,0.0,0.0,nan,stage4_boundary_diagnostic_only
direct_boundary_head,put_T200_s040_r010_q006,test,put,2.0,0.4,0.1,0.06,121,120,120,120,0,0.030406936913624484,0.03318825256091585,0.08889210823830418,1.0,0.0,0.0,nan,stage4_boundary_diagnostic_only
direct_boundary_head,put_T200_s040_r010_q010,test,put,2.0,0.4,0.1,0.1,121,120,120,120,0,0.047675266606941,0.051384300194641006,0.09807812025514695,1.0,0.0,0.0,nan,stage4_boundary_diagnostic_only
direct_boundary_head,put_T200_s060_r001_q000,train,put,2.0,0.6,0.01,0.0,121,120,120,28,92,0.05649810125161027,0.06247407403650199,0.14982013368761682,1.0,0.0,0.0,nan,stage4_boundary_diagnostic_only
direct_boundary_head,put_T200_s060_r001_q003,train,put,2.0,0.6,0.01,0.03,121,120,120,0,120,nan,nan,nan,1.0,nan,0.0,nan,stage4_boundary_diagnostic_only
direct_boundary_head,put_T200_s060_r001_q006,train,put,2.0,0.6,0.01,0.06,121,120,120,0,120,nan,nan,nan,1.0,nan,0.0,nan,stage4_boundary_diagnostic_only
direct_boundary_head,put_T200_s060_r001_q010,stress_holdout,put,2.0,0.6,0.01,0.1,121,120,120,0,120,nan,nan,nan,1.0,nan,0.0,nan,stage4_boundary_diagnostic_only
direct_boundary_head,put_T200_s060_r005_q000,train,put,2.0,0.6,0.05,0.0,121,120,120,79,41,0.01199630197705096,0.018068912214634057,0.09513952426673611,1.0,0.0,0.0,nan,stage4_boundary_diagnostic_only
direct_boundary_head,put_T200_s060_r005_q003,train,put,2.0,0.6,0.05,0.03,121,120,120,57,63,0.027944258294560334,0.0318362745445245,0.09537504500348681,1.0,0.0,0.0,nan,stage4_boundary_diagnostic_only
direct_boundary_head,put_T200_s060_r005_q006,train,put,2.0,0.6,0.05,0.06,121,120,120,40,80,0.031993133494944655,0.038809246152595823,0.11758969524224383,1.0,0.0,0.0,nan,stage4_boundary_diagnostic_only
direct_boundary_head,put_T200_s060_r005_q010,stress_holdout,put,2.0,0.6,0.05,0.1,121,120,120,19,101,0.022561742317009158,0.024054293831445906,0.03763400758315505,1.0,0.0,0.0,nan,stage4_boundary_diagnostic_only
direct_boundary_head,put_T200_s060_r010_q000,train,put,2.0,0.6,0.1,0.0,121,120,120,120,0,0.014636471656320416,0.01800622228068863,0.06558788524363524,1.0,0.0,0.0,nan,stage4_boundary_diagnostic_only
direct_boundary_head,put_T200_s060_r010_q003,train,put,2.0,0.6,0.1,0.03,121,120,120,120,0,0.011845866316535412,0.014906321708199978,0.047169873690145026,1.0,0.0,0.0,nan,stage4_boundary_diagnostic_only
direct_boundary_head,put_T200_s060_r010_q006,train,put,2.0,0.6,0.1,0.06,121,120,120,120,0,0.03798125996219064,0.040114999492206836,0.08213819461182037,1.0,0.0,0.0,nan,stage4_boundary_diagnostic_only
direct_boundary_head,put_T200_s060_r010_q010,stress_holdout,put,2.0,0.6,0.1,0.1,121,120,120,83,37,0.08642570658694412,0.08888940659571169,0.12129041072165148,1.0,0.0,0.0,nan,stage4_boundary_diagnostic_only
